celebrating birthday boy drink sundaynightshenanigans birthdaydrinks,0
happy birthday ate bett love aldubourlove,0
babeee happpyyyyy birthday pretty thing,0
le instagram trans happy birthday big thank wishes exid le hap,0
happy birthday teyana taylor,0
god almighty bless forever ever happy birthday,0
happy birthday dilipkumar saab love may god bless good health,0
weird years now might ur wedding ur kids birthday rn just regular shitty day,0
little brother invited friends birthday none showed really big oc football f,0
happy birthday honey yes,0
happy birthday,0
misskai happy birthday,0
happy birthday bro bornlegends love bro bornlegends,0
hey brennan happy heart birthday buddy keep repping noles,0
ve hard year year think black people celebrate black history month like everybody's birthday,0
boy asked bitcoin investing dad bitcoin birthday dad lot money,0
yifan's present chanyeol's birthday,0
happy birthday jil,0
happy birthday bb girl luv miss,0
twt happy birthday jimin,0
happy birthday marabels loveyah,0
minhyun wishing daniel gun happy birthday hyung wishes see ur charismatic bunny tooth long time prayi,0
birthday comin soon,0
goofy draws last breath booty breaking battle delightful doggo big thanks belated bi,0
happy birthday mississippi,0
wishing happy birthday offl behalf fans happybirthdayarya,0
first day holidays stupidcancer gave support community celebrate birthday,0
eats happy birthday,0
thank much presidenttrump reminding us ridiculous liberals war christmas christmas,0
crazy years now might ur wedding ur kids birthday rn just regular shitty day,0
trans wanna one members birthday message kang daniel,0
happy birthday baddest baddies love much proud everything accomplished love,0
happy birthday can't wait together next year miss ya,0
nia happy birthday hehe don't talk much ure cute mutual amp love whenever talk amp love hy,0
happy birthday po,0
happy birthday miss decemberbabiesarethebest,0
happy m desra luthfi upin amp ipin theme birthday,0
v gifts preview bvlgari bvlgari necklace pendant five years old diamonds meaning celebrate t,0
garrett happy birthday brotha hang break,0
wishing akila ulaga superstar happy birthday hbdshiva,0
hello everyone small group uk exo ls organising birthday project jongin re going sending ph,0
literally just listening candyapple riff raff freaking follows just like cant just surpri,0
happiest birthday kuya matt thank fulfilling request hehe hope cna meet soon pa,0
yk happy birthday kang daniel happydanielday globalkangdanielsyndrome kangdanielsyndromeday ka,0
idk just followed today see birthday happy birthday re also beautiful omggggg,0
happy birthday nicki minaj,0
happy birthday dear offl wishing wonderful things way sangam,0
happy birthday brotha,0
happy birthday ive busy work dint realize d hope,0
im staying midnight wish dog happy birthday,0
happy birthday,0
literally zero correlation celebration prophets birthday,0
happy birthday tuanku selangor royalselangor sultan sultanselangor happybirthday selangor,0
reaching johnny birthday love paul x,0
love lil lady even tho arent lil no mo happy birthday big sis,0
happy birthday,0
say proper handwashing technique means briskly rubbing hands roughly time takes sing happy birthday,0
happy birthday roommate's dad good day,0
happy birthday romona customcakes glittermakeseverythingbetter smallcakes,0
trans daniel's birthday post no reupload wannaone kangdaniel happydanielday ht,0
zamo happy birthday real mom best woman ever known living embodiment non placebo version kr,0
birthday,0
happy birthday james,0
crazy years now might ur wedding ur kids birthday rn just regular shitty day,0
happy birthday love soooooo much bb ll always upgrade don't worry,0
new zazzle yellow popsicle birthday paper plate,0
celebrating gorgeous birthday girl birthday,0
little cold ice cream madison hope liked cupcakes thanks spending bir,0
little brother invited friends birthday none showed really big oc football f,0
happy birthday bro,0
happy birthday big dog don't worry baseball career taking off soon,0
jane fonda celebrates birthday early raising million charity,0
happy birthday,0
trend happyhahmkyulday happyeunjungday happyqriday tonight mmst myanmar queen s act,0
rts will send brett gardner jersey birthday please,0
happy birthday teyana taylor,0
little cold ice cream madison hope liked cupcakes thanks spending bir,0
happy birthday second meanest person know,0
mom got ant's birthday cake asked write cake said happy birthday,0
no better way say happy birthday say mean much age,0
bighit happy birthday world wide handsome jin,0
b day big occasion ghajinikanthfirstlook dec happens hero's b,0
check celebrity birthdays join us wishing happy birthday,0
can't fight christmas viewing party happy birthday youcantfightchristmas,0
belated happy birthday fedejik,0
happy birthday kitkat hope tj will wish happy birthday birthday january,0
happy birthday alexander thanks thick thin fun buying,0
crazy years now might ur wedding ur kids birthday rn just regular shitty day,0
happy birthday beautiful miss,0
happy birthday smartest hardest working girl know deserve much glad can call friend,0
efronnnnnn happy birthday gorgeous hope greaaat one,0
happy birthday luffy mate brilliant one,0
happy birthday big dawg,0
birthday twin cute,0
happy birthday raghuvaran sir r p legend,0
valor happy birthday melissa see tomorrow valor,0
still don't know feel prom birthday can just sleep celebratory gift,0
happy birthday como se dice littttt lol hope good one,0
happiest birthday tita chi hope ll enjoy day thank everything love xx lhexinegigil,0
happy birthday papa,0
happy birthday ve known forever always close ilysm pretty,0
happy birthday mark hope ve best day ever,0
happy birthday internet public accessible internet years old hasn't aged well,0
family want birthday dont know reality nobody loves cant plan anyth,0
happy birthday teyana taylor,0
happy birthday bro keep rocking,0
happy birthday amazing woman world m happy hope amazing day https,0
happy birthday emi hope good one,0
happy birthday sir,0
celebrate everyday like birthday,0
happy birthday great coach mentor friend,0
happy birthday gorgeous u da prettiest girl know keep shinin u beauty,0
definitely thinking bout birthday,0
happy birthday u s senator mentor friend amp one nicest people know arkansas lucky y,0
happy birthday national poet shri subramanya bharathiyar,0
crazy years now might ur wedding ur kids birthday rn just regular shitty day,0
etnahc brought everything birthday just get clothes amp come see,0
happiest birthday kuya godbless ate aj mbtc take care always po enjoy blast,0
happy birthday teyana taylor,0
happy birthday darling human person sending love big squeezes way xxxx,0
join us wishing happy birthday man myth goat happy birthday,0
since don't pictures together birthday clare laughing photography skills,0
birthday coming,0
tweet nfl retweet follow eddie jackson's big day bears best birthday gift ask eddie jack,0
ready birthday now lol,0
happy birthday zacky enjoy day love much,0
kim taehyung birthday pt tiger jacket specially baby tiger rawr,0
kim taehyung birthday giveaway retweet must following enter turn notif worldw,0
happy birthday love can't wait family adventures next summer won't need p,0
happy birthday hope awesome,0
celebreety soooo mom turned happy birthday mommy blackdontcrack whatsinthosegenes,0
happy birthday offl brother,0
forever composed nows happy birthday emilydickinson one america's greatest poets known works l,0
happy birthday teyana taylor,0
not like don't list mile long things m pretty sure d like m going buy now,0
happy birthday gf hope good one,0
happy birthday hope u enjoy today miss u lov u puppy gvs,0
thankful everyone came amp got lit w last night birthday year definitely year growt,0
happy birthday girl ve concerts anyone,0
happy birthday nat hope wonderful day enjoy new tat love,0
birthday,0
le instagram trans happy birthday big thank wishes exid le hap,0
happy birthday iimnowr,0
happy birthday best friend m glad able spend entire day love much,0
happy birthday teyana taylor,0
happy birthday mom rosh,0
happy birthday,0
happy birthday teyana taylor,0
happy birthday kamo metzy,0
crazy years now might ur wedding ur kids birthday rn just regular shitty day,0
willy sister bestfriend think re twins birthday outcome http,0
taken near downtown glendale believe anyway happy birthday papi haha ll see later cuz b,0
happy birthday offl darling great year happy join u ghajinikanth madharaasapatnam https,0
warm birthday greetings shri pranab mukherjee ji hon ble former president india pray long healthy li,0
lets keep going guys salamat da araw araw na galaw ng ticket sales hoping next days help us achi,0
can't wait til birthday,0
crazy years now might ur wedding ur kids birthday rn just regular shitty day,0
dear mississippi good lookin makeover great way celebrate birthday better love,0
happy birthday bro,0
pasuma bows outrage oganla kneels greet birthday party talked show,0
raises million birthday fundraiser teen pregnancy prevention adolescent health,0
photos nollywood stars wasiu alabi pasuma's golden jubilee birthday party see exclusive photos no,0
crazy years now might ur wedding ur kids birthday rn just regular shitty day,0
crazy years now might ur wedding ur kids birthday rn just regular shitty day,0
kinda really sad news read birthday anyways reason call reps oppose tax plan,0
happy birthday,0
crazy years now might ur wedding ur kids birthday rn just regular shitty day,0
yesterday today absolute best birthday ve ever thankful friends,0
happy birthday,0
happy birthday yza,0
happiest birthday many,0
happy birthday thanks inspiring us work harder every day,0
luck birthday watch get period year,0
happy birthday davidgates singer songwriter musician etc frontman bread one many great songs,0
happy birthday love lots b ur whole heart,0
months months months year happy birthday parker,0
happy birthday,0
happy birthday bro,0
whoever say fwm come fwm birthday telly personal photoshoot m just wanna turnt come fwm,0
happy birthday,0
apparently today's birthday people's heartache part mixtape anyone good download li,0
happy birthday dame judi dench judidench damejudidench actress oscar shakespearinlove macbeth amidsummernightsdream,0
jane fonda raises million birthday fundraiser,0
preview eunjung's birthday party eunjung,0
crazy years now might ur wedding ur kids birthday rn just regular shitty day,0
goofy draws last breath booty breaking battle delightful doggo big thanks belated bi,0
happy birthday real og m life daddy miss like crazy always forever heart x,0
big birthday shoutout birthdayreb,0
happy birthday ally miss bunches,0
mom got ant's birthday cake asked write cake said happy birthday,0
huhu miss na den merry christmas happy new year happy valentines happy graduation happy s,0
crazy years now might ur wedding ur kids birthday rn just regular shitty day,0
laaaay guess kaien finally got meet birthday,0
going gompa bear party jongin uh bear party birthday party ah yes don't d,0
celebreety soooo mom turned happy birthday mommy blackdontcrack whatsinthosegenes,0
everybody want makeup done damn birthday can t,0
course just birthday couple weeks ago v,0
happy birthday u s senator mentor friend amp one nicest people know arkansas lucky y,0
crazy years now might ur wedding ur kids birthday rn just regular shitty day,0
thinking writing longest paragraph always think video says lot already love vanes,0
happy birthday little girl,0
just found zodiac killer share birthday happy sagittarius season,0
ro happy birthday,0
happy birthday bud hope fandiddlytastic,0
happy birthday lady hour never looked good,0
jane fonda celebrates birthday early raising million charity jane fonda received special,0
major throwback happy birthday,0
happy birthday queen montoyaa don't let anyone tell re anything less,0
crazy years now might ur wedding ur kids birthday rn just regular shitty day,0
work thalaivar birthday happy bday thalaivaa frnds rejected big pages posting hardwork,0
giant snake birthday cake large fries chocolate shake,0
happy birthday dirtball,0
crazy years now might ur wedding ur kids birthday rn just regular shitty day,0
days till birthday will gladly accept donations cash app checks wire transfers,0
spent night drawing kelsey birthday present earth else get kid likes jls,0
mom got ant's birthday cake asked write cake said happy birthday,0
happy birthday efraa,0
good evening sally birthday today m year old,0
happy birthday teyana taylor,0
belated happy birthday ganja,0
happy birthday pentagon shinwon love model amp dedicated hamburger eater great celebration,0
williams happy birthday beautiful wonderful inspirational mama,0
happy birthday teyana taylor,0
happy birthday stinky lincky teamdanroy rockefeller center,0
happy birthday mentor great day,0
daniel birthday giveaway please read details good luck happydanielday w,0
dame judi dench celebrating birthday colin caterpillar cake m amp s sort everything really,0
happy birthday savy hope day great gonna miss next year goat,0
happy birthday offl brother,0
happy birthday m happy got meet eqla josh grateful al,0
k happy birthday hope special day filled happiness joy,0
fandom youths gonna get fright life years clock strikes midnight t,0
happy birthday teyana taylor,0
hahahahahaha probably favorite birthday wish got,0
happy birthday baby boiiii lt,0
birthday saturday,0
day birthday bout live movie,0
erica happy birthday kang daniel god daniel many memories make will continue watch grow thank com,0
madonna birthday cakes,0
lipoldino happy birthday sweet,0
just ticket,0
congrats happy birthday bill,0
plan birthday week planmas day rochelle via,0
crazy years now might ur wedding ur kids birthday rn just regular shitty day,0
crazy years now might ur wedding ur kids birthday rn just regular shitty day,0
top score birthday watch highlights of's banglad,0
crazy years now might ur wedding ur kids birthday rn just regular shitty day,0
happy birthday beautiful grandmother beautiful girlfriend,0
giant snake birthday cake large fries chocolate shake,0
happy birthday,0
birthday tomorrow,0
five year old wants tweet birthday cake not pizza advised twitterverse littlelifecoach,0
re just type happy birthday wonderful,0
butwhowasfone gt never got money christmas birthday order buy ur anime figs,0
bestfriend birthday couple hours,0
smile defmeow jb's birthday project donation kit announcement donate amount,0
happy birthday snow enjoy ur day enjoy ur life,0
happy birthday sleez will forever memories,0
good well happy early birthday,0
brought everything birthday just get clothes amp come see,0
happy birthday mysticcharmx chedwick grey steward blast edit,0
boy asked bitcoin investing dad bitcoin birthday dad lot money,0
humanist heart living soul compassion amp non violence way life leader indelible commitmen,0
happy birthday,0
crazy years now might ur wedding ur kids birthday rn just regular shitty day,0
photos nollywood stars wasiu alabi pasuma's golden jubilee birthday party,0
mom got snowed work blizzard happened eigth birthday live,0
happy birthday big bro,0
happy birthday,0
b m not cute cute hyeong welcome already gi,0
koketso missed birthday wow guess never late join others wish happy belated birth,0
true won't hard just let everyone want see come amp just respectful b,0
damnmandiee make shit happen no matter push fullest extent couldn't ask bestfriend,0
celebrate viswanathananand's birthday knowing incredible achievements chess happybirthday,0
happy birthday nathan,0
v gifts preview bvlgari bvlgari necklace pendant five years old diamonds meaning celebrate t,0
original photo danik happydanielday http,0
happy birthday mason joseph lee,0
fan u going bear party jongin huh fan birthday party jongin ahhh u want fan yes dont,0
little cold ice cream madison hope liked cupcakes thanks spending bir,0
little brother invited friends birthday none showed really big oc football f,0
happy birthday fam bless,0
fan u going bear party jongin huh fan birthday party jongin ahhh u want fan yes dont,0
original photo danik happydanielday http,0
picachu dear son's favourite now birthday cake happy excited,0
just gotta feeling birthday not going go planned decide not shit,0
happy birthday judo legend celebrate spinning back dazzling debut,0
crazy years now might ur wedding ur kids birthday rn just regular shitty day,0
birthday post amp oneweeklater,0
happy birthday kenneth branagh hamlet w jane lapotaire gertrude amp clifford rose ghost,0
happy birthday,0
even m sit two people tea cookies purpose t,0
happy birthday pride pakistan man behind matches win streak longest unbeaten run,0
happy birthday gorgeous stay positive pretty always,0
finals tomorrow m sitting thinking birthday tomorrow instead,0
happy birthday,0
happy birthday,0
hope thing feathers perches soul sings tune without words never stops al,0
happy birthday tita,0
birthday run grateful running life now time last year drunk smoking,0
happy birthday paopao,0
happy birthday daddy,0
crazy years now might ur wedding ur kids birthday rn just regular shitty day,0
nothing fancy birthday art project completely deleted restart m happy,0
happy birthday bruva,0
s o everyone wished happy birthday feel free f't call text meeeee,0
dame judi dench celebrating birthday colin caterpillar cake m amp s sort everything really,0
happy birthday love,0
smile defmeow jb's birthday project donation kit samples preview smilewithdefmeow fan,0
happy birthday colleague pan wish happy health everyday wish can get orders yea,0
yep almost inches places not far got inches mother nature went crazy birthday d,0
little cold ice cream madison hope liked cupcakes thanks spending bir,0
happy birthday lad,0
happy birthday pride pakistan man behind matches win streak longest unbeaten run,0
happy birthday,0
happy birthday talented simple witty full life congress man,0
crazy years now might ur wedding ur kids birthday rn just regular shitty day,0
crazy years now might ur wedding ur kids birthday rn just regular shitty day,0
happy birthday raven,0
people ask gifts birthday fuck sense entitlement came started lmao,0
anyway thank amazing birthday messages y r best friends girl wish ily,0
happy birthday man god,0
ceo creator oh proud attend jane fonda's birthday party atlanta last night speci,0
literally no plans birthday,0
happy birthday tim look cute pic faces tim,0
taylor's birthday days retweet still can,0
birthday's coming dec just fan sign cavs team wishing happy birthday especially idols,0
misskai happy birthday bby,0
happy birthday emily dickinson beloved poet also know talented pianist active music collect,0
got grayson good just little birthday surprise,0
crazy years now might ur wedding ur kids birthday rn just regular shitty day,0
thank great reindeer games jamie turned past week happy heavenly,0
every year get sad everyone forgets birthday just keep reminding birthday wishes nothing pun,0
happy birthday hoe hope good one,0
happy birthday best friend can't wait party soon gonna miss ya next year,0
crazy years now might ur wedding ur kids birthday rn just regular shitty day,0
wish happy birthday sir pray long healthy life service nation,0
hi nia uwu icb re one year older look heck anyways happy birthday bb,0
hope thing feathers perches soul sings tune without words never stops al,0
birthday wishes subramania bharathiyar,0
ve got flaunt right nicki minaj,0
beccasaurus happy birthday lexi love,0
happy birthday hope good one stay lit girl,0
m couple days late post just found gems happy birthday,0
happy birthday ceo hyolyn happyhyolynday,0
im inlove heart full just said happy birthday left sang gave long ass ins,0
dec malaysia selangor birthday sultan selangor,0
shopping day moms birthday really just spend s,0
wish royal highness sultan selangor happy birthday today selangor enjoy b,0
birthday happiest birthdays sorry m late,0
jamma happy birthday gorg,0
pictureperfect adira's birthday bash,0
fun w friends last night thanks making birthday special,0
offl happy birthday offl sir god bless u sir next film,0
mom surprised jingle ball tickets birthday cried found don't will,0
m donating birthday room read click donate,0
happy birthday pride pakistan man behind matches win streak longest unbeaten run,0
hard imagine better capstone marc's birthday victory flyeaglesfly,0
happy birthday bro enjoy trip bring back souvenirs hehe,0
liked video kaycee morning birthday,0
clexa alycia's reaction sing happy birthday always cutest thing ever,0
happy birthday king flavortown tommy salami hope best day ily kiddo,0
toltesi happy birthday long lost bff glad ve gotten closer hope best day suga,0
m complete stranger just wanted say love happy birthday,0
happy birthday crazy bitchhh love much miss will always favorite fili,0
excited birthday time usually don't much time going surprise don't know m going,0
known grip lmao remembered met wit tianna one time birthday coo amp shit,0
surprise us thalaivar sir's birthday ghajinikanthfirstlook decembe,0
happy birthday one step closer aged ones,0
dame judi dench celebrating birthday colin caterpillar cake m amp s sort everything really,0
picture find happy birthday lorraine,0
gorgeous happy birthday love lt lt hope lovely day xx,0
leilannni happy birthday lexi,0
happy birthday one amazing human rock funny lady xxx,0
celebrate viswanathananand's birthday knowing incredible achievements chess happybirthday,0
jaehwan's birthday message daniel happy birthday love kang center kang lot future remaini,0
local trash man gets make dlc also happy belated birthday ffxv finalfantasy fanart ardynizunia,0
got grayson good just little birthday surprise,0
thanks birthday wishes,0
birthday cake need,0
happy birthday boo love crazy mems together imy,0
bling birthday girl visit book appointment nails,0
birthday days pitch perfect days christmas days next christmas days time t,0
crazy years now might ur wedding ur kids birthday rn just regular shitty day,0
crazy years now might ur wedding ur kids birthday rn just regular shitty day,0
smile defmeow jb's birthday project donation kit samples preview smilewithdefmeow fa,0
surprise us thalaivar sir's birthday ghajinikanthfirstlook decembe,0
happy birthday love yannaxo,0
just dedicated blunt birthday lmao ve never experienced,0
great birthday weekend thanks everyone part thank winning,0
make shit happen no matter push fullest extent couldn't ask bestfr,0
happy birthday,0
crazy years now might ur wedding ur kids birthday rn just regular shitty day,0
best freaking birthday,0
warm greetings pranab da birthday may blessed long amp healthy life,0
since re topic birthdays haven't talking mutuals much want wish yall happy bir,0
wishing happy birthday x bjp pm shri atal ji u r stands bjp respect bottom heart,0
hard imagine better capstone marc's birthday victory flyeaglesfly,0
happy birthday,0
happy birthday,0
happy birthday ezzy,0
celebreety soooo mom turned happy birthday mommy blackdontcrack whatsinthosegenes,0
birthday,0
moms birthday lit af friday happybirthdaymami,0
warm greetings former president india shri pranabmukherjee birthday may god bless,0
whats move tonight bc im not trying stay birthday lol,0
love nicki ellen happy birthday queen,0
happy birthday baby girl hope good one ly,0
warm greetings pranab da birthday may blessed long amp healthy life,0
wish birthday already,0
happy birthday jaz good one love,0
never forgotten birthday past years video mahakavibharathiyar,0
celebreety soooo mom turned happy birthday mommy blackdontcrack whatsinthosegenes,0
smile defmeow jb's birthday project donation kit samples preview smilewithdefmeow fan,0
happy birthday hot one right ilysm,0
apparently going dj khaled's birthday party won't sober next hours,0
happy birthday mamsht miss u,0
can't stop thinking playing show birthday turner hall perfect bi,0
happy birthday teyana taylor,0
birthday days,0
got grayson good just little birthday surprise,0
olivaa happy birthday,0
happy birthday saira banu set surprise legend,0
happy birthday,0
happy birthday teyana taylor,0
attendance time rt tweeting month hrithik birthday,0
happy birthday,0
basically told birthday drew tiny cake bottom autoograph card lord kinda dhsjdhsj,0
celebreety soooo mom turned happy birthday mommy blackdontcrack whatsinthosegenes,0
happy birthday,0
aa behind birthday party part mixnine ryujin,0
ending thank amazing picture re awesome love meant post yest,0
tomlinson styles happy birthday mate sick night,0
happy birthday kang daniel happykangdanielday twt,0
happy birthday teyana taylor,0
hoagie just reminded tonight anniversary first phish show ended lot sing,0
happy birthday incredibly talented kennethbranagh nobody directs shakespeare big screen like,0
happy birthday,0
seawolves folks help us wish stew happy birthday arrrerie,0
happy birthday pentagon's shinwon happyshinwonday catch,0
smile defmeow jb's birthday project donation kit samples preview smile,0
happy birthday glad ur still keeping gooch line,0
happy happy birthday beautiful ur sweetest cutest thing ever hope fantastic day,0
finally got witness com's beautiful ad times square hope wonderful birthday kangdaniel h,0
crazy years now might ur wedding ur kids birthday rn just regular shitty day,0
happy birthday izabelly thank u first person stuck ketcham stillnotlegaltho,0
happy birthday ves arat na,0
bittersweet victory happy birthday,0
happy birthday u s senator mentor friend amp one nicest people know arkansas lucky y,0
go starts birthday,0
happy birthday teyana taylor,0
jane fonda celebrates birthday early raising million charity,0
happy birthday gift,0
happy birthday pentagon shinwon love model amp dedicated hamburger eater great celebration,0
happy birthday lion w,0
thank birthday wishes keep pushing grazie per gli auguri di buon compleanno,0
goofy draws last breath booty breaking battle delightful doggo big thanks belated bi,0
yeah lol wow keep meeting people birthday,0
happy birthday glorious vision person,0
wanna wish special happy birthday brother despite anything happens re still thank fo,0
wishing happy birthday young daynamic enthusiastic leader mahajan stay blessed,0
happy birthday maybe next year will go little better ya past month,0
happy birthday u s senator mentor friend amp one nicest people know arkansas lucky y,0
happy birthday teyana,0
original photo danik happydanielday http,0
birthday post amp oneweeklater,0
birthday party happy b day daddy thank mark amp friend kkkkkkk,0
happy birthday love much every day day m grateful,0
special birthday stream planned made plans friends ll tomorrow instead,0
goofy draws last breath booty breaking battle delightful doggo big thanks belated bi,0
strother said gone give lap dance birthday dude clown,0
happy birthday boy jayson,0
smile defmeow jb's birthday project donation kit samples preview want donate,0
happy birthday wanna one's center kang daniel happydanielday,0
thank great reindeer games jamie turned past week happ,0
happy birthday honey fun last night love uu,0
happy birthday bro,0
happy birthday bitch picture find us idk,0
celebreety soooo mom turned happy birthday mommy blackdontcrack whatsinthosegenes,0
louis skipped promo just hold two days harry's birthday valentine's day didn t,0
happy birthday babes hope today lit day love ya,0
hold youre telling hoseok s mother tonight gocheok sky dome started,0
happy birthday dilip sa ab one best actors ever dilipkumar bollywoodcelebrates,0
good time celebrating birthday yesterday happy day,0
wanna party birthday happy,0
mum made loveliest birthday cake tomorrow inspired iconic album harry styles harry styles http,0
happy birthday,0
happy birthday teyana taylor,0
happy birthday doom hey us floppies carts everything one hell ride thank,0
happy birthday teyana taylor,0
crazy years now might ur wedding ur kids birthday rn just regular shitty day,0
warm birthday greetings shri pranab mukherjee ji hon ble former president india pray long healthy li,0
happy birthday nobody likes now m birthday anna princess cosplay wig,0
wishing handsome alluring happy birthday treat fans,0
happiest birthday may dreams come true enjoy day xoxo alyazyah love shmmsa,0
thank everyone birthday love best birthday ask nothing,0
losing voice finals week birthday week isn't move,0
happy birthday teyana taylor,0
thank friends extended family showed tonight birthday eve show bottom,0
birthday party happy b day daddy thank mark amp friend kkkkkkk,0
btw tzuyu sweetest baby wrote happy birthday traditional chinese cute handwriting's cute,0
thread photos birthday,0
happy birthday pretty girl,0
happy birthday interesting guy know wushox,0
lacy happy birthday baby blessed someone like life wouldn't wanna petty else love u,0
happy birthday bebe ko loveyouuuu mwapppsss u know naman always gotchu,0
happy birthday hope everything wanted amp,0
hope thing feathers perches soul sings tune without words never stops al,0
taylor's birthday days retweet still can,0
sehun drawing collection airplane penguin heart chicken vivi birthday cake rose makn,0
tutorials daehwi's birthday ads ongoing votings,0
happy birthday just placed order beauties no green sun,0
happy birthday nia although havent talk much hope will soon enjoy special day,0
birthday tomorrow,0
hard imagine better capstone marc's birthday victory flyeaglesfly,0
celebreety soooo mom turned happy birthday mommy blackdontcrack whatsinthosegenes,0
happy birthday higuain not take moment remember best moments laliga htt,0
wishing singer soulful voice happy birthday lets wish comments hi,0
fancafe yuto happy happy birthday yo best hyung happy birthday good day today get back,0
brennan huge noles fan brennan heart transplant recipient fsu official guest,0
happy birthday alan ottos shrunken head,0
husbands birthday tomorrow lesssgooooo,0
crazy years now might ur wedding ur kids birthday rn just regular shitty day,0
celebreety soooo mom turned happy birthday mommy blackdontcrack whatsinthosegenes,0
happy birthday babe,0
wishing happy birthday,0
birthday also last,0
happy birthday admire kind spirited self much,0
taylor's birthday days retweet still can,0
aryonnaa happy birthday qt,0
beauty brains apt words wishing extremely gorgeous amp ravishing happy birthd,0
happy birthday katrina,0
nicki's birthday today know bless tl legendary verse,0
williams happy birthday beautiful wonderful inspirational mama,0
five time scudetto winner always gives happy birthday,0
wanna spend birthday comfort place,0
happy birthday yebin's bestie jung chaeyeon hope amazing day friends family des,0
happy birthday,0
happy birthday favorite celebrity chef celebration d like show off dishes ve trie,0
happy birthday amber,0
crazy years now might ur wedding ur kids birthday rn just regular shitty day,0
birthday,0
jeremiah birthday sex zshare thick hmong girls nude,0
happy birthday best soccer playa kick ass,0
happy birthday guyer,0
may every year celebrate silver jubilee birthday,0
sweet baby girl nicole happy birthday hope best time yo,0
taylor's birthday days retweet still can,0
happy birthday sweet pia god bless amp im sorry won't able make debut ah lov,0
nicki's birthday today know bless tl legendary verse,0
happy birthday late grandpa tian ve today miss everyday,0
happy birthday miss seein u everyday soccer hope u best day love,0
happppy birthday pretty girl,0
birthday dinner w favorite people,0
literally days year selfless caring people don't fucking talk birthday,0
happy birthday bestie thankful late night talks live buddy looks good,0
wishing wristjaadugar amp bhrata shri happy birthday can calm situation flick wri,0
happy birthday kennethbranagh,0
happy birthday big bro,0
hard imagine better capstone marc's birthday victory flyeaglesfly,0
happy birthday teyana taylor,0
birthday greetings best wishes long happy life former president shri pranab mukherjee affect,0
colors daniel kang daniel birthday countdown r e d ht,0
wassup princess birthday november,0
happy birthday baby,0
happy birthday,0
happy birthday sweetest person know thank awesome love much htt,0
big bang theory birthday young sheldon trip cape canaveral,0
big happy birthday sweetest person ever glad got see beautiful smile yesterday love y,0
twt month birthday turn years old debuted thought beautifu,0
happy birthday tito jho enjoy young smile lang goodvibes,0
birthday days pitch perfect days christmas days next christmas days time t,0
three hundred amp amp forty nine days birthday come back around,0
happy birthday baddest teyana taylor,0
never look forward birthday,0
genua happy birthday love life miss mostest suga hope florida good abby,0
happy belated birthday hope see soon,0
finally got witness com's beautiful ad times square hope wonderful birthday kangdaniel h,0
btw helen celebrates birthday today moved celebration align emily dickinson,0
taylor caniff via instagram happy half birthday one best friends,0
happy birthday bro,0
happy birthday sharafuddin mate blast,0
happy birthday precious angel heart just gorgeous visuals happychaeyeonday lt,0
,0
boy asked bitcoin investing dad bitcoin birthday dad lot money,0
weird years today ur wedding day ur kids birthday rn just regular day,0
can't decide want birthday months really keeps night,0
finally got witness com's beautiful ad times square hope wonderful birthday kangdaniel h,0
crazy years now might ur wedding ur kids birthday rn just regular shitty day,0
cry birthday new years reason m always grateful ve lived see another year,0
happy birthday,0
bout fans pay money going game birthday cough cough,0
happy birthday bro hope good one,0
sending massive happy birthday,0
happy birthday gorgeous,0
gonna stop smokin birthday need lungs get back right moms workouts,0
exo ls erigoms group us decided something jongin's birthday re going sendin,0
happy birthday,0
extend warm birthday greetings congress president smt soniagandhi ji wish healthy happy long life,0
happy birthday bro may god bless u bro,0
crazy years now might ur wedding ur kids birthday rn just regular shitty day,0
birthday week anyone like get tickets,0
baskinn happy birthday boo,0
crazy years now might ur wedding ur kids birthday rn just regular shitty day,0
years old today can't believe fast got m proud dad love everything,0
first day holidays stupidcancer gave support community celebrate birthday,0
fandom youths gonna get fright life years clock strikes midnight t,0
people came linley's birthday party special place heart special place lif,0
tomorrow birthday,0
crazy years now might ur wedding ur kids birthday rn just regular shitty day,0
happy birthday croatian co captain,0
happy birthday daddy not day goes don't miss think still alive th,0
weird years now might ur wedding ur kids birthday rn just regular shitty day,0
older get uninterested become birthday,0
months ago say one week missing best friend's birthday now just not thing l m,0
happy birthday brazil love wish best things world re amazing inspiring wom,0
happy birthday teyana taylor,0
happy birthday beauty hope great day may god bless always,0
ur celebrating birthday no matter u party isn't way someone celebrates birthday,0
happy birthday wish still pics athens post,0
happy birthday furukawahp,0
crazy years now might ur wedding ur kids birthday rn just regular shitty day,0
happy birthday doom doom wroteit aa carmack,0
happy birthday beautiful girl hope re dreams come true love u,0
osw happy birthday daniel happydanielday,0
happy birthday number one girl,0
happy birthday,0
inndy happy mf birthday sister love,0
clarke's princess re prince happy birthday bellarke,0
hard imagine better capstone marc's birthday victory flyeaglesfly,0
tris aye february rey lit birthday black panther now whats next lol can't wait,0
celebreety soooo mom turned happy birthday mommy blackdontcrack whatsinthosegenes,0
happy birthday teyana taylor,0
happy birthday u s senator mentor friend amp one nicest people know arkansas lucky y,0
best birthday ever thank mathew amp helping turn findyourpark,0
army smart tv channel bts jin ah happy birthday twt,0
crazy years now might ur wedding ur kids birthday rn just regular shitty day,0
crazy years now might ur wedding ur kids birthday rn just regular shitty day,0
happy birthday sweetie hope wishes come true enjoy day,0
happy birthday u s senator mentor friend amp one nicest people know arkansas lucky y,0
growing means birthday just meaningless every day existence,0
happy birthday randy bryce instead buying cake kicked dollars campaign effort keep,0
seungri wearing shirt says instagwapo spoof instagram amp gwapo means handsome filipino shirt fo,0
happy birthday chaeyeon m proud hope best birthday ever keep incredible p,0
news happy birthday u s senator johnboozman mentor friend amp one nicest people know arkansas lucky,0
little brother invited friends birthday none showed really big oc football f,0
got grayson good just little birthday surprise,0
happy birthday world's softest purest adorably innocent puppy come reached far th,0
oh harini birthday ayahanda mertua happy birthday,0
happy birthday hope good one,0
sg jin's birthday ad apgujeong station jin,0
happy birthday soulmate love,0
mj happy birthday rest heaven,0
happy birthday alex,0
happy birthday debbie neal fiercely loving human friend deeply,0
birthday greetings best wishes long happy life former president shri pranab mukherjee affect,0
happy birthday lovey kelly hope living college love miss much,0
holidays year gonna trash birthday included whatever just hope next year everything co,0
happy birthday maretch,0
hmm kind wanna draw something takumi's birthday maybe ll draw ship rev file,0
happy birthday boy italo bless man,0
birthday best friend however late finish fail drawing orz,0
happy birthday brudda great young man smart good admire,0
happy birthday sweetie love,0
guys send videos wishing taylor swift happy birthday com can say whatever y,0
happy birthday nutt,0
faves myth's birthday party thanks everyone much fun,0
happy birthday best friend proud can't wait share goods times love,0
happy birthday dear offl wishing wonderful things way sangam,0
happy birthday boo hope great day koketso,0
crazy years now might ur wedding ur kids birthday rn just regular shitty day,0
dad passed away cancer died pre payed flowers receive every year,0
marinayg ayyyye happy birthday,0
champagne mam took birthday brunch de novo park,0
happy birthday,0
birthday almost,0
happy birthday love life miss mostest suga hope florida good abby,0
happy birthday ball,0
wojo happy birthday pretty girl miss,0
happy birthday teyana taylor,0
crazy years now might ur wedding ur kids birthday rn just regular shitty day,0
happy birthday bitch jp bj's restaurant brewhouse,0
happy birthday babygirl love hope amazing day,0
warm birthday wishes former president shri pranab mukherjee ji may god bless long,0
aint no way little childs birthday finally rolled around happy burfday uri hope swell,0
today birthday officially accepting kisses happy birthday,0
happy birthday favorite bbboy go still love,0
happy birthday wannaone's kangdaniel b boy busan gave lot noona fans heart attack year get well,0
thank everybody birthday wishes kicking weekend still hate alcohol kobeyear,0
birthday thingz lovely evening photography photo photos pic pics picture pictures,0
kicking off birthday celebration drinks amp dancing district love friends,0
happy birthday radwa hope good one,0
years later happy birthday,0
happppppy birthday mister,0
happy birthday teyana taylor,0
crazy years now might ur wedding ur kids birthday rn just regular shitty day,0
cake kircer need cake made daughters birthday budget usd jobs cooking baking,0
happy birthday literal goddess happychaeyeonday,0
smile defmeow im jaebeom's birthday project chinese trans korean trans,0
happy birthday hope u great day homie can't wait chill days,0
crazy years now might ur wedding ur kids birthday rn just regular shitty day,0
little cold ice cream madison hope liked cupcakes thanks spending bir,0
babies birthday,0
happy birthday big bro thanks inspiration stay sharp detroit michigan,0
birthday just quick message say thanks support,0
got grayson good just little birthday surprise,0
tierrarenee happpyyyyy birthday sister life love baby girl turn sexy,0
happy birthday doyeon hope re incredible day happydoyeonday,0
happy birthday favorite baller really want come back japan hit many dingers,0
bighit happy birthday world wide handsome jin,0
ok real talk december birthday sucks ass bc everyone's always like oh birthday present's christma,0
happy birthday teyana taylor,0
didn't even know birthday seth rollins yeah right dont fool us,0
existence blessing enjoy birthday honey,0
happy birthday sorry always late hope enjoyed day may god bless many,0
happy birthday bff hope perfect brenna love,0
re not allowed sleep birthday,0
hope special day brings yu heart desires happy b day daya sir wish u happy birthday,0
osw happy birthday daniel happydanielday,0
crazy years now might ur wedding ur kids birthday rn just regular shitty day,0
taylor friend's birthday today days lucky day years wish,0
happy birthday pentagon's shinwon happyshinwonday catch,0
sonnn best birthday life,0
happy birthday pray god continues bless guide protect,0
true just want fun birthday ppl care,0
happy birthday hope one books much love babe,0
candy table birthday no don't cards no,0
tomorrow best friends birthday,0
happy birthday hope super wonderful day,0
happy birthday brother,0
happy birthday beautiful soul,0
not negative time literally worst birthday ever,0
omg hyolyn day happy birthday ceo kim hyojung ily much queen happyhyolynday,0
happy birthday hope great day get lit tonight,0
got grayson good just little birthday surprise,0
happy birthday ya pitch,0
love enbot,0
happy birthday mina please always stay healthy keep lovely bubbly girl know happyminaday,0
happy birthday and's o line new movement,0
happy birthday queen happyhyolynday,0
sg jin's birthday ad sinsa station,0
crazy years now might ur wedding ur kids birthday rn just regular shitty day,0
biafra let wish dearest cousin hardcore biafra supporter naomi litvin israeli happy birth,0
taylor's birthday days retweet still can,0
happy birthday mate sorry late hope ve good one ly,0
will fav goth happy birthday joan didion sagittarius legend,0
jett go kart racing birthday took first place raceway,0
happy birthday hailee love ur girls much nice day,0
happy birthday,0
happy birthday teyana taylor,0
ashers happy birthday pretty,0
happy birthday beautiful girl deserve best love,0
happy birthday,0
today birthday kim hyo jung one best kpop idol bc just amazing one greatest vocalist,0
thank much presidenttrump reminding us ridiculous liberals war christmas christmas,0
don't even know birthday tomorrow,0
happy birthday nakshith love birthday son,0
happy birthday wanna one's center kang daniel happydanielday,0
nicki's birthday today know bless tl legendary verse,0
lightning alert,0
happy birthday wishing many old man,0
smile defmeow im jaebeom's birthday project russia trans espaniol trans indonesia trans,0
happy birthday baby ily,0
earth blessed birthday best present today,0
happy birthday teyana taylor,0
happy birthday ily,0
shea even birthday,0
birthday days,0
need birthday absolute best want something different idk thoe,0
happy birthday sweet soul love much pie can't wait another random coffee date ho,0
happy birthday beautiful,0
happy birthday tyra,0
today raw general manager's birthday true s damn true happybirthdaykurt,0
adn,0
usually hate birthday damn year good didn't anything big party ev,0
happy birthday beautiful jky,0
music hep hep hooray s birthday week re weeklong celebration swifties ready,0
finns birthday project rules rt join send video preferably less seconds saying happy birthday finn,0
alara happy birthday talented woman earth happyhyolynday hyolyn,0
celebreety soooo mom turned happy birthday mommy blackdontcrack whatsinthosegenes,0
happy birthday queen vancouver love scarborough hope year brings joy,0
birthday party dog diamond birthday vlogs via,0
happy birthday beautiful sister m sorry re not feeling good hope day amazing,0
nicki's birthday today know bless tl legendary verse,0
helloooo nia hehehe happy birthday ily alot even tho dont talk mich yea great day ahead hehe,0
happy birthday person love anything else,0
happy birthday teyana taylor,0
crazy years now might ur wedding ur kids birthday rn just regular shitty day,0
bryan happy birthday,0
weeezy poor girl hotel last night crying stopped crying take shot just cry harder just screa,0
happy birthday night one way getting know,0
chains said birthday threw surprise party,0
armani bestfriend's birthday went little something like,0
people often compare birthdays boogers increase number people find breathing harder,0
crazy years now might ur wedding ur kids birthday rn just regular shitty day,0
happy birthday queen,0
happy birthday beautiful pray awesome day deserve thank always keeping,0
garcia hey dude want give painting birthday christmas please,0
wow happy birthday sag nigga can tolerate,0
happy birthday favorite ceo artist amp queen vocals hyolyn taught money come love whe,0
warm birthday greetings shri pranab mukherjee ji hon ble former president india pray long healthy li,0
happy birthday savy hope day great gonna miss next year goat,0
holidays year gonna trash birthday included whatever just hope next year everything co,0
xoxo happy birthday og dad,0
everything love like no happy birthday david e razor,0
smile defmeow jb's birthday project donation kit samples want donate also acc,0
shahrukhkhan srkask days srks birthday two days left great miracle,0
ash happy birthday ashlynn,0
since birthday,0
happy birthday retweet wish joy great one reiders,0
happyhyolynday happy birthday incredibly talented beautiful leader,0
goofy draws last breath booty breaking battle delightful doggo big thanks belated bi,0
happy birthday beautiful lil cousin,0
guys think m gonna get cmbyn tattoo birthday,0
actually fuck january m pretty tired living miserable m not living daughters second stra,0
happy birthday kang daniel happykangdanielday twt,0
happy birthday stillhaveyettomeetyou,0
spot at's birthday bash alibaug,0
happy birthday u s senator mentor friend amp one nicest people know arkansas lucky y,0
osw happy birthday daniel happydanielday,0
today christa rachel's birthday members sac gamers expo attendees de,0
happy birthday babes hope today lit day love ya,0
today christa rachel's birthday members sac gamers expo attendees de,0
today christa rachel's birthday members sac gamers expo attendees de,0
keep calm wait adv birthday wishes thalaivaa offl waiting team twee,0
happy birthday brother love homie,0
queen hyo hope amazing day deserve everything good world deserve feel,0
happy birthday way wentz rest season red sea parted cowboys,0
happy birthday brotha,0
thanks everyone birthday love great day family,0
happy birthday g luv bro,0
foster happy birthday big dog,0
comet gift tags via naturecuts gifttags giftbag comet outerspace spacetheme b,0
wall posters worldstyleday thalaivar birthday days superstar rajinikanth,0
happy birthday,0
nicaa guevaraa happy birthday boo love much,0
happy birthday teyana taylor,0
happy birthday enjoy day love,0
group kids sparked j next mom chairlift asked wanted hit birthday cesca,0
happy birthday ceo hyolyn happyhyolynday,0
shmmsa happy birthday beautiful god bless u w,0
happy birthday hope re wonderful day many years,0
crazy years now might ur wedding ur kids birthday rn just regular shitty day,0
happy birthday,0
koree happy birthday,0
lipoldino happy birthday sweet,0
happy birthday bruva,0
s already birthday brazil happy birthday girlie love heart m proud wh,0
happy birthday,0
birthday just became super hype,0
t aboutlastnight happy birthday,0
happy birthday katyra,0
luke skywalking haters celebrate everyday like birthday,0
awesome day non stop birthday weekend legit,0
happyhyolynday happy birthday brave strong independent woman know sistar's forever main vocali,0
dayz till bad bitch birthday,0
nurse shark confetti via naturecuts confetti shark nurseshark sharkweek ocean,0
crazy years now might ur wedding ur kids birthday rn just regular shitty day,0
m going lay awake night mourning dress wasn't perfection alas cannot co,0
molly just turned years old wish happy birthday,0
happy birthday,0
happy birthday favorite goldfish,0
hey uh someone buy can go since birthday weekend,0
smoking backwood da woman trust happy birthday ma,0
adult birthday ideas,0
day lily's birthday gift guide giveaways read vq retro mini radio perfect gi,0
elvis fan join us upcoming elvis birthday celebration otherwise subscribe,0
happy birthday uri ceo hyo love much always remember re always happyhyolynday ht,0
happy birthday nicki minaj,0
crazy years now might ur wedding ur kids birthday rn just regular shitty day,0
birthday literally coming,0
day lily's birthday giveaways enter win one kids mini radios blog,0
last happy birthday stay blessed n happy always ameen myhero happybirthda,0
best birthday present ever thanks beachampion,0
congressional staffers flocking sexual harassment training see t,0
little cold ice cream madison hope liked cupcakes thanks spending bir,0
happy birthday apoorva,0
ji wishing devotional wisdomful healthy wealthy amp happy birthday life ahead,0
twt last year daniel celebrated birthday just mom cats week auditioned just hold,0
guess u can birthday post hbd magic cach,0
damn bro happy birthday ot,0
celeberating birthday haram throw party ppl getting wildin t,0
happy birthday best leader talented kindest idol ever deserve world proud,0
happy birthday,0
little brother invited friends birthday none showed really big oc football f,0
k onbehalf thala ajith fans best birthday wishes talented actor offl hbdarya happybirthdayarya,0
happy birthday half always together despite whatever heck m next,0
little brother invited friends birthday none showed really big oc football f,0
happy birthday hope day great lt,0
enjoy birthday loved ones friends,0
happy birthday bimb thank u keeping u wd everyday hoping u wont get sick anytime soon s,0
happy birthday teyana taylor,0
happy birthday teyana taylor,0
happy birthday bear,0
birthday tomorrow,0
giant snake birthday cake large fries chocolate shake,0
ahhhhh happy birthday g,0
happy birthday strong loving independent woman wish nothing best proud ve accompli,0
drawing jin back jin's birthday,0
tomorrow fr birthday year just flew,0
birthday amp lovesick budokan coming ahh heart t t still miss still love,0
kang daniel vietnamese fans birthday support young amp wild project may blessings upon holy yo,0
wait s yo birthday,0
limited time birthday snapchat geofilter personalized custom demand geo filter quinceanera jessicamich,0
happy birthday great coach mentor friend,0
happy birthday anne gwynne grandmother actor chris pine,0
happy birthday pretty hope best day,0
yeah lol wow keep meeting people birthday,0
crazy years now might ur wedding ur kids birthday rn just regular shitty day,0
bring food purpose accommodating not celebrate prophet's birthday story lmao,0
got grayson good just little birthday surprise,0
happy birthday teyana taylor,0
wanna yellow birthday bash,0
happy birthday sam samcrawford,0
happy birthday great state mississippi nowhere word like place will always home,0
f ck s birthday biiiiiitch,0
suddenly emo bc remembering legendary happy birthday bro s,0
happy birthday dear enjoy day,0
rileybalconi happy birthday cutie love u much amp hope ur absolute best,0
happy mf birthday hope kick ass day love man,0
happy birthday nubs,0
happy birthday pretty hope wishes come true may god bless many many xoxo,0
happy birthday teyana taylor,0
happy birthday,0
happy birthday,0
happy birthday day one brother hope enjoyed i't love bro,0
happy birthday one one fav ppl pineza ilysm tho kinalimutan nyo na mgbu,0
birthday next weekend imfinnaactup,0
alyssatorres happy birthday queen,0
happy birthday danielkang happydanielday,0
happy birthday jah enjoy day ilyyyy,0
taylor caniff via instagram happy half birthday one best friends,0
happy birthday,0
happy birthday kang daniel happykangdanielday twt,0
hello everyone small group uk exo ls organising birthday project jongin re going sending ph,0
happy birthday thanks fearless leader,0
already brazil happy birthday inspiration greatest man alive lt,0
celebreety soooo mom turned happy birthday mommy blackdontcrack whatsinthosegenes,0
naturecutstags fancy foxconfetti via naturecuts etsy confetti cutout etsyshop fox,0
just want publicly announce family brookee lisa f,0
lesly birthday never knew mutuals lonh,0
dafuuuck basically birthday,0
happy birthday u s senator mentor friend amp one nicest people know arkansas lucky y,0
happy birthday cousin carter ll always pull off skeleton boy look no matter old,0
kianni happy birthday zai,0
really early happy birthday haha,0
sosaa happy birthday bby,0
hello happy birthday tvd,0
mariano corsi happy birthday jpjpjp,0
happy birthday teyana taylor,0
happy birthday,0
crazy years now might ur wedding ur kids birthday rn just regular shitty day,0
happy birthday,0
yesss happy birthday one fave poets ever,0
got taken thursday week birthday best birthday present ever nufc,0
happy birthday bro,0
guy though happy birthday bro,0
sweet old girl zoe today happy birthday,0
ej birthday celebrations fans,0
happy birthday,0
love space themes love klance drew space themed klance birthday next week ayy klance,0
celebreety soooo mom turned happy birthday mommy blackdontcrack whatsinthosegenes,0
know first text message ever sent merry christmas years ago source,0
nia happy birthday talk okie,0
happy birthday,0
also wore new make hubby bought birthday,0
hard imagine better capstone marc's birthday victory flyeaglesfly,0
seungri wearing shirt says instagwapo spoof instagram amp gwapo means handsome filipino shirt fo,0
happy birthday u s senator mentor friend amp one nicest people know arkansas lucky y,0
soraya finally legal happy birthday us twins,0
rts will send brett gardner jersey birthday please,0
love hate relationship december birthday,0
happy birthday jazzy,0
birthday ain't even start already best birthday ever,0
happy birthday little buddy aria seems like yesterday just baby,0
krrrys happy birthday,0
mcm made rip august ames post overwhelmed loss forgot birthday,0
happy birthday wish still pics athens post,0
jac clickstarwars instagram minho's birthday video taken big billboard hongdae intersection bright smile,0
respected mam good morning amp hello amp happy sunday wish u happy birthday regards madan la,0
got grayson good just little birthday surprise,0
happy late birthday,0
trans wanna one members birthday message kang daniel,0
good night know almost birthday boy,0
catherine zeta jones shares sweet photo celebrate kirk douglas birthday international business times u,0
molly just turned years old wish happy birthday,0
happy birthday wannaone's kangdaniel b boy busan gave lot noona fans heart attack year get well,0
happy birthday lil cuz love stay humble,0
crazy years now might ur wedding ur kids birthday rn just regular shitty day,0
kim taehyung birthday giveaway retweet must following enter turn notif worldw,0
happy birthday best friend,0
ve hard year year think black people celebrate black history month like everybody's birthday,0
happy birthday folk boy,0
haha happy birthday raven,0
happy birthday hope u amazing day babe,0
happy birthday sammy boi,0
happy early birthday rach,0
post birthday mood,0
girls keep calling virgo birthday definitley sex,0
worst birthday time gonna cry tonight,0
