genesis mining cloud mining bitcoin genesismining bitcoinmining bitcoin,0
bitcoin largest ponzi scheme human history poor gullible will lose life savings promoters,0
people bitcoin market,0
fuck bitcoin can eat,0
bought bitcoin will pick random people retweet give btc,0
folks shaykh fatw bitcoin shaykh fatw ve asked,0
bitcoin price weekly analysis btc usd correction underway bitcoin,0
boy asked bitcoin investing dad bitcoin birthday dad lot money,0
bitcoin joke cold open big laugh,0
dala tokensale live another days don't miss register amp participate now ico blo,0
blockchain studies added university curriculum bitcoin,0
decrypting crypto bitcoin blockchain icos andreessen horowitz,0
boy asked bitcoin investing dad bitcoin birthday dad lot money,0
bitcoin price prediction log chart w technicals bitcoin trade btcusd leverage,0
marketalert last top price change avg top coins declining btc,0
john mcafee buy bitcoin now no bubble,0
m asking santa wraithprotocol christmas santa mean xvg bitcoin btc,0
bitcoin doomsday weapon chinese using suck life stream planet must bring lunar ha,0
people bitcoin market,0
people bitcoin market,0
bitcoin viewers better informed support,0
sides call scams lowers legitimacy cryptocurrencies bitcoincash bitcoin cryptocurrency,0
success struggling mlm networkmarketing leverage entire world buzzing no learning curve bitc,0
someone pls activate bitcoin sideways switch next months,0
market price support liquidity coin,0
everyone concerned btc futures shorting bitcoin litecoin like put ease will n,0
bitcoin's energy consumption year essentially cancelled eight years eu energy saving light bulb regulations http,0
long short bitcoin swings leverage bitmex get fee discount,0
boy asked bitcoin investing dad bitcoin birthday dad lot money,0
selling certainty service blockchain blockchain crypto cryptocurrencies,0
bitcoin million banks will vanish according talk johnmcafee target discovery,0
not late take part historical growth bitcoin less bucks free position awaits right,0
long short bitcoin swings leverage bitmex get fee discount,0
bitcoin doomsday weapon chinese using suck life stream planet must bring lunar ha,0
bitcoin path functioning just like real currency small concentration people acquire majority,0
futures trading will intensify bitcoin's volatility btc,0
boy asked bitcoin investing dad bitcoin birthday dad lot money,0
bitcoin achieving price milestones increasing rate,0
wow invested bitcoin last week today still no idea bitcoin works,0
bitcoin beanie babies people think soylent food,0
bitcoin price index usd eur cny gbp rub,0
bitcoin none things supposed bitcoin,0
digital money gave money people ordinary people cool bitcoin ethereum crypto altcoins zcash,0
bitcoin still soaring limit,0
december twimbos zimbabwe blockchain school learn digital currencies bi,0
people bitcoin market,0
bitcoin blackmail attempts rise no one's paying r cryptocurrency,0
best piece read watched yet bitcoin buzz,0
bitcoin altcoins trading binance impressed exchange give try today fast deposits,0
bulgaria government shocked discover owns billion bitcoin,0
future bitcoin ethereum vision amp com talk,0
bitcoin's roughly billion market cap makes bigger individual s amp p companies still smal,0
wild biotech products will touch lives near future iot internetofthings,0
error try login can please fix importannt day bitcoin unsatisfied moment,0
retweet post following kucoin get rchain listed next week coop rchain kucoin ico crypto bitcoinne,0
traded million bitcoin guy named hank back half dozen farm fresh eggs dry erase marke,0
video report world's first bitcoin cash bch meetup tokyo december via,0
people bitcoin market,0
people bitcoin market,0
not late take part historical growth bitcoin less bucks free position awaits right,0
nyse chairman voices regret not launching bitcoin futures trading first r cryptocurrency,0
dec bitcoin price usd eur jpy,0
top btc usd exchange orderbooks resistance til support til btc btcusd bitcoin orderbook news finance,0
still don't understand blockchain untangle wires,0
bitcoin altcoins trading binance impressed exchange give try today fast deposits,0
wonder advertising will seep robots future like ai will befriend convince buy inv,0
december good morning people ready new wild day bitcoin litecoin dogecoin monero usd btc nxt,0
japan's fsa gives official endorsement cryptocurrency exchanges money finance,0
put bitcoin last thursday sitting now lmaoo idk y shit,0
read interesting take apparently can take days know paid etc many exc,0
best ways buy bitcoin cash bcash bch bcc bitcoin,0
crypto slaughter eve futures trading largest crypto nem past hrs iota einsteinium,0
litecoin crypto bitcoin btc ltc eth ethereum vtc xrp ripple crypto will soon traded stocks regular currency,0
airdrop application process will go live tomorrow spaces available first announcement will made t,0
boy asked bitcoin investing dad bitcoin birthday dad lot money,0
long short bitcoin swings leverage bitmex get fee discount,0
bitcoin looks remarkably like bubble new zealand's central banker warns bloomberg,0
johnny blockstream vs roger ver bitcoin scaling debate segwit vs bitcoin unlimited crypto tradecrypto,0
litecoin takes off bitcoin corrects bitcoin,0
litecoin takes off bitcoin corrects,0
one bitcoin now worth high low market cap billion bitcoin,0
bitcoin time date bitcoin btcusd btc,0
one bitcoin now worth market cap billion based coindesk bpi bitcoin,0
bitcoin price stays will continue rise will bubble burst,0
one biggest fears someday will understand bitcoin please not wish know onlin,0
bitcoin price stays will continue rise will bubble burst,0
bulgarian government sitting billion bitcoin,0
bitcoin price weekly analysis btc usd correction underway btc bitcoin blockchain cryptocurrency xbt,0
based cutting edge technologies like big data analytics blockchain neural networks strive help billions,0
every sec internet digitalmarketing internetmarketing socialmedia seo smm mpgvip bigdata bitcoin digita,0
fair chance dimon realizes existential threat cryptocurrencies central banks japan amp korea support bitcoin h,0
bitcoin drops red day crypto markets crypto news,0
long short bitcoin swings leverage bitmex get fee discount,0
haha feel sorry losers missed bitcoin train ve bought years ago like,0
long short bitcoin swings leverage bitmex get fee discount,0
people bitcoin market,0
bitcoin blackmail attempts rise no one's paying mining farm asic tags,0
people bitcoin market,0
bought bitcoins three years ago feeling festive will give one away monday retweet follow,0
fastest fee sat byte hour fee sat byte day fee sat byte,0
average bitcoin market price usd eur,0
bitcoin btc price change market cap ranking bitcoin btc,0
currently unconfirmed bitcoin transactions bitcoin btc btc,0
hey going list lsk lisk platform impatiently waiting bitc,0
average price bitcoin across exchanges usd,0
bitcoin drops red day crypto markets bronzeingot,0
wow invested bitcoin last week today still no idea bitcoin works,0
utc bitcoin blockchain status last blocks mined btc output transactions,0
bitcoin cash unit price market cap hr vol,0
retweet post following kucoin get rchain listed next week coop rchain kucoin ico crypto bitcoinne,0
utc bitcoin live spots xbtusd xbteur,0
lambos turning civics real quick bitcoin crypto,0
bitcoin unit price market cap hr vol,0
bitcoin btc price ethereum eth price bi,0
bad news bitcoin decline current rate usd btc,0
bitcoin largest ponzi scheme human history poor gullible will lose life savings promoters,0
brutally inept dishonest article ve read via articl,0
boy asked bitcoin investing dad bitcoin birthday dad lot money,0
yes bitcoin great litecoin amp ethereum,0
going gets dark darks get going banks introducung ai darkpools rev profits bitcoin fintech m,0
yes bitcoin great litecoin amp ethereum,0
going gets dark darks get going banks introducung ai darkpools rev profits bitcoin fintech m,0
liked video bitcoin vs bitcoin cash john mcafee amp peter saddington,0
not late take part historical growth bitcoin less bucks free position awaits right,0
merkle earth token set disrupt multi trillion dollar industry ico presale bonus period commenced,0
sides call scams lowers legitimacy cryptocurrencies bitcoincash bitcoin cryptocurrency,0
disruption amazon almost no stores uber owns almost no cars facebook creates no content alibaba no,0
boy asked bitcoin investing dad bitcoin birthday dad lot money,0
sides call scams lowers legitimacy cryptocurrencies bitcoincash bitcoin cryptocurrency,0
bitcoin doesn't hit atleast end ll send btc everyone r ts tweet btc ltc bitcoin,0
merkle earth token set disrupt multi trillion dollar industry ico presale bonus period commenced,0
disruption amazon almost no stores uber owns almost no cars facebook creates no content alibaba h,0
peasants better not speak invest bitcoin,0
privacy centric protocol mimblewimble now trialed bitcoin testnet via,0
people bitcoin market,0
bought bitcoin will pick random people retweet give one merry,0
retweet post following kucoin get rchain listed next week coop rchain kucoin ico crypto bitcoinne,0
wow invested bitcoin last week today still no idea bitcoin works,0
periscope tales cryptocurrency bitcoin coinbase,0
cboe announces increased bitcoin futures margins amid market manipulation worries,0
sells amm tokens writes advisor professional trader will later regret take advise,0
periscope tales cryptocurrency bitcoin coinbase,0
bunch pizzagate people pivoted bitcoin experts,0
cboe announces increased bitcoin futures margins amid market manipulation worries,0
sells amm tokens writes advisor professional trader will later regret take advise,0
sides call scams lowers legitimacy cryptocurrencies bitcoincash bitcoin cryptocurrency,0
people bitcoin market,0
not late take part historical growth bitcoin less bucks free position awaits right,0
r tldr time buy bitcoin cryptocurrency anyone else good exchanges blockchain ethereum litecoin,0
peasants better not speak invest bitcoin,0
r tldr time buy bitcoin cryptocurrency anyone else good exchanges blockchain ethereum litecoin,0
not late take part historical growth bitcoin less bucks free position awaits right,0
mining bitcoins uses electricity entire countries,0
not late take part historical growth bitcoin less bucks free position awaits right,0
boy asked bitcoin investing dad bitcoin birthday dad lot money,0
people bitcoin market,0
bitcoin not virtual virtual house actually year mortgage paid unauditable gov issu,0
io bitcoin yeah opened ticket like days ago told kitty congestion,0
boy asked bitcoin investing dad bitcoin birthday dad lot mone,0
crypto candies coming btc forks eth forks dec bitcoin hot dec super bitcoin dec lightning bitcoin dec,0
ve ever actually hunkered watched aj ll know sells bs products like male vitality su,0
sides call scams lowers legitimacy cryptocurrencies bitcoincash bitcoin cryptocurrency,0
boy asked bitcoin investing dad bitcoin birthday dad lot money,0
bought bitcoins will randomly pick people retweet give one,0
sides call scams lowers legitimacy cryptocurrencies bitcoincash bitcoin cryptocurrency,0
bitcoin blackmail attempts rise no one's paying mining farm asic tags,0
don't realise fluctuations huge easy easy obviously sp,0
bitcoin blackmail attempts rise no one's paying mining farm asic tag,0
people seriously estimating just big deal sbi worth half trillion usd initiative work ncha,0
bitcoin isn't just money,0
bitcoin,0
morake celebrating someone downfall really now apparently busy making money bitcoin bus,0
nyse voices chairman regrets not launching bitcoin futures trading crypto currency news cc c,0
asantegh research futures trading apply bitcoin people different beliefs will,0
sides call scams lowers legitimacy cryptocurrencies bitcoincash bitcoin cryptocurrency,0
promoting bitcoin's core value proposition features current future trends insights bullish ht,0
sides call scams lowers legitimacy cryptocurrencies bitcoincash bitcoin cryptocurrency,0
bitcoin freedom financial speech amir taaki new radical watch different side bitcoin nar,0
bitcoin freedom financial speech amir taaki new radical watch different side bitcoin nar,0
actually fuck bitcoin,0
madani break characteristics bitcoin not currency don't understand everyone still calls,0
retweet post following kucoin get rchain listed next week coop rchain kucoin ico crypto bitcoinne,0
boy asked bitcoin investing dad bitcoin birthday dad lot money,0
sides call scams lowers legitimacy cryptocurrencies bitcoincash bitcoin cryptocurrency,0
io looks like good plan ico blockchain bitcoin rocket btc eth neo dgb strat bnb kmd xrp omg ltc crypto,0
bitcoin altcoins trading binance impressed exchange give try today fast deposits,0
awakening money created collapse led discovering bitc,0
sides call scams lowers legitimacy cryptocurrencies bitcoincash bitcoin cryptocurrency,0
wow invested bitcoin last week today still no idea bitcoin works,0
cloak enigma coming soon btc eth neo crypto bitcoin,0
boy asked bitcoin investing dad bitcoin birthday dad lot money,0
retweet post following kucoin get rchain listed next week coop rchain kucoin ico crypto bitcoinne,0
litecoin volume dropped off significantly moving like pond water now see brings litecoin ltcusd bitcoin crypto,0
sides call scams lowers legitimacy cryptocurrencies bitcoincash bitcoin cryptocurrency,0
ll never buy bitcoin energy use damaging not sustainable,0
boy asked bitcoin investing dad bitcoin birthday dad lot money,0
sides call scams lowers legitimacy cryptocurrencies bitcoincash bitcoin cryptocurrency,0
bought top cryptoconfessional reft rip bitcoin btc cryptocurrency blockchain htt,0
boy asked bitcoin investing dad bitcoin birthday dad lot money,0
free stakes will given upon joining active telegram group not join us te,0
success struggling mlm networkmarketing leverage entire world buzzing no learning curve bitc,0
sex gross disgusting net drain energy maybe kid months bitcoin valuable useful net gain,0
investing cryptocurrency since bitcoins bought int will give lucky p,0
bitcoin reminds lot people talked internet years ago remember laugh people say,0
billion billion pretty soon adds real money senator everett dirksen bancofcoins,0
not late take part historical growth bitcoin less bucks free position awaits right,0
long short bitcoin swings leverage bitmex get fee discount,0
winklevoss twin sees bitcoin surging much times higher via,0
litecoin takes off bitcoin corrects bitcoin eth altcoins,0
hackers carried heist leading digital currency platform making off unspecific amount bitcoin,0
bitcoin altcoins trading binance impressed exchange give try today fast deposits,0
mining bitcoins uses electricity entire countries,0
people bitcoin market,0
sides call scams lowers legitimacy cryptocurrencies bitcoincash bitcoin cryptocurrency,0
people bitcoin market,0
not late take part historical growth bitcoin less bucks free position awaits right,0
huge true japan's billion financial giant sbi supports bitcoincash bcash bcc bch,0
boy asked bitcoin investing dad bitcoin birthday dad lot mone,0
boy asked bitcoin investing dad bitcoin birthday dad lot money,0
sides call scams lowers legitimacy cryptocurrencies bitcoincash bitcoin cryptocurrency,0
peasants better not speak invest bitcoin,0
wow invested bitcoin last week today still no idea bitcoin works,0
multi millionaire least understand money works understand,0
sides call scams lowers legitimacy cryptocurrencies bitcoincash bitcoin cryptocurrency,0
sides call scams lowers legitimacy cryptocurrencies bitcoincash bitcoin cryptocurrency,0
classic reminder airdrop live make sure register using omgc wallet make sure chec,0
bitcoin altcoins trading binance impressed exchange give try today fast deposits,0
sides call scams lowers legitimacy cryptocurrencies bitcoincash bitcoin cryptocurrency,0
boy asked bitcoin investing dad bitcoin birthday dad lot money,0
long short bitcoin swings leverage bitmex get fee discount,0
will not say many bitcoin bought since everyone will give bitcoin,0
lambos turning civics real quick bitcoin crypto,0
bitcoin crashing zero says tom peterffy,0
litecoin takes off bitcoin corrects,0
pakistan showed growth mobile broadband users million pakistanis still unbanked partners pak,0
long short bitcoin swings leverage bitmex get fee discount,0
follow rt like teamcaramac follow army,0
bkk office discussion company uniform micromoney cryptocurrency blockchain bitcoin ico ethereum initialcoinof,0
success struggling mlm networkmarketing leverage entire world buzzing no learning curve bitc,0
ve gained followers since last giveaway soo giving away bitcoin someone following,0
bitcoin altcoins trading binance impressed exchange give try today fast deposits,0
boy asked bitcoin investing dad bitcoin birthday dad lot money,0
bitcoin drops everyone gets quite lmaoooo,0
bitcoin satoshi dreamed dead nothing bitcoin today much satoshi's vision via,0
boy asked bitcoin investing dad bitcoin birthday dad lot money,0
bit coins will go ship bitcoin bitcoin blockchain,0
bought bitcoin will pick random people retweet give one mer,0
not surprising litecoin way people new coinbase think can't buy full bitcoin thus buy othe,0
long short bitcoin swings leverage bitmex get fee discount,0
nyse really wishes offered bitcoin futures competitors,0
success struggling mlm networkmarketing leverage entire world buzzing no learning curve bitc,0
boy asked bitcoin investing dad bitcoin birthday dad lot money,0
uncle adam will single handedly bring bitcoin,0
awful ve spending uob bank h find two weeks ago decided buy amm,0
retweet post following kucoin get rchain listed next week coop rchain kucoin ico crypto bitcoinne,0
sides call scams lowers legitimacy cryptocurrencies bitcoincash bitcoin cryptocurrency,0
litecoin takes off bitcoin corrects,0
people bitcoin market,0
sides call scams lowers legitimacy cryptocurrencies bitcoincash bitcoin cryptocurrency,0
crypto market right futures trading opening,0
cryptics crowdsale bitcoin ico ether miracle,0
wow invested bitcoin last week today still no idea bitcoin works,0
boy asked bitcoin investing dad bitcoin birthday dad lot money,0
days go end pre sale get earth token plus bonus ico blockchain,0
wow invested bitcoin last week today still no idea bitcoin works,0
people seriously estimating just big deal sbi worth half trillion usd initiative work ncha,0
people bitcoin market,0
bitcoin ceo warns extremely volatile currency informs customers risk city amp business finance,0
replace bitcoin ready music video,0
meeting ongo mobile money micromoney cryptocurrency blockchain bitcoin ico ethereum initialcoinoffering coi,0
bitcoin altcoins trading binance impressed exchange give try today fast deposits,0
folks shaykh fatw bitcoin shaykh fatw ve asked,0
affiliate program earnings amount tokens sold blockchain bitcoin ethereum,0
boy asked bitcoin investing dad bitcoin birthday dad lot money,0
catch bitcoin multiplier live replay w usitech figure earner frank c,0
competitors don't use blockchain provide loans via stable coin using smart contracts built ether,0
blockchain future energy crypto cryptocurrencies cryptorevolution bitcoin cr,0
people bitcoin market,0
blockchain future energy crypto cryptocurrencies cryptorevolution bitcoin cr,0
sides call scams lowers legitimacy cryptocurrencies bitcoincash bitcoin cryptocurrency,0
success struggling mlm networkmarketing leverage entire world buzzing no learning curve bitc,0
app check movement app partners list learn ico movementapp blockchain technology,0
will not say many bitcoin bought since everyone will give bitcoin,0
white male twitter hm well serena funny ask bitcoin payment instrument increases v,0
boy asked bitcoin investing dad bitcoin birthday dad lot money,0
bulgaria government shocked discover owns billion bitcoin zero hedge,0
litecoin takes off bitcoin corrects,0
bought bitcoin will pick random people retweet give one merry,0
craiglist largest web based platform enabled merchants accept bitcoin,0
bitcoin goes next years will give everyone retweets tweet btc,0
thing don't make week bitcoin value bitcoin might rise week,0
flonky ass bitches ruin bitcoin people actually use correctly,0
bitcoin price weekly analysis btc usd correction underway,0
people really wrong bitcoin bitcoin,0
buying dip feels good btc bitcoin bitcoinist hodl bitcoinprice blockchain crypto nofomo nofud,0
wow invested bitcoin last week today still no idea bitcoin works,0
must watch two investors featured barbarian investor show week eddy travia stuart corby discuss al,0
sides call scams lowers legitimacy cryptocurrencies bitcoincash bitcoin cryptocurrency,0
every sec internet digitalmarketing internetmarketing socialmedia seo smm mpgvip bigdata bitcoin digita,0
ve traded parabolic bitcoin sometimes rips profitable sometimes relentless selling,0
bitcoin re aware fraudulent phishing sites pretend shapeshift io,0
wow invested bitcoin last week today still no idea bitcoin works,0
bitcoin altcoins trading binance impressed exchange give try today fast deposits,0
winklevoss twin sees bitcoin surging much times higher via compar,0
just bought bitcoin usd family member's birthday gift today december means,0
coworker talked dumb shit like bitcoin isagenix lot tried explaining,0
boy asked bitcoin investing dad bitcoin birthday dad lot money,0
boy asked bitcoin investing dad bitcoin birthday dad lot money,0
repeat futures launches tomorrow price starts crazy things will not sell bitcoin,0
sides call scams lowers legitimacy cryptocurrencies bitcoincash bitcoin cryptocurrency,0
finally point bitcoin start thinking ehhh dip fucking cares,0
sides call scams lowers legitimacy cryptocurrencies bitcoincash bitcoin cryptocurrency,0
long short bitcoin swings leverage bitmex get fee discount,0
sides call scams lowers legitimacy cryptocurrencies bitcoincash bitcoin cryptocurrency,0
success struggling mlm networkmarketing leverage entire world buzzing no learning curve bitc,0
not late take part historical growth bitcoin less bucks free position awaits right,0
interviewer planned future lunch interviewer no like long term oh bitcoin,0
hour giveaway follow rt enter comment address bitcoin bitcoins btc litecoin ltc ethereum e,0
sides call scams lowers legitimacy cryptocurrencies bitcoincash bitcoin cryptocurrency,0
hookers accept bitcoin asking friend,0
success struggling mlm networkmarketing leverage entire world buzzing no learning curve bitc,0
wow invested bitcoin last week today still no idea bitcoin works,0
wow invested bitcoin last week today still no idea bitcoin works,0
sides call scams lowers legitimacy cryptocurrencies bitcoincash bitcoin cryptocurrency,0
wow invested bitcoin last week today still no idea bitcoin works,0
bitcoin looking nice,0
wow invested bitcoin last week today still no idea bitcoin works,0
cavemen ak looks like scary efficient club bankers bitcoin looks like scary efficient com,0
retweet post following kucoin get rchain listed next week coop rchain kucoin ico crypto bitcoinne,0
nothing fun hearing someone just learned bitcoin explain someone never heard,0
boy asked bitcoin investing dad bitcoin birthday dad lot money,0
switched bitcoin cash low fees bullshit free,0
feels like earn bitcoin daily basis available google play money android,0
thanks shoutout friends aigang tokensale blockchain bitcoin ethereum,0
feels like earn bitcoin daily basis available google play money android,0
retweet post following kucoin get rchain listed next week coop rchain kucoin ico crypto bitcoinne,0
thanks shoutout friends aigang tokensale blockchain bitcoin ethereum,0
bought bitcoin will pick random people retweet give one,0
urgent fundamental necessity bitcoin tulips analogy non starter someone else said btc,0
bitcoin trend well suited nobody knows wtf going yet everyone feels strongly abou,0
urgent fundamental necessity bitcoin tulips analogy non starter someone else said btc,0
dont miss train time check cmc already several exchanges comi,0
vinayg bitcoin gold happening right now tothemoon will witness soon,0
dont miss train time check cmc already several exchanges comi,0
bitcoin gold happening right now tothemoon will witness soon,0
got rows teeth watch sharksdontsleep btc bitcoin altcoins futures neverenough,0
bitcoin askmkbhd,0
got rows teeth watch sharksdontsleep btc bitcoin altcoins futures neverenough,0
sides call scams lowers legitimacy cryptocurrencies bitcoincash bitcoin cryptocurrency,0
invested bitcoin yesterday,0
success struggling mlm networkmarketing leverage entire world buzzing no learning curve bitc,0
sides call scams lowers legitimacy cryptocurrencies bitcoincash bitcoin cryptocurrency,0
wow invested bitcoin last week today still no idea bitcoin works,0
sides call scams lowers legitimacy cryptocurrencies bitcoincash bitcoin cryptocurrency,0
switched bitcoin cash low fees bullshit free,0
plan b life bitcoin,0
success struggling mlm networkmarketing leverage entire world buzzing no learning curve bitc,0
wow invested bitcoin last week today still no idea bitcoin works,0
people bitcoin market,0
talk show hosts trying understand email internet remarkably similar peopl,0
economics bitcoin mining changed every generation asic chip,0
capitalism wont entire energy output sun harnessed used mine bitcoin,0
bitcoin plunge reveals possible vulnerabilities crazy imaginary internet money,0
boy asked bitcoin investing dad bitcoin birthday dad lot money,0
boy asked bitcoin investing dad bitcoin birthday dad lot money,0
top referral lydian learn win btc worth learn referral bonus program h,0
possible take amm token outside service smart contract will transfer tokens eth wallet r,0
sides call scams lowers legitimacy cryptocurrencies bitcoincash bitcoin cryptocurrency,0
possible take amm token outside service smart contract will transfer tokens eth wallet r,0
netflix added documentary bankin bitcoin good sign btc bitcoin netflixandbitcoin bitcoinmilli,0
okay m officially stoked ve seen talking,0
netflix added documentary bankin bitcoin good sign btc bitcoin netflixandbitcoin bitcoinmillionaire oneday,0
bitcoin altcoins trading binance impressed exchange give try today fast deposits,0
issue two weeks no payout bank details correct simply making money,0
article bitcoin unsustainable energy path sane person maybe bubble brianna wu oh god,0
long short bitcoin swings leverage bitmex get fee discount,0
bitcoin stocks get new member cboe launches bitcoin futures sunday dec,0
haha feel sorry losers missed bitcoin train ve bought years ago like,0
bitcoin stocks get new member cboe launches bitcoin futures sunday dec,0
boy asked bitcoin investing dad bitcoin birthday dad lot money,0
retweet post following kucoin get rchain listed next week coop rchain kucoin ico crypto bitcoinne,0
retweet post following kucoin get rchain listed next week coop rchain kucoin ico crypto bitcoinne,0
long short bitcoin swings leverage bitmex get fee discount,0
winklevoss twins expect bitcoin market cap surpass trillions nsav jbzy ottv groc mara sanp bitcoin cctl mict,0
boy asked bitcoin investing dad bitcoin birthday dad lot money,0
winklevoss twins expect bitcoin market cap surpass trillions nsav jbzy ottv groc mara sanp bitcoin cctl mict,0
success struggling mlm networkmarketing leverage entire world buzzing no learning curve bitc,0
bitcoin altcoins trading binance impressed exchange give try today fast deposits,0
winklevoss twin predicts multitrillion dollar value bitcoin,0
winklevoss twin predicts multitrillion dollar value bitcoin,0
bitcoin cryptocurrencies next shiny object next gold mine web online marketing business entr,0
success struggling mlm networkmarketing leverage entire world buzzing no learning curve bitc,0
sides call scams lowers legitimacy cryptocurrencies bitcoincash bitcoin cryptocurrency,0
people bitcoin market,0
people bitcoin market,0
dollar giveaway worth swissborg tokens lucky winner participate follow retweet post,0
boy asked bitcoin investing dad bitcoin birthday dad lot money,0
bitcoin path functioning just like real currency small concentration people acquire majority,0
fuck bullshit im loan shark wassup bitcoin intrest,0
sides call scams lowers legitimacy cryptocurrencies bitcoincash bitcoin cryptocurrency,0
craigslist enable sellers accept bitcoin merchants adopt cryptocurrencies enable sellers accept bit,0
can buy bitcoin can buy invest mining latter allows participate accumulating block rewards,0
christmas came early received hour lecture bitcoin purchased bitcoin gonna rich lol,0
wow invested bitcoin last week today still no idea bitcoin works,0
ethersportz esports platform amp crowdfund overview learn follow us wefunder https,0
massive investors bitcoin market not great via,0
u need bitcoin,0
long short bitcoin swings leverage bitmex get fee discount,0
sides call scams lowers legitimacy cryptocurrencies bitcoincash bitcoin cryptocurrency,0
boy asked bitcoin investing dad bitcoin birthday dad lot money,0
sides call scams lowers legitimacy cryptocurrencies bitcoincash bitcoin cryptocurrency,0
brianna wu manages top moon rocks woke fuck theory bitcoin,0
sides call scams lowers legitimacy cryptocurrencies bitcoincash bitcoin cryptocurrency,0
bitcoin lowest weeks buy right now,0
sides call scams lowers legitimacy cryptocurrencies bitcoincash bitcoin cryptocurrency,0
bitcoin hello bernard not already please open ticket customer,0
bitcoin path functioning just like real currency small concentration people acquire majority via,0
great trading advice r bitcoin just missing goes lower still no money left sell yo,0
tom peterffy believes bitcoin wreck might go crashing peterffy believes bitcoin wre,0
sides call scams lowers legitimacy cryptocurrencies bitcoincash bitcoin cryptocurrency,0
join discussion telegram ask questions blockchain bitcoin ico waves cryptocurrency c,0
now accepting bitcoin litecoin amp dash,0
long short bitcoin swings leverage bitmex get fee discount,0
bitcoin altcoins trading binance impressed exchange give try today fast deposits,0
pennystocks john stippick ceo room media msmy stated recently received several new contracts working,0
nyse chairman voices regret not launching bitcoin futures trading first chairman voices regret not laun,0
wow invested bitcoin last week today still no idea bitcoin works,0
sides call scams lowers legitimacy cryptocurrencies bitcoincash bitcoin cryptocurrency,0
sides call scams lowers legitimacy cryptocurrencies bitcoincash bitcoin cryptocurrency,0
sam osborne bought bitcoin will randomly choosing people give away bitcoin christm,0
tell bitcoin tho,0
wow invested bitcoin last week today still no idea bitcoin works,0
boy asked bitcoin investing dad bitcoin birthday dad lot money,0
people bitcoin market,0
people bitcoin market,0
bought bitcoin will pick random people retweet give one,0
boy asked bitcoin investing dad bitcoin birthday dad lot money,0
sides call scams lowers legitimacy cryptocurrencies bitcoincash bitcoin cryptocurrency,0
boy asked bitcoin investing dad bitcoin birthday dad lot money,0
bitcoin drops red day crypto markets days major futures vk,0
litecoin takes off bitcoin corrects bitcoin wild ride week starting surging,0
long short bitcoin swings leverage bitmex get fee discount,0
sides call scams lowers legitimacy cryptocurrencies bitcoincash bitcoin cryptocurrency,0
buying dip feels good btc bitcoin bitcoinist hodl bitcoinprice blockchain crypto nofomo nofud,0
looks like another sleepless night time alert goes off bitcoin,0
bitcoin ceo warns extremely volatile currency informs customers risk city amp business finance,0
understand wish alive bitcoin less dollar bc drowning money right n,0
sides call scams lowers legitimacy cryptocurrencies bitcoincash bitcoin cryptocurrency,0
great trading advice r bitcoin just missing goes lower still no money left sell yo,0
get rich off bitcoin lose trying chicago tribune,0
sides call scams lowers legitimacy cryptocurrencies bitcoincash bitcoin cryptocurrency,0
wow invested bitcoin last week today still no idea bitcoin works,0
sell bitcoin btc bcc btg eth ltc,0
sides call scams lowers legitimacy cryptocurrencies bitcoincash bitcoin cryptocurrency,0
bitcoin ceo warns extremely volatile currency informs customers risk city amp business finance,0
bitcoin altcoins trading binance impressed exchange give try today fast deposits,0
bitcoin drops red day crypto markets days major futures product launch bitcoin suffered,0
bitcoin ceo warns extremely volatile currency informs customers risk city amp business finance,0
bitcoin,0
litecoin takes off bitcoin corrects,0
people bitcoin market,0
bitcoin altcoins trading binance impressed exchange give try today fast deposits,0
million ethereum microfinance startup everex closes ico bitcoin,0
retweet post following kucoin get rchain listed next week coop rchain kucoin ico crypto bitcoinne,0
sides call scams lowers legitimacy cryptocurrencies bitcoincash bitcoin cryptocurrency,0
pays friends iota iota adx altcoin cryptocurrency cryptocurrencies bitcoin lt,0
sides call scams lowers legitimacy cryptocurrencies bitcoincash bitcoin cryptocurrency,0
check,0
litecoin takes off bitcoin corrects bitcoin btc,0
y investing bitcoin lmfaoooo m investing amiibo s,0
sides call scams lowers legitimacy cryptocurrencies bitcoincash bitcoin cryptocurrency,0
crypto slaughter eve futures trading largest crypto nem past hrs iota einsteinium,0
dala tokensale live another days don't miss register amp participate now,0
alert bitcoin investors rbi issues another warning says crypto currencies risks,0
bitcoin plummeted almost just hours setting yet another record,0
litecoin takes off bitcoin corrects,0
case need reminded bloodinthestreets good time buy words buy now trust,0
wow invested bitcoin last week today still no idea bitcoin works,0
crypto exchange news bitcoin drops red day crypto markets via,0
referral contest starts today top referrer gets btc worth right now sign,0
crypto exchange news bitcoin drops red day crypto markets via,0
litecoin takes off bitcoin corrects newsbtc,0
wow invested bitcoin last week today still no idea bitcoin works,0
bitcoin drops red day crypto markets btc bitcoin,0
bitcoin plummeted almost just hours setting yet another record,0
wow invested bitcoin last week today still no idea bitcoin works,0
org happens bitcoin wins,0
son dad can dollar bitcoin dad dollars need dollars,0
sides call scams lowers legitimacy cryptocurrencies bitcoincash bitcoin cryptocurrency,0
bitcoin careful getting hype iota,0
bitcoin altcoins trading binance impressed exchange give try today fast deposits,0
sides call scams lowers legitimacy cryptocurrencies bitcoincash bitcoin cryptocurrency,0
bitconnect really seems like scam old school ponzi bad actors hurt community period bitcoin ether,0
bearsnation bears chicagobears get rich off bitcoin lose trying,0
retweet post following kucoin get rchain listed next week coop rchain kucoin ico crypto bitcoinne,0
bitcoin answer repeated questions no no way properly short bitcoin bubble strategy,0
bitcoin doesn't hit atleast end ll send btc everyone r ts tweet btc ltc bitcoin,0
sides call scams lowers legitimacy cryptocurrencies bitcoincash bitcoin cryptocurrency,0
peasants better not speak invest bitcoin,0
announcing new partnership re excited announce new partnership inspeer peer peer lending servic,0
boy asked bitcoin investing dad bitcoin birthday dad lot money,0
trader congrats bought bitcoin near thursday's highs ve lost third position already,0
bitcoin doomsday weapon chinese using suck life stream planet must bring lunar ha,0
sides call scams lowers legitimacy cryptocurrencies bitcoincash bitcoin cryptocurrency,0
wow invested bitcoin last week today still no idea bitcoin works,0
bitcoin wallet app abra adds support ethereum via,0
success struggling mlm networkmarketing leverage entire world buzzing no learning curve bitc,0
legend beautiful doble bottom know means btc bitcoin,0
finished bitcoin crypto market now bubble exploding,0
blockchain conference bitcoin's cryptocurreny just getting started via,0
bought bitcoin will pick random people retweet give btc,0
new's bitstamp coinbase kraken average via,0
bitcoin futures,0
sides call scams lowers legitimacy cryptocurrencies bitcoincash bitcoin cryptocurrency,0
sides call scams lowers legitimacy cryptocurrencies bitcoincash bitcoin cryptocurrency,0
sides call scams lowers legitimacy cryptocurrencies bitcoincash bitcoin cryptocurrency,0
long short bitcoin swings leverage bitmex get fee discount,0
bitcoin's phenomenal rise year may making speculators rich observers say terrible environment,0
bitcoin altcoins trading binance impressed exchange give try today fast deposits,0
long short bitcoin swings leverage bitmex get fee discount,0
long short bitcoin swings leverage bitmex get fee discount,0
zebpay ceo saurabh agrawal explains not invest bitcoins don't trust bitcoin blindly https,0
micromoney cares safety system resilient ddos attacks address used send tokens protected,0
bitcoin world's biggest bank no actual cash world's largest taxi company owns no vehicles world,0
peasants better not speak invest bitcoin,0
micromoney cares safety system resilient ddos attacks address used send tokens protected,0
btcusd btcusd bitcoin hours decent support level chart still strongly,0
wow invested bitcoin last week today still no idea bitcoin works,0
sides call scams lowers legitimacy cryptocurrencies bitcoincash bitcoin cryptocurrency,0
people seriously estimating just big deal sbi worth half trillion usd initiative work wi,0
bought bitcoin will pick random people retweet give one merry,0
bitcoin price luno morning,0
boy asked bitcoin investing dad bitcoin birthday dad lot money,0
sides call scams lowers legitimacy cryptocurrencies bitcoincash bitcoin cryptocurrency,0
jewelery business network ico crowdsale bitcoin blockchain token eth ethereum tokensa,0
jewelery business network ico crowdsale bitcoin blockchain token eth ethereum tokensa,0
gold,0
not late take part historical growth bitcoin less bucks free position awaits right,0
boy asked bitcoin investing dad bitcoin birthday dad lot money,0
dont miss bitcoin boom free bitcoin use refferal link coinbase bo,0
boy asked bitcoin investing dad bitcoin birthday dad lot money y,0
people bitcoin market,0
government regulator re going make sure new bitcoin futures not manipulated btc,0
not late take part historical growth bitcoin less bucks free position awaits right,0
people bitcoin market,0
long short bitcoin swings leverage bitmex get fee discount,0
warning bitcoin's wild price swings,0
wow invested bitcoin last week today still no idea bitcoin works,0
latest mogulati daily thanks asmsg bitcoin,0
peasants better not speak invest bitcoin,0
sides call scams lowers legitimacy cryptocurrencies bitcoincash bitcoin cryptocurrency,0
sides call scams lowers legitimacy cryptocurrencies bitcoincash bitcoin cryptocurrency,0
wow invested bitcoin last week today still no idea bitcoin works,0
another time high bitcoin breaks usd bitcoin news,0
boy asked bitcoin investing dad bitcoin birthday dad lot money,0
bitcoin altcoins trading binance impressed exchange give try today fast deposits,0
wow invested bitcoin last week today still no idea bitcoin works,0
blockchain amp bitcoin conference russia november via,0
one week left retweet contest just participate get chance win btc bitcoin contest dice retweet,0
one week left retweet contest just participate get chance win btc bitcoin contest dice retweet,0
put bitcoin last thursday sitting now lmaoo idk y shit,0
crashening lol bitcoin,0
warning bitcoin's wild price swings,0
crashening lol bitcoin,0
retweet post following kucoin get rchain listed next week coop rchain kucoin ico crypto bitcoinne,0
sides call scams lowers legitimacy cryptocurrencies bitcoincash bitcoin cryptocurrency,0
got drunk bought bitcoin dilly dilly,0
long short bitcoin swings leverage bitmex get fee discount,0
latest mogulati daily thanks asmsg bitcoin,0
bitcoin price hits historic new milestone,0
wtf don't give anyone invest bro buy bitcoin lmfao,0
fellas no longer investing bitcoin re investing kohls cash,0
boy asked bitcoin investing dad bitcoin birthday dad lot money,0
sides call scams lowers legitimacy cryptocurrencies bitcoincash bitcoin cryptocurrency,0
finally point bitcoin start thinking ehhh dip fucking cares,0
true gold looks prettier bitcoin btc,0
chicago board options exchange opens bitcoin futures tomorrow bitcoin get ready fo,0
true gold looks prettier bitcoin btc,0
reditt doesn't seem like much first r ripple bans now r bitcoin removes article repetitive ah well,0
not late take part historical growth bitcoin less bucks free position awaits right,0
bought bitcoins will randomly pick people retweet give one,0
bought bitcoins will randomly pick people retweet give one,0
bitcoin memes funniest memes,0
buy bitcoin not real estate via,0
sides call scams lowers legitimacy cryptocurrencies bitcoincash bitcoin cryptocurrency,0
finally point bitcoin start thinking ehhh dip fucking cares,0
retweet post following kucoin get rchain listed next week coop rchain kucoin ico crypto bitcoinne,0
people bitcoin market,0
sides call scams lowers legitimacy cryptocurrencies bitcoincash bitcoin cryptocurrency,0
sides call scams lowers legitimacy cryptocurrencies bitcoincash bitcoin cryptocurrency,0
boy asked bitcoin investing dad bitcoin birthday dad lot money,0
dala tokensale live another days don't miss register amp participate now ico blo,0
storm millions stolen nicehash bitcoin heist news,0
jewelery business network ico crowdsale bitcoin blockchain token eth ethereum tokensa,0
peasants better not speak invest bitcoin,0
sides call scams lowers legitimacy cryptocurrencies bitcoincash bitcoin cryptocurrency,0
boy asked bitcoin investing dad bitcoin birthday dad lot money,0
bitcoin usd indians seems no change price price hardly,0
peasants better not speak invest bitcoin,0
sides call scams lowers legitimacy cryptocurrencies bitcoincash bitcoin cryptocurrency,0
boy asked bitcoin investing dad bitcoin birthday dad lot money,0
wow invested bitcoin last week today still no idea bitcoin works,0
invested bitcoin back will give away bitcoin everyone rts merry christmas,0
two months jpmorgan ceo jamie dimon called bitcoin fraud saying merely tool money launde,0
people bitcoin market,0
buddy mine made million trading bitcoin crypto yesterday crazy world,0
wow invested bitcoin last week today still no idea bitcoin works,0
boy asked bitcoin investing dad bitcoin birthday dad lot money,0
bitcoin doesn't hit atleast end ll send btc everyone r ts tweet btc ltc bitcoin,0
bitcoin went crossing,0
crashening lol bitcoin,0
source,0
bitcoin doomsday weapon chinese using suck life stream planet must bring lunar ha,0
replies tweet even remotely related bitcoin always hilarious,0
sides call scams lowers legitimacy cryptocurrencies bitcoincash bitcoin cryptocurrency,0
bought bitcoin will pick random people retweet give one merry,0
not late take part historical growth bitcoin less bucks free position awaits right,0
success struggling mlm networkmarketing leverage entire world buzzing no learning curve bitc,0
litecoin takes off bitcoin corrects bitcoin uasociolog,0
time sale bitcoin,0
didn't even notice bubble bursting traditional markets bitcoin don't care,0
sides call scams lowers legitimacy cryptocurrencies bitcoincash bitcoin cryptocurrency,0
bitcoin price weekly analysis btc usd correction underway,0
boy asked bitcoin investing dad bitcoin birthday dad lot money,0
people buy bitcoin sake buying retire legend fulfilled purpose,0
bitcoin altcoins trading binance impressed exchange give try today fast deposits,0
traded million bitcoin guy named hank back half dozen farm fresh eggs dry erase marke,0
retweet post following kucoin get rchain listed next week coop rchain kucoin ico crypto bitcoinne,0
boy asked bitcoin investing dad bitcoin birthday dad lot money,0
don't think intent bitcoin really invent new type currency sell product,0
bitcoin million banks will vanish according talk johnmcafee target discovery,0
cryptics crowdsale bitcoin ico cryptocurrency forecast,0
bitcoin altcoins trading binance impressed exchange give try today fast deposits,0
boy asked bitcoin investing dad bitcoin birthday dad lot money,0
boy asked bitcoin investing dad bitcoin birthday dad lot money,0
y investing bitcoin invest got answers neverloses,0
im bought first bitcoin days ago via r bitcoinmarkets,0
sides call scams lowers legitimacy cryptocurrencies bitcoincash bitcoin cryptocurrency,0
retweet post following kucoin get rchain listed next week coop rchain kucoin ico crypto bitcoinne,0
sides call scams lowers legitimacy cryptocurrencies bitcoincash bitcoin cryptocurrency,0
reporter bought bitcoin learned,0
know real reason re fighting not,0
sides call scams lowers legitimacy cryptocurrencies bitcoincash bitcoin cryptocurrency,0
didn't buy bitcoin didn't even buy got nothing now will pick random people retweet t,0
bought bitcoin cents retweet will give high five,0
haha feel sorry losers missed bitcoin train ve bought years ago like,0
thoughts calculations bitcoin's energy consumption,0
long short bitcoin swings leverage bitmex get fee discount,0
sides call scams lowers legitimacy cryptocurrencies bitcoincash bitcoin cryptocurrency,0
sides call scams lowers legitimacy cryptocurrencies bitcoincash bitcoin cryptocurrency,0
sides call scams lowers legitimacy cryptocurrencies bitcoincash bitcoin cryptocurrency,0
sides call scams lowers legitimacy cryptocurrencies bitcoincash bitcoin cryptocurrency,0
hackers carried heist leading digital currency platform making off unspecific amount bitcoin,0
long short bitcoin swings leverage bitmex get fee discount,0
org happens bitcoin wins,0
hey guys mine coins dig dug,0
wow invested bitcoin last week today still no idea bitcoin works,0
billion cryptocurrency price correction weekend,0
bitcoin drops red day crypto markets,0
dala tokensale live another days don't miss register amp participate now,0
litecoin takes off bitcoin corrects,0
bitcoin fans purr cryptokitty,0
people bitcoin market,0
bitcoin looks remarkably like bubble new zealand's central banker warns,0
trezor grey hardware wallet supports bitcoin litecoin dash zcash ethereum erc,0
wow invested bitcoin last week today still no idea bitcoin works,0
remember silk road died bitcoin lost like value,0
sides call scams lowers legitimacy cryptocurrencies bitcoincash bitcoin cryptocurrency,0
sides call scams lowers legitimacy cryptocurrencies bitcoincash bitcoin cryptocurrency,0
sides call scams lowers legitimacy cryptocurrencies bitcoincash bitcoin cryptocurrency,0
bitcoin stocks get new member cboe launches bitcoin futures sunday dec via,0
sides call scams lowers legitimacy cryptocurrencies bitcoincash bitcoin cryptocurrency,0
bitcoin going back soon,0
boy asked bitcoin investing dad bitcoin birthday dad lot money,0
wish ask traders investors wish bitcoin investment position currency proxy s,0
individually rational uncertain beliefs generate irrational market outcomes e g belief bitcoin game changer https,0
litecoin takes off bitcoin corrects bitcoin,0
sides call scams lowers legitimacy cryptocurrencies bitcoincash bitcoin cryptocurrency,0
literally just bought bitcoin fud tweets,0
treasury enlists spy agency investigate bitcoin risks,0
days away close token sale last minute questions participate,0
sides call scams lowers legitimacy cryptocurrencies bitcoincash bitcoin cryptocurrency,0
people bitcoin market,0
saw many years ago couldn't buy anything nothing promise,0
sides call scams lowers legitimacy cryptocurrencies bitcoincash bitcoin cryptocurrency,0
sides call scams lowers legitimacy cryptocurrencies bitcoincash bitcoin cryptocurrency,0
wow invested bitcoin last week today still no idea bitcoin works,0
sides call scams lowers legitimacy cryptocurrencies bitcoincash bitcoin cryptocurrency,0
sides call scams lowers legitimacy cryptocurrencies bitcoincash bitcoin cryptocurrency,0
sides call scams lowers legitimacy cryptocurrencies bitcoincash bitcoin cryptocurrency,0
yes pm allocation slice investment pie becoming smaller bitcoin slice getti,0
often get really deep explaining sources crypto demand value highest level humans innately,0
not late take part historical growth bitcoin less bucks free position awaits right,0
starts topic money people finally understand money historically trusted,0
please rt bitcoin blockchain cryptocurrency crypto money short bitcoin leverage,0
sides call scams lowers legitimacy cryptocurrencies bitcoincash bitcoin cryptocurrency,0
top referral lydian learn win btc worth learn referral bonus program h,0
sides call scams lowers legitimacy cryptocurrencies bitcoincash bitcoin cryptocurrency,0
not late take part historical growth bitcoin less bucks free position awaits right,0
boy asked bitcoin investing dad bitcoin birthday dad lot money,0
hey going list lsk lisk platform impatiently waiting bitc,0
not late take part historical growth bitcoin less bucks free position awaits right,0
just uploaded premium content patreon bankers will cause us hell test us bitcoin btc x,0
people bitcoin market,0
sides call scams lowers legitimacy cryptocurrencies bitcoincash bitcoin cryptocurrency,0
don't forget invest heavenly currency know bitcoin alright guess,0
boy asked bitcoin investing dad bitcoin birthday dad lot money,0
sides call scams lowers legitimacy cryptocurrencies bitcoincash bitcoin cryptocurrency,0
not late take part historical growth bitcoin less bucks free position awaits right,0
looking tool helps trading crypto check review leonardo bitcoin altcoin trading bot re,0
success struggling mlm networkmarketing leverage entire world buzzing no learning curve bitc,0
food thought bitcoin,0
bitcoin doesn't hit atleast end ll send btc everyone r ts tweet btc ltc bitcoin,0
sides call scams lowers legitimacy cryptocurrencies bitcoincash bitcoin cryptocurrency,0
sides call scams lowers legitimacy cryptocurrencies bitcoincash bitcoin cryptocurrency,0
sides call scams lowers legitimacy cryptocurrencies bitcoincash bitcoin cryptocurrency,0
sides call scams lowers legitimacy cryptocurrencies bitcoincash bitcoin cryptocurrency,0
litecoin now steam's bitcoin replacement litecoin litecoinnews bitcoin cryptocurrency blockchain steam https,0
wow invested bitcoin last week today still no idea bitcoin works,0
litecoin now steam's bitcoin replacement litecoin litecoinnews bitcoin cryptocurrency blockchain steam https,0
sides call scams lowers legitimacy cryptocurrencies bitcoincash bitcoin cryptocurrency,0
dear proudly announce new chain will forked bitcoin called bitcoin hot bth block heig,0
not late take part historical growth bitcoin less bucks free position awaits right,0
sides call scams lowers legitimacy cryptocurrencies bitcoincash bitcoin cryptocurrency,0
bitcoin altcoins trading binance impressed exchange give try today fast deposits,0
sides call scams lowers legitimacy cryptocurrencies bitcoincash bitcoin cryptocurrency,0
latest mogulati daily thanks asmsg bitcoin,0
auckland man sells house build bitcoin mining rig btc bitcoin,0
latest mogulati daily thanks asmsg bitcoin,0
bitcoin's growing price gap exchanges creates potential headaches futures trading,0
sides call scams lowers legitimacy cryptocurrencies bitcoincash bitcoin cryptocurrency,0
b btc e eth c think c want know can check ann thread,0
put together list beginner's guide articles ve written various cryptoassets ones ve covered far ethere,0
dust settles digibyte will rise amp catch off guard fastest blockchain world,0
not late take part historical growth bitcoin less bucks free position awaits right,0
first guy offer polite simple explanation position bitcoin refreshing ll take read,0
first guy offer polite simple explanation position bitcoin refreshing ll take read,0
want see substratum headed proved alpha test global successul network fight ce,0
new investor cryptocurrency market minutes read read gexcrypto gex,0
want see substratum headed proved alpha test global successul network fight ce,0
new investor cryptocurrency market minutes read read gexcrypto gex,0
figure bitcoin aspects bitches,0
bitcoin growing boring see futures bring wish everyone sides best,0
bitcoin growing boring see futures bring wish everyone sides best,0
boy asked bitcoin investing dad bitcoin birthday dad lot money,0
satoshi nakamoto will become richest man world bitcoin reaches,0
satoshi nakamoto will become richest man world bitcoin reaches,0
bitcoin makes nervous lol,0
fiend weasley ain't no bitcoin chad btc crypto cryptotrading,0
black friday sale bitcoin m camping outside waiting doors open,0
weasley ain't no bitcoin chad btc crypto cryptotrading,0
black friday sale bitcoin m camping outside waiting doors open,0
people still don't get bitcoin miners annualizing terawatt hours produce gold consumed terawatt,0
long short bitcoin swings leverage bitmex get fee discount,0
sides call scams lowers legitimacy cryptocurrencies bitcoincash bitcoin cryptocurrency,0
mining bitcoins uses electricity entire countries,0
sides call scams lowers legitimacy cryptocurrencies bitcoincash bitcoin cryptocurrency,0
sides call scams lowers legitimacy cryptocurrencies bitcoincash bitcoin cryptocurrency,0
sides call scams lowers legitimacy cryptocurrencies bitcoincash bitcoin cryptocurrency,0
lmaooooo rt wow invested bitcoin last week today still no idea,0
bitcoin futures gone mainstream publicly traded wall street stock market investors bankers,0
lambos turning civics real quick bitcoin crypto,0
lambos turning civics real quick bitcoin crypto,0
long short bitcoin swings leverage bitmex get fee discount,0
sides call scams lowers legitimacy cryptocurrencies bitcoincash bitcoin cryptocurrency,0
retweet post following kucoin get rchain listed next week coop rchain kucoin ico crypto bitcoinne,0
behave sudan gold coins sudangc sudan gold money blockchain ethereum ethereumclassic bi,0
sides call scams lowers legitimacy cryptocurrencies bitcoincash bitcoin cryptocurrency,0
behave sudan gold coins sudangc sudan gold money blockchain ethereum ethereumclassic bi,0
top referral lydian learn win btc worth learn referral bonus program h,0
boy asked bitcoin investing dad bitcoin birthday dad lot money,0
sides call scams lowers legitimacy cryptocurrencies bitcoincash bitcoin cryptocurrency,0
bought bitcoin will pick random people retweet give one,0
honestly couldn't care less anyone uses bitcoin invests tulips gold rare stamps however love,0
honestly couldn't care less anyone uses bitcoin invests tulips gold rare stamps however love,0
sides call scams lowers legitimacy cryptocurrencies bitcoincash bitcoin cryptocurrency,0
retweet post following kucoin get rchain listed next week coop rchain kucoin ico crypto bitcoinne,0
sale get discount nebeus tokens hurry days remain buy tokens,0
sides call scams lowers legitimacy cryptocurrencies bitcoincash bitcoin cryptocurrency,0
know think ve got bitcoin wallet somewhere made years ago put tiny amount proba,0
retweet post following kucoin get rchain listed next week coop rchain kucoin ico crypto bitcoinne,0
retweet post following kucoin get rchain listed next week coop rchain kucoin ico crypto bitcoinne,0
boy asked bitcoin investing dad bitcoin birthday dad lot money,0
success struggling mlm networkmarketing leverage entire world buzzing no learning curve bitc,0
child born today known world bitcoin plummeting,0
giveaways every week week's winner gets amazon rt amp follow enter ends christmas rt follow,0
craiglist largest web based platform enabled merchants accept bitcoin,0
need followers follow follow back army,0
shine litecoin grows shine bitcoin way trade bitcoin way cobrats great pick,0
bitcoin giveaway retweet like follow ll reveal winners christmas,0
latest wall street globe amp boston newsletter est reddit bitcoin,0
sides call scams lowers legitimacy cryptocurrencies bitcoincash bitcoin cryptocurrency,0
latest wall street globe amp boston newsletter est reddit bitcoin,0
sides call scams lowers legitimacy cryptocurrencies bitcoincash bitcoin cryptocurrency,0
wow invested bitcoin last week today still no idea bitcoin works,0
boy asked bitcoin investing dad bitcoin birthday dad lot money,0
sides call scams lowers legitimacy cryptocurrencies bitcoincash bitcoin cryptocurrency,0
long short bitcoin swings leverage bitmex get fee discount,0
travis btc many s coins give away,0
sides call scams lowers legitimacy cryptocurrencies bitcoincash bitcoin cryptocurrency,0
abcnews cnn foxnews ligatt business hackers steal million cryptocurrency firm nicehash slovenian,0
bitcoin altcoins trading binance impressed exchange give try today fast deposits,0
follow rt like teamcaramac follow army,0
yeah sex cool bought bitcoin will randomly pick people retweet g,0
not late take part historical growth bitcoin less bucks free position awaits right,0
sides call scams lowers legitimacy cryptocurrencies bitcoincash bitcoin cryptocurrency,0
boy asked bitcoin investing dad bitcoin birthday dad lot money,0
pls someone invest bitcoin no marketable skills,0
sides call scams lowers legitimacy cryptocurrencies bitcoincash bitcoin cryptocurrency,0
wow invested bitcoin last week today still no idea bitcoin works,0
titanium join pre ico sale titanium forbes tokensale,0
sides call scams lowers legitimacy cryptocurrencies bitcoincash bitcoin cryptocurrency,0
breaking year old blake nelson user name buys country venezuela bitcoin nelson th,0
feel bad everyone panic selling btc oh well rest us hodl bitcoin,0
people bitcoin market,0
sides call scams lowers legitimacy cryptocurrencies bitcoincash bitcoin cryptocurrency,0
bought bitcoin will give away retweet bitcoin,0
bitcoin,0
bitcoin become stable source investment,0
bit coins bitcoin futures launch sparks excitement warnings business,0
success struggling mlm networkmarketing leverage entire world buzzing no learning curve bitc,0
next crisis might start loss confidence governments practice printing money service deb,0
bitcoin altcoins trading binance impressed exchange give try today fast deposits,0
selling drugs guns wouldn't generate profits says one bitcoin miner,0
sides call scams lowers legitimacy cryptocurrencies bitcoincash bitcoin cryptocurrency,0
lumens ibm tops list australian govt contractors bitcoin blockchain fintech lumens xlm stellar business nasdaq,0
boy asked bitcoin investing dad bitcoin birthday dad lot money,0
wow invested bitcoin last week today still no idea bitcoin works,0
great trading advice r bitcoin just missing goes lower still no money left sell yo,0
boy asked bitcoin investing dad bitcoin birthday dad lot money,0
get personal multi currency nebeus mastercard purchasing nebeus tokens get card,0
wow invested bitcoin last week today still no idea bitcoin works,0
turning nose bitcoin not going make go away matters china world's biggest,0
bitcoin altcoins trading binance impressed exchange give try today fast deposits,0
sides call scams lowers legitimacy cryptocurrencies bitcoincash bitcoin cryptocurrency,0
pros bitcoin back day cons struggling find wallet,0
first real estate development accept bitcoin payment fortune,0
sides call scams lowers legitimacy cryptocurrencies bitcoincash bitcoin cryptocurrency,0
sides call scams lowers legitimacy cryptocurrencies bitcoincash bitcoin cryptocurrency,0
success struggling mlm networkmarketing leverage entire world buzzing no learning curve bitc,0
went ltc vertcoin yeah aren't worth shit bitcoin going crash lol,0
sides call scams lowers legitimacy cryptocurrencies bitcoincash bitcoin cryptocurrency,0
bitcoin doomsday weapon chinese using suck life stream planet must bring lunar ha,0
donkey kong country decades ahead bitcoin dk coin,0
retweet post following kucoin get rchain listed next week coop rchain kucoin ico crypto bitcoinne,0
gt lt bitcoin performance assessment bitcoin,0
thanks blocking blockchain bitcoin always open attacks makes strong y,0
major shum bitcoin trader unwrongfully jailed money laundering due blockchain analysis,0
sides call scams lowers legitimacy cryptocurrencies bitcoincash bitcoin cryptocurrency,0
sides call scams lowers legitimacy cryptocurrencies bitcoincash bitcoin cryptocurrency,0
sides call scams lowers legitimacy cryptocurrencies bitcoincash bitcoin cryptocurrency,0
success struggling mlm networkmarketing leverage entire world buzzing no learning curve bitc,0
ok bitcoin silver bitcoin platinum bitcoin platinumx coming next bitcoindust bitcoinpoop bitcoins,0
retweet post following kucoin get rchain listed next week coop rchain kucoin ico crypto bitcoinne,0
sides call scams lowers legitimacy cryptocurrencies bitcoincash bitcoin cryptocurrency,0
long short bitcoin swings leverage bitmex get fee discount,0
bought bitcoin will pick random people retweet give one merry,0
put away dont go buying nothing extra take invest bitcoin,0
pennystocks john stippick ceo room media msmy stated recently received several new contracts working,0
success struggling mlm networkmarketing leverage entire world buzzing no learning curve bitc,0
amazon almost no stores uber owns almost no cars facebook creates no content alibaba no inventory,0
u tomgbates bitcoin mining anyone know reliable sources buy bitcoin miners like azic not sure bitgear,0
success struggling mlm networkmarketing leverage entire world buzzing no learning curve bitc,0
higher bitcoin goes greater risk just hope peoples pensions not risk,0
crashening lol bitcoin,0
value worth terms btc not fiat fear no dips welcome margin trading scared,0
sides call scams lowers legitimacy cryptocurrencies bitcoincash bitcoin cryptocurrency,0
awakening money created collapse led discovering bitc,0
bought bitcoin will pick random people retweet give one merry,0
success struggling mlm networkmarketing leverage entire world buzzing no learning curve bitc,0
think alts will react gt bitcoin rally,0
sorry guys bought bitcoin days ago causing immediately tank value think m happening far,0
sides call scams lowers legitimacy cryptocurrencies bitcoincash bitcoin cryptocurrency,0
commodity features trading commission gave node investors buy sell future contacts,0
jim spend much time talking something dont believe move dont spend mu,0
litecoin takes off bitcoin corrects newsbtc markets news finance ico litecoin,0
mission find sugar daddy mission find bitcoin daddy,0
idk bitcoin even point dont even want know,0
bought bitcoin will pick random people retweet give one,0
wow invested bitcoin last week today still no idea bitcoin works,0
russell bitcoin silly imaginary money fact money silly imaginary money fac,0
amm tokens sold already sent owners tokens left burned n,0
sides call scams lowers legitimacy cryptocurrencies bitcoincash bitcoin cryptocurrency,0
sides call scams lowers legitimacy cryptocurrencies bitcoincash bitcoin cryptocurrency,0
sides call scams lowers legitimacy cryptocurrencies bitcoincash bitcoin cryptocurrency,0
no defined market fits bitcoin thus volatility m hesitant use word belie,0
sides call scams lowers legitimacy cryptocurrencies bitcoincash bitcoin cryptocurrency,0
sides call scams lowers legitimacy cryptocurrencies bitcoincash bitcoin cryptocurrency,0
bought bitcoin ha penny farthing will pick random people retweet give o,0
sides call scams lowers legitimacy cryptocurrencies bitcoincash bitcoin cryptocurrency,0
sex gross disgusting net drain energy maybe kid months bitcoin valuable useful net gain,0
sides call scams lowers legitimacy cryptocurrencies bitcoincash bitcoin cryptocurrency,0
sides call scams lowers legitimacy cryptocurrencies bitcoincash bitcoin cryptocurrency,0
sides call scams lowers legitimacy cryptocurrencies bitcoincash bitcoin cryptocurrency,0
btc eth ltc cryptocurrencies don't see fud futures arent allowed go short bitcoin,0
bitcoin futures gone mainstream publicly traded wall street stock market investors bankers,0
sides call scams lowers legitimacy cryptocurrencies bitcoincash bitcoin cryptocurrency,0
akhtar price will bitcoin end year cryptonews cryptocurrency bitcoinprediction,0
can make money off bitcoin without actually owning,0
bitcoin obvious bubble ever,0
long short bitcoin swings leverage bitmex get fee discount,0
bitcoin drops red day crypto markets via,0
wow invested bitcoin last week today still no idea bitcoin works,0
motivation biggest hodl ers bitcoin primarily escape fiat ponzi nightmare reason don't se,0
article bitcoin unsustainable energy path sane person maybe bubble brianna wu oh god,0
sides call scams lowers legitimacy cryptocurrencies bitcoincash bitcoin cryptocurrency,0
sides call scams lowers legitimacy cryptocurrencies bitcoincash bitcoin cryptocurrency,0
wow invested bitcoin last week today still no idea bitcoin works,0
less weeks ago spend send bitcoin ledgerwallet now fees eart,0
literature review tweeps seeking bitcoin advice tulip mania mississippi company south sea bubble dotcom bubble,0
added video playlist alert bitcoin investors rbi issues another warning says crypto,0
sides call scams lowers legitimacy cryptocurrencies bitcoincash bitcoin cryptocurrency,0
everyone turns trader since bitcoin numbers,0
boy asked bitcoin investing dad bitcoin birthday dad lot money,0
wow invested bitcoin last week today still no idea bitcoin works,0
bitcoin altcoins trading binance impressed exchange give try today fast deposits,0
sides call scams lowers legitimacy cryptocurrencies bitcoincash bitcoin cryptocurrency,0
sides call scams lowers legitimacy cryptocurrencies bitcoincash bitcoin cryptocurrency,0
bitcoin answer repeated questions no no way properly short bitcoin bubble strategy,0
wow invested bitcoin last week today still no idea bitcoin works,0
based cutting edge technologies like big data analytics blockchain neural networks strive help billions,0
feels like earn bitcoin daily basis available google play money,0
boy asked bitcoin investing dad bitcoin birthday dad lot money,0
buddy mine made million trading bitcoin crypto yesterday crazy world,0
long short bitcoin swings leverage bitmex get fee discount,0
boy asked bitcoin investing dad bitcoin birthday dad lot money,0
bitcoin altcoins trading binance impressed exchange give try today fast deposits,0
boy asked bitcoin investing dad bitcoin birthday dad lot money,0
btc corrected bit anticipated still betting will see ath's eoy bit disconcerting alts hav,0
cryptics crowdsale bitcoin ico ether miracle,0
sides call scams lowers legitimacy cryptocurrencies bitcoincash bitcoin cryptocurrency,0
sells amm tokens writes advisor professional trader will later regret take advise,0
retweet post following kucoin get rchain listed next week coop rchain kucoin ico crypto bitcoinne,0
long short bitcoin swings leverage bitmex get fee discount,0
boy asked bitcoin investing dad bitcoin birthday dad lot money,0
bitcoin doomsday weapon chinese using suck life stream planet must bring lunar ha,0
bitcoin altcoins trading binance impressed exchange give try today fast deposits,0
retweet post following kucoin get rchain listed next week coop rchain kucoin ico crypto bitcoinne,0
im bought first bitcoin days ago bitcoinmarkets bitcoin reddit btc,0
krios decentralized marketing campaign management platform like join bounty program please jo,0
long short bitcoin swings leverage bitmex get fee discount,0
bitcoin altcoins trading binance impressed exchange give try today fast deposits,0
bitcoin bay caribbean island sale,0
upcoming bitcoin hard forks super bitcoin block bitcoin platinum block bitcoin uranium unknown bitcoin cash,0
bitcoin altcoins trading binance impressed exchange give try today fast deposits,0
investing cryptocurrency since bitcoins bought int will give lucky p,0
nyse chairman voices regret not launching bitcoin futures trading first,0
switched bitcoin cash low fees bullshit free,0
nyse chairman voices regret not launching bitcoin futures trading first,0
retweet post following kucoin get rchain listed next week coop rchain kucoin ico crypto bitcoinne,0
panel global pioneers bitcoin bitcoin trading banking,0
prison man threw away bitcoin now million reasons dig,0
haha feel sorry losers missed bitcoin train ve bought years ago like,0
bitcoin answer repeated questions no no way properly short bitcoin bubble strategy,0
still don't understand bitcoin works,0
boy asked bitcoin investing dad bitcoin birthday dad lot money,0
success struggling mlm networkmarketing leverage entire world buzzing no learning curve bitc,0
bought bitcoin will pick people rt get btc merry christmas bitcoi,0
bitcoin will replace google,0
can relate bitcoin memes,0
investing cryptocurrency since bitcoins bought int will give lucky p,0
evident litecoin new go solution move money online services,0
finally point bitcoin start thinking ehhh dip fucking cares,0
sides call scams lowers legitimacy cryptocurrencies bitcoincash bitcoin cryptocurrency,0
celebration litecoin litecoin reaches monday will send anyone retweets lik,0
eos bitcoin taking off soon,0
bitcoin answer repeated questions no no way properly short bitcoin bubble strategy,0
sides call scams lowers legitimacy cryptocurrencies bitcoincash bitcoin cryptocurrency,0
retweet post following kucoin get rchain listed next week coop rchain kucoin ico crypto bitcoinne,0
boy asked bitcoin investing dad bitcoin birthday dad lot money,0
bitcoin giveaway retweet like follow ll reveal winners christmas,0
sides call scams lowers legitimacy cryptocurrencies bitcoincash bitcoin cryptocurrency,0
boy asked bitcoin investing dad bitcoin birthday dad lot money,0
sex gross disgusting net drain energy maybe kid months bitcoin valuable useful net gain,0
hour giveaway follow rt enter comment address bitcoin bitcoins btc litecoin ltc ethereum e,0
retweet post following kucoin get rchain listed next week coop rchain kucoin ico crypto bitcoinne,0
jewelery business network ico crowdsale bitcoin blockchain token eth ethereum tokensa,0
wow invested bitcoin last week today still no idea bitcoin works,0
now ladies gentlemen may proudly present correction cryptocurrency bitcoin btc,0
bought bitcoins will randomly pick people retweet give one,0
not late take part historical growth bitcoin less bucks free position awaits right,0
sides call scams lowers legitimacy cryptocurrencies bitcoincash bitcoin cryptocurrency,0
wow invested bitcoin last week today still no idea bitcoin works,0
sides call scams lowers legitimacy cryptocurrencies bitcoincash bitcoin cryptocurrency,0
sides call scams lowers legitimacy cryptocurrencies bitcoincash bitcoin cryptocurrency,0
sides call scams lowers legitimacy cryptocurrencies bitcoincash bitcoin cryptocurrency,0
sides call scams lowers legitimacy cryptocurrencies bitcoincash bitcoin cryptocurrency,0
bitcoin cryptocurrencies general reminder money markets actually work money idea,0
peasants better not speak invest bitcoin,0
retweet post following kucoin get rchain listed next week coop rchain kucoin ico crypto bitcoinne,0
every bitcoin transaction consumes enough electricity power us house days,0
boy asked bitcoin investing dad bitcoin birthday dad lot money,0
agreed whatever price bitcoin bought re still holding less year,0
bitcoin doesn't hit atleast end ll send btc everyone r ts tweet btc ltc bitcoin,0
sold everything crypto bitcoin can transact times per second amp costs ethereum ether et,0
fuelling bitcoin's astounding gains,0
long short bitcoin swings leverage bitmex get fee discount,0
boy asked bitcoin investing dad bitcoin birthday dad lot money,0
still time participate tokensale sign visit ico crowdsa,0
bitcoin altcoins trading binance impressed exchange give try today fast deposits,0
