took hours watching coco realize called coco,0
anyone wanna see coco,0
one thing coco taught fame fades family forever,0
gust un video de coco going amazing,0
rt amp follow chance win exclusive coco glow dark miguel pop,0
cutie coco probably destroy hell socks,0
rt amp follow chance win exclusive coco glow dark miguel pop,0
re getting shirts made coco interested one hmu,0
rt amp follow chance win exclusive coco glow dark miguel pop,0
omg ew thought fear factor ad first,0
fancy gratuitous transportation ease countermeasure representing dandruff alloy yolk olive fuel man,0
rt amp follow chance win exclusive coco glow dark miguel pop,0
next pixar movies coco,0
coco loved much feel like not enough people talking,0
miss day elementary school come school pajamas d give hot coco watch,0
rt amp follow chance win exclusive coco glow dark miguel pop,0
g night sweet joe amp coco stay warm biscuit sends hugs love,0
just watched coco one thing say remember,0
ya know feeling get wake middle really good dream,0
didn't cry end coco cried end coco,0
watched coco,0
good morning nice joe wonderful day sweetheart hi coco love ya,0
rt amp follow chance win exclusive coco glow dark miguel pop,0
healthy mind healthy body coco getting shape start filming next youtube video,0
didn't cry coco re heartless probably lying,0
coco needed life,0
moni y u not tryna w yo bestfriend,0
rt amp follow chance win exclusive coco glow dark miguel pop,0
bangyongguk bap korea go festival gucci coco capit n logo t shirt white gucci leather belt,0
coco sucha good movie,0
watched coco,0
rt amp follow chance win exclusive coco glow dark miguel pop,0
watched coco,0
watched coco,0
taraji know ice t amp coco interviewed us rite,0
coco spanish waaaaay better,0
watched coco,0
yooooo coco sad af,0
watched coco,0
watched coco,0
rt amp follow chance win exclusive coco glow dark miguel pop,0
hope day nice deezcoconut likebreakfastandeggs,0
rt amp follow chance win exclusive coco glow dark miguel pop,0
coco good movie thanks hanging,0
don't miss chance enter win amazon gc giveaway ends giveaway rwm hohohohop,0
yummy coco martin style,0
nicki's poster wall coco's azealia banks room movie love beats rhymes,0
finally going go watch coco tommorow,0
rt amp follow chance win exclusive coco glow dark miguel pop,0
im hella skinnyfat just saw coco m always sing along dp uncomboing lol,0
feel like m one hasn't seen coco,0
rt amp follow chance win exclusive coco glow dark miguel pop,0
rt amp follow chance win coco miguel hector dorbz prize pack,0
rt amp follow chance win exclusive coco glow dark miguel pop,0
rt amp follow chance win exclusive coco glow dark miguel pop,0
saw really cute hot coco set target kinda expensive perfect wanna invite,0
rt amp follow chance win exclusive coco glow dark miguel pop,0
rt amp follow chance win exclusive coco glow dark miguel pop,0
watched coco,0
watched coco,0
coco definitely one best film ever made,0
universe just idea miguel taking hiro land dead found tadashi hamada family c coco bighero,0
watched coco,0
m gonna also add keep cute get girl smacked fuckin mouth mani,0
rt amp follow chance win exclusive coco glow dark miguel pop,0
rt amp follow chance win exclusive coco glow dark miguel pop,0
rt amp follow chance win exclusive coco glow dark miguel pop,0
coco iconic movie ever m bald,0
one thing coco taught fame fades family forever,0
now can mellow mallow hot coco enjoy,0
coco crunch cocompile,0
watching coco second time even better cried like mutherfucking baby,0
coco de mer releases raunchy christmas advert,0
rt amp follow chance win exclusive coco glow dark miguel pop,0
y ruining sweet coco feed sorry pixar,0
coco soo good,0
omg justed finished watching coco m speechless love disney showing love different cultur,0
rt amp follow chance win exclusive coco glow dark miguel pop,0
feel like m one hasn't seen coco,0
rt amp follow chance win exclusive coco glow dark miguel pop,0
coco good movie cry,0
music language world es mi familia tribute best movie coco cocopixar,0
rt amp follow chance win exclusive coco glow dark miguel pop,0
rt amp follow chance win exclusive coco glow dark miguel pop,0
rt amp follow chance win exclusive coco glow dark miguel pop,0
coco secures lead box office three straight weeks pixarcoco,0
rt amp follow chance win exclusive coco glow dark miguel pop,0
m telling y coco film,0
coco austin fully naked degree sex,0
anyways coco best movie year cried literally whole time,0
late night coco sangr aychocolate desiempre osdandolata,0
thought grandmothers ve loved coco longbraids,0
rt amp follow chance win exclusive coco glow dark miguel pop,0
hope youngjae enjoying little coco photoshoots playing laughing smiling happy,0
coco great movie must watch,0
naav bro honestly can't wait come home wife lookin like w baby belly ima take off shoes grab,0
rt amp follow chance win exclusive coco glow dark miguel pop,0
oh okay apparently anything d de los muertos makes weep openly b co beautiful,0
rt amp follow chance win exclusive coco glow dark miguel pop,0
rt amp follow chance win exclusive coco glow dark miguel pop,0
coco good movie cried soo much,0
rt amp follow chance win exclusive coco glow dark miguel pop,0
rt amp follow chance win exclusive coco glow dark miguel pop,0
haven't seen coco go see,0
finally saw coco m really mad metacritic far one best pixar movies sho,0
number within year sick,0
coco,0
universe just idea miguel taking hiro land dead found tadashi hamada family c coco bighero,0
biggest lesson year introvert pain easy shut people know deal,0
rt amp follow chance win exclusive coco glow dark miguel pop,0
disney knows mexicans always late play min frozen short film coco,0
wanna go watch coco,0
always fuckin socks coco dorm,0
rt amp follow chance win exclusive coco glow dark miguel pop,0
rt amp follow chance win exclusive coco glow dark miguel pop,0
free hairy mature porn movies coco nude hd videos,0
rt amp follow chance win exclusive coco glow dark miguel pop,0
didn't cry end coco cried end coco,0
feel like m one hasn't seen coco,0
owe apology shit let slide,0
coco fluff,0
still haven't watched coco still haven't gone festival lights,0
ve seen coco twice first time got frog throat second time actually cried,0
coco soundtrack far one best ones disney made,0
dude coco good legit cried good movie,0
happened coco kiss,0
rt amp follow chance win exclusive coco glow dark miguel pop,0
fedde le grand coco star dannic coco's miracle club mix nowplaying,0
uhv host coco book signing victoria advocate,0
rt amp follow chance win exclusive coco glow dark miguel pop,0
coco best movie ve seen long time,0
rt amp follow chance win exclusive coco glow dark miguel pop,0
wanna watch coco naaa,0
coco good husband even cried,0
coco really good movie one thought supppppper similar book life,0
sneeze no one blesses,0
uhv host coco book signing victoria advocate,0
genre brobeans also re not scientist becau,0
finally watched coco hard not cry,0
coco made cry ass off,0
m petty discrete way hand forced don't like hand forced,0
didn't write remember world coco,0
went drinking vodka beer saturday night drinking hot coco sweat pants binge watching movies yay adulting,0
second part lights whole thing revelation truth enjoyed coco,0
need hot coco,0
bonita don't fake bash bd really ain't shit,0
september try get hold victim first,0
rt amp follow chance win exclusive coco glow dark miguel pop,0
just watch coco,0
patting nose cause off tha coco,0
just wanna watch coco,0
jealousy,0
still haven't watched coco still haven't gone festival lights,0
one thing coco taught fame fades family forever,0
coco came thru kept company last two glasses merlot paid whole bill lawd,0
warm tea tastes like herbal coco,0
saw movie coco today loved cute wholesome recommend,0
pixar's coco nearly latino cast along animators musicians,0
santa madre huge family just like miguel's coco,0
added video playlist recu rdame letra disney pixar's coco,0
dude coco beautiful movie,0
verenice delilah's teacher pulled side today amp like don't worry delilah isn't trouble just wanted sa,0
rt amp follow chance win exclusive coco glow dark miguel pop,0
rt amp follow chance win exclusive coco glow dark miguel pop,0
naav bro honestly can't wait come home wife lookin like w baby belly ima take off shoes grab,0
rated coco imdb along animolisa standout animated film last decade brimming wit,0
remember coco now feel old yet,0
lowkey debating wanna go college dis summer just watch south park eat coco puffs either way im eatin,0
chaz gone probably winning,0
coco amazing movie go watch ll cry happiness,0
rt amp follow chance win exclusive coco glow dark miguel pop,0
wanna watch coco lazy take bath,0
coco amazing hit hard must watch movie,0
coco's anons fucking love,0
capricorn coco chanel one high class labels worldwide chanel's designs subtly sexy complet,0
coco brilliant movie really showcases mexican culture important family,0
still haven't watched coco still haven't gone festival lights,0
nu air chris coco acoustic holiday,0
coco phenomenal movie cried much recommend,0
universe just idea miguel taking hiro land dead found tadashi hamada family c coco bighero,0
quorice know m way can re arms remember meeee coco fanart,0
finally saw disney pixar movie coco amazing cocopixar coco disney movie amazing,0
say coco didnt make cry re lying,0
yeah just cried times watching coco,0
release frozen want minutes coco related short front,0
awake night double shift someone please entertain,0
rt amp follow chance win exclusive coco glow dark miguel pop,0
rt amp follow chance win exclusive coco glow dark miguel pop,0
wonder coco awesome moviemarathon withfriends amp colleagues,0
loved coco bit sad lovely story,0
coco bats paw till pet precious gremlin,0
rt amp follow chance win exclusive coco glow dark miguel pop,0
just watched coco absolutely recommend,0
honestly truly,0
coco easily top now wow,0
coco fluff,0
need mom,0
rt amp follow chance win coco miguel hector dorbz prize pack,0
rt amp follow chance win exclusive coco glow dark miguel pop,0
restaurant played following music hsm camp rock coco whoever made playlist bomb af,0
rt amp follow chance win exclusive coco glow dark miguel pop,0
kookv wings tour final seoul amp,0
coco fanart wanna watch good coco disney fanart,0
goddess always chic amp point goddess coco's happiness amp luxurious lifestyle,0
one cannot deny meant lol coming coco,0
rt amp follow chance win exclusive coco glow dark miguel pop,0
cocoo thank coco,0
rt amp follow chance win exclusive coco glow dark miguel pop,0
cried like baby coco,0
rt amp follow chance win exclusive coco glow dark miguel pop,0
just watched coco loved colours warmth inspired make warm video colourful footage colourlovers cocothemovie,0
coco good recommend,0
next pixar movies coco,0
rt amp follow chance win exclusive coco glow dark miguel pop,0
nobody's gna tell sis,0
pixar's coco nearly latino cast along animators musicians,0
rt amp follow chance win exclusive coco glow dark miguel pop,0
rt amp follow chance win exclusive coco glow dark miguel pop,0
also girls went see coco phenomenal btw driving said,0
rt amp follow chance win exclusive coco glow dark miguel pop,0
rt amp follow chance win exclusive coco glow dark miguel pop,0
rankin launches raunchy coco de mer film christmas,0
wayne loves private hates public,0
like wut moment coco disney wrong w real,0
hello everybody special announcement love things holy can everyone please go watch coco giv,0
thank god warm house running water lights food refrigerator amp clothes back m tr,0
rt amp follow chance win exclusive coco glow dark miguel pop,0
rt amp follow chance win exclusive coco glow dark miguel pop,0
rt amp follow chance win exclusive coco glow dark miguel pop,0
bout go watch coco damn near,0
finally saw coco good cried shocking know,0
coco dogo licked camra hahaha btw m m pretty wierd,0
ve gone see coco three times less month d go beautiful movie ever seen,0
coco wants part christmas decor cocothegoldendoodle,0
september ratings,0
still really want watch coco,0
rt amp follow chance win exclusive coco glow dark miguel pop,0
m hoe softly lit room enjoying space peace mind,0
que malo el de la cruz el pinche mom telling saw coco,0
coco fluff,0
coco cutest movie allllll time,0
finally watched coco hard not cry,0
disney need iconic mexican figure movie coco writer well frida khalo popular,0
four glen coco go glen coco miami university,0
anyone wanna watch coco,0
cried finding dory yeah cried coco damn movies,0
coco best movie ve seen long time,0
theatre waiting coco start second previews ended pee rushing go,0
coco kissed lips wondering d accept kiss,0
love larxene,0
review coco game gamer,0
m not changing number no,0
rt amp follow chance win exclusive coco glow dark miguel pop,0
want watch coco,0
didn't cry end coco cried end coco,0
rt amp follow chance win exclusive coco glow dark miguel pop,0
new hair new number new nick,0
love u ain't watchin min u eating ramen yo stupid ass friends making hot coco ur dorm nobody give shit,0
coco don't love nek nomo,0
rt amp follow chance win exclusive coco glow dark miguel pop,0
year old coco princess harajuku w leni amp june coat vivetta shirt animals observatory pants gucci sneak,0
yeah coco mcm fun,0
rt amp follow chance win coco miguel hector dorbz prize pack,0
went see disney pixar's coco today carelessly not anticipate abundant amount tears,0
pornstar coco brown fun facts sex,0
watched movie coco cried hard huge lump throat loved movie much reminded,0
rt amp follow chance win exclusive coco glow dark miguel pop,0
coco curry tokyo thoughts blog cococurry cocoichibanya japan japanesefood,0
coco literally best movie ever gt,0
anyways coco best movie year cried literally whole time,0
pop pup meet dante see pixarcoco theatres today tickets,0
coco made tear hard end loved movie gt v,0
saw disney's coco today heart still recovering,0
rt amp follow chance win exclusive coco glow dark miguel pop,0
rt amp follow chance win exclusive coco glow dark miguel pop,0
coco thought amber shit buy one amber stock speaking tongues,0
latinx folks went see coco shed lot tears,0
rt amp follow chance win exclusive coco glow dark miguel pop,0
rt amp follow chance win exclusive coco glow dark miguel pop,0
rt amp follow chance win exclusive coco glow dark miguel pop,0
let us lead sweet serendipity funnel travel traveldiaries funneltravels coco,0
just favorited play emotions podcast cece coco cece coco world music mixcloud,0
organize show singers movie coco la llorona en audio en sus,0
rt amp follow chance win exclusive coco glow dark miguel pop,0
miguel today blast running around singing songs,0
can't thank enough stories like one major reasons m chasing dreams,0
rt amp follow chance win exclusive coco glow dark miguel pop,0
rt amp follow chance win exclusive coco glow dark miguel pop,0
yo got dfl,0
rt amp follow chance win exclusive coco glow dark miguel pop,0
coco really good movie one pixar's better movies come recently story pretty predictable b,0
blonde girl porn videos lil coco tumbir,0
coco better plot twist came villian frozen ironic frozen short front film theaters,0
gotta ask miguel riveras proved ernesto de la cruz stole h ctor's songs poisoned,0
waiting baby get off work,0
rt amp follow chance win exclusive coco glow dark miguel pop,0
still haven't watched coco still haven't gone festival lights,0
just saw coco good,0
watch great movie coco thanksgiving break really didn't made cry lov,0
coco favorite movie tbh,0
rt amp follow chance win exclusive coco glow dark miguel pop,0
coco fluff,0
rt amp follow chance win exclusive coco glow dark miguel pop,0
rt amp follow chance win exclusive coco glow dark miguel pop,0
latinx folks went see coco shed lot tears,0
bro m hyped m really min away watching coco m cry,0
coco legend,0
youngjae's love coco cutest thing ever,0
actually surprised fact coco made dad cry macho mexican dude ve met,0
rt amp follow chance win exclusive coco glow dark miguel pop,0
u re talking bout coco cocosori went unit didn't pass also perf wasn't aired,0
rt amp follow chance win exclusive coco glow dark miguel pop,0
check coco fam well done classic,0
rt amp follow chance win exclusive coco glow dark miguel pop,0
rt amp follow chance win exclusive coco glow dark miguel pop,0
britt n tay cute,0
finally got see coco movie hit right fucking feels man,0
anyway spent past minutes sobbing coco like bullet designed fucking kill,0
rt amp follow chance win exclusive coco glow dark miguel pop,0
fuck yeah m tryna go candy cane lane amp sip hot coco,0
rt amp follow chance win exclusive coco glow dark miguel pop,0
rt amp follow chance win exclusive coco glow dark miguel pop,0
coco great,0
rt amp follow chance win exclusive coco glow dark miguel pop,0
stoned wants sz m,0
bro m hyped m really min away watching coco m cry,0
just wanna watch coco,0
ayy lit appreciate u coco love u sahn already,0
coco,0
hey uh pixar absolute fuck coco,0
rt amp follow chance win exclusive coco glow dark miguel pop,0
still haven t watched coco wtf,0
just saw coco no idea cry hard public,0
rt amp follow chance win exclusive coco glow dark miguel pop,0
finally saw coco emotionally drained want see times representationmatters,0
cried watching coco like lil bitch,0
rt amp follow chance win exclusive coco glow dark miguel pop,0
one thing coco taught fame fades family forever,0
watched coco rn m probably gonna crying club tonight,0
watching coco,0
rt amp follow chance win exclusive coco glow dark miguel pop,0
don't care coco animated movie shit really hit feels,0
aye coco damn cold omg,0
one thing coco taught fame fades family forever,0
rt amp follow chance win exclusive coco glow dark miguel pop,0
rt amp follow chance win exclusive coco glow dark miguel pop,0
hello everybody special announcement love things holy can everyone please go watch coco giv,0
rt amp follow chance win exclusive coco glow dark miguel pop,0
rt amp follow chance win exclusive coco glow dark miguel pop,0
didn't cry end coco cried end coco,0
showing coco took mom today not frozen short front honestly honestly blessed,0
everyone needs go see coco,0
one thing coco taught fame fades family forever,0
cried lot watched coco,0
guess touchdown,0
hot coco xmas movies amp cuddling weather,0
post coco thought instead drunk calling exes drunk call grandparents tell much miss love,0
pregnant chihuahua giant belly goes labor reveal even bigger secret dogs h,0
okay really want go see coco,0
josh fucking dumbass real note haven't seen coco due frozen short beginning,0
rt amp follow chance win exclusive coco glow dark miguel pop,0
still sale,0
coco shit,0
watching coco saddest part movie m cracking girls behind crying,0
damn coco made cry good,0
rt amp follow chance win exclusive coco glow dark miguel pop,0
rt amp follow chance win exclusive coco glow dark miguel pop,0
rt amp follow chance win exclusive coco glow dark miguel pop,0
rt amp follow chance win exclusive coco glow dark miguel pop,0
rt amp follow chance win exclusive coco glow dark miguel pop,0
rt amp follow chance win exclusive coco glow dark miguel pop,0
coco pops d tier awful,0
rt amp follow chance win exclusive coco glow dark miguel pop,0
year months ve dating first time madisen hasn't slept movie thank coco,0
hello everybody special announcement love things holy can everyone please go watch coco giv,0
meet newest pup pal dante see pixarcoco theatres now get tickets https,0
army xxx picks www coco sex com,0
didn't like coco unfollow block don't need type person life,0
bitch ivana cried watching coco,0
yup coco made cry,0
miss day elementary school come school pajamas d give hot coco watch p,0
rt amp follow chance win exclusive coco glow dark miguel pop,0
rt amp follow chance win exclusive coco glow dark miguel pop,0
coco officially new favorite pixar movie sorry remy,0
six years ago first started making coco found shell beach took sign working,0
rt amp follow chance win exclusive coco glow dark miguel pop,0
rt amp follow chance win exclusive coco glow dark miguel pop,0
use strong ideas imposed black still going strong today black wipes everything else around coco chanel nimblequotes,0
coco dollars,0
coco made cry started sobbing reminded tito d play guitar lived mexico,0
rt amp follow chance win exclusive coco glow dark miguel pop,0
rt amp follow chance win exclusive coco glow dark miguel pop,0
surprisingly coco rly good,0
anyone planning seeing coco haven't yet hoping soon pixarcoco pixar,0
now want hot coco,0
finally watched coco fucken beautiful,0
duckling meaning life,0
coco amazing,0
thinking coco lot today,0
rt amp follow chance win exclusive coco glow dark miguel pop,0
hello everybody special announcement love things holy can everyone please go watch coco giv,0
ll put expectation head orient express coco jl bos past weeks,0
didn't cry end coco cried end coco,0
rt amp follow chance win exclusive coco glow dark miguel pop,0
rt amp follow chance win exclusive coco glow dark miguel pop,0
cried w single mom named linda massachusetts coco amazing movie,0
happy hearts coco martin florence italy cocoyassinitaly,0
don't cry coco no heart,0
finally saw coco m really mad metacritic far one best pixar movies,0
still haven t watched coco wtf,0
professional corporate shade like brands can little cheeky humor,0
watch coco later,0
watched coco fr shed tear,0
rt amp follow chance win exclusive coco glow dark miguel pop,0
wanna see coco also really wanna see disaster artist,0
rt amp follow chance win exclusive coco glow dark miguel pop,0
coco great movie story songs characters development pictures cultures everything perfec,0
now playing tripleo real talk feat coco dupree salt fm uk,0
rt amp follow chance win exclusive coco glow dark miguel pop,0
coco fluffiest still essentially shorthair just hard pick,0
chanel shoulder bag yellow multicolor floral coco mark canvas ladies mint,0
uhv host amp coco amp book signing,0
rt amp follow chance win exclusive coco glow dark miguel pop,0
dial camren watching coco,0
just watched coco cinemas cried omg im lame,0
years college changed majors ee cs moved onto campus computer,0
casts nip dr coco desepsi,0
rt amp follow chance win exclusive coco glow dark miguel pop,0
rt amp follow chance win exclusive coco glow dark miguel pop,0
m convinced whole family hates bc watched coco w o mom double hates bc seen twice,0
coco good wtf,0
craving hot coco amp krispy kreme,0
wow coco left ya boy teary eyed,0
seeing coco,0
frens lets watch coco,0
m gonna go movies morning watch coco treat yo self,0
year old coco princess harajuku w leni amp june coat vivetta shirt animals observatory pants gucci sneak,0
rt amp follow chance win exclusive coco glow dark miguel pop,0
coco murder orient express smaller smaller circles star wars tara g,0
rt amp follow chance win exclusive coco glow dark miguel pop,0
guess bottom social life asked mom teman watch coco got rejected,0
anyone watch coco,0
missed chance watching coco huhuhu,0
implying hotboxing listening coco soundtrack cuz dope,0
forgot post picture episode aired audition coco happened picked per,0
melissaariana coco beautiful movie take see plz,0
kids dying rn mfs phds,0
rt amp follow chance win exclusive coco glow dark miguel pop,0
still haven t watched coco wtf,0
just watched coco balling like ugly crying movie theatre,0
yesterday one kids sitting alone cafe head go see wrong m like going bu,0
watching coco made miss abuelita,0
not ready coco miss grandparents,0
still haven t watched coco wtf,0
lot different meanings nice one coco,0
dare coco make cry plz go watch wont stop crying also can watch spanish much fun,0
girl steph coco good,0
okay really want go see coco,0
bathes coco butter,0
m going lots fun coco said kissing pacifica cheek,0
rt amp follow chance win exclusive coco glow dark miguel pop,0
can't go get jiggly cheesecake keep watching get recipe make home,0
anyone wanna watch coco,0
wow two coco far may suck see,0
still haven t watched coco wtf,0
alumni check q amp jesus martinez m f worked layout animation manager film,0
eoh virtually important jojo charas get b coco jumbo point stand capable parkour doi,0
rt amp follow chance win exclusive coco glow dark miguel pop,0
coco fucking sad hate everyone,0
rt amp follow chance win exclusive coco glow dark miguel pop,0
coco surpassed everything wished see m love movie,0
single relationship complicated saving net neutrality,0
rt amp follow chance win exclusive coco glow dark miguel pop,0
simplymahogany pay minimum balance credit cards,0
coco one beautiful movies ve ever watched laughed cried left cinema smiling joy,0
throwing back u also circumnavigating new trade routes,0
rt amp follow chance win exclusive coco glow dark miguel pop,0
coco good,0
coco cute movie,0
still haven't seen coco makes sad,0
thrilled coco raising awareness diadelosmuertos certainly not going help halloween,0
omg coco amazing movie crying hard,0
y needa just stop kids cause y fuccn retarded,0
hot coco brownies,0
tonight fucking almost balled coco still feel like holy shit coco amazing piece art,0
rt amp follow chance win exclusive coco glow dark miguel pop,0
rt amp follow chance win exclusive coco glow dark miguel pop,0
almost yall know better,0
call name coco,0
rt amp follow chance win exclusive coco glow dark miguel pop,0
uterus,0
nw coco,0
run young black owned wholesale company sell fragrance essential body oils black soap shea coco butte,0
thanks seeing coco theater,0
rt amp follow chance win exclusive coco glow dark miguel pop,0
salma just watched coco will make cry,0
didn't like coco unfollow block don't need type person life,0
remember lullaby coco audio via,0
rt amp follow chance win exclusive coco glow dark miguel pop,0
rt amp follow chance win exclusive coco glow dark miguel pop,0
according aides trump watches hours tv every day regularly fails show work even afte,0
coco amazing movie just wanna talk forebears now,0
coco made little sister cry,0
rt amp follow chance win exclusive coco glow dark miguel pop,0
rt amp follow chance win exclusive coco glow dark miguel pop,0
rt amp follow chance win exclusive coco glow dark miguel pop,0
nicole coco pussy sexy amateur chubby girls,0
coco bongo tonight one biggest spectacles ve ever experienced highly suggest,0
rt amp follow chance win exclusive coco glow dark miguel pop,0
rt amp follow chance win exclusive coco glow dark miguel pop,0
goddess always chic amp point goddess coco's happiness amp luxurious lifestyle,0
coco good,0
still haven't watched coco still haven't gone festival lights,0
rt amp follow chance win exclusive coco glow dark miguel pop,0
rt amp follow chance win exclusive coco glow dark miguel pop,0
eoh virtually important jojo charas get b coco jumbo point stand capable parko,0
coco fucking amazing,0
still want go watch coco,0
rt amp follow chance win exclusive coco glow dark miguel pop,0
rt amp follow chance win exclusive coco glow dark miguel pop,0
disappointing re cool white person see using n word,0
saw coco,0
rt amp follow chance win exclusive coco glow dark miguel pop,0
saw coco fam fuck good,0
run young black owned wholesale company sell fragrance essential body oils black soap shea coco butte,0
coco beautiful movie omg definitely recommend watching btw cried prepared tears watch,0
didn't cry end coco cried end coco,0
rt amp follow chance win exclusive coco glow dark miguel pop,0
dial camren watching coco,0
rt amp follow chance win exclusive coco glow dark miguel pop,0
don't eat shit,0
rt amp follow chance win exclusive coco glow dark miguel pop,0
coco justice league,0
can't wait finally see coco reviews amazing,0
cries listening coco soundtrack,0
child free buddies suddenly worried gonna put us ofrenda coco,0
mean coco,0
reciprocate fucking energy ll suck soul dick get give,0
haven't watched coco well need cried like different times,0
head killing,0
finally seeing coco,0
lol not sleep,0
rt amp follow chance win exclusive coco glow dark miguel pop,0
santa madre huge family just like miguel's coco,0
rt amp follow chance win exclusive coco glow dark miguel pop,0
m sleepy,0
rt amp follow chance win exclusive coco glow dark miguel pop,0
coco good movie omg,0
movie coco made sooo sad,0
rt amp follow chance win exclusive coco glow dark miguel pop,0
still haven't seen coco,0
rt amp follow chance win exclusive coco glow dark miguel pop,0
ugh m hearing many good things coco also keep hearing happy sad don t,0
hope youngjae enjoying little coco photoshoots playing laughing smiling happy,0
kix just alt right coco puffs,0
rt amp follow chance win exclusive coco glow dark miguel pop,0
watched coco thor ragnarok good movies,0
latinx folks went see coco shed lot tears,0
rt amp follow chance win exclusive coco glow dark miguel pop,0
pixarcoco movie nation weeks row see film everyone talking weekend thea,0
rt amp follow chance win exclusive coco glow dark miguel pop,0
rt amp follow chance win exclusive coco glow dark miguel pop,0
finally saw coco remember pixar's people weird automatons,0
thehamster namine person trying rape d,0
seen coco made sad already,0
coco gave motivation make pixar tumblr blog alskdjdhgjdk ve always wanted don't know,0
lmao tell andrea amp cried hearts coco good,0
rt amp follow chance win exclusive coco glow dark miguel pop,0
rt amp follow chance win exclusive coco glow dark miguel pop,0
coco best movie ve seen long time,0
rt amp follow chance win exclusive coco glow dark miguel pop,0
re watching coco yuh way,0
coco great movie far one disney's best successful capturing hispanic culture,0
finally watched coco today probably cried like different times thinking tatas,0
rt amp follow chance win exclusive coco glow dark miguel pop,0
rt amp follow chance win exclusive coco glow dark miguel pop,0
fallout amino oc rants tons shit characters review one mine fa,0
ballin m like one hasn't seen coco yet,0
rt amp follow chance win exclusive coco glow dark miguel pop,0
still haven't seen coco makes sad,0
deadass like sobbing coco like help,0
hard not cry coco,0
hella want watch coco,0
rt amp follow chance win exclusive coco glow dark miguel pop,0
new sale vids lit coco dahlia straddle's daddy fucks get,0
coco jumbo count can parkour furniture inside greatest thread hist,0
remember coco now feel old yet,0
just saw coco no idea cry hard public,0
ballin m like one hasn't seen coco yet,0
rt amp follow chance win exclusive coco glow dark miguel pop,0
rt amp follow chance win exclusive coco glow dark miguel pop,0
lol typical aldi coco pops taste dodgy stitched,0
friday boxoffice estimates coco justiceleague https,0
coco really good stop violently bursting tears like times,0
teenage parent aus ur fav finds baby adopts forced w kid gt gt gt pwp fic says can use coco butter lube,0
still haven't seen coco,0
just wanna go watch coco,0
didn't cry end coco cried end coco,0
coco secures lead box office three straight weeks pixarcoco,0
rt amp follow chance win exclusive coco glow dark miguel pop,0
coco jumbo count can parkour furniture inside greatest thread,0
hot coco polar express movie night husband can't get much better,0
coco fluff,0
rt amp follow chance win exclusive coco glow dark miguel pop,0
coco fluff,0
haven't figured strength weakness mine will always people no matter wha,0
watching coco,0
dial camren watching coco,0
omg coco bro movie re gonna watch one movie year make one,0
coco got wanting build shrine family shit,0
rt amp follow chance win exclusive coco glow dark miguel pop,0
coco good movie two big thumbs,0
forgot post picture episode aired audition coco happened picked per,0
didn't write remember world coco,0
pixarcoco hits million china,0
rt amp follow chance win exclusive coco glow dark miguel pop,0
coco one best movies disney ever put,0
didn't like coco unfollow block don't need type person life,0
coco haven't seen cmbyn yet,0
rt amp follow chance win exclusive coco glow dark miguel pop,0
rt amp follow chance win exclusive coco glow dark miguel pop,0
rt amp follow chance win exclusive coco glow dark miguel pop,0
bejarano coco amazing movie,0
universe just idea miguel taking hiro land dead found tadashi hamada family c coco bighero,0
id week review coco wonderthemovie score vote,0
coco fucking cute m still sobbing,0
rt amp follow chance win exclusive coco glow dark miguel pop,0
rt amp follow chance win exclusive coco glow dark miguel pop,0
rt amp follow chance win exclusive coco glow dark miguel pop,0
coco ya boy straight bawl crying took everything not cry hysterically,0
give coco awards,0
rt amp follow chance win exclusive coco glow dark miguel pop,0
say chocolate person coco internet,0
beauty begins moment decide coco chanel,0
miss day elementary school come school pajamas d give hot coco watch p,0
owe apology shit let slide,0
still haven't seen coco,0
okay need new version love galore sza just performed,0
making coconut rice dinner arroz de coco korma chicken,0
took grandma see coco spanish asked ever movies like si en san,0
one thing coco taught fame fades family forever,0
r coco cute movie,0
really excited see pixar's coco tomorrow hypedd,0
coco gooooooooooooooooooood,0
didn't cry end coco cried end coco,0
miguelito coco showing off one dimple like,0
really want watch coco waaahhhh,0
rt amp follow chance win exclusive coco glow dark miguel pop,0
wanna watch coco drinking coco lol,0
box office coco stays number weekend star wars,0
offic coco hit home hard brought back many feelings memories,0
play im love coco credits new movie coco,0
cried watching coco,0
love coco,0
rt amp follow chance win exclusive coco glow dark miguel pop,0
movie coco though,0
didn't bad home girl need help obviously mental illness,0
forgot coco even pass auditions mixnine lmao even go,0
see lou none gimmicky lady bird coming age comedy shape water fantasy romance,0
watch coco,0
vice ganda denies rift coco martin,0
uh wants go date see coco,0
gemini aren't going judge capable seeing beauty imperfection,0
kinda want tiddies sucked rn gt,0
last two brain cells watching coco time now know songs,0
rt amp follow chance win exclusive coco glow dark miguel pop,0
love coco,0
ll just leave love song much gracias coco recuerdame,0
coco amazing twists though,0
bro listen today great day,0
rt amp follow chance win exclusive coco glow dark miguel pop,0
rt amp follow chance win exclusive coco glow dark miguel pop,0
watching coco remember meeeeeee coco,0
didn't like coco unfollow block don't need type person life,0
rt amp follow chance win exclusive coco glow dark miguel pop,0
coco fluff,0
best hurt though many messages badly needed rn lost da,0
wms l,0
full offense coco saved life,0
coco fluff,0
wanna see coco least times,0
still haven't watched coco still haven't gone festival lights,0
rt amp follow chance win exclusive coco glow dark miguel pop,0
december yet cuddle hot coco watch polar express madness,0
rt amp follow chance win exclusive coco glow dark miguel pop,0
just want cuddles gooooddddd cup hot coco much ask,0
m happy big kid coco,0
finally watched coco loved much good,0
man honestly,0
hello dear coco please stay warm not catch cold happy weekend amp blessed sunday fou yo,0
rt amp follow chance win exclusive coco glow dark miguel pop,0
saw coco second time just good second time around,0
two geminis arguing isn't going end good literally pettiest remy came receipts,0
hey everyone just wanted let y know mom selling tacos corner ashla,0
still want go watch coco,0
rt amp follow chance win exclusive coco glow dark miguel pop,0
coco cool least way better richie,0
rt amp follow chance win exclusive coco glow dark miguel pop,0
rt amp follow chance win exclusive coco glow dark miguel pop,0
saw coco today not play frozen deal beautiful film gorgeous,0
rt amp follow chance win exclusive coco glow dark miguel pop,0
rt amp follow chance win exclusive coco glow dark miguel pop,0
coco cutest heart wrenching disney movie ve ever watched,0
rt amp follow chance win exclusive coco glow dark miguel pop,0
still haven't watched coco still haven't gone festival lights,0
yailyneb think m one hasn't seen coco makes sad,0
finally watched coco,0
just want someone look just think worth everything,0
ballin m like one hasn't seen coco yet,0
didn't cry end coco cried end coco,0
rt amp follow chance win exclusive coco glow dark miguel pop,0
finally watched coco vinny omg,0
cried eyes watching coco love,0
lose somebody love not dead,0
coco fabulous concept indian person not die long as's remembered just loved,0
rt amp follow chance win exclusive coco glow dark miguel pop,0
coco great movie,0
youth something new twenty years ago no one mentioned gabriel coco chanel,0
people think m dramatic tell cried three times saw coco,0
rt amp follow chance win exclusive coco glow dark miguel pop,0
finally got see coco incredibles trailer came first thing reminds carlos,0
nadiaa coco good,0
star wars coco greatest showman time take money,0
okay almost cried coco,0
rt amp follow chance win exclusive coco glow dark miguel pop,0
didn't cry end coco cried end coco,0
m not gonna lie coco suchhh good movie,0
rt amp follow chance win exclusive coco glow dark miguel pop,0
nicki's poster wall coco's azealia banks room movie love beats rhymes,0
wms l,0
rt amp follow chance win exclusive coco glow dark miguel pop,0
coco emotional amazing movie,0
remember coco keeps playing head m not mad,0
rt amp follow chance win exclusive coco glow dark miguel pop,0
coco pure mexican magic beat much heart needed cultur,0
rt amp follow chance win exclusive coco glow dark miguel pop,0
naav bro honestly can't wait come home wife lookin like w baby belly ima take off shoes grab,0
coco made sob like absolutely uncontrollable baby good,0
just watched coco haven't stopped crying good movie,0
tryna change mfs life playing like always,0
coco fluff,0
watching coco really inspired draw somethin like sombra gabe playing guitar together ht,0
watching coco really inspired draw somethin like sombra gabe playing guitar together ht,0
just wanna go watch coco,0
still haven't watched coco still haven't gone festival lights,0
everyone house seen coco tffff,0
r coco cute movie,0
irl,0
rt amp follow chance win exclusive coco glow dark miguel pop,0
cellec wasn't many buddies defend gfriend now coming end gfriend powe,0
rt amp follow chance win exclusive coco glow dark miguel pop,0
just got back seeing coco absolutely amazing go see support movie,0
blackpink gonna start right blinks no longer songs stan soon,0
rt amp follow chance win exclusive coco glow dark miguel pop,0
rt amp follow chance win exclusive coco glow dark miguel pop,0
idc age buht get chance watch coco ll come movies loving family ever,0
shades delights coco hue rich night afro blue,0
dial camren watching coco,0
rt amp follow chance win exclusive coco glow dark miguel pop,0
fanart blackpinkhouse blackpinktv rose jennie lisa jisoo blackpink blackpinkfanart fanart mayko proc,0
don't think y understand amazing movie coco wanna see,0
hello dear coco please stay warm not catch cold happy weekend amp blessed sunday fou yo,0
movie coco,0
didn't cry end coco re not one,0
now time see coco,0
anyway got livestream catch m going sleep hope yj coco sleep well later today,0
chanel opened coco club exclusive spot just women nyc need go asap,0
ig appa youngjae's ig update princess coco youngjae coco,0
rt amp follow chance win exclusive coco glow dark miguel pop,0
silvally watch language,0
okay y finally watched coco,0
learn power using head since everything heads better not lose coco chanel nimblequotes,0
kamthe coco nut water,0
coco good movie im cryingggggggg,0
coco true winner box office week debuts topper superb,0
rt amp follow chance win exclusive coco glow dark miguel pop,0
coco pure mexican magic beat much heart needed,0
rt amp follow chance win exclusive coco glow dark miguel pop,0
rt amp follow chance win exclusive coco glow dark miguel pop,0
didn't cry end coco cried end coco,0
theater near isn't playing subtitled dubbed version coco can download app audio track h,0
r coco cute movie,0
need someone wants go look christmas lights make ginger bread houses lay bed watching hallmark,0
fingers cross thalaivi will movie releases main lead nayan working hard complete,0
rt amp follow chance win exclusive coco glow dark miguel pop,0
watches coco m not crying m faded,0
remembering come edward james olmos interview pixarcocoevent via,0
ophelia watching coco intently loves animated films science fiction t,0
rt amp follow chance win exclusive coco glow dark miguel pop,0
love coco,0
saw coco tonight enjoyed much spoiler free review,0
rt amp follow chance win exclusive coco glow dark miguel pop,0
run young black owned wholesale company sell fragrance essential body oils black soap shea coco butte,0
rt amp follow chance win exclusive coco glow dark miguel pop,0
net today's metoorallynyc will bring together sexual harassment survivors coco pug via htt,0
late m gonna watch coco today friend,0
rt amp follow chance win exclusive coco glow dark miguel pop,0
rt amp follow chance win exclusive coco glow dark miguel pop,0
little coco nude sex flowers,0
made nathan watch coco mad,0
can't stop thinking coco,0
coco frida kahlo's hilarious inspiring cameo happened,0
someone clutch bring hot coco,0
say no manches movie coco love haha,0
coco always move never got reveal completely obvious far slapstick not enough tears,0
coco good ugh,0
coco fucking cute wow whole heart,0
rt amp follow chance win exclusive coco glow dark miguel pop,0
coco everyone crying eyes theater,0
rt amp follow chance win exclusive coco glow dark miguel pop,0
just saw coco theatres last night woah officially one new favorite animated movies p,0
coco good movie made miss grandpa much,0
coco nuts sale now boxtera dailydeal,0
rt amp follow chance win exclusive coco glow dark miguel pop,0
rt amp follow chance win exclusive coco glow dark miguel pop,0
love coco,0
coco puffs milk nigga mean chocolate milk,0
finally saw coco don't think dry eye entire theatre people sobbing shockingly wasn't,0
coco sooo good made cry,0
rt amp follow chance win exclusive coco glow dark miguel pop,0
almost re still single,0
omg parents brought dog coco,0
coco good un poco loco will stuck head forever,0
coco good coco,0
rt amp follow chance win exclusive coco glow dark miguel pop,0
thehamster namine,0
one thing coco taught fame fades family forever,0
rt amp follow chance win exclusive coco glow dark miguel pop,0
coco good not prepared ugly cries probably favorite movie year bumping,0
say hot coco instead hot chocolate m gonna assume wide set vagina,0
rt amp follow chance win exclusive coco glow dark miguel pop,0
fan art coco disney pixar indiana zordan,0
just watched coco good movie,0
rt amp follow chance win exclusive coco glow dark miguel pop,0
nadiaa coco good,0
rt amp follow chance win exclusive coco glow dark miguel pop,0
rt amp follow chance win exclusive coco glow dark miguel pop,0
watch coco,0
fearless rambunctious outgoing nephew cried coco auntie,0
rt amp follow chance win exclusive coco glow dark miguel pop,0
pixarcoco hits million china,0
rt amp follow chance win exclusive coco glow dark miguel pop,0
went see coco gf found seats went bathroom note self never enter kids movies unaccompanied,0
rt amp follow chance win exclusive coco glow dark miguel pop,0
coco just makes wanna go give grandma big hug,0
remembering come edward james olmos interview pixarcocoevent via,0
rt amp follow chance win exclusive coco glow dark miguel pop,0
one thing coco taught fame fades family forever,0
m just trying watch elf drink hot coco,0
rt amp follow chance win exclusive coco glow dark miguel pop,0
rt amp follow chance win exclusive coco glow dark miguel pop,0
watching coco really inspired draw somethin like sombra gabe playing guitar together ht,0
join us tonight dinner coco movie,0
hello dear coco please stay warm not catch cold happy weekend amp blessed sunday fou yo,0
rt amp follow chance win exclusive coco glow dark miguel pop,0
watched coco jacob now won't speak,0
momma loved coco heart,0
coco amazing movie loved,0
stop worrying bout,0
since talking disney seen coco great pixar movie already great list,0
rt amp follow chance win exclusive coco glow dark miguel pop,0
coco goodddddd movie definitely one new favorites,0
poco loco coldest song coco,0
box office coco stays number weekend star wars,0
rt amp follow chance win exclusive coco glow dark miguel pop,0
watching coco remember meeeeeee coco,0
watched coco today omg excellent pixar never disappoints one fav pixar movies ever,0
rt amp follow chance win exclusive coco glow dark miguel pop,0
tv ad frozen short aired coco stating ll air tv soon not,0
rt amp follow chance win exclusive coco glow dark miguel pop,0
someone completely unfamiliar mexican culture coco one best movies animated otherwise tha,0
according naver brand reputation index november brand reputation index december,0
tooo love hector love mama coco love mama imelda wkwkwk,0
just see coco s good best pixar ageeeees,0
remembering come edward james olmos interview pixarcocoevent via,0
world deserve coconut oil coco,0
hot coco time,0
duckling glomp,0
thank much stay tuned deezcoconut likebreakfastandeggs,0
just ugly cried watching coco,0
mother baby driver big sick downsizing kedi coco disaster artist last flag flying detroit spid,0
coco secures lead box office three straight weeks pixarcoco,0
rt amp follow chance win exclusive coco glow dark miguel pop,0
also want write coco au fic,0
hector sings remember coco can like get cause shit like,0
coco emotional amazing movie,0
rt like need makeup m gonna surprise people day,0
rt amp follow chance win exclusive coco glow dark miguel pop,0
rt amp follow chance win exclusive coco glow dark miguel pop,0
year old coco princess harajuku w leni amp june coat vivetta shirt animals observatory pants gucci sneak,0
rt amp follow chance win exclusive coco glow dark miguel pop,0
im going see coco celebrate friends bday tomorrow days finish month worth con pr,0
coco fluff,0
rt amp follow chance win exclusive coco glow dark miguel pop,0
rt amp follow chance win exclusive coco glow dark miguel pop,0
m make hot coco hopefully scalding water chocolate powder mixture will hot enough melt insides,0
rt amp follow chance win exclusive coco glow dark miguel pop,0
coco much average box office hit,0
give coco awards,0
one thing coco taught fame fades family forever,0
rt amp follow chance win exclusive coco glow dark miguel pop,0
rt amp follow chance win exclusive coco glow dark miguel pop,0
hot coco cookies bluntss ma boo,0
sorry fucked looking post coco eyes,0
wondering everyone cranky olaf's frozen adventure not short ran coco saw,0
coco fashion icon constantly serving us looks books,0
rt amp follow chance win exclusive coco glow dark miguel pop,0
rt amp follow chance win exclusive coco glow dark miguel pop,0
rt amp follow chance win exclusive coco glow dark miguel pop,0
rt amp follow chance win exclusive coco glow dark miguel pop,0
rt amp follow chance win exclusive coco glow dark miguel pop,0
ve gone see coco three times less month d go beautiful movie ever,0
told em wanted coco puffs not popo cuffs,0
okay can go see coco think m going cry one,0
one thing coco taught fame fades family forever,0
rt amp follow chance win exclusive coco glow dark miguel pop,0
tickets coco published tixtore,0
fuck can't stop crying bc coco,0
rt amp follow chance win exclusive coco glow dark miguel pop,0
rt amp follow chance win exclusive coco glow dark miguel pop,0
rt amp follow chance win exclusive coco glow dark miguel pop,0
rt amp follow chance win exclusive coco glow dark miguel pop,0
coco nice,0
latinx folks went see coco shed lot tears,0
coco fashion black zip short dress sleeves,0
still haven't watched coco still haven't gone festival lights,0
ok looks like decided stay chow coco puffs,0
coco couture way coco wraps last race tatura,0
ig appa youngjae's ig update princess coco youngjae coco,0
rt amp follow chance win exclusive coco glow dark miguel pop,0
didn't cry end coco actually don't heart,0
m watching coco cute,0
family everything m fuckin tellin watch coco,0
remembering come edward james olmos interview pixarcocoevent via,0
itzelyazmin wanna go see coco,0
rt amp follow chance win exclusive coco glow dark miguel pop,0
rt amp follow chance win exclusive coco glow dark miguel pop,0
love blanket coco mama took christmas picture snowman,0
want watch coco,0
rt amp follow chance win exclusive coco glow dark miguel pop,0
coco bout win oscar aye,0
rt amp follow chance win exclusive coco glow dark miguel pop,0
person laughed miguel talks back grandma coco oops deadinside,0
see coco,0
rt amp follow chance win exclusive coco glow dark miguel pop,0
hot bottom,0
rt amp follow chance win exclusive coco glow dark miguel pop,0
just saw coco no idea cry hard public,0
anyone thinks coco bag declaring victory soon lovingvincent amp thebreadwinner will make,0
one thing coco taught fame fades family forever,0
nicki's poster wall coco's azealia banks room movie love beats rhymes,0
coco ya boy straight bawl crying took everything not cry hysterically,0
m tryna watch coco,0
coco finally,0
beautiful music coco,0
always funny dudes cheating curve girls publicly possible cool points,0
god damn coco best mf movie ve ever seen,0
kink people saying coco amazing movie made emotional,0
coco really tugs heartstrings sweet movie lt,0
didn't cry end coco cried end coco,0
courageous act still think aloud coco chanel courage youare htt,0
rt amp follow chance win exclusive coco glow dark miguel pop,0
coco one best movies ve seen anyone wants go see m,0
cried coco,0
happy birthday love nkeiru god favoured m proud woman becoming keep exploits re phenomenal,0
liked video anthony gonzalez amp sean oliu cover coco's un poco loco oh disney,0
meet newest pup pal dante see pixarcoco theatres now get tickets https,0
coco made cry fake lashes right off face,0
rt amp follow chance win exclusive coco glow dark miguel pop,0
going go see coco mistake great movie felt close heart reminded,0
bangyongguk bap korea go festival gucci coco capit n logo t shirt white gucci leather belt,0
rt amp follow chance win exclusive coco glow dark miguel pop,0
six years ago first started making coco found shell beach took sign working,0
look happy spencer natural habitat,0
still need want go watch coco,0
yo coco amazing movie,0
real levels coco gt boss baby,0
just saw coco good resurrect twitter let everyone know much love criedlikeabab,0
rt amp follow chance win exclusive coco glow dark miguel pop,0
wanna see coco least times,0
ig update coco ars youngjae youare ars vita,0
real levels coco gt boss baby,0
see coco,0
rt amp follow chance win exclusive coco glow dark miguel pop,0
didn't cry end coco cried end coco,0
coco masterpiece,0
rt amp follow chance win exclusive coco glow dark miguel pop,0
loved coco done without extra long short film olaf start went long tho,0
remember faves mentioned fave,0
want watch coco,0
rt amp follow chance win exclusive coco glow dark miguel pop,0
finals,0
man used hoe okay,0
rt amp follow chance win exclusive coco glow dark miguel pop,0
niggas killed uncle mane,0
luv dem dem,0
wanna see coco least times,0
just watched coco wow,0
universe separated pictures pixarcoco coco cocolapelicula cocothemovie recuerdame rememberme digitalart http,0
twas nice movie coco,0
