beyonc found dead ok now got attention text resist save net neutrality,0
gimple talking dead ifs no,0
kev finally u admit kirk tanked team every game now showcase can,0
dead,0
estoy viendo walking dead gotta twd trakt,0
town like magnet drawin criminals rest indian oklahoma territory like bits,0
people literally hand scisscor cut off looking life support bitch dead,0
contrary popular belief kpp bypass not dead one strategies used doesn't work anymo,0
damn robin williams actually dead,0
ok guy plays ezekial gonna talking dead die,0
y know walking dead isn't reality show right right,0
niyyy ain't no sucka ass bitch m wrong ll apologize make right can m definitely not gon,0
gtfo get fuck stfu shut fuck mkmkomfgsfd miss keisha miss keisha oh fuckin god fuckin dead,0
wish walking dead still interesting,0
sentence tragedy thought stray nug dead mouse,0
tweedledee tweedledumbass drive truck sanctuary weren't going actually make sur,0
walking dead time tvtime,0
dead,0
one thing blows mind never see anyone walking dead eating worrying water mea,0
twitter not funny bib lame af shit dead,0
apparently tonight's episode walking dead will people talking days preferred season,0
dead fish celebration christian screaming one top fears,0
fun games till dead ass stop fucking,0
walking dead finale tonight thewalkingdead,0
liked video walking dead season alt skins kenny sarita walter,0
dead injured mini bus plunges gorge jammu kashmir news via,0
cali thewalkingdead making list daryl everyone whose dead didn't follow plan,0
reached life goal dead microsoft band connect dead microsoft windows phone control mu,0
justin jung jung new one cheng cheng not dead,0
serenity incident experience epic fantasy darkfantasy bookdiscovery ebook,0
cali thewalkingdead making list daryl everyone whose dead didn't follow plan,0
no matter find tonight's msf know ll okay survive tell,0
really fifa dead fish celebration,0
book week talking dead george noory rosemary ellen guiley paranormal afterlife,0
dead,0
dead,0
rt abbswinston israeli occupiers murdered palestinians gaza friday shooting dead bombing dead ap,0
cali thewalkingdead making list daryl everyone whose dead didn't follow plan,0
honestly im just gonna delete whole app ll dead till notice f x breathe disba d whatever,0
dead,0
dead,0
chris moore fifa dead fish celebration nflcelebrations,0
cali thewalkingdead making list daryl everyone whose dead didn't follow plan,0
self diagnosing webmd finding m already dead,0
band filming music video next single off new album generation dead evilones,0
get damn old certain goofy shit like dead ass,0
really fifa dead fish celebration,0
birdie god damn brain dead huhuhuhuh full screen safe block armor huhuhu,0
m dead post anything embarrassing now,0
officially dead,0
polar bear tweet dead detractors completely miss fact human ca,0
gtfo get fuck stfu shut fuck mkmkomfgsfd miss keisha miss keisha oh fuckin god fuckin dead,0
one person dead shooting east columbus,0
post dead,0
terrified watch episode walking dead,0
michonne judith ll back ll bring daddy gonna bring shane back dead thewa,0
im dead,0
anchorage police reported city's homicide year today means city now matched hom,0
ma bitch really dubbin ma shit back da day like m not one dem guys dead dis bitch now m salty lmao,0
im dead scared get frontal im going anyway now got find somewhere get good one,0
angela twilight actually walking dead now icymi,0
dead gon live forever vol ii photographer waseem noordien persons imaan abrahams justin february amp tk m,0
malcolmson m dead,0
plz silverman disrespected flag right haven't seen silverman burn flag,0
jerry rolling truck funniest thing ve seen walking dead twd,0
didn't realise walking dead casually got twitter waiting store,0
nice world everyone gets rest recover clones g,0
cali thewalkingdead making list daryl everyone whose dead didn't follow plan,0
m liberal agree sean hannity u s journalism dead couldn't un see bias welcome corrup,0
boys see bucket dead mackerel,0
black lightning cold dead hands black lightning back things not hometown cleveland,0
needed take break studying watch walking dead im hella glad negan saviors finally get wreck,0
kirby doesn't want watch walking dead,0
saviors arc not wrap soon negan ends dead can get fucking lives think,0
judith dead guys thewalkingdead,0
isn't done everyday something new clinton yet story goes dead,0
niyyy ain't no sucka ass bitch m wrong ll apologize make right can m definitely not gon,0
kellyguo postponed cancelled ucsb students just gonna experience dead week struggle january take finals agai,0
watchin walking dead amc nitie yaw thewalkingdead andrewlincoln normanreedus,0
woke dead sleep m couldn't go back bed added nelly song playlist,0
know better take quick turn went entire season standing necks w,0
m not threesome period tf niggas really begging girl like noooo cus now m dead bout brea,0
walking dead,0
gtfo get fuck stfu shut fuck mkmkomfgsfd miss keisha miss keisha oh fuckin god fuckin dead,0
negan's people pretty much dead charge eugene hate thewalkingdead,0
lmfaooo spot im dead,0
amc yo dead fucking ass,0
tokido isn't dead yet,0
cnn's credibility dead don't let distract fact undertaker threw mankind off hel,0
breaking missing year old found dead wooded area near area braeburn court bethesda mcp investigating https,0
eighteen year old lady drop dead gorgeous morxonemusicfanfestatek,0
can't beef dead,0
large pores concern try alpha hydroxy acid aha product ahas remove dead skin cells hardened oil plugs,0
chris moore fifa dead fish celebration nflcelebrations,0
cali thewalkingdead making list daryl everyone whose dead didn't follow plan,0
large pores concern try alpha hydroxy acid aha product ahas remove dead skin cells hardened oil plugs,0
walking dead fandom right now,0
tonight jewish teenagers hide basement gothenburg synagogue firebombs thrown building,0
gtfo get fuck stfu shut fuck mkmkomfgsfd miss keisha miss keisha oh fuckin god fuckin dead,0
dead woman walking sharon bolton hot air balloon ride disaster suspense crime,0
need mutual rt stan pierce veil palaye royale sleeping sirens crown empire tonight aliv,0
joy positivity love encouragement importantly fact no summer s,0
mash walking dead lord rings call walking tree's thewalkingdead,0
wslking dead,0
karl found dead ditch,0
dead ll get love bacon wrapped hot dogs,0
ve just watched episode walking dead tvtime,0
gtfo get fuck stfu shut fuck mkmkomfgsfd miss keisha miss keisha oh fuckin god fuckin dead,0
ain't proving nobody anymore man shit dead fuck,0
look like fucking dad dead years,0
gtfo get fuck stfu shut fuck mkmkomfgsfd miss keisha miss keisha oh fuckin god fuckin dead,0
dead ass will ruin life don't fucking try hoe m devil,0
cali thewalkingdead making list daryl everyone whose dead didn't follow plan,0
michonne judith ll back ll bring daddy gonna bring shane back dead thewa,0
just realized dog gave oscar worthy performance grinch stole christmas probably dead il,0
cali thewalkingdead making list daryl everyone whose dead didn't follow plan,0
ver walking dead,0
walking dead way celebrate christmas h o w twdmidseasonfinale,0
gtfo get fuck stfu shut fuck mkmkomfgsfd miss keisha miss keisha oh fuckin god fuckin dead,0
know polls almost dead balls accurate,0
smthn m dead af,0
shocking cessna pacific ocean islamic cult chicago family amp soviet spy ring hve common,0
watching movie d kill kyle door go hit tummy breaks hims ev,0
carlson think brain cells dead,0
open borders tried empirical fact terrorism increases many dead babies worth can,0
idk tf try talk people just try general not one person actually cares like can,0
open borders tried empirical fact terrorism increases many dead babies worth can,0
self explanatory bandwagon ll ic things person reference ll morning,0
cali thewalkingdead making list daryl everyone whose dead didn't follow plan,0
fun games till dead ass stop fucking,0
really fifa dead fish celebration,0
found dead,0
hey keatonjones just saw video tough time re going not sure re walking dead fan,0
liberals dead wrong not pursue electoral reform like conservatives scare,0
legs boots outfit ok m dead,0
cnn's credibility dead don't let distract fact undertaker threw mankind off hel,0
thewalkingdead enjoy last spoonful pudding carl,0
bad parents dead,0
try sing parts m dead,0
claims claims m dead,0
cali thewalkingdead making list daryl everyone whose dead didn't follow plan,0
icymi thewalkingdead comics carlgrimes die books,0
hahaha sky just hit bus sky dead im crying,0
no molestar walking dead,0
crazyfact eating tacos day healthy dead themoreyouknow,0
mahmoud al masri shot dead israeli occupation forces border protest trump's jerusalem decision,0
walking dead driving m nuts lovehurts,0
chris moore fifa dead fish celebration nflcelebrations,0
saw dads side family today didn't time bullshit re dead anyways,0
cali thewalkingdead making list daryl everyone whose dead didn't follow plan,0
really fifa dead fish celebration,0
fun games till dead ass stop fucking,0
beyonc found dead ok now got attention text resist save net neutrality,0
walking dead probably not best show watch bad anxiety,0
walking dead mid season finale calllense,0
m highkey getting tired walking dead,0
m dead,0
just aware everything happening walking dead right now daryl asshole killdaryl thewalkingdead,0
giampietrino dead cleopatra,0
great barrier reef will dead says david attenborough,0
great barrier reef will dead says david attenborough's blue planet ii via,0
will protect baby shpees costs m gonna go heavy no matter will protec dead,0
gtfo get fuck stfu shut fuck mkmkomfgsfd miss keisha miss keisha oh fuckin god fuckin dead,0
lun tse favourite base metal co took weeks disclose wall collapse one mines,0
dead brave come now,0
walking dead,0
dead,0
worst season walkimg dead ugh episodes suck keep watching though m invested,0
amount sass m dead,0
day dead bloodline,0
cali thewalkingdead making list daryl everyone whose dead didn't follow plan,0
vine miss keisha no longer dead jared learned read raven can now swim rebecca still won't hesitat,0
thewalkingdead omg watching walking dead make noise,0
now re positive wasn't democratic party cnn anything right might resemble dead mouse,0
maggie glenn walking dead,0
im dead,0
try sing parts bohemian raphsody,0
just people die people killing dead people friend jen petrie truthbombing walking dead,0
sousa dead fuck,0
breaking four people killed injured media dead silent denuded media via,0
m old enough remember didn't watch walking dead light relief real world,0
m dead sksk,0
angela twilight actually walking dead now icymi,0
cool jets illegals prerequisite get hired drug testing people making noise must dirty not,0
dead inside feels good,0
dead,0
im dead actually,0
chillychill murderer make one move re dead,0
dead inside feels good,0
cali thewalkingdead making list daryl everyone whose dead didn't follow plan,0
remember used keep genuine opinions feelings fear losing person dead,0
cali thewalkingdead making list daryl everyone whose dead didn't follow plan,0
dead,0
today lost groundbreaking journalist civil rights icon true american hero simeon booker devoted life s,0
niyyy ain't no sucka ass bitch m wrong ll apologize make right can m definitely not gon,0
cnn's credibility dead don't let distract fact undertaker threw mankind off hel,0
martini wouldn't stop whining no reason dad explained just anxious walking dead lmao,0
swear intensity walking dead turning drunk every sunday night thewalkingdead twd,0
time fly walking dead come,0
wish never broke plus shit amp go dead quick,0
need mutual rt stan pierce veil palaye royale sleeping sirens crown empire tonight aliv,0
options one thing makes walking dead unrealistic slow people drive wide open roads,0
exom stan hi exok stans stop trying edgy like exom bc re dead everyone bandwagons feel uni,0
walking dead shit stressing tf,0
no doubt reagan's somewhat controversial work led amazing eco,0
currently watching walking dead feel stressed neganisout,0
dead homie one stfu dig amp ask,0
don't speak dead,0
real dead true versus wars jurassic lord independance armagedon saving hawk man twilight potter,0
mueller witch hunt national embarrassment now,0
army,0
really fifa dead fish celebration,0
gtfo get fuck stfu shut fuck mkmkomfgsfd miss keisha miss keisha oh fuckin god fuckin dead,0
cali thewalkingdead making list daryl everyone whose dead didn't follow plan,0
hello best friend wrote song also peep voice background vocals even though can't sing also,0
promise ian tripping ab nun past niggas ts dead case,0
jordan henderson just might talentless player ever wear captain's armband zero footballing abili,0
lo fi officially dead burn home demo tapes book studio time howard benson,0
going watch gintama tmrw dead,0
m dead game night sooo funny nothing beats fiery board game night family friends,0
gtfo get fuck stfu shut fuck mkmkomfgsfd miss keisha miss keisha oh fuckin god fuckin dead,0
cali thewalkingdead making list daryl everyone whose dead didn't follow plan,0
plus ve fucked close women far different age groups cu,0
dead,0
im dead,0
cali thewalkingdead making list daryl everyone whose dead didn't follow plan,0
cali thewalkingdead making list daryl everyone whose dead didn't follow plan,0
want goth gf r u sure ready one r u sure r u rly sure goth gf going target standing,0
m dead,0
michonne judith ll back ll bring daddy gonna bring shane back dead thewa,0
bitch m dead,0
cover hair weird drag dead trees living room light corpses,0
yo dead ass tho every day,0
didn't go bed till super dead,0
anixbrands instagram story seohyun girls generation im dead seohyun,0
michonne judith ll back ll bring daddy gonna bring shane back dead thewa,0
operation complete success wonderful can see husband now no dead operation w,0
walking dead season alt skins kenny sarita walter via,0
glen died walking dead felt heart,0
pr overkill's walking dead finally gets game trailer d,0
says dead dad joke,0
ew walking dead pissing off,0
nah dead ass don't wanna look organism looks like grim reaper,0
cnn's credibility dead don't let distract fact undertaker threw mankind off hel,0
entire session felt like walking dead,0
can't watch walking dead no without u bc walking dead will nothing withou,0
dead ok seriously stop letting insecure men w tiny peckers make decisions arena k good htt,0
hey news making wait queue told wait another queue hour still no help no,0
bukowski thought d cuz thought hundley better wins drop dea,0
days straight hour shifts feel dead,0
open borders tried empirical fact terrorism increases many dead babies worth can,0
bitch started fucking laughing bye found dead,0
dead possum side road,0
dead inside feels good,0
large pores concern try alpha hydroxy acid aha product ahas remove dead skin cells hardened oil plugs,0
female bio's love life tyrone one tyrone bio free men rip dead men th,0
really fifa dead fish celebration,0
marquei como visto walking dead gotta bancodeseries,0
beatsbynav m problem can fix type silent treatment shit dead grow learn commun,0
rarely dark makeup think makes look dead m pale zombie lol m making goth vid,0
just take knee nick nfl dead,0
celebrate mid season finale twd will another giveaway retweet like get chance win spec,0
cali thewalkingdead making list daryl everyone whose dead didn't follow plan,0
peacock dead,0
really fifa dead fish celebration,0
thought dead told never leave jamieandclaire outlanderfinale,0
hey isis ain't glass spine obama military welcome trump card military wake re dead h,0
dead,0
khan know zeid difficult one collect dead bodies loved ones pakistan army abducting,0
nowplaying madison square garden new york ny grateful dead,0
dead morning comes living,0
confusion thought nabila dead kingdom massacre whatttt theee funkkkk,0
walking dead game official reveal trailer new fps zombie game via,0
dreamt kissing dead turtle goodbye like first dead turtle pangkor came haunt,0
lilac fire least horses dead others missing san diego county training facility,0
imagine walking home local melbourne pub saturday night getting chopped africans machete,0
walking dead just just much bro actual fuck,0
really fifa dead fish celebration,0
will gt kidnap torture white disabled boy no prison gt kill innocent woman illegal alien acquitted gt execute young fat,0
want dead,0
wow re going dead guys now no one safe,0
rj name lalit jagwani mobile landline rajasthan jaipur landli,0
one person dead shooting east columbus,0
m dead,0
really fifa dead fish celebration,0
dead,0
reedus hq,0
hannibal burress arrested one cops said difficult cracking jokes hanni,0
stop picking dead birds,0
overkill's thewalkingdead game looks absolutely epic every way,0
g herbo friends dead,0
jus ppl link pan regular fi ask good dead tomorrow ya go hear much good friend t,0
yep gonna one walking dead episodes facepalm award goes daryl amp tara way suck guys thewalking,0
viewers game dead right,0
sf bad marvel dead dbfz will die months tekken takes years load gg got boring patch gonna gar,0
dead tears lmaaoooo,0
really fifa dead fish celebration,0
omg y can't deal walking dead right now,0
m fucking dead omg,0
m dead,0
still can't believe morgan going fear walking dead,0
fox amp friends weekend one straightforward no frills productions shoots directly dead true point praisefox,0
dead,0
guess u r entitled wrong opinion save everyone lot time trouble u,0
m not threesome period tf niggas really begging girl like noooo cus now m dead bout brea,0
dead homie one stfu dig amp ask,0
cali thewalkingdead making list daryl everyone whose dead didn't follow plan,0
carlson think brain cells dead,0
use dead day study can use drink,0
rip sunny murray thanks gave us,0
niyyy ain't no sucka ass bitch m wrong ll apologize make right can m definitely not gon,0
hollen write funeral dead person's viewpoint character's dead mother learned lot,0
let mind take flight read phenomenon quantum heights darkfantasy scififantasy,0
ok m dead,0
cali thewalkingdead making list daryl everyone whose dead didn't follow plan,0
chris moore fifa dead fish celebration nflcelebrations,0
grateful dead shakedown street,0
walking dead,0
going vidme videos amp realized little vidme community cared everything e,0
roe shit used dead yo,0
cali thewalkingdead making list daryl everyone whose dead didn't follow plan,0
niyyy ain't no sucka ass bitch m wrong ll apologize make right can m definitely not gon,0
negan's whistle got everyone shivering thewalkingdead twd twdfamily twdmidseasonfinale,0
shit dead happen every fuckin time lol,0
fecking years yelling ignorant shit kill jews media silent years screach,0
dead,0
gtfo get fuck stfu shut fuck mkmkomfgsfd miss keisha miss keisha oh fuckin god fuckin dead,0
m dead officially dead go hear right vikas sirf pao rehgaya raat mein aaj k,0
b tejada m dead,0
can't beef dead,0
dead body,0
niyyy ain't no sucka ass bitch m wrong ll apologize make right can m definitely not gon,0
cali thewalkingdead making list daryl everyone whose dead didn't follow plan,0
someone important going die tonight walking dead,0
walking dead blowing,0
guys can't believe mahiru dead,0
someone already exposed family confederate flags ig m dead,0
man ever fired dead wrong coming thru nye black jesus onl,0
people still watch walking dead,0
brain dead opinion,0
whining shut hillary us world war iii already d dead,0
fuck aren't dead yet thingsiyellwhilewatching thewalkingdead,0
cali thewalkingdead making list daryl everyone whose dead didn't follow plan,0
tell anxious ass reads ahead happens old shows m watching netflix dead ass sit,0
cali thewalkingdead making list daryl everyone whose dead didn't follow plan,0
well don walking dead just bs new,0
gtfo get fuck stfu shut fuck mkmkomfgsfd miss keisha miss keisha oh fuckin god fuckin dead,0
squeezable sour cream dead,0
logic behind walking dead bad lol saviors enough ammo resources manpower kill thou,0
m dead,0
taylor cult climate change polar bear knut dead long live knut,0
cutting hair short feels like cutting off dead weight,0
gtfo get fuck stfu shut fuck mkmkomfgsfd miss keisha miss keisha oh fuckin god fuckin dead,0
reedus,0
aa carmack amp doom totally next year amp going ebay shareware floppies charity th,0
haha okay everyone just got walking dead's reward club,0
gonna name devil amp write twitter page like devil's homie don't kno,0
really fifa dead fish celebration,0
someone already exposed family confederate flags ig m dead,0
cali thewalkingdead making list daryl everyone whose dead didn't follow plan,0
ma bitch really dubbin ma shit back da day like m not one dem guys dead dis bitch now m salty lmao,0
back dead unpopular demand oc rebooted descriptive h p,0
niyyy ain't no sucka ass bitch m wrong ll apologize make right can m definitely not gon,0
gtfo get fuck stfu shut fuck mkmkomfgsfd miss keisha miss keisha oh fuckin god fuckin dead,0
niyyy ain't no sucka ass bitch m wrong ll apologize make right can m definitely not gon,0
really fifa dead fish celebration,0
dead asleep song comes,0
cali thewalkingdead making list daryl everyone whose dead didn't follow plan,0
new brief media bethesda conducting investigation missing man found dead near braeburn ct,0
cali thewalkingdead making list daryl everyone whose dead didn't follow plan,0
today lost groundbreaking journalist civil rights icon true american hero simeon booker devoted life s,0
cali thewalkingdead making list daryl everyone whose dead didn't follow plan,0
watching walking dead k amp j's red room boston ma w,0
dead,0
m dead,0
happy walking dead day rt ll watching minute mid season finale tonight,0
m highkey dead twitter got's attention like worth shook,0
dead ass will ruin life don't fucking try hoe m devil,0
m dead,0
worst anxiety walking dead,0
dead ass not boyfriend took almost year realize giving nigga disappear,0
se viene walking dead,0
yep gonna one walking dead episodes facepalm award goes daryl amp tara way suck guys thewalking,0
walking dead blowing,0
not king dead also bad poet,0
really fifa dead fish celebration,0
cali thewalkingdead making list daryl everyone whose dead didn't follow plan,0
cali thewalkingdead making list daryl everyone whose dead didn't follow plan,0
suspect sought police since incident bobby's bar plum road left savitri narine,0
open borders tried empirical fact terrorism increases many dead babies worth can,0
boy dead now,0
really fifa dead fish celebration,0
really fifa dead fish celebration,0
large pores concern try alpha hydroxy acid aha product ahas remove dead skin cells hardened oil plugs,0
watches walking dead anymore,0
blood pop dropped dog shot dead midland police officer,0
dead,0
walking dead season alt skins kenny sarita walter via,0
prezdent no love db s,0
may last season walking dead watch,0
ruru sang heart like anuna dead,0
hope fuck gonna dead son bitch ll tell,0
everyone always asks know certain song band always get shocked dont know dead ass re,0
cali thewalkingdead making list daryl everyone whose dead didn't follow plan,0
bro really thinks someone cares followed m dead,0
really fifa dead fish celebration,0
feel dead dnskdn bc,0
beyonc found dead ok now got attention text resist save net neutrality,0
cali thewalkingdead making list daryl everyone whose dead didn't follow plan,0
need mutual rt stan pierce veil palaye royale sleeping sirens crown empire tonight aliv,0
day dead bloodline red band trailer,0
legs boots outfit ok m dead,0
red dead redemption hype new one ft deadfred via,0
one favorites almost recite time kinda sad now movie contemporar,0
repeats talking dead just wait,0
dead ass sound just like,0
want dance iv spades want fall love ben amp ben want rnb chill james reid want feel happy ransom co,0
cali thewalkingdead making list daryl everyone whose dead didn't follow plan,0
today lost groundbreaking journalist civil rights icon true american hero simeon booker devoted life s,0
really fifa dead fish celebration,0
bad parents dead,0
lmfao deb always fighting m dead shameless,0
bad parents dead,0
dead,0
cali thewalkingdead making list daryl everyone whose dead didn't follow plan,0
y ve truly dead ve busy m sorry,0
erics dead,0
hate sleep wrong wake dead shoulder broken jaw like possibly fuck ha,0
remade mine just go casually p nice also follow handful,0
violent antifa protest dead woman's memorial,0
happening thewalkingdead mid season finale airs tonight get ever hyped watching trailer,0
bitch m dead,0
g herbo friends dead,0
great barrier reef will dead due human maltreatment oceans says david attenborough,0
no matter find tonight's msf know ll okay survive tell,0
thewalkingdead really hijab apocalypse dead getting pc,0
ain't proving nobody anymore man shit dead fuck,0
hate losing fantasy much throws touchdowns tomorrow night ll get face tattooed,0
gtfo get fuck stfu shut fuck mkmkomfgsfd miss keisha miss keisha oh fuckin god fuckin dead,0
airport following robbers nailed marlboro offramp shot dead arrested unlicenced firearms amp ml seized h,0
cali thewalkingdead making list daryl everyone whose dead didn't follow plan,0
tejada m dead,0
really fifa dead fish celebration,0
walking dead,0
ae hora de walking dead,0
gtfo get fuck stfu shut fuck mkmkomfgsfd miss keisha miss keisha oh fuckin god fuckin dead,0
not normal walking dead affects heart rate elevated sweaty palms nausea,0
ve just watched episode walking dead tvtime,0
btw live calif,0
well walking dead never fails make angry,0
nowplaying dead eyes opened tuans day goth gothic radio,0
people think neat cool word timberwolf forget nots darkolivegreen espi dead,0
gtfo get fuck stfu shut fuck mkmkomfgsfd miss keisha miss keisha oh fuckin god fuckin dead,0
dead m dead supposed live nine month without two outlanderfinale,0
not speak children died middle east dead children yo,0
m lazy actor audition roles dead people,0
katrina kaif looks drop dead gorgeous lux golden rose awards,0
tbh m mess seem happy inside m dead breathe smoke exhale maybe just temporary,0
cali thewalkingdead making list daryl everyone whose dead didn't follow plan,0
m liberal agree sean hannity u s journalism dead couldn't un see bias welcome corrup,0
suicide pact class eight girls jump off building tamil nadu one survives,0
m dead duuuuvvvvaaalllll,0
fun games till dead ass stop fucking,0
walking dead giving fucking heart attack right now man cannot take,0
niyyy ain't gotta die dead,0
lincoln dead year amendment passed congress knows ha,0
dead,0
fun games till dead ass stop fucking,0
fun games till dead ass stop fucking,0
cali thewalkingdead making list daryl everyone whose dead didn't follow plan,0
fun games till dead ass stop fucking,0
cali thewalkingdead making list daryl everyone whose dead didn't follow plan,0
cali thewalkingdead making list daryl everyone whose dead didn't follow plan,0
michonne judith ll back ll bring daddy gonna bring shane back dead thewa,0
m done u swear god will last text send ur dead wym,0
someone already exposed family confederate flags ig m dead,0
friends check big walking dead program tonight monumental one lots folks worked hard,0
fun games till dead ass stop fucking,0
footage provided abc appears show papua new guinea locals possibly drunk coming new accommodation thr,0
man killed suspected machete attack suburban street,0
know downside sara lance legends laurel lance dead no alex kingston mother,0
walking dead crazy tonight,0
morgue worker sex dead body got pregnant porn,0
walking dead eu te amo porra,0
find mutuals rt like teen wolf pretty little liars vampire diaries theoriginals reign agents shi,0
cali thewalkingdead making list daryl everyone whose dead didn't follow plan,0
believed dead,0
morgue worker sex dead body got pregnant porn,0
cali thewalkingdead making list daryl everyone whose dead didn't follow plan,0
walking dead stressing,0
im rooting teamrick kick saviors ass let negan see dead,0
wisdom tom stoppard's play rosencrantz amp guildenstern dead,0
cali thewalkingdead making list daryl everyone whose dead didn't follow plan,0
cali thewalkingdead making list daryl everyone whose dead didn't follow plan,0
really fifa dead fish celebration,0
school shooting thursday left two students dead missed entirely incidents used,0
eh vontade de ver walking dead mesmo,0
icymi negan assaulted alexandria thewalkingdead comics,0
really fifa dead fish celebration,0
re dead meat locals threaten manus island asylum seekers via,0
m dead,0
muddy lullabies way droppin dead men,0
walking dead fandom right now,0
fun games till dead ass stop fucking,0
breaking least dead small plane crashes near miami executive airport,0
niyyy ain't gotta die dead,0
mean think going happen can't declare war people go home watch netflix,0
fun games till dead ass stop fucking,0
love waking dead sleep bc nicole's sims either fucking laughing,0
cali thewalkingdead making list daryl everyone whose dead didn't follow plan,0
open borders tried empirical fact terrorism increases many dead babies worth can,0
edddyt shit got dead asf,0
fun games till dead ass stop fucking,0
y still watch walking dead,0
clothes tropical rain forest peach blossoms beside olivedrab sugar always depressed hot dead hot fa,0
whew ok lets fuckin go first one popular demand akio ichikawa dead depressed best disas,0
jesus dead along billions ppl death cult known christianity murdered ruined lives,0
cali thewalkingdead making list daryl everyone whose dead didn't follow plan,0
cali thewalkingdead making list daryl everyone whose dead didn't follow plan,0
fun games till dead ass stop fucking,0
something ve learned past three years don't water dead plant relationships people,0
stares fucking xmas tree good bad ugly theme song plays cut tree cut,0
dead,0
fun games till dead ass stop fucking,0
really fifa dead fish celebration,0
miami drivers like sun shining god forbid ever snows bitch dead,0
school shooter leaves dead hot girl,0
fun games till dead ass stop fucking,0
legs boots outfit ok m dead,0
every dead body not exterminated becomes one gets kills people kills get kill,0
ve just watched episode walking dead lt tvtime,0
m done u swear god will last text send ur dead wym,0
walking dead mid season finale stressing tf,0
will long dead happens not going anywhere soon think d ok brown,0
bitch hope fuck d dead son bitch tell u,0
tonight jewish teenagers hide basement gothenburg synagogue firebombs thrown building,0
zombieapocalypse comedy bookreview drop dead funny wasn't just book,0
fun games till dead ass stop fucking,0
walking dead references freshman twd thewalkingdead,0
really fifa dead fish celebration,0
chris moore fifa dead fish celebration nflcelebrations,0
dead,0
need kingdom dead finite shit thewalkingdead,0
friends dead,0
cali thewalkingdead making list daryl everyone whose dead didn't follow plan,0
dead move,0
couple things reporters not moved told get away quint,0
just make pajamies m dead literally figuratively,0
fuckkkkkkkk nvm dead im pissed,0
call bs episode walking dead no way tables turned quick walkingdead thewalkingdead,0
iconic lyric m better ever man talks shit owe nothing th,0
fun games till dead ass stop fucking,0
cali thewalkingdead making list daryl everyone whose dead didn't follow plan,0
coroner ids woman found dead bay sunnyvale via,0
cali thewalkingdead making list daryl everyone whose dead didn't follow plan,0
tesla rather dead one,0
fun games till dead ass stop fucking,0
dead,0
late pornstar august ames shared struggles depression ostracization family rap,0
n preparada pro novo ep de walking dead,0
fun games till dead ass stop fucking,0
shoulda dead since like seasons ah,0
want goth gf r u sure ready one r u sure r u rly sure goth gf going target standing,0
twitter name m dead asf,0
mouth hell must crammed choking struggle's dead let us cram swiftly put end endeavour,0
pull pants shot till dead police supposed protect us not put us,0
fun games till dead ass stop fucking,0
beatsbynav m problem can fix type silent treatment shit dead grow learn commun,0
cali thewalkingdead making list daryl everyone whose dead didn't follow plan,0
really fifa dead fish celebration,0
report see many dead people vote many unregistered illegals vote dems get,0
fun games till dead ass stop fucking,0
cali thewalkingdead making list daryl everyone whose dead didn't follow plan,0
come back dead,0
fun games till dead ass stop fucking,0
walking dead references freshman twd thewalkingdead,0
don't care mccarron starts not want go get high pick new coach get wit,0
m dead,0
watching walking dead,0
go watching walking dead twd thewalkingdead tv amc,0
rip ucsb students ain't dead just gotta study finals break,0
dom zelda couple even game lil dead river stalking tyson whats new,0
irby im fuckin dead dude noooo,0
don't act like ain't get leveled halloween decorations dead door,0
can someone pls link walking dead tonight help,0
m sorry report walking dead jumped shark episodes back wasteoftime,0
fun games till dead ass stop fucking,0
dead homie one stfu dig amp ask,0
g herbo friends dead,0
dead ass not boyfriend took almost year realize giving nigga disappear,0
dead,0
gtfo get fuck stfu shut fuck mkmkomfgsfd miss keisha miss keisha oh fuckin god fuckin dead,0
m writing paper dismantling heroic myth amp masculinity america m watching walking dea,0
anthony walking dead best show idgaf don't,0
hate sleep wrong wake dead shoulder broken jaw like possibly fuck ha,0
cali thewalkingdead making list daryl everyone whose dead didn't follow plan,0
fun games till dead ass stop fucking,0
madison beer dead lyric video via,0
will cry episode walking dead likely,0
walking dead got like,0
dick nacos love lmfaooo dead,0
sparks fictional situation gives anxiety thewalkingdead,0
two can keep secret one dead,0
fun games till dead ass stop fucking,0
thewalkingdead mid season finale airs two hours watch exclusive scene hold,0
fun games till dead ass stop fucking,0
open borders tried empirical fact terrorism increases many dead babies worth can,0
lmao frfr thats madr new ts dead,0
dead,0
english dead londinium defeated stirling,0
open borders tried empirical fact terrorism increases many dead babies worth can,0
cali thewalkingdead making list daryl everyone whose dead didn't follow plan,0
open borders tried empirical fact terrorism increases many dead babies worth can,0
fun games till dead ass stop fucking,0
cali thewalkingdead making list daryl everyone whose dead didn't follow plan,0
probably doesn't realize dead,0
vem walking dead,0
just make pajamies m dead literally figuratively,0
dead,0
don't hit see flourishing especially left dead trying figure word,0
can't fix already dead,0
attention please will make publicly available audio video don's may interview,0
back bullshit come walking dead,0
heed not words ye lass kin heed not things said now ye lay amongst roses slumber,0
walking dead references freshman twd thewalkingdead,0
dead,0
aaron hernandez's brain shows no one play football ever,0
really fifa dead fish celebration,0
bruh continually get asses whooped walking dead annoying,0
dead ass will ruin life don't fucking try hoe m devil,0
alguem assiste walking dead em,0
rip everyone walking dead,0
really fifa dead fish celebration,0
pleading life trying comply shot dead anyway enough,0
cali thewalkingdead making list daryl everyone whose dead didn't follow plan,0
pleading life trying comply shot dead anyway enough,0
fun games till dead ass stop fucking,0
niyyy ain't gotta die dead,0
episode better end neegan dead m done thewalkingdead,0
walking dead playing emotions fuck mafuckas get expected couple,0
whole season walking dead avoided killed megan first episode n,0
friends dead,0
cnn's credibility dead don't let distract fact undertaker threw mankind off hel,0
fun games till dead ass stop fucking,0
dead,0
since dead can take off head recite shakespearean quotations jack skellington bookmarks,0
eighteen year old lady drop dead gorgeous morxonemusicfanfestatek,0
cant even call cops report astro heart stopping attacks today bc police officers im,0
yixing wants dead,0
fun games till dead ass stop fucking,0
m incredulous understand existing fake outrage toward russia fakestreammedia msm fsm,0
g herbo friends dead,0
back dead unpopular demand oc rebooted descriptive h p,0
really hate least right now may make later want dead rn,0
dinner anderson tonight place dead totally forgot anderson dry sundays,0
sales people motivated producing top producers dead weight non productive costing money valuab,0
fun games till dead ass stop fucking,0
cali thewalkingdead making list daryl everyone whose dead didn't follow plan,0
great barrier reef will dead says david attenborough's blue planet ii via,0
really fifa dead fish celebration,0
cali thewalkingdead making list daryl everyone whose dead didn't follow plan,0
definitely dead,0
cali thewalkingdead making list daryl everyone whose dead didn't follow plan,0
walking dead rn m shook thewalkingdead,0
dad said dictator dead right,0
can't stop won't stop kurlzz make booty drop can't stop won't stop funny make booty drop can't stop won't s,0
cali thewalkingdead making list daryl everyone whose dead didn't follow plan,0
cali thewalkingdead making list daryl everyone whose dead didn't follow plan,0
really fifa dead fish celebration,0
cali thewalkingdead making list daryl everyone whose dead didn't follow plan,0
pathetic,0
love day much leather jacket polka dot shirt want dead bad,0
cali thewalkingdead making list daryl everyone whose dead didn't follow plan,0
evolution banker outlook bitcoin bitcoin joke bitcoin dead blockchains not bi,0
study buddy said yeah buying food also ride several different ways m dead y,0
getting dressed dead winter no easy need stay warm look cool yet offer cool winte,0
drive hours go back dc find dead grandma's glove misplaced dropped somewhere ev,0
still gonna walking dead return h k,0
like sal clare going get matching tattoos month dead cute planner thing,0
stop comparing dead rappers alive rappers period fucking disrespectful,0
really fifa dead fish celebration,0
two things everyone slept year chargers ain't dead bitches protein mvp bolts,0
cali thewalkingdead making list daryl everyone whose dead didn't follow plan,0
niyyy ain't no sucka ass bitch m wrong ll apologize make right can m definitely not gon,0
cali thewalkingdead making list daryl everyone whose dead didn't follow plan,0
reedus punisher walking dead crossover lol,0
dead ass yo flip flops n,0
alleged incident happened buffalo d talk ass much,0
kiss m dead dominic piper new unique take classic noir detective story,0
god can make dry bones live can revive even dead consumerist back glory praise,0
peacock katydid resembles dead leaf wings closed eye spots vivid colors displayed whe,0
dead,0
journey world undead quantum heights thelivingdead underworldbloodwars,0
new walking dead game works overkill view thewalkingdead,0
michonne judith ll back ll bring daddy gonna bring shane back dead thewa,0
dec still dead,0
morgue worker sex dead body got pregnant porn,0
keep killing off favorite characters talking dead thewalkingdead walkingdead twd,0
cali thewalkingdead making list daryl everyone whose dead didn't follow plan,0
zelda zonk guys imagine possibilities vine kyle step fuck can raven swim jared ever learn read,0
maybe life doesn't end re dead gotta settle happy moments instead happy endings,0
morgue worker sex dead body got pregnant porn,0
michonne judith ll back ll bring daddy gonna bring shane back dead thewa,0
aaron enid better convince cyndie get feelings dead grandma side fast can thewalkingdead,0
cali thewalkingdead making list daryl everyone whose dead didn't follow plan,0
dead,0
hunterdixon re womb mid season finale walking dead thewalkingdead,0
walking dead episode anxiety high cmon save kingdom ass hats trusttheking,0
gtfo get fuck stfu shut fuck mkmkomfgsfd miss keisha miss keisha oh fuckin god fuckin dead,0
honestly don't know can watch walking dead anymore take l's every episode,0
y dead wrong,0
m watching walking dead gotta twd trakt,0
army,0
assistir aquele walking dead suuuussegadin,0
reason ms keisha dead,0
michonne judith ll back ll bring daddy gonna bring shane back dead thewa,0
girl dead ass,0
one kids m babysitting just yelled free shavacado m dead,0
no like dead karma real,0
dead asleep song comes,0
today lost groundbreaking journalist civil rights icon true american hero simeon booker devoted life s,0
hannibal burress arrested one cops said difficult cracking jokes hanni,0
cut off act like dead amp killing,0
niyyy ain't gotta die dead,0
find kid got clocked face rather read school just got shot dead,0
want goth gf r u sure ready one r u sure r u rly sure goth gf going target standing,0
cali thewalkingdead making list daryl everyone whose dead didn't follow plan,0
m really dead lmaoo,0
really fifa dead fish celebration,0
dead,0
going crawl skin watching walking dead twdmidseasonfinale talkingdead,0
like night living dead mariah keeps coming back marriedtomedicine,0
cali thewalkingdead making list daryl everyone whose dead didn't follow plan,0
loooooooooooool im dead,0
millander thought dead told d never leave soulmates outlanderfinale starz https,0
mean think going happen can't declare war people go home watch netflix un,0
cali thewalkingdead making list daryl everyone whose dead didn't follow plan,0
dead,0
round not sure better catch keenan made flea flicker playing dead one yard line w,0
dead,0
pop punk not dead,0
someone tell song looking since saw sc ages ago dead,0
open borders tried empirical fact terrorism increases many dead babies worth can,0
watching walking dead amp just get lammmeeeess,0
thrice taste buds humans capable controlling brain chemistry imitate anima,0
im dead,0
gtfo get fuck stfu shut fuck mkmkomfgsfd miss keisha miss keisha oh fuckin god fuckin dead,0
oh dead,0
holy crap walking dead just got real can't breathe can't watch heart pounding chest,0
really fifa dead fish celebration,0
im dead,0
walking dead episode absolutely incredible far,0
really fifa dead fish celebration,0
m dead college got us fucked,0
friends check big walking dead program tonight monumental one lots folks worked hard,0
cali thewalkingdead making list daryl everyone whose dead didn't follow plan,0
sprinkles bakloosh appreciation post depsite social capabilities dead tv remote fortunate enough,0
dead,0
people think can read basic arithmetic can hold basic conversation believe aren t,0
twd walking dead better not kill someone leave freaking cliffhanger without giving hope,0
m dead,0
im dead,0
ppl still watch walking dead apparently,0
walking dead s negan offers chat anyone bothering keaton jones,0
rev liveth dead behold alive forevermore amen keys hell,0
yep gonna one walking dead episodes facepalm award goes daryl amp tara way suck guys thewalking,0
get damn old certain goofy shit like dead ass,0
gonna get everyone killed lmao swear carl ve dead seasons ago always getting hi,0
playing catch walking dead tonight walking dog took longer planned twd,0
net neutrality net neutrality,0
im talkin bout walking dead bae lol,0
jon snow went wall became lord commander foles murdered men went kc reid ros,0
beyonc found dead ok now got attention text resist save net neutrality,0
dead,0
trying stay calm walking dead season finale amc thewalkingdead twd,0
dead assss though,0
shocking violent antifa protest dead woman's memorial via past time every,0
thegreat end dead,0
rate d will dead feet next drive ravensflock,0
amc last chance unlock new walker twdencounter app scan ad tonight's twd finale,0
cali thewalkingdead making list daryl everyone whose dead didn't follow plan,0
mckenna tiffany pollard queen hbic orchestrated greatest pop,0
dead,0
someone already exposed family confederate flags ig m dead,0
phones dead,0
walking dead already got edge,0
,0
liked video dg dead island tease,0
walking dead best show idgaf don't,0
jassssy faithful really not hard idc anybody says whole re young shit dead asf don't get f,0
gtfo get fuck stfu shut fuck mkmkomfgsfd miss keisha miss keisha oh fuckin god fuckin dead,0
no one killed pareshmesta says karnataka police fell lake died say next,0
negan ve dead like keep bitching m not,0
dead,0
gtfo get fuck stfu shut fuck mkmkomfgsfd miss keisha miss keisha oh fuckin god fuckin dead,0
walking dead killing anxiety rn,0
not bouta chase nobody relationship dead,0
nanii dead homie one stfu dig amp ask,0
madonna found dead malawi,0
dead end dead,0
cali thewalkingdead making list daryl everyone whose dead didn't follow plan,0
tragedy rumor aren't dead lost actually end island somewh,0
open borders tried empirical fact terrorism increases many dead babies worth can,0
gtfo get fuck stfu shut fuck mkmkomfgsfd miss keisha miss keisha oh fuckin god fuckin dead,0
cali thewalkingdead making list daryl everyone whose dead didn't follow plan,0
chris moore fifa dead fish celebration nflcelebrations,0
gtfo get fuck stfu shut fuck mkmkomfgsfd miss keisha miss keisha oh fuckin god fuckin dead,0
really fifa dead fish celebration,0
instead gave list confusing demands told anyone anyone ve en,0
beyonc found dead ok now got attention text resist save net neutrality,0
not repeating shit souls dead,0
ya think m playing m dead ass,0
hey keatonjones just saw video tough time re going not sure re walking dead fan,0
cali thewalkingdead making list daryl everyone whose dead didn't follow plan,0
vine miss keisha no longer dead jared learned read raven can now swim rebecca still won't hesitat,0
acc dead mas vou tentar reviver,0
welp walking dead officially jumped shark hopefully different writers m pi,0
adelee im dead,0
lacey simbaaa robins dead ahh lying neega,0
beyonc found dead ok now got attention text resist save net neutrality,0
watching season stranger things jonathan pullout m dead,0
cali thewalkingdead making list daryl everyone whose dead didn't follow plan,0
timeline dead m going sleep didn't homework idgaf,0
just sad gimple will able kill fear walking dead like killed show fear bette,0
cali thewalkingdead making list daryl everyone whose dead didn't follow plan,0
cali thewalkingdead making list daryl everyone whose dead didn't follow plan,0
chris moore fifa dead fish celebration nflcelebrations,0
amc hope won't say king dead not jerry,0
dead,0
cali thewalkingdead making list daryl everyone whose dead didn't follow plan,0
m dead,0
cali thewalkingdead making list daryl everyone whose dead didn't follow plan,0
agora vou ver walking dead,0
really fifa dead fish celebration,0
cali thewalkingdead making list daryl everyone whose dead didn't follow plan,0
really fifa dead fish celebration,0
niyyy ain't no sucka ass bitch m wrong ll apologize make right can m definitely not gon,0
cali thewalkingdead making list daryl everyone whose dead didn't follow plan,0
dead sea scrolls confirm accuracy popular accurate reliable,0
plants dead push edge,0
cali thewalkingdead making list daryl everyone whose dead didn't follow plan,0
please arent watching walling dead tonight stay twiiter will spoil,0
sometimes wish week walking dead worst thing happened rick forgot put th,0
kiss m dead dominic piper part mystery part int,0
today lost groundbreaking journalist civil rights icon true american hero simeon booker devoted life s,0
cali thewalkingdead making list daryl everyone whose dead didn't follow plan,0
yeah fear walking dead walking dead fan answer important questions,0
actually four years ago dan brown described manila novel inferno gates hell,0
dead inside til yuh,0
m already dead inside,0
late pornstar august ames shared struggles depression ostracization family rap,0
love possibly yes marriage way dead health ll take good health,0
genuine alr bet mf ig im dead,0
dead lmao pls question answered won't even no need argument starting,0
yung lobo im dead brb,0
amc uh fuck happened weren't saviors dead thewalkingdead,0
girl dead new bestfriend every week amp straight talks shit halls will like omg kenz hii love uuu foh,0
cali thewalkingdead making list daryl everyone whose dead didn't follow plan,0
let phone die let music go stuck dead phone no music,0
walking dead references freshman twd thewalkingdead,0
dead homie one stfu dig amp ask,0
michonne judith ll back ll bring daddy gonna bring shane back dead thewa,0
m saying possibly avoided entirely whi,0
wow re going dead guys now no one safe,0
things will drop probably m dead jojo part kingdom hearts stable berserk chapter release schedule robb,0
work dead ass just called cowboy bebop green day boy,0
stop walking dead spoilers,0
niyyy ain't gotta die dead,0
yow mi dead,0
destiny dead since released,0
cnn's credibility dead don't let distract fact undertaker threw mankind off hel,0
niyyy ain't gotta die dead,0
daryl vegeta walking dead now hubris actions made everything infinitely worse thewalkingdead,0
ain't no sucka ass bitch m wrong ll apologize amp make right can m definitely not g,0
gotta watching walking dead twd thewalkingdead tv,0
australian pelican sitting dead tree belvoir park lake wodonga australia stormhour thephotohour,0
want negan drop dead im not exaggerating shitty character no reedeming qualities idgi rlly,0
gtfo get fuck stfu shut fuck mkmkomfgsfd miss keisha miss keisha oh fuckin god fuckin dead,0
giampietrino dead cleopatra,0
just commercials walking dead used really annoying,0
phone dead day not sure can rip snap streaks,0
walking dead benefit shortened seasons way wouldn't week week filler t,0
dead,0
walking dead community's anger daryl right now twd thewalkingdead,0
pleading life trying comply shot dead anyway enough,0
cali thewalkingdead making list daryl everyone whose dead didn't follow plan,0
regime change advocates dead wrong syria,0
tate m off walking dead great night,0
tired stick rick company walking dead now m done deserve lose dumb,0
chris moore fifa dead fish celebration nflcelebrations,0
footage provided abc appears show papua new guinea locals possibly drunk coming new accommodation thr,0
bangladeshis shot dead indian bsf along rajshahi border,0
utah hit national hepatitis outbreak left dead california michigan,0
consider running class none students compelled tell private challenges make,0
dead homie one stfu dig amp ask,0
gtfo get fuck stfu shut fuck mkmkomfgsfd miss keisha miss keisha oh fuckin god fuckin dead,0
pretty rad agreed stay till m dead no one tell m not cool,0
cali thewalkingdead making list daryl everyone whose dead didn't follow plan,0
thewalkingdead mid season finale airs two hours watch exclusive scene hold,0
kailssss m dead capitalizing like used right word,0
gtfo get fuck stfu shut fuck mkmkomfgsfd miss keisha miss keisha oh fuckin god fuckin dead,0
dead,0
pretty much dead already made suffer far gone coda start finish hearts still beating gotta mid s,0
net neutrality net neutrality,0
dead counting,0
xanax not toy exstacy not toy promethazine not toy adderal not toy percocet not toy,0
gtfo get fuck stfu shut fuck mkmkomfgsfd miss keisha miss keisha oh fuckin god fuckin dead,0
yooong awesome betweenus needs appreciated rocks u off ur feet yonghwa composed song fuse rock elements,0
nanii dead homie one stfu dig amp ask,0
tv im walking dead fan u promise min special want min done damn commercials,0
gtfo get fuck stfu shut fuck mkmkomfgsfd miss keisha miss keisha oh fuckin god fuckin dead,0
show headass re dead thewalkingdead,0
dead,0
action comedy dead long live political comedy,0
gtfo get fuck stfu shut fuck mkmkomfgsfd miss keisha miss keisha oh fuckin god fuckin dead,0
guess democracy officially dead venezuela,0
m really dead lmaoo,0
really fifa dead fish celebration,0
cnn's credibility dead don't let distract fact undertaker threw mankind off hel,0
cali thewalkingdead making list daryl everyone whose dead didn't follow plan,0
dead,0
shits dead,0
michonne judith ll back ll bring daddy gonna bring shane back dead thewa,0
west dear lord today cut off extra branches around constantly bare no fruit cut dead weight lif,0
cali thewalkingdead making list daryl everyone whose dead didn't follow plan,0
walking dead mid season finale already giving heart attacks,0
cali thewalkingdead making list daryl everyone whose dead didn't follow plan,0
large pores concern try alpha hydroxy acid aha product ahas remove dead skin cells hardened oil plugs,0
open borders tried empirical fact terrorism increases many dead babies worth can,0
beyonc found dead ok now got attention text resist save net neutrality,0
im pretty sure ezekiel goner story arc dead no longer king army dead,0
haters fbi officially confirms true pundit's dnc hacking story dead democrats refused federal agen,0
going crawl skin watching walking dead twdmidseasonfinale talkingdead,0
cali thewalkingdead making list daryl everyone whose dead didn't follow plan,0
according comics ezekiel dead morgan dead father gabrial dead,0
zayn dinner anyone dead alive michael jackson,0
gtfo get fuck stfu shut fuck mkmkomfgsfd miss keisha miss keisha oh fuckin god fuckin dead,0
m dead,0
really fifa dead fish celebration,0
noaa believe mass mortality event sea lions caused poor immune systems apparently ho,0
can't stop won't stop charlie make booty drop can't stop won't stop johnny make booty drop can't stop wo,0
m dead capitalizing like used right word,0
really fifa dead fish celebration,0
m back dead people m back pleasure cuties openrp lewdrp,0
alec raeshawn smith age found dead apartment june rationing insulin aged h,0
really fifa dead fish celebration,0
expect least one thing ten minutes mutuals want drop dead,0
niyyy ain't no sucka ass bitch m wrong ll apologize make right can m definitely not gon,0
walking dead fandom right now,0
walking dead getting fucking crazy can't,0
friends check big walking dead program tonight monumental one lots folks worked hard,0
cali thewalkingdead making list daryl everyone whose dead didn't follow plan,0
dead,0
two things everyone slept year chargers ain't dead bitches protein mvp bolts,0
dead,0
say romance dead,0
dead,0
life not waiting storm pass learning dance rain dead acquired dan,0
dead,0
walking dead waaaaaay much tonight m getting sick like really sick walkingdead thewalkingdead amc,0
someone already exposed family confederate flags ig m dead,0
dead,0
church dead silent prayer throat starts itching cough,0
vine miss keisha no longer dead jared learned read raven can now swim rebecca still won't hesitat,0
walking dead episode horse shit far thewalkingdead,0
cali thewalkingdead making list daryl everyone whose dead didn't follow plan,0
simon looked g d hate want dead don't like simon,0
first trailer overkill's thewalkingdead finally overkilltwd,0
cali thewalkingdead making list daryl everyone whose dead didn't follow plan,0
walking dead really pissing off right now amc walkingdead,0
cnn's credibility dead don't let distract fact undertaker threw mankind off hel,0
m truly done tho m actually dead,0
yooo tweet dead tho,0
dead homie one stfu dig amp ask,0
chris moore fifa dead fish celebration nflcelebrations,0
gtfo get fuck stfu shut fuck mkmkomfgsfd miss keisha miss keisha oh fuckin god fuckin dead,0
bad parents dead,0
neighbor re lost forest need find place trees dead can hide night will fall soon,0
ex say wish dead already dead inside,0
never get want dead ass lol point idc,0
cali thewalkingdead making list daryl everyone whose dead didn't follow plan,0
starting thewalkingdead now hoping daryl finally bites dust doubt eugene sure dead hell,0
plants dead push edge,0
walking dead mid season finale killing omg someone going die,0
y promote dead jew worship among cultures wanting ur cake amp eat now,0
im sothy will missed imsothy im sothy rip,0
cali thewalkingdead making list daryl everyone whose dead didn't follow plan,0
cali thewalkingdead making list daryl everyone whose dead didn't follow plan,0
cali thewalkingdead making list daryl everyone whose dead didn't follow plan,0
amc doesn't give good guys narrative win walking dead clearly don't mind losing viewers,0
ve watched every minute walking dead yet absolutely zero clue going solid writing,0
jarvis mann pi another spine tingling adventure read free kindle unlimited dead,0
cali thewalkingdead making list daryl everyone whose dead didn't follow plan,0
gtfo get fuck stfu shut fuck mkmkomfgsfd miss keisha miss keisha oh fuckin god fuckin dead,0
walking dead references freshman twd thewalkingdead,0
took off dead sprint across road,0
vinny m dead,0
really fifa dead fish celebration,0
cali thewalkingdead making list daryl everyone whose dead didn't follow plan,0
cnn's credibility dead don't let distract fact undertaker threw mankind off hel,0
