might just cat others friend loved one companion lapd motto protect,0
might just cat others friend loved one companion lapd motto protect,0
might just cat others friend loved one companion lapd motto protect,0
might just cat others friend loved one companion lapd motto protect,0
might just cat others friend loved one companion lapd motto protect,0
might just cat others friend loved one companion lapd motto protect,0
might just cat others friend loved one companion lapd motto protect,0
might just cat others friend loved one companion lapd motto protect,0
might just cat others friend loved one companion lapd motto protect,0
might just cat others friend loved one companion lapd motto protect,0
netflix fired actor danny masterson show ranch multiple women accused masterson raping,0
lapd rescues cat amid devastating wildfires might just cat others friend loved one compani,0
might just cat others friend loved one companion lapd motto protect,0
might just cat others friend loved one companion lapd motto protect,0
might just cat others friend loved one companion lapd motto protect,0
might just cat others friend loved one companion lapd motto protect,0
might just cat others friend loved one companion lapd motto protect,0
might just cat others friend loved one companion lapd motto protect,0
might just cat others friend loved one companion lapd motto protect,0
might just cat others friend loved one companion lapd motto protect,0
liked video jim carrey cops lapd,0
might just cat others friend loved one companion lapd motto protect,0
also interesting suicidal teen gone missing exact time place sudden acre fire,0
might just cat others friend loved one companion lapd motto protect,0
might just cat others friend loved one companion lapd motto protect,0
might just cat others friend loved one companion lapd motto protect,0
might just cat others friend loved one companion lapd motto protect,0
might just cat others friend loved one companion lapd motto protect,0
might just cat others friend loved one companion lapd motto protect,0
might just cat others friend loved one companion lapd motto protect,0
bitchhhh,0
might just cat others friend loved one companion lapd motto protect,0
might just cat others friend loved one companion lapd motto protect,0
might just cat others friend loved one companion lapd motto protect,0
might just cat others friend loved one companion lapd motto protect,0
might just cat others friend loved one companion lapd motto protect,0
belairfire lapd asks drivers not use apps,0
might just cat others friend loved one companion lapd motto protect,0
also interesting suicidal teen gone missing exact time place sudden acre fire,0
might just cat others friend loved one companion lapd motto protect,0
might just cat others friend loved one companion lapd motto protect,0
might just cat others friend loved one companion lapd motto protect,0
also interesting suicidal teen gone missing exact time place sudden acre fire,0
might just cat others friend loved one companion lapd motto protect,0
might just cat others friend loved one companion lapd motto protect,0
might just cat others friend loved one companion lapd motto protect,0
might just cat others friend loved one companion lapd motto protect,0
might just cat others friend loved one companion lapd motto protect,0
might just cat others friend loved one companion lapd motto protect,0
might just cat others friend loved one companion lapd motto protect,0
might just cat others friend loved one companion lapd motto protect,0
might just cat others friend loved one companion lapd motto protect,0
might just cat others friend loved one companion lapd motto protect,0
pfs clients amp teammates blake countess amp cornelius lucas lovestein also helping spread holida,0
might just cat others friend loved one companion lapd motto protect,0
joke lapd went tactical alert live day fire broke la co broke,0
might just cat others friend loved one companion lapd motto protect,0
might just cat others friend loved one companion lapd motto protect,0
might just cat others friend loved one companion lapd motto protect,0
might just cat others friend loved one companion lapd motto protect,0
might just cat others friend loved one companion lapd motto protect,0
might just cat others friend loved one companion lapd motto protect,0
might just cat others friend loved one companion lapd motto protect,0
might just cat others friend loved one companion lapd motto protect,0
might just cat others friend loved one companion lapd motto protect,0
might just cat others friend loved one companion lapd motto protect,0
might just cat others friend loved one companion lapd motto protect,0
might just cat others friend loved one companion lapd motto protect,0
might just cat others friend loved one companion lapd motto protect,0
might just cat others friend loved one companion lapd motto protect,0
might just cat others friend loved one companion lapd motto protect,0
thingsitrustmorethancnn oj simpson's story lapd framing math homework left home,0
might just cat others friend loved one companion lapd motto protect,0
failing corrupt lapd continues lie divine efforts hoax hoax truth god side praisesolis,0
might just cat others friend loved one companion lapd motto protect,0
might just cat others friend loved one companion lapd motto protect,0
might just cat others friend loved one companion lapd motto protect,0
might just cat others friend loved one companion lapd motto protect,0
might just cat others friend loved one companion lapd motto protect,0
lapd officer seen carrying cat smoky scene california wildfire evacuation googlealerts,0
might just cat others friend loved one companion lapd motto protect,0
might just cat others friend loved one companion lapd motto protect,0
might just cat others friend loved one companion lapd motto protect,0
might just cat others friend loved one companion lapd motto protect,0
might just cat others friend loved one companion lapd motto protect,0
might just cat others friend loved one companion lapd motto protect,0
might just cat others friend loved one companion lapd motto protect,0
might just cat others friend loved one companion lapd motto protect,0
might just cat others friend loved one companion lapd motto protect,0
might just cat others friend loved one companion lapd motto protect,0
might just cat others friend loved one companion lapd motto protect,0
lapd working save every califor celebritygossip celebritynews entertainmentnews news usa world canada uk,0
might just cat others friend loved one companion lapd motto protect,0
might just cat others friend loved one companion lapd motto protect,0
might just cat others friend loved one companion lapd motto protect,0
seemed like right hat choice lafd lapd firstresponders huge thank,0
made surprise visit first responders creekfire thanks support men women blue,0
might just cat others friend loved one companion lapd motto protect,0
might just cat others friend loved one companion lapd motto protect,0
might just cat others friend loved one companion lapd motto protect,0
feldman time reopen case report within statute now b admissible right corey feldman re,0
might just cat others friend loved one companion lapd motto protect,0
might just cat others friend loved one companion lapd motto protect,0
might just cat others friend loved one companion lapd motto protect,0
bravo lapd rescue lafires,0
might just cat others friend loved one companion lapd motto protect,0
truth feldman might want take look really makes serious allegations,0
man ralph wiley really ahead time via talking rodney king lapd verd,0
might just cat others friend loved one companion lapd motto protect,0
lapd posts sweet message officer rescues cat wildfire skirballfire creekfire,0
might just cat others friend loved one companion lapd motto protect,0
might just cat others friend loved one companion lapd motto protect,0
might just cat others friend loved one companion lapd motto protect,0
might just cat others friend loved one companion lapd motto protect,0
anti police riots explode off duty lapd officer clashes teens alex jones infowars war o,0
might just cat others friend loved one companion lapd motto protect,0
might just cat others friend loved one companion lapd motto protect,0
might just cat others friend loved one companion lapd motto protect,0
might just cat others friend loved one companion lapd motto protect,0
might just cat others friend loved one companion lapd motto protect,0
lapd group,0
might just cat others friend loved one companion lapd motto protect,0
might just cat others friend loved one companion lapd motto protect,0
might just cat others friend loved one companion lapd motto protect,0
might just cat others friend loved one companion lapd motto protect,0
fresh pics recent work crenshaw lax line,0
amazing friend lapd k officer m scared death d,0
might just cat others friend loved one companion lapd motto protect,0
lapd asked drivers avoid navigation apps steering users onto open routes streets neighborhood,0
heard lapd lapodcast hollywood sex scandal josh rubenstein soundcloud np,0
bravo lapd rescue lafires,0
might just cat others friend loved one companion lapd motto protect,0
want get lunch help l firefighters lapd chance,0
hollywood amp highland lapd requesting backup males swords going officers w beanbag rifles requested hellowe,0
might just cat others friend loved one companion lapd motto protect,0
might just cat others friend loved one companion lapd motto protect,0
thank,0
police find lost recordings corey feldman naming sexual predators,0
lapd officer came work today amp started talking fires amp said ventura county fires sti,0
might just cat others friend loved one companion lapd motto protect,0
man ralph wiley really ahead time via talking rodney king lapd verd,0
might just cat others friend loved one companion lapd motto protect,0
truth feldman might want take look really makes serious allegati,0
might just cat others friend loved one companion lapd motto protect,0
might just cat others friend loved one companion lapd motto protect,0
might just cat others friend loved one companion lapd motto protect,0
feldman m not lawyer depend statute limitations th,0
ask dead gay hooker buddy's house know one drugs la,0
johnny depp literally used techniques weinstein trying silence women viciously attacking amber h,0
might just cat others friend loved one companion lapd motto protect,0
huge gratitude units saving home many others skirballfire amazing professionals,0
guy needs lapd basketball team awesome,0
bravo lapd rescue lafires,0
fuck lapd m not saying shit cute research angrier get,0
always favorite shark losangeles charity sharktank lapd lafd lafires,0
always favorite shark losangeles charity sharktank lapd lafd lafires,0
care lot army navy air force marines care lot ny sf lapd via,0
lapd perfected every female officer ve ever seen bun lock,0
lapd truck stolen dockweiler beach red toyota tacoma exempt lic plate vehicle nu,0
thankful hwd cro lapd hwd holiday toy giveaway huge turnout approx privileged kids showed https,0
also interesting suicidal teen gone missing exact time place sudden acre fire,0
man ralph wiley really ahead time via talking rodney king lapd verd,0
sometimes chance needed great future congratulations class no capped off great deca,0
police find lost recordings corey feldman naming sexual predators,0
man ralph wiley really ahead time via talking rodney king lapd verd,0
man ralph wiley really ahead time via talking rodney king lapd,0
praying california responders firefighters pls rt californiawildfire,0
re proud partner lapd,0
seemed like right hat choice lafd lapd firstresponders huge thank,0
rowling one remembers call lapd domestic la loft came new york saying bea,0
truth demons dancing demons no something isn't right,0
sgt albert powell lapd played key role stopping terrorist attack nakatomi plaza,0
might just cat others friend loved one companion lapd motto protect,0
hollywood sexual assault scandal exploded police taking new reports everyday episode lapd pod,0
thankful hwd cro lapd hwd holiday toy giveaway huge turnout approx privileged kids showed https,0
might just cat others friend loved one companion lapd motto protect,0
bus service changes take effect sunday three car trains coming gold line,0
annual trip day stays stresses life get put per,0
lapd advised drivers wary following navigation apps direct areas fire,0
bravo lapd rescue lafires,0
thankful hwd cro lapd hwd holiday toy giveaway huge turnout approx privileged kids showed https,0
might just cat others friend loved one companion lapd motto protect,0
might just cat others friend loved one companion lapd motto protect,0
wont tell case number theyre fbi lapd told fbi took,0
johnny depp literally used techniques weinstein trying silence women viciously attacking amber h,0
thankful hwd cro lapd hwd holiday toy giveaway huge turnout approx privileged kids showed https,0
incredible sight see socal amp mcrig mobile mcdonalds restaurant providing firstresponders food amp water w,0
netflix fired actor danny masterson show ranch multiple women accused masterson raping,0
lapd truck stolen dockweiler beach red toyota tacoma exempt lic plate vehicle nu,0
day lapd officers providing support lafd residents affected fires taken hansen dam,0
incredible sight see socal amp mcrig mobile mcdonalds restaurant providing firstresponders food amp water w,0
sometimes answering radio call sometimes catching bad guy sometimes creati,0
might just cat others friend loved one companion lapd motto protect,0
remember collecting dodgers baseball cards lapd officer,0
awesome time lapd christmas party one love making memories,0
will someone finally explain wtf big x building corner victory alameda burbank,0
annual fundraiser happening right now amp maple can contribute,0
misleading title lapd breaks kids ankles takes shot,0
also interesting suicidal teen gone missing exact time place sudden acre fire,0
incredible sight see socal amp mcrig mobile mcdonalds restaurant providing firstresponders food amp water w,0
also interesting suicidal teen gone missing exact time place sudden acre fire,0
guys rock lapd officers checked hubby evacs kind caring sylmar mtn glen t,0
hatton feldman gave names sbpd filed report lapd law enforcement,0
might just cat others friend loved one companion lapd motto protect,0
rowling showed pic called tonto told,0
d rather vote garcetti hasn't done enough curb lapd's violence racism imo bet,0
hiding bed case lapd drives way knocks door,0
netflix fired actor danny masterson show ranch multiple women accused masterson raping,0
cop needs jail held gun point lapd intense sca,0
ryanjoseph killed lapd last night near western audio one witness,0
might just cat others friend loved one companion lapd motto protect,0
praying california responders medical staff nurses doctors pls rt,0
might just cat others friend loved one companion lapd motto protect,0
sgtgarcia prayers first responders working fires well affected lapd lafd,0
livepd fun fact dad delivered bear cat thingy lapd,0
might just cat others friend loved one companion lapd motto protect,0
last night uber two lapd officers convinced go bar,0
many thanks vons central city police boosters central area senior lead officers making annual ann street,0
just in's benedict canyon home burglarized jewelry items taken lapd says,0
lapd warns navigation apps steering people neighborhoods fire via,0
police find lost recordings corey feldman naming sexual predators,0
might just cat others friend loved one companion lapd motto protect,0
might just cat others friend loved one companion lapd motto protect,0
will christopherdorner decent cop tried expose corruption lapd fo,0
also interesting suicidal teen gone missing exact time place sudden acre fire,0
genuine lapd series police officer badge unfinished rare los angeles ca auctions buy sell findtarget,0
might just cat others friend loved one companion lapd motto protect,0
might just cat others friend loved one companion lapd motto protect,0
might just cat others friend loved one companion lapd motto protect,0
might just cat others friend loved one companion lapd motto protect,0
might just cat others friend loved one companion lapd motto protect,0
feldman go corey go,0
police lapd national guard flee panic completely routed cheer goes saa hezbollah quds force,0
netflix fired actor danny masterson show ranch multiple women accused masterson raping,0
turns lapd office gets gift card restaurant,0
might just cat others friend loved one companion lapd motto protect,0
incredible sight see socal amp mcrig mobile mcdonalds restaurant providing firstresponders food amp water w,0
ucla showed heroes fighting skirballfire providing roughly free meals command,0
netflix fired actor danny masterson show ranch multiple women accused masterson raping,0
might just cat others friend loved one companion lapd motto protect,0
prayers california police lapd pls rt californiawildfire californiafires,0
annual el sereno tree lighting winter jubilee finest,0
see life teenage high school dropout reclaimed turned productive member co,0
lapd warns drivers navigation apps like waze may steer toward wildfires,0
los angeles police protective league's eagle amp badge foundation hosting christmas movie night lapd acade,0
might just cat others friend loved one companion lapd motto protect,0
rowling look first lapd came said no crime committed,0
incredible sight see socal amp mcrig mobile mcdonalds restaurant providing firstresponders food amp water w,0
incredible sight see socal amp mcrig mobile mcdonalds restaurant providing firstresponders food amp water w,0
vcr malcom gave speech funeral man killed lapd years ago still se,0
stallone air assaults simon phoenix's snipes lair jumping looks like lapd ch ch b c cops need,0
police find lost recordings corey feldman naming sexual predators,0
feldman time reopen case report within statute now b admissible right corey feldman re,0
mapping apps reportedly directing people fleeing southern california wildfires areas fire,0
might just cat others friend loved one companion lapd motto protect,0
vcr malcom gave speech funeral man killed lapd years ago still se,0
might just cat others friend loved one companion lapd motto protect,0
feldman time reopen case report within statute now b admissible right corey feldman re,0
vcr malcom gave speech funeral man killed lapd years ago still se,0
hollywood sexual assault scandal exploded police taking new reports everyday episode lapd pod,0
might just cat others friend loved one companion lapd motto protect,0
not ft hood shooter lapd shooter dormer,0
bryan singer long history getting away numerous allegations sexual abuse child molestation no,0
bravo lapd rescue lafires,0
lapd requesting dispatch call rp responsible party local bank unlocked open front door closed,0
feldman squashed decade ago f police u r part o,0
kev gotta start scene dumb lapd officer's ba,0
feldman crooked ass cops f u mferz corrupt asf,0
will hushed lapd not even suspended cadet program investigation,0
bryan singer long history getting away numerous allegations sexual abuse child molestation no,0
owen think many police depts beef things bank robbery h,0
homeless man shot lapd illegal alien convicted bank robber,0
feldman looks like lapd apart pedo ring dirty f cking poe poe s,0
nb glad least handguns illegal chance chat,0
prayers california first responders pls rt californiawildfire californiafires,0
hollywood amp highland lapd requesting backup males swords going officers w beanbag rifles requested hellowe,0
might just cat others friend loved one companion lapd motto protect,0
might just cat others friend loved one companion lapd motto protect,0
might just cat others friend loved one companion lapd motto protect,0
lapd officer seen carrying cat smoky scene california wildfire evacuation,0
god bless first responders protect serve care us even furry family members lafire lapd,0
lapd investigates captain's link valley marijuana bust,0
feldman time reopen case report within statute now b admissible right corey feldman re,0
thankful hwd cro lapd hwd holiday toy giveaway huge turnout approx privileged kids showed https,0
lisa,0
bravo lapd rescue lafires,0
might just cat others friend loved one companion lapd motto protect,0
might just cat others friend loved one companion lapd motto protect,0
might just cat others friend loved one companion lapd motto protect,0
might just cat others friend loved one companion lapd motto protect,0
made surprise visit first responders creekfire thanks support men women blue,0
villa perfect opportunity prove re not sciento,0
tip iceberg re going set back law enforcement policing public safety,0
many thanks vons central city police boosters central area senior lead officers making annual ann street,0
made surprise visit first responders creekfire thanks support men women blue,0
lapd rescues cat amid devastating wildfires might just cat others friend loved one compani,0
lapd watch learn true protect true service beyond thankyou atlanta pd,0
might just cat others friend loved one companion lapd motto protect,0
lapd posts sweet message officer rescues cat wildfire might just cat others friend,0
might just cat others friend loved one companion lapd motto protect,0
might just cat others friend loved one companion lapd motto protect,0
might just cat others friend loved one companion lapd motto protect,0
many thanks vons central city police boosters central area senior lead officers making annual ann street,0
map always say lapd hq current place,0
tony's gq daily just simple classy lapd uniform can make tony looks handsome enjoy friday stay tune ma,0
might just cat others friend loved one companion lapd motto protect,0
shame not including coreyfeldman feldman metoo cover image pre,0
corey feldman telling truth via pi,0
lapd cadet scandal joyrides cruisers went weeks anyone caught la times,0
lapd will never stop trying ruining black people,0
thank fire outstanding work skirballfire losses terribl,0
california cannot go can pray pls rt californiawildfire californiafires,0
lapd officer seen carrying cat smoky scene california wildfire evacuation,0
lapd officer seen carrying cat smoky scene california wildfire evacuation,0
also interesting suicidal teen gone missing exact time place sudden acre fire,0
might just cat others friend loved one companion lapd motto protect,0
wrote short story white english punk la early gets blackmailed lapd,0
mmm send us cookie recipe amp picture amp winner cookie competition cityoflosangeles,0
also interesting suicidal teen gone missing exact time place sudden acre fire,0
might just cat others friend loved one companion lapd motto protect,0
lapd air support division call r lt squawk position unknown altitude,0
bravo lapd rescue lafires,0
lapd man walks around lax multiple weapons tased lapd lead officer via,0
lapd rescues cat amid devastating wildfires might just cat others friend loved one compani,0
lapd rescues cat amid devastating wildfires might just cat others friend loved one compani,0
cole phelps lapd vice master space time lanoire,0
lapd rescues cat amid devastating wildfires might just cat others friend loved one compani,0
lapierre johnnybravo yep day every day wks ago news bird following stole,0
just in's benedict canyon home burglarized jewelry items taken lapd says,0
lapd didn't find guns chris brown's home diamond cross necklace accuser claimed saw,0
ungagged corey feldman's lost tapes found lapd,0
might just cat others friend loved one companion lapd motto protect,0
win lapd stolen car captured thieves taken custody bravo thanks video,0
win lapd stolen car captured thieves taken custody bravo thanks video,0
reading la times story sheriff's deputies committed criminal misconduct went seemingly unnoticed,0
might just cat others friend loved one companion lapd motto protect,0
might just cat others friend loved one companion lapd motto protect,0
denniskato santa hollywood toy giveaway lapd hollywood christmas,0
hollywood amp highland lapd requesting backup males swords going officers w beanbag rifles requested hellowe,0
bravo lapd rescue lafires,0
might just cat others friend loved one companion lapd motto protect,0
lapd posts sweet message officer rescues cat wildfire might just cat others friend,0
might just cat others friend loved one companion lapd motto protect,0
might just cat others friend loved one companion lapd motto protect,0
audacity lapd smh,0
wasn't dream lapd pulled car ocean morning wtf last night,0
lapd asks drivers avoid navigation apps point users open routes case neighborhoods fire https,0
might just cat others friend loved one companion lapd motto protect,0
truth truth shall set free good job mara,0
truth angels spoken,0
hollywood sexual assault scandal exploded police taking new reports everyday episode lapd pod,0
mean trump fbi lapd really part ma,0
might just cat others friend loved one companion lapd motto protect,0
huge gratitude units saving home many others skirballfire amazing professionals,0
reading la times story sheriff's deputies committed criminal misconduct went seemingly unnoticed,0
might just cat others friend loved one companion lapd motto protect,0
might just cat others friend loved one companion lapd motto protect,0
might just cat others friend loved one companion lapd motto protect,0
incredible sight see socal amp mcrig mobile mcdonalds restaurant providing firstresponders food amp water w,0
might just cat others friend loved one companion lapd motto protect,0
lapd officer k back harkins arizona mills imax blade runner limited time see arizon,0
might just cat others friend loved one companion lapd motto protect,0
might just cat others friend loved one companion lapd motto protect,0
might just cat others friend loved one companion lapd motto protect,0
incredible sight see socal amp mcrig mobile mcdonalds restaurant providing firstresponders food amp water w,0
might just cat others friend loved one companion lapd motto protect,0
lapd pulled smfh,0
might just cat others friend loved one companion lapd motto protect,0
also interesting suicidal teen gone missing exact time place sudden acre fire,0
might just cat others friend loved one companion lapd motto protect,0
los angeles police protective league's eagle amp badge foundation hosting christmas movie night lapd acade,0
per lapd avoid navigation apps ordered evacuate fire zones can steer neighborhoods lite,0
feldman time reopen case report within statute now b admissible right corey feldman re,0
might just cat others friend loved one companion lapd motto protect,0
feldman time reopen case report within statute now b admissible right corey feldman re,0
lapd wval bike unit nabs heroin dealer traffic stop great job guys thanks making neighborhood safe,0
lapd rescues cat amid devastating wildfires might just cat others friend loved one compani,0
fight supermajority dems ca via grassroots people driven movements,0
feldman time reopen case report within statute now b admissible right corey feldman re,0
incredible sight see socal amp mcrig mobile mcdonalds restaurant providing firstresponders food amp water w,0
might just cat others friend loved one companion lapd motto protect,0
many thanks vons central city police boosters central area senior lead officers making annual ann street,0
audacity lapd smh,0
best lafires lafd lapd,0
heard video lapd officers amp sheriff's deputies serenading crowd mariachi music fou,0
feldman time reopen case report within statute now b admissible right corey feldman re,0
incredible sight see socal amp mcrig mobile mcdonalds restaurant providing firstresponders food,0
feldman time reopen case report within statute now b admissible right corey feldman re,0
thankful hwd cro lapd hwd holiday toy giveaway huge turnout approx privileged kids showed https,0
reading la times story sheriff's deputies committed criminal misconduct went seemingly unnoticed,0
prayers california lost everything pls rt californiawildfire,0
bravo lapd rescue lafires,0
might just cat others friend loved one companion lapd motto protect,0
huge gratitude units saving home many others skirballfire amazing professionals,0
feldman time reopen case report within statute now b admissible right corey feldman re,0
annual trip day stays stresses life get put per,0
might just cat others friend loved one companion lapd motto protect,0
might just cat others friend loved one companion lapd motto protect,0
lapd posts sweet message officer rescues cat wildfire might just cat others friend,0
,0
feldman time reopen case report within statute now b admissible right corey feldman re,0
might just cat others friend loved one companion lapd motto protect,0
per lapd avoid navigation apps ordered evacuate fire zones can steer neighborhoods lite,0
always favorite shark losangeles charity sharktank lapd lafd lafires,0
reading la times story sheriff's deputies committed criminal misconduct went seemingly unnoticed,0
reading la times story sheriff's deputies committed criminal misconduct went seemingly unnoticed,0
thankful hwd cro lapd hwd holiday toy giveaway huge turnout approx privileged kids showed https,0
might just cat others friend loved one companion lapd motto protect,0
seemed like right hat choice lafd lapd firstresponders huge thank,0
just saw lapd guns drawn la brea fountain idea going,0
might just cat others friend loved one companion lapd motto protect,0
come toysonpatrol event car show today bring toy ofcrs ca,0
seemed like right hat choice lafd lapd firstresponders huge thank,0
lapd rescues cat amid devastating wildfires might just cat others friend loved one compani,0
ungagged corey feldman's lost tapes found lapd,0
lapd say,0
always favorite shark losangeles charity sharktank lapd lafd lafires,0
lapd asks drivers avoid navigation apps point users open routes case neighborhoods fire https,0
lapd rescues cat amid devastating wildfires might just cat others friend loved one compani,0
always favorite shark losangeles charity sharktank lapd lafd lafires,0
test bank police technology lieutenant raymond e foster lapd retired mpa test bank tg test banks,0
test bank police technology lieutenant raymond e foster lapd retired mpa test bank tg test banks solution,0
corey feldman's lost tapes found lapd,0
suggestion felony stop lapd perfective no reason t,0
lapd asks drivers avoid navigation apps point users open routes case neighborhoods fire,0
might just cat others friend loved one companion lapd motto protect,0
might just cat others friend loved one companion lapd motto protect,0
thankful hwd cro lapd hwd holiday toy giveaway huge turnout approx privileged kids showed https,0
thankful hwd cro lapd hwd holiday toy giveaway huge turnout approx privileged kids showed https,0
always favorite shark losangeles charity sharktank lapd lafd lafires,0
thankful hwd cro lapd hwd holiday toy giveaway huge turnout approx privileged kids showed https,0
imtothenightradip amp tv boosts aprilgreviews tacky tony lapd finest lapd himepess entertainment,0
always favorite shark losangeles charity sharktank lapd lafd lafires,0
might just cat others friend loved one companion lapd motto protect,0
always favorite shark losangeles charity sharktank lapd lafd,0
might just cat others friend loved one companion lapd motto protect,0
might just cat others friend loved one companion lapd motto protect,0
reading la times story sheriff's deputies committed criminal misconduct went seemingly unnoticed,0
intothenightradio amp tv stars april greviews amp tacky tony lapd finest entertainment northhollywood tvguide,0
lapd wval bike unit nabs heroin dealer traffic stop great job guys thanks making neighborhood safe,0
qapla thankfully don't go f places name sh tty,0
crimes lapd set model now used across us police departments military style raids us civ,0
crimes instance lapd attempted focus gunfire chapter leader geronimo pratt's bed however pratt sleeping t,0
also interesting suicidal teen gone missing exact time place sudden acre fire,0
lapd wval bike unit nabs heroin dealer traffic stop great job guys thanks making,0
might just cat others friend loved one companion lapd motto protect,0
might just cat others friend loved one companion lapd motto protect,0
win lapd stolen car captured thieves taken custody bravo thanks video,0
reading la times story sheriff's deputies committed criminal misconduct went seemingly unnoticed,0
rowling witnesses incl lapd testify raising doubts apparent injuries video shows,0
panel says lapd justified fatal shooting homeless black man cbs news,0
reading la times story sheriff's deputies committed criminal misconduct went seemingly unnoticed,0
santa hollywood toy giveaway lapd hollywood christmas,0
scarlett rowling abused moved away month brought allegations ch,0
imagine lapd,0
lapd posts sweet message officer rescues cat wildfire might just cat others friend,0
lapd rescues cat amid devastating wildfires might just cat others friend loved one compani,0
might just cat others friend loved one companion lapd motto protect,0
touched wait lapd escort dude off flight fool started smoking,0
also interesting suicidal teen gone missing exact time place sudden acre fire,0
might just cat others friend loved one companion lapd motto protect,0
reading la times story sheriff's deputies committed criminal misconduct went seemingly unnoticed,0
stop,0
reading la times story sheriff's deputies committed criminal misconduct went seemingly unnoticed,0
lapd captain accused growing cannabis illegally hemp mmj cannabis marijuana,0
theory death faye kellerman traded recently canterbury tales bookshop book exchange cafe gue,0
might just cat others friend loved one companion lapd motto protect,0
might just cat others friend loved one companion lapd motto protect,0
might just cat others friend loved one companion lapd motto protect,0
might just cat others friend loved one companion lapd motto protect,0
feldman time reopen case report within statute now b admissible right corey feldman re,0
sgtgarcia thx pryrs us amp cnsdr collabortng wz community service hrs,0
might just cat others friend loved one companion lapd motto protect,0
crimes lapd set model now used across us police departments military style raids us civ,0
crimes instance lapd attempted focus gunfire chapter leader geronimo pratt's bed however pratt sleeping t,0
local doncaster police loving new command lapd car,0
sgtgarcia thx pryrs us amp cnsdr collabortng wz community service hrs,0
heard made grown men lapd cry,0
latest southwark republic daily thanks lapd,0
guys rock lapd officers checked hubby evacs kind caring sylmar mtn glen terrace community,0
might just cat others friend loved one companion lapd motto protect,0
got split back city limits lapd la sherriffs east la u,0
might just cat others friend loved one companion lapd motto protect,0
thought sheriffs jurisdiction just last week saw lapd patrolling red line,0
lapd vnys div toys patrol continuing shine long week thank lapd,0
might just cat others friend loved one companion lapd motto protect,0
might just cat others friend loved one companion lapd motto protect,0
latest update shows containment increased creekfire skirballfire ve witnessed firs,0
community relations santee alley lapd reserves,0
lapd rescues cat amid devastating wildfires might just cat others friend loved one compani,0
lapd advised drivers wary following navigation apps direct areas fire,0
amp billion cash bail levied majority low income blacks latinos arres,0
might just cat others friend loved one companion lapd motto protect,0
amp billion cash bail levied majority low income blacks latinos arres,0
might just cat others friend loved one companion lapd motto protect,0
might just cat others friend loved one companion lapd motto protect,0
lapd captain involved theft promoted commander,0
reading la times story sheriff's deputies committed criminal misconduct went seemingly unnoticed,0
lapd v black man knows rights no license no tow via,0
might just cat others friend loved one companion lapd motto protect,0
might just cat others friend loved one companion lapd motto protect,0
bryan singer long history getting away numerous allegations sexual abuse child molestation no,0
switch vs wii u vgchartz gap charts october update latest month nintendo switch moved even c,0
thankful hwd cro lapd hwd holiday toy giveaway huge turnout approx privileged kids showed https,0
lapd rescues cat amid devastating wildfires might just cat others friend loved one compani,0
lapd opens multiple hollywood sex crime investigations boycotthollywood maga pedogate trumptrain americafirst obamag,0
lapd rescues cat amid devastating wildfires might just cat others friend loved one compani,0
lapd posts sweet message officer rescues cat wildfire,0
might just cat others friend loved one companion lapd motto protect,0
might just cat others friend loved one companion lapd motto protect,0
made surprise visit first responders creekfire thanks support men women blue,0
thank lapd,0
vcr malcom gave speech funeral man killed lapd years ago still se,0
truth angels spoken,0
reading la times story sheriff's deputies committed criminal misconduct went seemingly unnoticed,0
bravo lapd rescue lafires,0
reading la times story sheriff's deputies committed criminal misconduct went seemingly unnoticed,0
might just cat others friend loved one companion lapd motto protect,0
move lapd drones firefighters now using la survey damage skirballfire patrol hots,0
humbled honored able help lapd's finest hand donated toys,0
thankful hwd cro lapd hwd holiday toy giveaway huge turnout approx privileged kids showed https,0
download ebook heartbreak hotel alex delaware novel new york times bestseller alex delaware lapd det,0
parade breakfast w la's finest northeast mike amp family issa kae aurora amp suns,0
reading la times story sheriff's deputies committed criminal misconduct went seemingly unnoticed,0
parade breakfast w la's finest northeast mike amp family issa kae aurora amp,0
thankful hwd cro lapd hwd holiday toy giveaway huge turnout approx privileged kids showed,0
northeast cadets looking sharp echo park community parade proud young folks always ready,0
lapd's swing thon event helps teach kids say no crime,0
might just cat others friend loved one companion lapd motto protect,0
also interesting suicidal teen gone missing exact time place sudden acre fire,0
early morning drama victim threatened knife mrs cha victim called lapd incident report jane k l,0
sgtgarcia prayers first responders working fires well affected lapd lafd,0
lapd bodycam video appears contradict officer testimony,0
amp billion cash bail levied majority low income blacks latinos,0
los angeles police protective league's eagle amp badge foundation hosting christmas movie night lapd acade,0
reading la times story sheriff's deputies committed criminal misconduct went seemingly unnoticed,0
truth can't wait,0
today first operation kind lapd deployed swat team black panthers,0
might just cat others friend loved one companion lapd motto protect,0
going public,0
might just cat others friend loved one companion lapd motto protect,0
truth don't just go public needs speak true,0
lapd asked drivers avoid navigation apps steering users onto open routes streets neighborhood,0
move lapd drones firefighters now using la survey damage skirballfire patro,0
tony's gq daily just simple classy lapd uniform can make tony looks handsome enjoy friday stay tune ma,0
vcr malcom gave speech funeral man killed lapd years ago still se,0
lapd captain accused growing cannabis illegally,0
put name forward fella lot less stressful fleeing lapd k,0
truth truth shall set free good job mara,0
lapd captain accused growing cannabis illegally hemp mmj cannabis marijuana,0
might just cat others friend loved one companion lapd motto protect,0
might just cat others friend loved one companion lapd motto protect,0
cholo high treason mcdonald west los angeles car accident drive lapd police ente,0
los angeles police protective league's eagle amp badge foundation hosting christmas movie night lapd acade,0
might just cat others friend loved one companion lapd motto protect,0
lapd captain accused growing cannabis illegally hemp mmj cannabis marijuana,0
last night morning santa monica chief police jacqueline seabrooks police lapd polic,0
bravo lapd rescue lafires,0
might just cat others friend loved one companion lapd motto protect,0
might just cat others friend loved one companion lapd motto protect,0
bravo lapd rescue lafires,0
might just cat others friend loved one companion lapd motto protect,0
lapd helicopter high treason attempted murder last night cold w,0
might just cat others friend loved one companion lapd motto protect,0
might just cat others friend loved one companion lapd motto protect,0
might just cat others friend loved one companion lapd motto protect,0
might just cat others friend loved one companion lapd motto protect,0
might just cat others friend loved one companion lapd motto protect,0
might just cat others friend loved one companion lapd motto protect,0
might just cat others friend loved one companion lapd motto protect,0
might just cat others friend loved one companion lapd motto protect,0
lapd captain involved theft promoted commander,0
re stepping mighty thin ice mentioning tomb raider future cop lapd one best games console,0
reading la times story sheriff's deputies committed criminal misconduct went seemingly unnoticed,0
might just cat others friend loved one companion lapd motto protect,0
spyro quite high list tbh id love see real remaster first tomb rai,0
might just cat others friend loved one companion lapd motto protect,0
lapd rescues cat amid devastating wildfires might just cat others friend loved one compani,0
lapd rescues cat amid devastating wildfires might just cat others friend loved one compani,0
might just cat others friend loved one companion lapd motto protect,0
lapd rescues cat amid devastating wildfires might just cat others friend loved one compani,0
crimes lapd set model now used across us police departments military style raids us civ,0
crimes instance lapd attempted focus gunfire chapter leader geronimo pratt's bed however pratt sleeping t,0
vcr malcom gave speech funeral man killed lapd years ago still se,0
hollywood sexual assault scandal exploded police taking new reports everyday episode lapd pod,0
families lining pacific area winter wonderland event xmas lapd venice,0
lapd rescues cat amid devastating wildfires might just cat others friend loved one compani,0
lapd officer seen carrying cat smoky scene california wildfire evacuation,0
re think re allowed one gta joke mainline installment wanted meter gets hi,0
might just cat others friend loved one companion lapd motto protect,0
lapd rescues cat amid devastating wildfires might just cat others friend loved one compani,0
reading la times story sheriff's deputies committed criminal misconduct went seemingly unnoticed,0
re think re allowed one gta joke mainline installment wanted meter get,0
lapd anit playing making arrest,0
might just cat others friend loved one companion lapd motto protect,0
getting rape conviction can extremely difficult police will not charg,0
come toysonpatrol event car show today bring toy ofcr,0
might just cat others friend loved one companion lapd motto protect,0
might just cat others friend loved one companion lapd motto protect,0
also interesting suicidal teen gone missing exact time place sudden acre fire,0
might just cat others friend loved one companion lapd motto protect,0
bad cop illegally search car lapd officers bully arrest kid not wearing helmet bike,0
also interesting suicidal teen gone missing exact time place sudden acre fire,0
might just cat others friend loved one companion lapd motto protect,0
might just cat others friend loved one companion lapd motto protect,0
crimes lapd set model now used across us police departments military style raids us civ,0
might just cat others friend loved one companion lapd motto protect,0
reading la times story sheriff's deputies committed criminal misconduct went seemingly unnoticed,0
lapd posts sweet message officer rescues cat wildfire might just cat others friend,0
ve reached members lapd group thank,0
reading la times story sheriff's deputies committed criminal misconduct went seemingly unnoticed,0
reading la times story sheriff's deputies committed criminal misconduct went seemingly unnoticed,0
reading la times story sheriff's deputies committed criminal misconduct went seemingly unnoticed,0
stacey koon lapd sergeant acquitted state court beating king convicted,0
crimes lapd set model now used across us police departments military style raids us civ,0
today federal judge gives lapd officers stacey koon amp laurence powell months jail violating rodney,0
lapd officers stacey koon laurence powell timothy wind amp theodore brise o charged rodney king beating https,0
love state california amp heartbroken loss life land homes belongings farms currently occurrin,0
lapd airship circling near,0
might just cat others friend loved one companion lapd motto protect,0
might just cat others friend loved one companion lapd motto protect,0
might just cat others friend loved one companion lapd motto protect,0
might just cat others friend loved one companion lapd motto protect,0
might just cat others friend loved one companion lapd motto protect,0
might just cat others friend loved one companion lapd motto protect,0
lapd posts sweet message officer rescues cat wildfire might just cat others friend,0
bravo lapd rescue lafires,0
might just cat others friend loved one companion lapd motto protect,0
might just cat others friend loved one companion lapd motto protect,0
reading la times story sheriff's deputies committed criminal misconduct went seemingly unnoticed,0
lapd one corrupt police departments united sates heavily funded church scientology lmaoooooo wut,0
lapd posts sweet message officer rescues cat wildfire might just cat others friend,0
reading la times story sheriff's deputies committed criminal misconduct went seemingly unnoticed,0
bravo lapd rescue lafires,0
might just cat others friend loved one companion lapd motto protect,0
might just cat others friend loved one companion lapd motto protect,0
sure address sonny's reaction amanda struggle b,0
lapd cadet scandal joyrides cruisers went weeks anyone caught,0
reading la times story sheriff's deputies committed criminal misconduct went seemingly unnoticed,0
might just cat others friend loved one companion lapd motto protect,0
praying california pls rt californiawildfire californiafires lawildfires lafd lapd,0
might just cat others friend loved one companion lapd motto protect,0
might just cat others friend loved one companion lapd motto protect,0
highsmith billion bail levied individuals arrested felonies misdemeanors,0
might just cat others friend loved one companion lapd motto protect,0
fridayfeeling fridaymotivation lafires losangelesfires losangelesfire losangeles lapd fire la lafires not typi,0
owen cops spared part training,0
might just cat others friend loved one companion lapd motto protect,0
might just cat others friend loved one companion lapd motto protect,0
might just cat others friend loved one companion lapd motto protect,0
bravo lapd rescue lafires,0
might just cat others friend loved one companion lapd motto protect,0
might just cat others friend loved one companion lapd motto protect,0
might just cat others friend loved one companion lapd motto protect,0
reading la times story sheriff's deputies committed criminal misconduct went seemingly unnoticed,0
owen lived not far happened,0
might just cat others friend loved one companion lapd motto protect,0
la spend settle street vendor lawsuit ktla,0
might just cat others friend loved one companion lapd motto protect,0
might just cat others friend loved one companion lapd motto protect,0
lapd warns navigation apps sent drivers skirball fire zone kpcc,0
fridayfeeling fridaymotivation lafires losangelesfires losangelesfire losangeles lapd fire la lafires not typi,0
might just cat others friend loved one companion lapd motto protect,0
wildfire threats ventura san diego counties new york times,0
lapd warns people not follow gps fiery hellstorm uproxx,0
might just cat others friend loved one companion lapd motto protect,0
hollywood amp highland lapd requesting backup males swords going officers w beanbag rifles requested hellowe,0
lapd posts sweet message officer rescues cat wildfire might just cat others friend,0
uncle manual manny gutierrez sargent lapd shown camera left,0
bratton kroll frazier lapd consent decrees conflicts interest oo,0
billion bail levied individuals arrested felonies misdemean,0
rowling next amber heard abuser lies,0
might just cat others friend loved one companion lapd motto protect,0
besides lapd none civil servants seem care problem got paid,0
bravo lapd rescue lafires,0
might just cat others friend loved one companion lapd motto protect,0
uncle manual manny gutierrez sargent lapd shown camera left ch,0
creekfire massive undertaking first responders partners community support network inspiring m,0
reading la times story sheriff's deputies committed criminal misconduct went seemingly unnoticed,0
hollywood amp highland lapd requesting backup males swords going officers w beanbag rifles requested hellowe,0
lapd posts sweet message officer rescues cat wildfire skirballfire creekfire,0
feldman time reopen case report within statute now b admissible right corey feldman re,0
yes malcolm didn't think way perception reality satire sti,0
reading la times story sheriff's deputies committed criminal misconduct went seemingly unnoticed,0
might just cat others friend loved one companion lapd motto protect,0
bravo lapd rescue lafires,0
hollywood amp highland lapd requesting backup males swords going officers w beanbag rifles requested hellowe,0
hollywood amp highland lapd requesting backup males swords going officers w beanbag rifles requested hellowe,0
bravo lapd rescue lafires,0
reading la times story sheriff's deputies committed criminal misconduct went seemingly unnoticed,0
hollywood amp highland lapd requesting backup males swords going officers w beanbag rifles requested helloweekend hereicome,0
lapd truck stolen dockweiler beach red toyota tacoma exempt lic plate vehicle nu,0
city settle lawsuit testimony confirms lapd officers stole money charity via,0
might just cat others friend loved one companion lapd motto protect,0
reading la times story sheriff's deputies committed criminal misconduct went seemingly unnoticed,0
bravo lapd rescue lafires,0
reading la times story sheriff's deputies committed criminal misconduct went seemingly unnoticed,0
lapd officer working fbi task force shoots gardener nursery anaheim spade like tool,0
new details challenge lapd account boyleheights teen josemendez shot killed cops,0
reading la times story sheriff's deputies committed criminal misconduct went seemingly unnoticed,0
might just cat others friend loved one companion lapd motto protect,0
lapd captain involved theft promoted commander,0
watch lapd bodycam video appears show officer planting drugs year old black man arrested charged felony,0
reading la times story sheriff's deputies committed criminal misconduct went seemingly unnoticed,0
us fbi los angeles police dept drug task force fbi congressional arrest hearings ain't dea los,0
another hollyweird exec slapped pedo charges shakedown not let lapd find,0
pray first responders well affected wildfires burning california thecreek,0
armynavygame nation's finest dutyhonorcountry gotta love game leaving field,0
might just cat others friend loved one companion lapd motto protect,0
might just cat others friend loved one companion lapd motto protect,0
bravo lapd rescue lafires,0
bravo lapd rescue lafires,0
might just cat others friend loved one companion lapd motto protect,0
unacceptably called lapd reached news point no one care enou,0
might just cat others friend loved one companion lapd motto protect,0
bmore ohhhhh snap,0
might just cat others friend loved one companion lapd motto protect,0
bravo lapd rescue lafires,0
los angeles police protective league's eagle amp badge foundation hosting christmas movie night lapd acade,0
bravo lapd rescue lafires,0
lied not give proper notification not make accommodations compensate,0
bravo lapd rescue lafires,0
bravo lapd rescue lafires,0
bravo lapd rescue lafires,0
bravo lapd rescue lafires,0
known whatever reason tape proved corey feldman victim sexual,0
bravo lapd rescue lafires,0
bravo lapd rescue lafires,0
bravo lapd rescue lafires,0
bravo lapd rescue lafires,0
bravo lapd rescue lafires,0
bravo lapd rescue lafires,0
coreyfeldman told cops molested named abusers lapd listened jordanchandler's father evanch,0
reading la times story sheriff's deputies committed criminal misconduct went seemingly unnoticed,0
absolutely disgusting handcuffed easily face c,0
bravo lapd rescue lafires,0
might just cat others friend loved one companion lapd motto protect,0
might just cat others friend loved one companion lapd motto protect,0
real hero looks like thanks lapd catsoftwitter cats lapd posts sweet message officer re,0
love state california amp heartbroken loss life land homes belongings farms currently occurrin,0
might just cat others friend loved one companion lapd motto protect,0
thank lapd,0
great feldman time lapd make things right tell world taken se,0
update l spend settle street vendor lawsuit lapd,0
today copaganda lapd tweet saving cat fires goes viral help,0
another big year lapd,0
don't judge book cover,0
judge releases body cam video deadly shooting officer acquitted via,0
reading la times story sheriff's deputies committed criminal misconduct went seemingly unnoticed,0
prayers california firefighters pls rt californiawildfire californiafires,0
god bless lapd,0
might just cat others friend loved one companion lapd motto protect,0
might just cat others friend loved one companion lapd motto protect,0
might just cat others friend loved one companion lapd motto protect,0
might just cat others friend loved one companion lapd motto protect,0
reading la times story sheriff's deputies committed criminal misconduct went seemingly unnoticed,0
reading la times story sheriff's deputies committed criminal misconduct went seemingly unnoticed,0
might just cat others friend loved one companion lapd motto protect,0
reading la times story sheriff's deputies committed criminal misconduct went seemingly unnoticed,0
might just cat others friend loved one companion lapd motto protect,0
might just cat others friend loved one companion lapd motto protect,0
might just cat others friend loved one companion lapd motto protect,0
reading la times story sheriff's deputies committed criminal misconduct went seemingly unnoticed,0
hollywoodphotog rt lapdrickstabile lapd mounted unit rescuing people's beloved horses wild fires,0
fridayfeeling fridaymotivation lafires losangelesfires losangelesfire losangeles lapd fire la lafires n,0
lapd mounted unit rescuing people's beloved horses wild fires,0
hollywoodphotog rt lapdgirmala proud metropolitan div det bureau amp major crimes div assisting f,0
proud metropolitan div det bureau amp major crimes div assisting fire evacs amp security thk u putting,0
reading la times story sheriff's deputies committed criminal misconduct went seemingly unnoticed,0
reading la times story sheriff's deputies committed criminal misconduct went seemingly unnoticed,0
might just cat others friend loved one companion lapd motto protect,0
might just cat others friend loved one companion lapd motto protect,0
also interesting suicidal teen gone missing exact time place sudden acre fire,0
also interesting suicidal teen gone missing exact time place sudden acre fire,0
might just cat others friend loved one companion lapd motto protect,0
also interesting suicidal teen gone missing exact time place sudden acre fire,0
god bless lapd,0
reading la times story sheriff's deputies committed criminal misconduct went seemingly unnoticed,0
reading la times story sheriff's deputies committed criminal misconduct went seemingly unnoticed,0
might just cat others friend loved one companion lapd motto protect,0
l asked million community policing doj said no fear sign ahead,0
might just cat others friend loved one companion lapd motto protect,0
fridayfeeling fridaymotivation lafires losangelesfires losangelesfire losangeles lapd fire la,0
reading la times story sheriff's deputies committed criminal misconduct went seemingly unnoticed,0
might just cat others friend loved one companion lapd motto protect,0
somehow means raquel full shit hypocri,0
also interesting suicidal teen gone missing exact time place sudden acre fire,0
lapd posts sweet message officer rescues cat wildfire might just cat others friend,0
lapd repaint dreamfoil flightsim,0
moment lake arrowhead captured john sousa airport police made us smile cityoflosangeles lapd,0
ooooh maybe lapd will get off hollywood's coattails go arrest feldman's accusers,0
might just cat others friend loved one companion lapd motto protect,0
like time forgot talk oscars amp lapd,0
might just cat others friend loved one companion lapd motto protect,0
might just cat others friend loved one companion lapd motto protect,0
might just cat others friend loved one companion lapd motto protect,0
reading la times story sheriff's deputies committed criminal misconduct went seemingly unnoticed,0
reading la times story sheriff's deputies committed criminal misconduct went seemingly unnoticed,0
reading la times story sheriff's deputies committed criminal misconduct went seemingly unnoticed,0
yes raquel lived free amber's abuser properties,0
reading la times story sheriff's deputies committed criminal misconduct went seemingly unnoticed,0
might just cat others friend loved one companion lapd motto protect,0
los angeles police protective league's eagle amp badge foundation hosting christmas movie night lapd acade,0
reading la times story sheriff's deputies committed criminal misconduct went seemingly unnoticed,0
might just cat others friend loved one companion lapd motto protect,0
lapd working save every californian pets included wildfires via,0
reading la times story sheriff's deputies committed criminal misconduct went seemingly unnoticed,0
latest southwark republic daily thanks lapd ftp,0
reading la times story sheriff's deputies committed criminal misconduct went seemingly unnoticed,0
might just cat others friend loved one companion lapd motto protect,0
call lol fbi lapd swat team lol,0
might just cat others friend loved one companion lapd motto protect,0
reading la times story sheriff's deputies committed criminal misconduct went seemingly unnoticed,0
usc program aims help lapd de escalate encounters homeless mentally ill,0
made surprise visit first responders creekfire thanks support men women blue,0
reading la times story sheriff's deputies committed criminal misconduct went seemingly unnoticed,0
reading la times story sheriff's deputies committed criminal misconduct went seemingly unnoticed,0
reading la times story sheriff's deputies committed criminal misconduct went seemingly unnoticed,0
reading la times story sheriff's deputies committed criminal misconduct went seemingly unnoticed,0
might just cat others friend loved one companion lapd motto protect,0
reading la times story sheriff's deputies committed criminal misconduct went seemingly unnoticed,0
reading la times story sheriff's deputies committed criminal misconduct went seemingly unnoticed,0
reading la times story sheriff's deputies committed criminal misconduct went seemingly unnoticed,0
creekfire massive undertaking first responders partners community support network inspiring m,0
owen think many police depts beef things bank robbery h,0
many thanks vons central city police boosters central area senior lead officers making annual ann street,0
might just cat others friend loved one companion lapd motto protect,0
reading la times story sheriff's deputies committed criminal misconduct went seemingly unnoticed,0
reading la times story sheriff's deputies committed criminal misconduct went seemingly unnoticed,0
might just cat others friend loved one companion lapd motto protect,0
lafires losangelesfires losangelesfire losangeles lapd fire la lafires not typical morning commute https,0
reading la times story sheriff's deputies committed criminal misconduct went seemingly unnoticed,0
issue tango amp cash strongly doubt lapd r amp d department,0
mapping apps reportedly directing people fleeing southern california wildfires areas fire https,0
mapping apps reportedly directing people fleeing southern california wildfires areas fire,0
reading la times story sheriff's deputies committed criminal misconduct went seemingly unnoticed,0
might just cat others friend loved one companion lapd motto protect,0
lapd rescues cat amid devastating wildfires might just cat others friend loved one compani,0
list literal crimes lapd authorities gotten away criminals put charge,0
might just cat others friend loved one companion lapd motto protect,0
lapd said area not mandatory evacuation zone keep packed bag case fire moves closer,0
might just cat others friend loved one companion lapd motto protect,0
might just cat others friend loved one companion lapd motto protect,0
hollywood sexual assault scandal exploded police taking new reports everyday episode lapd pod,0
lapd officer working fbi task force shoots gardener nursery anaheim spade like tool,0
usc program aims help lapd de escalate encounters homeless mentally ill,0
la county sheriff's dept beach lapd,0
might just cat others friend loved one companion lapd motto protect,0
might just cat others friend loved one companion lapd motto protect,0
mr blak's true hollywood tales welfare hotels amp lapd via,0
might just cat others friend loved one companion lapd motto protect,0
lapd officer gracious enough send pics video yesterday's fire,0
lapd officer gracious enough send pics video yesterday's fire,0
lapd rescues cat amid devastating wildfires might just cat others friend loved one compani,0
lapd officer gracious enough send pics video yesterday's fire,0
sanctuary city l asked million community policing doj said hell no fear sign ahead,0
amen re monitoring fire east coast home upper mandeville,0
might just cat others friend loved one companion lapd motto protect,0
might just cat others friend loved one companion lapd motto protect,0
might just cat others friend loved one companion lapd motto protect,0
added video playlist mr blak's true hollywood tales welfare hotels amp lapd,0
sanctuary city l asked million community policing doj said hell no fear sign ahead,0
might just cat others friend loved one companion lapd motto protect,0
might just cat others friend loved one companion lapd motto,0
might just cat others friend loved one companion lapd motto protect,0
might just cat others friend loved one companion lapd motto protect,0
reading la times story sheriff's deputies committed criminal misconduct went seemingly unnoticed,0
might just cat others friend loved one companion lapd motto protect,0
bromley see guys brought small props la lapd swat team,0
might just cat others friend loved one companion lapd motto protect,0
might just cat others friend loved one companion lapd motto protect,0
might just cat others friend loved one companion lapd motto protect,0
lapd officer accidentally filmed putting cocaine suspect's wallet,0
reading la times story sheriff's deputies committed criminal misconduct went seemingly unnoticed,0
lapd posts sweet message officer rescues cat wildfire,0
might just cat others friend loved one companion lapd motto protect,0
might just cat others friend loved one companion lapd motto protect,0
yahoo lapd officer seen carrying cat smoky scene california wildfire,0
yahoo lapd officer seen carrying cat smoky scene california wildfire,0
years since notorious big gone lapd act like don't know killed biggie opinion,0
los angeles police protective league's eagle amp badge foundation hosting christmas movie night lapd acade,0
reading la times story sheriff's deputies committed criminal misconduct went seemingly unnoticed,0
file answer stephanie lazarus case sherri's case went unsolved years families,0
reading la times story sheriff's deputies committed criminal misconduct went seemingly unnoticed,0
might just cat others friend loved one companion lapd motto protect,0
might just cat others friend loved one companion lapd motto protect,0
man given standing ovation likes meryl streep gall lecture america,0
might just cat others friend loved one companion lapd motto protect,0
reading la times story sheriff's deputies committed criminal misconduct went seemingly unnoticed,0
might just cat others friend loved one companion lapd motto protect,0
might just cat others friend loved one companion lapd motto protect,0
might just cat others friend loved one companion lapd motto protect,0
might just cat others friend loved one companion lapd motto protect,0
lapd plant drugs black suspect's wallet unaware body cams,0
lapd posts sweet message officer rescues cat wildfire might just cat others friend,0
might just cat others friend loved one companion lapd motto protect,0
might just cat others friend loved one companion lapd motto protect,0
reading la times story sheriff's deputies committed criminal misconduct went seemingly unnoticed,0
firefighters attempt contain bel air blaze ahead strong winds expected thursday night los angeles times,0
lapd plant drugs black suspect's wallet unaware body cams,0
might just cat others friend loved one companion lapd motto protect,0
lapd plant drugs black suspect's wallet unaware body cams,0
might just cat others friend loved one companion lapd motto protect,0
might just cat others friend loved one companion lapd motto protect,0
might just cat others friend loved one companion lapd motto protect,0
lapd officer seen carrying cat smoky scene california wildfire evacuation,0
might just cat others friend loved one companion lapd motto protect,0
might just cat others friend loved one companion lapd motto protect,0
might just cat others friend loved one companion lapd motto protect,0
reading la times story sheriff's deputies committed criminal misconduct went seemingly unnoticed,0
lapd officer working fbi task force shoots gardener nursery anaheim spade like tool,0
might just cat others friend loved one companion lapd motto protect,0
mapping apps reportedly directing people fleeing southern california wildfires areas fire,0
lapd posts sweet message officer rescues cat wildfire,0
might just cat others friend loved one companion lapd motto protect,0
love prayers california people animals wild life lapd fire fighters rescuers everyone,0
client shot back killed lapd carrying broomstick luisra,0
lawyer teens thought off duty lapd cop trying kidnap friend viral anaheim video ac,0
new details challenge lapd account boyleheights teen josemendez shot killed cops,0
feldman still statue limitations age time,0
feldman sure hell hope botched one makes accountable,0
might just cat others friend loved one companion lapd motto protect,0
lapd officer working fbi task force shoots gardener nursery anaheim spade like tool,0
another big year lapd,0
annelizebester horses killed owners raced save hundreds california fires,0
lapd now sniping suspects helicopters first time murderous department's history,0
lawsuit brought lapd daughter man claimed shot back keithburseyjr,0
jury convicts lapd officer destroying evidence sending harmful messages teen acab ftp,0
police discover lost recordings corey feldman naming hollywood paedophiles,0
new details challenge lapd account boyleheights teen josemendez shot killed cops,0
lapd officer working fbi task force shoots gardener nursery anaheim spade like tool,0
rt d like pride working diligently lapd murderous police usa coo,0
related lapd cover lies exposed police murder josemendez,0
predictable yet infuriating update no charges lapd officers shot killed ezellford d says,0
horses killed owners raced save hundreds california fires,0
los angeles pay million settle lawsuit filed woman w ho escaped sexual assault lapd cruiser,0
icymi lapd pay settlement killing unarmed mentally ill black man ezellford,0
lapd kill man allegedly armed pipe shot killed dtla acab ftp,0
graphic video impatient violent lapd murder man pipe cold blood dtla ftp acab,0
not unexpected infuriating update no charges lapd officer killed sergionavas car chase,0
everything shit hey lapd getting new helos lapd re ups airbus helicopters,0
lawyer teens thought off duty lapd cop trying kidnap friend viral anaheim video ac,0
jailed lapd woman cop's not getting appeal rejected kicking handcuffed woman alesiathomas died,0
police commissioners concerned significant increase shootings lapd officers,0
lapd beating victim clintonalford says police retaliated lawsuit,0
client shot back killed lapd carrying broomstick luisra,0
lapd arrests clergy immigration activists protest ice detentions,0
related commission clears lapd officer fatal hydepark shooting keithbursey ftp acab,0
authorities said call help came family member suspect lapd ftp acab,0
man injured possible suicide cop attempt north hills ftp policesay acab lies lapd https,0
details emerge lapd claim attempted suicide cop north hills,0
might just cat others friend loved one companion lapd motto protect,0
need yet another reason hate dr phil honored lapd show's copaganda segments,0
aclu sues lapd systemic violation public records law,0
man alleges excessive use force lapd officers investigation underway ftp acab,0
years rodney king study finds lapd trusted lausd labor unions media,0
related trusts lapd depends race new poll says,0
icymi fatal police shooting sunland marks first time lapd fires helicopter ftp acab,0
things change lapd,0
lapd officer center high profile murder brendonglenn venice also faces domestic violence charges,0
might just cat others friend loved one companion lapd motto protect,0
lapd now sniping suspects helicopters first time murderous department's history,0
last five years lapd's overall litigation costs settlements amp judgments million,0
lapd settlement payouts spike million ftp acab,0
icymi fatal police shooting sunland marks first time lapd fires helicopter ftp acab,0
no charges filed lapd officers fatal shootings tienhua normaguzman ftp acab,0
related lapd officer charged assault quietly avoids jail time plea deal prosecutors c,0
lapd beating victim clintonalford says police retaliated lawsuit,0
reading la times story sheriff's deputies committed criminal misconduct went seemingly unnoticed,0
reading la times story sheriff's deputies committed criminal misconduct went seemingly unnoticed,0
yet another settlement lapd rape civil case's council agrees pay settle lapd sexual assault case,0
infuriating reminder lapd pig garcia's sweetheart treatment even included waiting court bail posted,0
horses killed owners raced save hundreds california fires,0
lapd commission discusses guidelines swat officers firing helicopters meeting ends rancor,0
copaganda life saving organization lapd swat team marks years bpp da,0
off duty lapd officer involved glassell park shooting injures one man ftp acab,0
might just cat others friend loved one companion lapd motto protect,0
might just cat others friend loved one companion lapd motto protect,0
today no charges filed even review process said farce redeljone,0
might just cat others friend loved one companion lapd motto protect,0
today copaganda lapd officer shows off serious salsa skills cuban music festival,0
lapd shot killed ericrivera ran cruiser holding toy gun don't worry no angel,0
yet another settlement lapd rape civil case's council agrees pay settle lapd sexual assault case,0
lapd beating settlement gives clintonalford closure doesn't ease pain says victim's attorney,0
lapd officer seen carrying cat smoky scene california wildfire evacuation,0
lapd shoots steak knife wielding sherman oaks man,0
argument roommates hollywood hills west ends deadly officer involved shooting lapd ftp,0
pedroechevarria survives lapd shooting east los angeles,0
discipline officers involved confidential california's peace officer bill rights privacy laws,0
family slain year old jesseromero sues la lapd officer ftp acab,0
cal state l student get federal jury finds lapd officer used excessive force ftp,0
lapd officers fatally shoot man taunting gun,0
lapd officers found justified murder richardrisher nickersongardens,0
update family allegedly armed suspect killed lapd hollywood desperate answers san,0
update year old attacked off duty lapd policeman files civil rights lawsuit anaheim los angeles,0
police pursuits cause unnecessary deaths injuries l county grand jury says lapd acab ftp vi,0
california sen kamala harris invited lapd chief beck senate democrats weekly luncheon,0
lapd officers shoot kill suspect following chase pacoima,0
girls like always existed lapd shut,0
lapd shot son times cut seatbelt dragged car handcuffed,0
