info stray kids ranked december boy group brand reputation ranking straykids,0
kids brand reputation ranking oct nov dec brand re,0
funny re worst kpop fandom re not ones falsely accused group sajaegi plagiarism amp tren,0
alabama look prosecuting roy moore's accuser altering documents destroyed career amp re,0
funny re worst kpop fandom re not ones falsely accused group sajaegi plagiarism amp tren,0
info boy groups brand reputation ranking december seventeen seventeen,0
yall mass trended hate tags aimed bts accusing plagiarism almost ruined reputation careers ruined,0
airline's reputation doldrums ounish culprit salvage image make profots,0
ww sales reputation total,0
funny re worst kpop fandom re not ones falsely accused group sajaegi plagiarism amp tren,0
band reputation male idol groups month december no seventeen,0
info boy groups brand reputation ranking december seventeen seventeen,0
entering bts ugly reputation sajaegi plagiarism ppl kpop twt isolated armys whatever allianc,0
alabama look prosecuting roy moore's accuser altering documents destroyed career amp re,0
december boygroup brand reputation rankings,0
december boy group brand reputation rankings revealed,0
reputation songs ranking,0
according naver brand reputation index november brand reputation index december,0
styles reputation,0
info boy groups brand reputation ranking december seventeen seventeen,0
twice ranked girl group brand reputation months gg mil points january,0
december boygroup brand reputation rankings,0
rekorea boy group brand reputation ranking december stray kids,0
december boy group brand reputation kids didn't debuted yet re rankings keep sup,0
funny re worst kpop fandom re not ones falsely accused group sajaegi plagiarism amp tren,0
alabama look prosecuting roy moore's accuser altering documents destroyed career amp re,0
bailey serious question hoping thoughtful answer,0
funny re worst kpop fandom re not ones falsely accused group sajaegi plagiarism amp tren,0
december boy group brand reputation rankings revealed,0
ironically whole tweet shows reason big needs protect artists amp reputation iron fis,0
fbi's reputation already gone agency needs major overhaul lying trying prosecut,0
devil vs moron hilary won trump tried third time won w,0
according naver brand reputation index november brand reputation index december,0
funny re worst kpop fandom re not ones falsely accused group sajaegi plagiarism amp tren,0
according naver brand reputation index november brand reputation index december,0
alabama look prosecuting roy moore's accuser altering documents destroyed career amp re,0
funny re worst kpop fandom re not ones falsely accused group sajaegi plagiarism amp tren,0
eng wanna one first place brand reputation two consecutive months place bts place exo,0
q favourite song perform s bad reputation q favourite lyric s lyrics,0
info boy groups brand reputation ranking december seventeen seventeen,0
info boy groups brand reputation ranking december seventeen seventeen,0
ironically whole tweet shows reason big needs protect artists amp reputation iron fis,0
funny woman called whore woman consensual sex terms eternal s,0
ironically whole tweet shows reason big needs protect artists amp reputation iron fis,0
climbed position boy group brand reputation ranking december keep using amp hasht,0
stray kids ranked december boy group brand reputation ranking october november love undebuted,0
indo december boy group brand reputation rankings revealed wanna one bts exo seventeen super junior infi,0
funny woman called whore woman consensual sex terms eternal s,0
yall mass trended hate tags aimed bts accusing plagiarism almost ruined reputation careers ruined,0
according naver brand reputation index november brand reputation index december,0
according naver brand reputation index november brand reputation index december,0
december boy group brand reputation rankings revealed,0
rlly wanna discuss bout reputation fandom boyyyy,0
brand reputation male idol groups month december wanna one bts exo seventeen https,0
twice ranked girl group brand reputation months gg mil points january,0
brand reputation male idol groups month december wanna one bts exo seventeen https,0
ironically whole tweet shows reason big needs protect artists amp reputation iron fis,0
funny re worst kpop fandom re not ones falsely accused group sajaegi plagiarism amp tren,0
mediashow ill get comment steinhoff reputation fallout,0
climbed position boy group brand reputation ranking december keep using amp hasht,0
according naver brand reputation index november brand reputation index december,0
december boy group brand reputation rankings revealed,0
info brand reputation boy groups december infinite no,0
ironically whole tweet shows reason big needs protect artists amp reputation iron fis,0
bbc tory media machine lost credability reputation tatters mask impartia,0
december girl group brand reputation rankings revealed icymi,0
climbed position boy group brand reputation ranking december keep using amp hasht,0
yall mass trended hate tags aimed bts accusing plagiarism almost ruined reputation careers,0
phils info infinite ranked no boy group brand reputation month december,0
sports films feed country wide pleasure lots university professor met ultimate week excitin,0
hard choice make not resources go trial plea deal,0
according naver brand reputation index november brand reputation index december,0
brand reputation male idol groups month december wanna one bts exo seventeen https,0
according naver brand reputation index november brand reputation index december,0
stray kids december boy group brand reputation prouddd straykids,0
info infinite december's boy group brand reputation ranking,0
news wanna one place brand reputation two consecutive months place bts place exo,0
much depends reputation guard life,0
rekorea boy group brand reputation ranking december stray kids,0
brand reputation male idol groups month december wanna one bts exo seventeen https,0
funny re worst kpop fandom re not ones falsely accused group sajaegi plagiarism amp tren,0
according naver brand reputation index november brand reputation index december,0
last lines off album taylor swift reputation,0
funny re worst kpop fandom re not ones falsely accused group sajaegi plagiarism amp tren,0
december boygroup brand reputation rankings,0
info boy groups brand reputation ranking december seventeen seventeen,0
disappeared poem taylor swift reputation,0
brand reputation male idol groups month december nu est w,0
traineejyp dec boys group brand reputation rankings stray kids nov dec,0
december boygroup brand reputation rankings,0
trump speaks truth donaldtrump fbi's reputation worst history james comey peter strzok htt,0
lunadazex quantum aibigdatacloud training slides trust agents using web build,0
got see sleigh jingleball last night excited see tour going reputation,0
funny re worst kpop fandom re not ones falsely accused group sajaegi plagiarism amp tren,0
wow night made reputation spotifyyyyyyyy,0
boyband reputation rankings revealed december bts wanna one amp exo bts increased compared n,0
brand reputation male idol groups month december wanna one bts exo seventeen https,0
ranked place boy group brand reputation december always include amp tag,0
according naver brand reputation index november brand reputation index december,0
ironically whole tweet shows reason big needs protect artists amp reputation iron fis,0
people talking saying reputation brand,0
inactive year december boy band reputation ranking kings,0
according naver brand reputation index november brand reputation index december,0
climbed position boy group brand reputation ranking december keep using amp hasht,0
twt brand reputation impt every grp future deals endorsements can,0
ztop badmouthing hav reputation uphold clean rezume joblezz,0
list girl group brand big data brand reputation index december twice red velvet lovelyz bla,0
ranked no boy group brand reputation december month last month ranked now th,0
nowplaying look made taylor swift album reputation,0
astro ranked december brand reputation,0
info infinite december's boy group brand reputation ranking,0
lastly master stroke remind us re just speculating point really need get,0
indo december boy group brand reputation rankings revealed wanna one bts exo seventeen super junior infi,0
boy group reputation ranking infinite recap second semester july ranks august ranks september,0
fbi's reputation already gone agency needs major overhaul lying trying prosecut,0
funny woman called whore woman consensual sex terms eternal s,0
climbed position boy group brand reputation ranking december keep using amp hasht,0
news wanna one place brand reputation two consecutive months place bts place exo,0
funny re worst kpop fandom re not ones falsely accused group sajaegi plagiarism amp tren,0
msm like lying disease self destruct disease death wish backslapping points wit,0
indo december boy group brand reputation rankings revealed wanna one bts exo seventeen super junior infi,0
fbi needs something reputation gone insane get away lying try prosecute gen,0
climbed position boy group brand reputation ranking december keep using amp hasht,0
funny re worst kpop fandom re not ones falsely accused group sajaegi plagiarism amp tren,0
boy group brand reputation december btob nu est w woohoo pentagon top btw mah,0
funny re worst kpop fandom re not ones falsely accused group sajaegi plagiarism amp tren,0
funny re worst kpop fandom re not ones falsely accused group sajaegi plagiarism amp tren,0
m also going go multiple reputation dates hope ok know shouldn't means m gonna,0
brand reputation male idol groups month december wanna one bts exo seventeen https,0
gop grand old pedophiles rot afflicting gop comprehensive moral intellectual political reput,0
astro ranked december brand reputation,0
twice ranked girl group brand reputation months gg mil points january,0
ironically whole tweet shows reason big needs protect artists amp reputation iron fis,0
december boy group brand reputation rankings revealed,0
wonho monsta x december boy group brand reputation ranking,0
indo december boy group brand reputation rankings revealed wanna one bts exo seventeen super junior infi,0
infinite beginning year ranked first month jan also placed last month,0
brand reputation index november december increased,0
rekorea boy group brand reputation ranking december stray kids,0
december boy group brand reputation rankings revealed,0
brand reputation male idol groups month december wanna one bts exo seventeen https,0
someone called king heart hygtg reputation timeline day started swinging,0
ironically whole tweet shows reason big needs protect artists amp reputation iron fis,0
funny re worst kpop fandom re not ones falsely accused group sajaegi plagiarism amp tren,0
fbi needs something reputation gone insane get away lying try prosecute gen,0
funny re worst kpop fandom re not ones falsely accused group sajaegi plagiarism amp tren,0
ranked place boy group brand reputation december always include amp tag,0
funny re worst kpop fandom re not ones falsely accused group sajaegi plagiarism amp tren,0
funny re worst kpop fandom re not ones falsely accused group sajaegi plagiarism amp tren,0
funny woman called whore woman consensual sex terms eternal s,0
ranked place boy group brand reputation december always include amp tag,0
boyband reputation rankings revealed december bts wanna one amp exo bts increased compared n,0
wonho monsta x december boy group brand reputation ranking,0
rekorea update dec boys group brand reputation ranking nov dec really improved lot congratulations king got,0
funny re worst kpop fandom re not ones falsely accused group sajaegi plagiarism amp tren,0
rekorea boy group brand reputation ranking december stray kids,0
brand reputation male idol groups month december wanna one bts exo seventeen https,0
december boygroup brand reputation rankings,0
according naver brand reputation index november brand reputation index december,0
pentagon rank boy group brand reputation ranking december,0
december boygroup brand reputation rankings,0
infinite beginning year ranked first month jan also placed last month,0
ironically whole tweet shows reason big needs protect artists amp reputation iron fis,0
brand reputation male idol groups month december wanna one bts exo seventeen https,0
twice ranked girl group brand reputation months gg mil points january,0
donald trump patriotic person vets united states history gave billions belove,0
december girl group brand reputation rankings revealed icymi,0
boyband reputation rankings revealed december bts wanna one amp exo bts increased compared n,0
tay au happy month anniversary biggest album reputation worth wait amp h,0
according naver brand reputation index november brand reputation index december,0
december boy group brand reputation rankings revealed,0
video unbelievable actions poor excuse police officer harms reputation every brave man,0
list girl group brand big data brand reputation index december twice red velvet lovelyz bla,0
trcng ranks december boygroup brand reputation still top trcng,0
howell rh don't care internet reputation especially anyone brain can see re,0
fbi needs something reputation gone insane get away lying try prosecute gen,0
can't get reputation head like ugh,0
december boy group brand reputation rankings revealed,0
making delicate reputation taylorswiftnow,0
infinite beginning year ranked first month jan also placed last month,0
according naver brand reputation index november brand reputation index december,0
rekorea update dec boys group brand reputation ranking nov dec really improved lot congratulations king got,0
december boygroup brand reputation rankings,0
funny re worst kpop fandom re not ones falsely accused group sajaegi plagiarism amp tren,0
boy group reputation ranking infinite recap second semester july ranks august ranks september,0
don't take management online reputation lightly,0
stray kids december boy group brand reputation prouddd straykids,0
lastly master stroke remind us re just speculating point really need get,0
ironically whole tweet shows reason big needs protect artists amp reputation iron fis,0
december boygroup brand reputation rankings,0
funny woman called whore woman consensual sex terms eternal s,0
years comey phony dishonest clinton investigation running fbi reputation,0
alabama look prosecuting roy moore's accuser altering documents destroyed career amp re,0
funny re worst kpop fandom re not ones falsely accused group sajaegi plagiarism amp tren,0
robert mueller superb choice special counsel reputation impeccable honesty integrity media shou,0
funny re worst kpop fandom re not ones falsely accused group sajaegi plagiarism amp tren,0
december boy group brand reputation rankings revealed,0
infamous bad boy rocker falls small town girl no idea considering reputation pro,0
info boy groups brand reputation ranking december seventeen seventeen,0
rekorea boy group brand reputation ranking december stray kids,0
rekorea update dec boys group brand reputation ranking nov dec really improved lot congratulations king got,0
funny re worst kpop fandom re not ones falsely accused group sajaegi plagiarism amp tren,0
xx maybe now reputation went jype will understand sending tv shows will make bigger g,0
brand reputation male idol groups month december wanna one bts exo seventeen https,0
korean corporate reputation research center boys group brand reputation ranking announced place wanna one p,0
astro ranked december brand reputation,0
december boy group brand reputation rankings revealed,0
brand reputation male idol groups month december wanna one bts exo seventeen https,0
rekorea boy group brand reputation ranking december stray kids,0
rekorea boy group brand reputation ranking december stray kids,0
sean b bottom line rs enough votes confirm judg,0
reputation part albums year list old taylor dead untimely demise brought us reputat,0
funny re worst kpop fandom re not ones falsely accused group sajaegi plagiarism amp tren,0
brand reputation male idol groups month december wanna one bts exo seventeen https,0
funny re worst kpop fandom re not ones falsely accused group sajaegi plagiarism amp tren,0
okay ahgase still doesn't know brand reputation index important brand reputation index,0
december boygroup brand reputation rankings,0
klaus robert mueller superb choice sp,0
according naver brand reputation index november brand reputation index december,0
reputation songs ranking,0
funny re worst kpop fandom re not ones falsely accused group sajaegi plagiarism amp tren,0
msm like lying disease self destruct disease death wish backslapping points wit,0
funny re worst kpop fandom re not ones falsely accused group sajaegi plagiarism amp tren,0
reputation nowplaying day every day like,0
don't take management online reputation lightly,0
do's don ts online reputationmanagement customerservice customerexperience socialme,0
funny re worst kpop fandom re not ones falsely accused group sajaegi plagiarism amp tren,0
rekorea update dec boys group brand reputation ranking nov dec really improved lot congratulations king got,0
traineejyp dec boys group brand reputation rankings stray kids nov dec,0
december boy group brand reputation,0
ve dunking season reputation came week ago,0
mother two ronna romney mcdaniel explaining organization leads funding senat,0
rekorea boy group brand reputation ranking december stray kids,0
np great escape bad reputation,0
aspect similar current capitalism provides value rewarded w,0
ironically whole tweet shows reason big needs protect artists amp reputation iron fis,0
according naver brand reputation index november brand reputation index december,0
mel male idol brand reputation december no btob,0
monsta x december boy group brand reputation ranking,0
just voted teamdivide share tylt conversation rt,0
bad reputation,0
funny re worst kpop fandom re not ones falsely accused group sajaegi plagiarism amp tren,0
mcrwillcarryon u think m not m not sending hate tweet,0
brand reputation male idol groups month december wanna one bts exo seventeen https,0
brand reputation girl groups month december twice red velvet lovelyz blackpink exid https,0
mel male idol brand reputation december no btob,0
ranked place boy group brand reputation december always include amp tag,0
girl courage tell world happened even though tried conceal amongst family bu,0
december boygroup brand reputation rankings,0
brand reputation male idol groups month december wanna one bts exo seventeen https,0
info boy group brand reputation ranking december golden child,0
climbed position boy group brand reputation ranking december keep using amp hasht,0
jo reputation like sad smh,0
readyforit finally reputation album arrived thailand gorgeous proud l,0
indo december boy group brand reputation rankings revealed wanna one bts exo seventeen super junior infi,0
news k pop group bts breaks us top global reputation grows,0
december boy group brand reputation rankings revealed,0
reputation songs ranking,0
funny re worst kpop fandom re not ones falsely accused group sajaegi plagiarism amp tren,0
according naver brand reputation index november brand reputation index december,0
according naver brand reputation index november brand reputation index december,0
alabama look prosecuting roy moore's accuser altering documents destroyed career amp re,0
nowplaying look made taylor swift album reputation,0
ranked place boy group brand reputation december always include amp tag,0
gop grand old pedophiles rot afflicting gop comprehensive moral intellectual political reput,0
brand reputation male idol groups month december wanna one bts exo seventeen https,0
december boygroup brand reputation rankings,0
rekorea boy group brand reputation ranking december stray kids,0
funny re worst kpop fandom re not ones falsely accused group sajaegi plagiarism amp tren,0
december boygroup brand reputation rankings,0
list girl group brand big data brand reputation index december twice red velvet lovelyz bla,0
understand lot destroyed appears surface often reputation isn t,0
trcng ranks december boygroup brand reputation still top trcng,0
morning l o e w no lets tweet w nuest w also don't forget increase name bran,0
funny re worst kpop fandom re not ones falsely accused group sajaegi plagiarism amp tren,0
december boy group brand reputation rankings revealed,0
according naver brand reputation index november brand reputation index december,0
funny re worst kpop fandom re not ones falsely accused group sajaegi plagiarism amp tren,0
according naver brand reputation index november brand reputation index december,0
rekorea boy group brand reputation ranking december stray kids,0
info brand reputation boy groups december infinite no,0
brand reputation index november december increased,0
december boygroup brand reputation rankings,0
last lines off album taylor swift reputation,0
ironically whole tweet shows reason big needs protect artists amp reputation iron fis,0
brand reputation index november december increased,0
info boy groups brand reputation ranking december seventeen seventeen,0
today december reputation released november feel old yet,0
okay ahgase still doesn't know brand reputation index important brand reputation index,0
ranked no boy group brand reputation december month last month ranked now th,0
im tweeting u publicly bc reputation ignoring dms need ensure see,0
powerful elements within anti clinton leverage comey threatened amp r,0
ironically whole tweet shows reason big needs protect artists amp reputation iron fis,0
funny re worst kpop fandom re not ones falsely accused group sajaegi plagiarism amp tren,0
reputation songs ranking,0
need reputation vinyl,0
reputation songs ranking,0
funny re worst kpop fandom re not ones falsely accused group sajaegi plagiarism amp tren,0
ranked no boy group brand reputation december month last month ranked now th,0
oh right won't directed towards bts meaning totally fine even damaged repu,0
info december's boy group brand reputation ranking infinite golden child,0
info brand reputation boy groups december infinite no,0
infinite beginning year ranked first month jan also placed last month,0
infinite's brand reputation ranking january february march april may june july august,0
december boy group brand reputation rankings revealed,0
people say don't mind haters don't pay attention well good shit still got bts harmed t,0
last lines off album taylor swift reputation,0
twice ranked girl group brand reputation months gg mil points january,0
new hight no december brand reputation index congrats boys,0
nowplaying look made taylor swift album reputation,0
nowplaying look made taylor swift album reputation,0
nowplaying look made taylor swift album reputation,0
nowplaying look made taylor swift album reputation,0
nowplaying look made taylor swift album reputation,0
nowplaying look made taylor swift album reputation,0
nowplaying look made taylor swift album reputation,0
last lines off album taylor swift reputation,0
watch exclusive clip taylor swift recording don t blame new album reputation yas finally htt,0
lastly master stroke remind us re just speculating point really need get,0
freestyle sounds better entire reputation album,0
boyband reputation rankings revealed december bts wanna one amp exo bts increased compared n,0
boyband reputation rankings revealed december bts wanna one amp exo bts increased compared n,0
according naver brand reputation index november brand reputation index december,0
rekorea boy group brand reputation ranking december stray kids,0
reputation truly taylor s best album like whole month im still sh ook,0
funny re worst kpop fandom re not ones falsely accused group sajaegi plagiarism amp tren,0
much depends reputation guard life,0
alabama look prosecuting roy moore's accuser altering documents destroyed career amp re,0
according naver brand reputation index november brand reputation index december,0
according naver brand reputation index november brand reputation index december,0
according naver brand reputation index november brand reputation index december,0
according naver brand reputation index november brand reputation index december,0
funny re worst kpop fandom re not ones falsely accused group sajaegi plagiarism amp tren,0
december boygroup brand reputation rankings,0
winning back public reputation is's biggest challenge,0
december boygroup brand reputation rankings,0
trying nice sir making quite difficult think best end,0
reputation management know manage online presence can help,0
funny re worst kpop fandom re not ones falsely accused group sajaegi plagiarism amp tren,0
okay ahgase still doesn't know brand reputation index important brand reputation index,0
according naver brand reputation index november brand reputation index december,0
info boy groups brand reputation ranking december seventeen seventeen,0
boy group reputation ranking infinite recap second semester july ranks august ranks september,0
according naver brand reputation index november brand reputation index december,0
info boy group reputation ranking dec infinite,0
bighit sued antis bc defamation actually damage bts reputation want sue us bc hurt feeli,0
snake almost end achievement memorizing lyrics reputation hours,0
traineejyp dec boys group brand reputation rankings stray kids nov dec,0
cant wait get hands reputation agdhhdhfhfhhf,0
boy group reputation ranking infinite recap second semester july ranks august ranks september,0
info boy groups brand reputation ranking december seventeen seventeen,0
funny re worst kpop fandom re not ones falsely accused group sajaegi plagiarism amp tren,0
according naver brand reputation index november brand reputation index december,0
boyband reputation rankings revealed december bts wanna one amp exo bts increased compared n,0
according naver brand reputation index november brand reputation index december,0
ironically whole tweet shows reason big needs protect artists amp reputation iron fis,0
december boy group brand reputation rankings revealed,0
according naver brand reputation index november brand reputation index december,0
funny re worst kpop fandom re not ones falsely accused group sajaegi plagiarism amp tren,0
december boy group brand reputation rankings revealed,0
pretending army just ruin reputation dedication real,0
funny re worst kpop fandom re not ones falsely accused group sajaegi plagiarism amp tren,0
fandoms trended sajaegi plagiarism supposed biggest night bts fandom almost r,0
according naver brand reputation index november brand reputation index december,0
according naver brand reputation index november brand reputation index december,0
last lines off album taylor swift reputation,0
according naver brand reputation index november brand reputation index december,0
december boy group brand reputation rankings revealed,0
info boy groups brand reputation ranking december seventeen seventeen,0
new hight no december brand reputation index congrats boys,0
brand reputation rankings shit completely unreliable know lovelyz infinite still makes emo,0
indo december boy group brand reputation rankings revealed wanna one bts exo seventeen super junior infi,0
brand reputation male idol groups month december wanna one bts exo seventeen https,0
funny woman called whore woman consensual sex terms eternal s,0
funny re worst kpop fandom re not ones falsely accused group sajaegi plagiarism amp tren,0
according naver brand reputation index november brand reputation index december,0
funny woman called whore woman consensual sex terms eternal s,0
rekorea boy group brand reputation ranking december stray kids,0
funny re worst kpop fandom re not ones falsely accused group sajaegi plagiarism amp tren,0
rekorea boy group brand reputation ranking december stray kids,0
boyband reputation rankings revealed december bts wanna one amp exo bts increased compared n,0
brand reputation male idol groups month december wanna one bts exo seventeen https,0
according naver brand reputation index november brand reputation index december,0
funny re worst kpop fandom re not ones falsely accused group sajaegi plagiarism amp tren,0
show really give big impact brand reputation reason need many tv show,0
anyone romantic feelings ya know just talk privately really don't want ruin r,0
boy groups brand reputation ranking december exo rank list congratulations exo exo ls,0
december boy group brand reputation rankings revealed,0
mel male idol brand reputation december no btob,0
ranked no boy group brand reputation december month last month ranked now th,0
xx maybe now reputation went jype will understand sending tv shows will make bigger g,0
brand reputation male idol groups month december wanna one bts exo seventeen https,0
funny re worst kpop fandom re not ones falsely accused group sajaegi plagiarism amp tren,0
brand reputation male idol groups month december wanna one bts exo seventeen https,0
ironically whole tweet shows reason big needs protect artists amp reputation iron fis,0
ranked no boy group brand reputation december month last month ranked now th,0
info brand reputation boy groups december infinite no,0
info boy groups brand reputation ranking december seventeen seventeen,0
semblance mattlauer like many others like everyone really image reputation important fai,0
want christmas meet taylor reputation tour meet anywhere actually,0
boyband reputation rankings revealed december bts wanna one amp exo bts increased compared n,0
new hight no december brand reputation index congrats boys,0
according naver brand reputation index november brand reputation index december,0
snake almost end achievement memorizing lyrics reputation hours,0
okay ahgase still doesn't know brand reputation index important brand reputation index,0
infinite beginning year ranked first month jan also placed last month,0
funny re worst kpop fandom re not ones falsely accused group sajaegi plagiarism amp tren,0
info boy groups brand reputation ranking december seventeen seventeen,0
according naver brand reputation index november brand reputation index december,0
funny re worst kpop fandom re not ones falsely accused group sajaegi plagiarism amp tren,0
according naver brand reputation index november brand reputation index december,0
shawn mendes answers fan question reputation,0
rekorea boy group brand reputation ranking december stray kids,0
superstar lawyer faces major reputation damage weinstein affairs,0
ironically whole tweet shows reason big needs protect artists amp reputation iron fis,0
astro ranked december brand reputation,0
ali fam psa reputation vinyls went sale today bn can get additional off code get,0
info boy group brand reputation ranking december golden child,0
december boygroup brand reputation rankings,0
december boy group brand reputation rankings revealed,0
ranked place boy group brand reputation december always include amp tag,0
ironically whole tweet shows reason big needs protect artists amp reputation iron fis,0
sham incredibly frustrating thing kenya good work not rewarded work reputation jobs go peopl,0
brand reputation index november december increased,0
years comey phony dishonest clinton investigation running fbi reputation,0
mel male idol brand reputation december no btob,0
ranked no boy group brand reputation december month last month ranked now th,0
brand reputation male idol groups month december wanna one bts exo seventeen https,0
work meaningful not listen executives coaches mjaspeaker,0
twice ranked girl group brand reputation months gg mil points january,0
reputation first album female artist spend multiple weeks billboard since anti,0
funny re worst kpop fandom re not ones falsely accused group sajaegi plagiarism amp tren,0
people say don't mind haters don't pay attention well good shit still got bts harmed t,0
according naver brand reputation index november brand reputation index december,0
pentagon boy group brand reputation ranking oct nov dec,0
pentagon rank boy group brand reputation ranking december,0
taylor swift reputation mashup songs minutes via good lt,0
ranked no boy group brand reputation december month last month ranked now th,0
alabama look prosecuting roy moore's accuser altering documents destroyed career amp re,0
brand reputation male idol groups month december wanna one bts exo seventeen https,0
december boygroup brand reputation rankings,0
brand reputation male idol groups month december wanna one bts exo seventeen https,0
december boygroup brand reputation rankings,0
brand reputation male idol groups month december wanna one bts exo seventeen,0
ranked no boy group brand reputation december month last month ranked now th,0
december boy group brand reputation rankings revealed,0
monitoring social reputation leadership influence brand,0
brand reputation index november december increased,0
ranked place boy group brand reputation december always include amp tag,0
funny re worst kpop fandom re not ones falsely accused group sajaegi plagiarism amp tren,0
brand reputation male idol groups month december wanna one bts exo seventeen https,0
rekorea boy group brand reputation ranking december stray kids,0
funny re worst kpop fandom re not ones falsely accused group sajaegi plagiarism amp tren,0
hiphop trash awhile passionate love,0
december boy group brand reputation rankings revealed,0
funny woman called whore woman consensual sex terms eternal s,0
twice ranked girl group brand reputation months gg mil points january,0
ranked no boy group brand reputation december month last month ranked now th,0
info december's boy group brand reputation ranking infinite golden child,0
according naver brand reputation index november brand reputation index december,0
funny re worst kpop fandom re not ones falsely accused group sajaegi plagiarism amp tren,0
alabama look prosecuting roy moore's accuser altering documents destroyed career amp re,0
boyband reputation rankings revealed december bts wanna one amp exo bts increased compared n,0
brand reputation index november december increased,0
kids brand reputation ranking oct nov dec brand re,0
climbed position boy group brand reputation ranking december keep using amp hasht,0
december boy group brand reputation rankings revealed,0
astro ranked december brand reputation,0
reputation's sake m not going answer,0
alabama look prosecuting roy moore's accuser altering documents destroyed career amp re,0
tell us think boston deserves racist reputation,0
reputation good omg,0
shawn mendes answers fan question reputation,0
ranked no boy group brand reputation december month last month ranked now th,0
kids brand reputation ranking oct nov dec brand re,0
brand reputation male idol groups month december wanna one bts exo seventeen https,0
kaloka can't go day without listening reputation entire week thrown off,0
twice ranked girl group brand reputation months gg mil points january,0
liked video taylor swift reputation mashup songs minutes,0
kids brand reputation ranking oct nov dec brand re,0
funny re worst kpop fandom re not ones falsely accused group sajaegi plagiarism amp tren,0
rekorea boy group brand reputation ranking december stray kids,0
climbed position boy group brand reputation ranking december keep using amp hasht,0
entering bts ugly reputation sajaegi plagiarism ppl kpop twt isolated armys whatever allianc,0
ironically whole tweet shows reason big needs protect artists amp reputation iron fis,0
brand reputation male idol groups month december wanna one bts exo seventeen https,0
ali fam psa reputation vinyls went sale today bn can get additional off code get,0
funny re worst kpop fandom re not ones falsely accused group sajaegi plagiarism amp tren,0
according naver brand reputation index november brand reputation index december,0
pretending army just ruin reputation dedication real,0
funny re worst kpop fandom re not ones falsely accused group sajaegi plagiarism amp tren,0
december boy group brand reputation rankings revealed,0
news wanna one place brand reputation two consecutive months place bts place exo,0
according naver brand reputation index november brand reputation index december,0
rekorea boy group brand reputation ranking december stray kids,0
scandalous enormous harm corporate sa's reputation corporate governance credibility wh,0
funny re worst kpop fandom re not ones falsely accused group sajaegi plagiarism amp tren,0
brand reputation male idol groups month december wanna one bts exo seventeen https,0
funny re worst kpop fandom re not ones falsely accused group sajaegi plagiarism amp tren,0
december boy group brand reputation rankings revealed,0
according naver brand reputation index november brand reputation index december,0
indo december boy group brand reputation rankings revealed wanna one bts exo seventeen super junior infi,0
important objective pushback feeding frenzy reputation strzok alleged bias,0
alabama look prosecuting roy moore's accuser altering documents destroyed career amp re,0
ms vonn needs stay home bc not olympics stand immature d ha,0
funny re worst kpop fandom re not ones falsely accused group sajaegi plagiarism amp tren,0
december boy group brand reputation rankings revealed,0
korean corporate reputation research center boys group brand reputation ranking announced place wanna one p,0
management manipulation amp know difference exceptional really breaks red fl,0
ironically whole tweet shows reason big needs protect artists amp reputation iron fis,0
alabama look prosecuting roy moore's accuser altering documents destroyed career amp re,0
news wanna one place brand reputation two consecutive months place bts place exo,0
twice ranked girl group brand reputation months gg mil points january,0
ali fam psa reputation vinyls went sale today bn can get additional off code get,0
funny re worst kpop fandom re not ones falsely accused group sajaegi plagiarism amp tren,0
december boygroup brand reputation rankings,0
december boy group brand reputation rankings astro rank boys yas legends,0
msm like lying disease self destruct disease death wish backslapping points wit,0
junior brand reputation male idol groups month december wanna one bts exo seventeen s,0
ranked place boy group brand reputation december always include amp tag,0
funny re worst kpop fandom re not ones falsely accused group sajaegi plagiarism amp tren,0
last lines off album taylor swift reputation,0
brand reputation male idol groups month december wanna one bts exo seventeen https,0
december boygroup brand reputation rankings,0
according naver brand reputation index november brand reputation index december,0
funny re worst kpop fandom re not ones falsely accused group sajaegi plagiarism amp tren,0
brand reputation male idol groups month december wanna one bts exo seventeen https,0
daehwi brand reputation wanna one bts exo seventeen super junior infinite b,0
ranked no boy group brand reputation december month last month ranked now th,0
ranked no boy group brand reputation december month last month ranked now th,0
rekorea boy group brand reputation ranking december stray kids,0
info infinite december's boy group brand reputation ranking,0
december boy group brand reputation ranking highlight beast still unbreakable,0
december boy group brand reputation rankings revealed,0
ironically whole tweet shows reason big needs protect artists amp reputation iron fis,0
twice ranked girl group brand reputation months gg mil points january,0
bad reputation things hate via,0
december boy group brand reputation rankings revealed,0
funny re worst kpop fandom re not ones falsely accused group sajaegi plagiarism amp tren,0
according naver brand reputation index november brand reputation index december,0
pro miniapps chatbots new ways manage brand reputation,0
brand reputation male idol groups month december wanna one bts exo seventeen https,0
fbi chief vows keep politics probes trump says bureau's reputation tatters,0
guys spoke d federal sars ikeja commander csp sanusi great guy also great reputation demoted lots,0
according naver brand reputation index november brand reputation index december,0
eng wanna one first place brand reputation two consecutive months place bts place exo,0
ve fan years probably aware sajaegi plagiarism accusations wer,0
yeah amp sad thing girl won't face charger t,0
funny re worst kpop fandom re not ones falsely accused group sajaegi plagiarism amp tren,0
got see sleigh jingleball last night excited see tour going reputation,0
december boy group brand reputation rankings revealed,0
show really give big impact brand reputation reason need many tv show,0
update december boy group brand reputation rankings released idols list,0
fish soon start worrying reputation soon kill life force energy,0
wanna one ranked december boy group brand reputation consecutive months keyword analysis kan,0
everyone knows united states legal society protection citizens privacy re,0
also reputation not shitty album don't disrespect true poetic artist faves can't relate,0
december boy group brand reputation rankings revealed,0
brand reputation male idol groups month december wanna one bts exo seventeen https,0
rekorea update dec boys group brand reputation ranking nov dec really improved lot congratulations king got,0
december boy group brand reputation rankings revealed,0
tell us think boston deserves racist reputation,0
rekorea boy group brand reputation ranking december stray kids,0
ali fam psa reputation vinyls went sale today bn can get additional off code get,0
trump speaks truth donaldtrump fbi's reputation worst history james comey peter strzok htt,0
infinite beginning year ranked first month jan also placed last month,0
indo december boy group brand reputation rankings revealed wanna one bts exo seventeen super junior infi,0
fbi needs something reputation gone insane get away lying try prosecute gen,0
years comey phony dishonest clinton investigation running fbi reputation,0
twice ranked girl group brand reputation months gg mil points january,0
brand reputation male idol groups month december wanna one bts exo seventeen https,0
ranked no december boy group brand reputation total november ranked no total,0
brand reputation male idol groups month december wanna one bts exo seventeen https,0
ironically whole tweet shows reason big needs protect artists amp reputation iron fis,0
according naver brand reputation index november brand reputation index december,0
info boy groups brand reputation ranking december seventeen seventeen,0
boy group reputation ranking infinite recap second semester july ranks august ranks september,0
december boy group brand reputation rankings revealed,0
shawn mendes talking taylor swift reputation,0
funny re worst kpop fandom re not ones falsely accused group sajaegi plagiarism amp tren,0
love men can sort rape molest slur way hollywood reputation intact women get,0
mediashow ill get comment steinhoff reputation fallout,0
trump speaks truth donaldtrump fbi's reputation worst history james comey peter strzok htt,0
december boy group brand reputation rankings revealed,0
boygroup brand reputation december infinite no one will forget still talking without comeba,0
according naver brand reputation index november brand reputation index december,0
idol idols kai lot idols mention kai role model even called idol idols h,0
funny re worst kpop fandom re not ones falsely accused group sajaegi plagiarism amp tren,0
funny re worst kpop fandom re not ones falsely accused group sajaegi plagiarism amp tren,0
reputation,0
ranked place boy group brand reputation december always include amp tag,0
rekorea update dec boys group brand reputation ranking nov dec really improved lot congratulations king got,0
climbed position boy group brand reputation ranking december keep using amp hasht,0
brand reputation male idol groups month december wanna one bts exo seventeen,0
funny re worst kpop fandom re not ones falsely accused group sajaegi plagiarism amp tren,0
brand reputation male idol groups month december wanna one bts exo seventeen https,0
mel male idol brand reputation december no btob,0
trump speaks truth donaldtrump fbi's reputation worst history james comey peter strzok htt,0
december boygroup brand reputation rankings,0
rekorea boy group brand reputation ranking december stray kids,0
funny re worst kpop fandom re not ones falsely accused group sajaegi plagiarism amp tren,0
info infinite december's boy group brand reputation ranking,0
according naver brand reputation index november brand reputation index december,0
climbed position boy group brand reputation ranking december keep using amp hasht,0
funny re worst kpop fandom re not ones falsely accused group sajaegi plagiarism amp tren,0
indo december boy group brand reputation rankings revealed wanna one bts exo seventeen super junior infi,0
brand reputation male idol groups month december wanna one bts exo seventeen https,0
boy group reputation december btob spot spot m proud boys htt,0
funny woman called whore woman consensual sex terms eternal s,0
okay ahgase still doesn't know brand reputation index important brand reputation index,0
got see sleigh jingleball last night excited see tour going reputation,0
begin somewhere can't build reputation intend liz smith,0
funny re worst kpop fandom re not ones falsely accused group sajaegi plagiarism amp tren,0
brand reputation male idol groups month december wanna one bts exo seventeen https,0
according naver brand reputation index november brand reputation index december,0
wanna one ranked december boy group brand reputation consecutive months keyword analysis kan,0
brand reputation male idol groups month december wanna one bts exo seventeen https,0
favorite song reputation,0
measure brand reputation,0
december boy group brand reputation rankings revealed,0
eric holder attorney general us history found contempt congress not lecturing us,0
brand reputation index november december increased,0
funny re worst kpop fandom re not ones falsely accused group sajaegi plagiarism amp tren,0
alabama look prosecuting roy moore's accuser altering documents destroyed career amp re,0
okay shawn perform life party bad reputation ruin now rest career re suc,0
else excited reputation now streaming services,0
marketing website absolute necessity tech smallbiz reputation webdesign nerd,0
climbed position boy group brand reputation ranking december keep using amp hasht,0
funny re worst kpop fandom re not ones falsely accused group sajaegi plagiarism amp tren,0
according naver brand reputation index november brand reputation index december,0
salman khan not fool take sides reputation perhaps bigger show peeps saying s,0
reputation songs ranking,0
okay ahgase still doesn't know brand reputation index important brand reputation index,0
got see sleigh jingleball last night excited see tour going reputation,0
brand reputation male idol groups month december wanna one bts exo seventeen https,0
boyband reputation rankings revealed december bts wanna one amp exo bts increased compared n,0
okayyy reputation album da bomb luv u taytay,0
dancing hands tied strongest song lyrically reputation fight,0
funny re worst kpop fandom re not ones falsely accused group sajaegi plagiarism amp tren,0
december boygroup brand reputation rankings,0
brand reputation male idol groups month december wanna one bts exo seventeen https,0
funny re worst kpop fandom re not ones falsely accused group sajaegi plagiarism amp tren,0
shawn mendes answers fan question reputation,0
december boy group brand reputation,0
metoo justice getting bad reputation saying except y especially shitty since started black woman,0
info boy groups brand reputation ranking december seventeen seventeen,0
wanna one ranked december boy group brand reputation consecutive months keyword analysis kan,0
must commend thank medical staff bheki mlangeni hospital immediate medical,0
reputation songs ranking,0
requested song hour amp end game nowplaying,0
boyband reputation rankings revealed december bts wanna one amp exo bts increased compared n,0
m still not fact taylor swift wrote reputation kara amp lena,0
call old fashioned want man will protect like m reputation guy never met,0
big reputation big reputation ooooh got big reputations ahhh heard oooooh got big enemies,0
saw someone else m jumping bandwagon thread countdown days reputation tour date,0
wanna one ranked no brand reputation searched keywords kang daniel park jihoon ong seong wu,0
rekorea boy group brand reputation ranking december stray kids,0
december boy group brand reputation rankings revealed,0
climbed position boy group brand reputation ranking december keep using amp hasht,0
december boygroup brand reputation rankings,0
concerned character reputation character really reputat,0
traineejyp dec boys group brand reputation rankings stray kids nov dec,0
funny re worst kpop fandom re not ones falsely accused group sajaegi plagiarism amp tren,0
brand reputation male idol groups month december wanna one bts exo seventeen https,0
ranked no december boy group brand reputation total november ranked no total,0
indo december boy group brand reputation rankings revealed wanna one bts exo seventeen super junior infi,0
ironically whole tweet shows reason big needs protect artists amp reputation iron fis,0
funny re worst kpop fandom re not ones falsely accused group sajaegi plagiarism amp tren,0
misogyny gynaecology urology eg student says reputation whiney women many male surgeons misogynists,0
ironically whole tweet shows reason big needs protect artists amp reputation iron fis,0
take places tear reputation manipulate decisions baby nothing holding back,0
entering bts ugly reputation sajaegi plagiarism ppl kpop twt isolated armys whatever allianc,0
december boy group brand reputation ranking bap places last month data collected,0
ranked place boy group brand reputation december always include amp tag,0
ranked no boy group brand reputation december month last month ranked now th,0
beauty beast best thing ever happened will try remember year reputation,0
according naver brand reputation index november brand reputation index december,0
boyband reputation rankings revealed december bts wanna one amp exo bts increased compared n,0
indo december boy group brand reputation rankings revealed wanna one bts exo seventeen super junior infi,0
indo december boy group brand reputation rankings revealed wanna one bts exo seventeen super junior infi,0
requested song hour amp end game nowplaying mostrequestedl,0
list girl group brand big data brand reputation index december twice red velvet lovelyz bla,0
funny woman called whore woman consensual sex terms eternal s,0
much depends reputation guard life,0
according naver brand reputation index november brand reputation index december,0
much depends reputation guard life,0
pentagon boy group brand reputation ranking oct nov dec,0
top reputation management articles year,0
bbc can help block b's brand reputation mentioning sns leave comment block b article mention,0
brand reputation male idol groups month december wanna one bts exo seventeen https,0
info brand reputation boy groups december infinite no,0
december's boy group brand reputation ranking infinite even better boys back m,0
track online reputation semrush's brand monitoring tool,0
december boygroup brand reputation rankings,0
ali fam psa reputation vinyls went sale today bn can get additional off code get,0
funny re worst kpop fandom re not ones falsely accused group sajaegi plagiarism amp tren,0
agree ec defend reputation vigorously democratic structure will truly imperilled,0
sales team going hit goals can help reputation,0
alabama look prosecuting roy moore's accuser altering documents destroyed career amp re,0
december boy group brand reputation rankings revealed,0
december boygroup brand reputation rankings,0
december boygroup brand reputation rankings,0
funny re worst kpop fandom re not ones falsely accused group sajaegi plagiarism amp tren,0
according naver brand reputation index november brand reputation index december,0
rekorea boy group brand reputation ranking december stray kids,0
msm like lying disease self destruct disease death wish backslapping points wit,0
according naver brand reputation index november brand reputation index december,0
climbed position boy group brand reputation ranking december keep using amp hasht,0
brand reputation male idol groups month december wanna one bts exo seventeen https,0
everyone knows united states legal society protection citizens privacy re,0
december boygroup brand reputation rankings,0
absolutely no consideration franken's reputation job life th,0
brand reputation male idol groups month december wanna one bts exo seventeen https,0
ca famed engineering reputation pasadena based parsons pr,0
according naver brand reputation index november brand reputation index december,0
funny re worst kpop fandom re not ones falsely accused group sajaegi plagiarism amp tren,0
brand reputation male idol groups month december wanna one bts exo seventeen https,0
oh hurry along people staring ve reputation think don't want thinking m owner,0
rekorea boy group brand reputation ranking december stray kids,0
boyband reputation rankings revealed december bts wanna one amp exo bts increased compared n,0
last stock taylor swift's reputation album sm block astroplus,0
ranked place boy group brand reputation december always include amp tag,0
show really give big impact brand reputation reason need many tv show,0
funny re worst kpop fandom re not ones falsely accused group sajaegi plagiarism amp tren,0
according naver brand reputation index november brand reputation index december,0
funny re worst kpop fandom re not ones falsely accused group sajaegi plagiarism amp tren,0
no thing favorite song off reputation re good,0
info boy groups brand reputation ranking december seventeen seventeen,0
ironically whole tweet shows reason big needs protect artists amp reputation iron fis,0
according naver brand reputation index november brand reputation index december,0
okay ahgase still doesn't know brand reputation index important brand reputation index,0
brand reputation male idol groups month december wanna one bts exo seventeen https,0
info boy groups brand reputation ranking december seventeen seventeen,0
december boy group brand reputation rankings revealed,0
takemetotaylor amazing opportunity absolutely love see sisters face won taylor ha,0
anyways can't wait slut drop every seconds fall face every seconds reputation tour,0
guys don't know alabamians hated part state identity people alabama seething,0
ranked place boy group brand reputation december always include amp tag,0
fbi chief vows keep politics probes trump says bureau's reputation tatters tcot,0
according naver brand reputation index november brand reputation index december,0
december boygroup brand reputation rankings,0
jk twt well nowadays bts appears news tv shows huge archievement,0
according naver brand reputation index november brand reputation index december,0
years comey phony dishonest clinton investigation running fbi reputation,0
funny re worst kpop fandom re not ones falsely accused group sajaegi plagiarism amp tren,0
stray kids december boy group brand reputation prouddd straykids,0
funny re worst kpop fandom re not ones falsely accused group sajaegi plagiarism amp tren,0
ranked place boy group brand reputation december always include amp tag,0
boyband reputation rankings revealed december bts wanna one amp exo bts increased compared n,0
else excited reputation now streaming services,0
brand reputation male idol groups month december wanna one bts exo seventeen https,0
funny re worst kpop fandom re not ones falsely accused group sajaegi plagiarism amp tren,0
funny re worst kpop fandom re not ones falsely accused group sajaegi plagiarism amp tren,0
brand reputation male idol groups month december wanna one bts exo seventeen https,0
funny re worst kpop fandom re not ones falsely accused group sajaegi plagiarism amp tren,0
december boygroup brand reputation rankings,0
ranked no boy group brand reputation december month last month ranked now th,0
december boygroup brand reputation ranking straykids,0
everyone knows united states legal society protection citizens privacy re,0
rekorea boy group brand reputation ranking december stray kids,0
december boy group brand reputation rankings revealed,0
funny re worst kpop fandom re not ones falsely accused group sajaegi plagiarism amp tren,0
junior brand reputation male idol groups month december wanna one bts exo seventeen s,0
december boy group brand reputation rankings revealed,0
lying misrepresenting truth may freedom speech honestly nothing wan,0
oh right won't directed towards bts meaning totally fine even damaged repu,0
according naver brand reputation index november brand reputation index december,0
fbi needs something reputation gone insane get away lying try prosecute gen,0
last lines off album taylor swift reputation,0
funny re worst kpop fandom re not ones falsely accused group sajaegi plagiarism amp tren,0
astro ranked december brand reputation,0
saya suka video shopping taylor swift s reputation,0
brand reputation male idol groups month december wanna one bts exo seventeen https,0
kels aah heard ooh got big enemies yeah big reputation big reputation o,0
kids brand reputation ranking oct nov dec brand re,0
m afraid cannot good conscience provide succour unit clearly debilitating liability image,0
taylor swift covers british vogue signature reputation style,0
boy group reputation ranking infinite recap second semester july ranks august ranks september,0
wish money get front row seats reputation,0
funny re worst kpop fandom re not ones falsely accused group sajaegi plagiarism amp tren,0
climbed position boy group brand reputation ranking december keep using amp hasht,0
december boygroup brand reputation rankings,0
december boy group brand reputation ranking bap places last month data collected,0
rekorea boy group brand reputation ranking december stray kids,0
watching mutuals get reputation tour tickets,0
ummm isn,0
okay ahgase still doesn't know brand reputation index important brand reputation index,0
msm like lying disease self destruct disease death wish backslapping points wit,0
according naver brand reputation index november brand reputation index december,0
december boygroup brand reputation rankings,0
funny re worst kpop fandom re not ones falsely accused group sajaegi plagiarism amp tren,0
rekorea update dec boys group brand reputation ranking nov dec really improved lot congratulations king got,0
funny re worst kpop fandom re not ones falsely accused group sajaegi plagiarism amp tren,0
gop grand old pedophiles rot afflicting gop comprehensive moral intellectual political reput,0
sci jellyfish superpowers reasons don't deserve bad reputation,0
funny woman called whore woman consensual sex terms eternal s,0
wannaone tops boy group brand reputation month december making second consecutive month follow,0
climbed position boy group brand reputation ranking december keep using amp hasht,0
brand reputation male idol groups month december wanna one bts exo seventeen https,0
ca famed engineering reputation pasadena based,0
donno wht ppl r going gain maintaing image pretending b gud sweet etc req lot energy amp work,0
according naver brand reputation index november brand reputation index december,0
december boygroup brand reputation rankings,0
december boygroup brand reputation rankings,0
rekorea boy group brand reputation ranking december stray kids,0
brand reputation male idol groups month december wanna one bts exo seventeen https,0
climbed position boy group brand reputation ranking december keep using amp hasht,0
funny re worst kpop fandom re not ones falsely accused group sajaegi plagiarism amp tren,0
funny re worst kpop fandom re not ones falsely accused group sajaegi plagiarism amp tren,0
boyband reputation rankings revealed december bts wanna one amp exo bts increased compared n,0
according naver brand reputation index november brand reputation index december,0
brand reputation male idol groups month december wanna one bts exo seventeen https,0
december boy group brand reputation rankings revealed,0
junior brand reputation male idol groups month december wanna one bts exo seventeen s,0
rekorea boy group brand reputation ranking december stray kids,0
according naver brand reputation index november brand reputation index december,0
according naver brand reputation index november brand reputation index december,0
twice ranked girl group brand reputation months gg mil points january,0
rekorea update dec boys group brand reputation ranking nov dec really improved lot congratulations king got,0
ironically whole tweet shows reason big needs protect artists amp reputation iron fis,0
traineejyp dec boys group brand reputation rankings stray kids nov dec,0
funny re worst kpop fandom re not ones falsely accused group sajaegi plagiarism amp tren,0
alabama look prosecuting roy moore's accuser altering documents destroyed career amp re,0
funny re worst kpop fandom re not ones falsely accused group sajaegi plagiarism amp tren,0
xx maybe now reputation went jype will understand sending tv shows will make bigger g,0
much depends reputation guard life,0
funny re worst kpop fandom re not ones falsely accused group sajaegi plagiarism amp tren,0
rekorea boy group brand reputation ranking december stray kids,0
rekorea boy group brand reputation ranking december stray kids,0
needs cheap soundcloud promotion starting low dm asap soundcloud proof services,0
funny re worst kpop fandom re not ones falsely accused group sajaegi plagiarism amp tren,0
december boygroup brand reputation rankings,0
ironically whole tweet shows reason big needs protect artists amp reputation iron fis,0
traineejyp dec boys group brand reputation rankings stray kids nov dec,0
brand reputation male idol groups month december wanna one bts exo seventeen https,0
climbed position boy group brand reputation ranking december keep using amp hasht,0
brand reputation male idol groups month december wanna one bts exo seventeen https,0
rekorea boy group brand reputation ranking december stray kids,0
repost get repost want build strong online reputation video,0
trumsters desperately trying undermine trumprussia fbi investigation discredit robe,0
funny re worst kpop fandom re not ones falsely accused group sajaegi plagiarism amp tren,0
according naver brand reputation index november brand reputation index december,0
brand reputation male idol groups month december wanna one bts exo seventeen https,0
funny re worst kpop fandom re not ones falsely accused group sajaegi plagiarism amp tren,0
funny re worst kpop fandom re not ones falsely accused group sajaegi plagiarism amp tren,0
climbed position boy group brand reputation ranking december keep using amp hasht,0
brand reputation male idol groups month december wanna one bts exo seventeen https,0
news wanna one place brand reputation two consecutive months place bts place exo,0
sci jellyfish superpowers reasons don't deserve bad reputation,0
brand reputation male idol groups month december wanna one bts exo seventeen https,0
everyone knows united states legal society protection citizens privacy re,0
funny re worst kpop fandom re not ones falsely accused group sajaegi plagiarism amp tren,0
according naver brand reputation index november brand reputation index december,0
another triumphant day karate club today first arrive usual minutes early admittedly lost badly t,0
according naver brand reputation index november brand reputation index december,0
rekorea boy group brand reputation ranking december stray kids,0
salman khan not fool take sides reputation perhaps bigger show peeps saying s,0
info boy group reputation ranking dec infinite,0
kids brand reputation ranking oct nov dec brand re,0
alabama look prosecuting roy moore's accuser altering documents destroyed career amp re,0
every single good cop must stand today publicly tomorrow every day follows publicly amp pri,0
according naver brand reputation index november brand reputation index december,0
boy groups brand reputation ranking december exo rank list congratulations exo exo ls,0
funny re worst kpop fandom re not ones falsely accused group sajaegi plagiarism amp tren,0
info boy group brand reputation ranking december golden child,0
brand reputation male idol groups month december wanna one bts exo seventeen https,0
don't count brand reputation month prior not december november,0
boy group reputation ranking infinite recap second semester july ranks august ranks september,0
said first taylor santa check check twice oh reputation,0
else excited reputation now streaming services,0
fraser jack,0
victon december boygroup brand reputation rankings super proud babies ahhhhhh im crying,0
okay ahgase still doesn't know brand reputation index important brand reputation index,0
december boygroup brand reputation rankings,0
salman khan not fool take sides reputation perhaps bigger show peeps saying s,0
according naver brand reputation index november brand reputation index december,0
ranked place boy group brand reputation december always include amp tag,0
sci jellyfish superpowers reasons don't deserve bad reputation,0
rekorea boy group brand reputation ranking december stray kids,0
according naver brand reputation index november brand reputation index december,0
according naver brand reputation index november brand reputation index december,0
funny re worst kpop fandom re not ones falsely accused group sajaegi plagiarism amp tren,0
robert mueller superb choice special counsel reputation impeccable honesty integrity media shou,0
shawn mendes answers fan question reputation,0
brand reputation male idol groups month december wanna one bts exo seventeen https,0
pentagon boy group brand reputation ranking oct nov dec,0
call old fashioned want man will protect like m reputation guy never met,0
december boygroup brand reputation rankings,0
funny re worst kpop fandom re not ones falsely accused group sajaegi plagiarism amp tren,0
funny re worst kpop fandom re not ones falsely accused group sajaegi plagiarism amp tren,0
brand reputation index november december increased,0
mediashow ill get comment steinhoff reputation fallout sabcnews,0
traineejyp dec boys group brand reputation rankings stray kids nov dec,0
ranked no boy group brand reputation december month last month ranked now th,0
boyband reputation rankings revealed december bts wanna one amp exo bts increased compared n,0
trump speaks truth donaldtrump fbi's reputation worst history james comey peter strzok htt,0
december boygroup brand reputation rankings,0
kids brand reputation ranking oct nov dec brand re,0
ranked no boy group brand reputation december month last month ranked now th,0
understand future blessings worth reputation amp success hands loving god,0
funny re worst kpop fandom re not ones falsely accused group sajaegi plagiarism amp tren,0
according naver brand reputation index november brand reputation index december,0
funny re worst kpop fandom re not ones falsely accused group sajaegi plagiarism amp tren,0
brand reputation index november december increased,0
examining boston's reputation racist city spotlight examined core boston's identity findings,0
patreon snafu total reputation collapse taught anything transparent couple,0
ranked place boy group brand reputation december always include amp tag,0
brand reputation index went november december wow rapid increase im proud,0
climbed position boy group brand reputation ranking december keep using amp hasht,0
ironically whole tweet shows reason big needs protect artists amp reputation iron fis,0
shawn mendes answers fan question reputation,0
rekorea boy group brand reputation ranking december stray kids,0
december girl group brand reputation rankings revealed,0
brand reputation male idol groups month december wanna one bts exo seventeen https,0
indo december boy group brand reputation rankings revealed wanna one bts exo seventeen super junior infi,0
funny woman called whore woman consensual sex terms eternal s,0
brand reputation male idol groups month december wanna one bts exo seventeen https,0
according naver brand reputation index november brand reputation index december,0
funny re worst kpop fandom re not ones falsely accused group sajaegi plagiarism amp tren,0
december boy group brand reputation rankings revealed,0
december boy group brand reputation rankings revealed,0
funny re worst kpop fandom re not ones falsely accused group sajaegi plagiarism amp tren,0
ranked place boy group brand reputation december always include amp tag,0
end endings swear don't love drama loves m t,0
brand reputation male idol groups month december wanna one bts exo seventeen https,0
december's boy group brand reputation ranking infinite even better boys back m,0
xx maybe now reputation went jype will understand sending tv shows will make bigger g,0
brand reputation male idol groups month december wanna one bts exo seventeen https,0
reputation songs ranking,0
rekorea boy group brand reputation ranking december stray kids,0
infinite beginning year ranked first month jan also placed last month,0
funny re worst kpop fandom re not ones falsely accused group sajaegi plagiarism amp tren,0
funny re worst kpop fandom re not ones falsely accused group sajaegi plagiarism amp tren,0
brand reputation index november december increased,0
brand reputation index november december increased,0
traineejyp dec boys group brand reputation rankings stray kids nov dec,0
real list followed damn kendrick lamar melodrama lorde rainbow kesha american teen kh,0
indian railway engineers building reputation,0
according naver brand reputation index november brand reputation index december,0
q favourite song perform s bad reputation q favourite lyric s lyrics,0
according naver brand reputation index november brand reputation index december,0
according naver brand reputation index november brand reputation index december,0
brand reputation male idol groups month december wanna one bts exo seventeen https,0
much depends reputation guard life,0
god's love spring another scale worldliness saul upon inner eyes loved praise m,0
no doubt alabama will live reputation,0
funny re worst kpop fandom re not ones falsely accused group sajaegi plagiarism amp tren,0
ironically whole tweet shows reason big needs protect artists amp reputation iron fis,0
kids brand reputation ranking oct nov dec brand re,0
brand reputation male idol groups month december wanna one bts exo seventeen https,0
according naver brand reputation index november brand reputation index december,0
much depends reputation guard life,0
dad going three reputation shows shows socks m wearing today,0
ironically whole tweet shows reason big needs protect artists amp reputation iron fis,0
poor jokes damage reputation take break come good one,0
according naver brand reputation index november brand reputation index december,0
rekorea boy group brand reputation ranking december stray kids,0
rex worst sos ever don't know re jared makes look like fool daily basi,0
according naver brand reputation index november brand reputation index december,0
boy group reputation ranking infinite recap second semester july ranks august ranks september,0
ranked place boy group brand reputation december always include amp tag,0
ranks boy group brand reputation january not top february not top march april ma,0
funny re worst kpop fandom re not ones falsely accused group sajaegi plagiarism amp tren,0
song vs song taylorswiftnow taylorswift taylorswifttix swifties kingofmyheart callitwhatyouwant reputation,0
pentagon rank boy group brand reputation ranking december,0
jeter will slowly ruin reputation baseball continues make moves like one made stanton today jeteramistake,0
song vs song taylorswiftnow taylorswifttix taylorswift swifties tellmewhy heystephen fearless reputation,0
december boy group brand reputation rankings revealed,0
watching mutuals get reputation tour tickets,0
week unforgettable love guys thanks million,0
news wanna one place brand reputation two consecutive months place bts place exo,0
rekorea update dec boys group brand reputation ranking nov dec really improved lot congratulations king got,0
making delicate reputation taylorswiftnow,0
ranked no boy group brand reputation december month last month ranked now th,0
adult life engulfed deep haven't watched taylor's harry's performances era best keep aside,0
december boy group brand reputation rankings revealed,0
funny re worst kpop fandom re not ones falsely accused group sajaegi plagiarism amp tren,0
funny re worst kpop fandom re not ones falsely accused group sajaegi plagiarism amp tren,0
news wanna one place brand reputation two consecutive months place bts place exo,0
news wanna one place brand reputation two consecutive months place bts place exo,0
stray kids boy group brand reputation october november december,0
ranked place boy group brand reputation december always include amp tag,0
thank man integrity even means losing reputation remind king d,0
everyone knows united states legal society protection citizens privacy re,0
news wanna one place brand reputation two consecutive months place bts place exo,0
december boygroup brand reputation rankings,0
climbed position boy group brand reputation ranking december keep using amp hasht,0
news wanna one place brand reputation two consecutive months place bts place exo,0
wanna one won place brand reputation months row,0
boygroup brand reputation december infinite no one will forget still talking without comeba,0
rekorea boy group brand reputation ranking december stray kids,0
ironically whole tweet shows reason big needs protect artists amp reputation iron fis,0
according naver brand reputation index november brand reputation index december,0
rekorea boy group brand reputation ranking december stray kids,0
update australia's says banks inquiry can restore sector's reputation,0
vandenberg's moonkings mkii album reputation,0
brand reputation male idol groups month december wanna one bts exo seventeen https,0
learned high school aged coworker reputation students old high school currently,0
ranked place boy group brand reputation december always include amp tag,0
funny re worst kpop fandom re not ones falsely accused group sajaegi plagiarism amp tren,0
