according poll college basketball fans feel every duke loss like christmas thanksgiving t,0
y really looking half dead just walking bones talking next smh like go eat thanks,0
re talking setlists one made thanksgiving think isn't far off,0
pitts hope everyone great thanksgiving break time get back road find next great blue tigers excited,0
thanksgiving beach yesterday mama taking picture not lol,0
phillips happy thanksgiving blessedbeyondmeasure,0
whole fucking thanksgiving meal,0
college student timeline thanksgiving pure fucking chaos christmas,0
fandom used feel like nice family dinner everyone actually liked now feels like awkwar,0
happy thanksgiving nation family,0
christmas looking like whole thanksgiving day lord mercy please,0
yo know im late gotta fam walk thanksgiving back,0
gherbos thanksgiving last year still funny fuck,0
profoundgratitude thanksgiving gives salvation god,0
philippians uncommon joy thanksgiving part pastor james miller jr via,0
g brining one bag ice thanksgiving everyone else made actual food,0
thanksgiving passed getting colder sun setting earlier means one thing time favo,0
happy thanksgiving,0
part thanksgiving looking forward,0
happy thanksgiving,0
family damn fake hell eating pancit right now didn't make thanksgiving always go,0
thanksgiving sunday dressed get praise thanksgiving sunday dressedup praise,0
thanksgiving homework,0
wouldn't thanksgiving without little stuffing filling right bareback gayporn po,0
oh give thanks lord good love endures forever thanksgiving service online,0
thanksgiving service today god brought us whole year,0
things just say hope will joyce jonathan nice thanksgiving dinner,0
texted son's family thanksgiving guys make grateful next day saw autocorrect,0
nothing like stuffing thanksgiving dallas two friends making sure every hole full hot three,0
happy thanksgiving,0
happy thanksgiving m thankful followers family today want follow lot show,0
according poll college basketball fans feel every duke loss like christmas thanksgiving t,0
just fucked night life think thanksgiving m sober seriously considering never se,0
favorite aquarius thanksgiving moment convincing everyone try new kind bread really just something,0
thanksgiving message y thank making meme ily,0
look like turkey thanksgiving,0
extremely gloomy thanksgiving day involving soothing drive forest heartfelt,0
enter gates thanksgiving courts praise give thanks bless name lord good hi,0
schnapp happy thanksgiving grateful many things year don't know begin family friends know list,0
fuckers say climate change isn't real fucking snowing south texas two days national gra,0
re celebrating thanksgiving getty house hosting formerly homeless angelenos food music friendship https,0
just realized ve never date ve never brought someone home thanksgiving ve never valentine,0
things big thanksgiving mood,0
today itinerary join annual thanksgiving brief stop arena sensation,0
please support us chorus vocales philippines thanksgiving concert held december mandal,0
get passed around stuffing thanksgiving dinner,0
thanksgiving homework,0
college student timeline thanksgiving pure fucking chaos christmas,0
appreciation application thanksgiving,0
happy thanksgiving team live map hope fun safe holiday visiting friends family,0
xxox happy thanksgiving everyone m thankful family friends thank endless support l,0
every summer break thanksgiving break christmas break,0
happy thanksgiving woman,0
addy's thanksgiving,0
happy thanksgiving everyone amp stay safe travelers god bless amp protect y,0
college student timeline thanksgiving pure fucking chaos christmas,0
anyone else's office feeling quiet right now lots people leaving early thanksgiving rush,0
sabrina macy's thanksgiving day parade talent rehearsals macy's herald square nyc,0
bout goo goo dolls listed classic rock,0
saturdaysatrachels rachel remember joke christmas come thanksgiving,0
churches annual thanksgiving today,0
welcome thanksgiving service going experience impact refinedservice happythanksgiving,0
guys baked extra pie thanksgiving missing ever since just now found tonight stuffe,0
grandma passed away weeks thanksgiving wanted stay wanted see siblings amp whole ran o,0
gherbos thanksgiving last year still funny fuck,0
hopefully mom comes kc christmas don't really wanna spend vacation town spent nearly,0
thanksgiving silence enemies forever bishop david oyedepo thanksgivingservice anewdawn,0
xxox happy thanksgiving everyone m thankful family friends thank endless support l,0
thanksgiving day lacy routine traffic stops happened pull korinne korinne tried,0
liked video thanksgiving livestream,0
liked video ruin thanksgiving,0
m gonna take eat stuff m gonna eat like turkey thanksgiving treslechesgang,0
gain access presence thanksgiving may everything murmuring complaining life die tonig,0
thanksgiving menu family's restaurant circa,0
can't wait thanksgiving just love telling family members still don't know m life,0
can't wait thanksgiving just love telling family members still don't know m life,0
extremely gloomy thanksgiving day involving soothing drive forest heartfelt,0
little top civil rights organizations urge media not use washington nfl team's r word name thanksgiving native news onl,0
can't wait thanksgiving just love telling family members still don't know m life,0
can't wait thanksgiving just love telling family members still don't know m life,0
saturdaysatrachels remember joke christmas come thanksgiving,0
watch periscope shiloh thanksgiving service,0
ravioli buffet thanksgiving carb conventions,0
thanksgiving multiplies blessings john bishop david oyedepo thanksgivingservice anewdawn,0
kind talk gotten dis invited family gatherings said prayer thanksgiving years,0
join us shiloh thanksgiving services morning services times amp,0
enter gates thanksgiving courts praise give thanks bless name lord good hi,0
thanksgiving perfect blessings luke bishop david oyedepo thanksgivingservice anewdawn,0
nguyen thankful youtube connecting weird wonderful people happy thanksgiving,0
rotimi amaechi celebrates years supreme court verdict thanksgiving,0
re celebrating thanksgiving getty house hosting formerly homeless angelenos food music friendship https,0
emmaesme ruth says working supernatural changed life went kim's thanksgiving loves rowena crew etc,0
thanksgiving preserves blessing mal bishop david oyedepo thanksgivingservice anewdawn,0
thanksgiving post vs boyfriend's thanksgiving post,0
hope everyone great thanksgiving,0
oh thanksgiving sweaty hallucination now partner lance brought phone days o,0
tell family threw themed thanksgiving dinner,0
may thanksgiving become way life jesus name bishop david oyedepo thanksgivingservice anewdawn,0
late post thanksgiving favs,0
awoke morning devout thanksgiving friends old new ralph waldo emerson aldubpagasaattiwala,0
walking kitchen thanksgiving,0
wants stuff like happy thanksgiving freaks,0
can't make stuff facepalm planned parenthood releases guide dealing difficult pro l,0
gossip girl thanksgiving experience,0
walking kitchen thanksgiving,0
every creature god good nothing refused received thanksgiving tim mcgiweekl,0
responsible corporate citizen important us business donal cavanagh,0
get first plate thanksgiving,0
annual thanksgiving service time celebration recognizing love provision gift life god,0
saturdaysatrachels remember joke christmas come thanksgiving,0
shiloh thanksgiving service,0
invite backhoe family's thanksgiving dinner,0
mad thanksgiving dinner lil johnny,0
james hispanic girls don't know wear thanksgiving teamlejuan,0
walking kitchen thanksgiving,0
took family photos thanksgiving turned cute,0
watch great movie coco thanksgiving break really didn't made cry lov,0
now thanksgiving official time,0
college student timeline thanksgiving pure fucking chaos christmas,0
walking kitchen thanksgiving,0
saturdaysatrachels remember joke christmas come thanksgiving,0
welcome shiloh thanksgiving service pstdavidishaya spiritualitysecuresdestinyandeternity,0
found even thanksgiving leftover recipes online isn't exciting starts ejaculating,0
taking thanksgiving family football game seriously,0
thanksgiving,0
taking thanksgiving family football game seriously,0
lady gaga dressed condom singing rupaul children's thanksgiving special,0
savethanksgiving pretty sad m christmas commercials already not even thanksgiving savethanksgiving,0
walking kitchen thanksgiving,0
houston villasbunkerhill happy thanksgiving everyone,0
dm s full im sorry im trying keep im losing battle im still answering happy thanksgiving d,0
somehow bier market first stop came home thanksgiving eve tonight last stop f,0
someone complains lumpy gravy today remind deployed troops d love triple portion,0
taking thanksgiving family football game seriously,0
requested kindergarten thanksgiving cookbook enjoy,0
showed ex's thanksgiving dinner check new youtube video,0
fuck ya ll veggie stroganoff made thanksgiving dope,0
saturdaysatrachels lets see remember joke christmas come thanksgiving,0
marnigo may close sa sexy prod ni sa thanksgiving concert check,0
kn lmao true tho love green bean casserole thanksgiving,0
happy thanksgiving,0
can't make stuff facepalm planned parenthood releases guide dealing difficult pro l,0
alone deserve thanksgiving father alone deserve worship jehovah,0
ty made dinner thanksgiving not sure saw food beautiful everyone happ,0
according poll college basketball fans feel every duke loss like christmas thanksgiving t,0
xxox happy thanksgiving everyone m thankful family friends thank endless support l,0
week thanksgiving fell apart life went downhill fast fuck lost job technically homeless,0
remind happened saturday thanksgiving year,0
re celebrating thanksgiving getty house hosting formerly homeless angelenos food music friendship https,0
lady gaga dressed condom singing rupaul children's thanksgiving special,0
chanbaek roommate looked like chanyeol brought baekhyun family's thanksgiving table,0
posting honor thanksgiving,0
happy thanksgiving,0
man can't get no respect outside merry thanksgiving filthy animals thegooddoctor,0
m john wayne first thanksgiving pilgrims happy thanksgiving pilgrims,0
challenge write ups filling rest thanksgiving break,0
happy thanksgiving can't wait try first fried turkey,0
someone complains lumpy gravy today remind deployed troops d love triple portion,0
can't make stuff facepalm planned parenthood releases guide dealing difficult pro l,0
pre thanksgiving feastn freakn dinner dessert diveintodeliciousness creamycombo,0
solares hi don't know week thanksgiving break didn't tweet sorry wast,0
xxox happy thanksgiving everyone m thankful family friends thank endless support l,0
house smells like thanksgiving isa's using frozen bones drippings turkey make base cur,0
xxox happy thanksgiving everyone m thankful family friends thank endless support l,0
u order mine still hasn't arrived ordered thanksgiving,0
wants stuff like happy thanksgiving freaks,0
lord come holy throne humility submission say day made shall rejoice,0
oh gosh re close just missed miami book fair weekend thanksgi,0
amen blessings glory power might honour wisdom amp thanksgiving belong yhwh forever amp,0
please rt interiordesign decoration architecture home thanksgiving detour amp fried turkey,0
trump touts leadership military call clown chief,0
gotten yet ordered mine thanksgiving still don't,0
liked video donald trump pardons drumstick first thanksgiving turkey,0
read family celebrated thanksgiving rural arkansas end,0
responsible corporate citizen important us business donal cavanagh,0
colossians tlb let roots grow draw nourishment see go growing lo,0
dommes like give us bad rep can't fucking stand almost bad t,0
photographers want featured national tv commercial fineartamerica,0
according poll college basketball fans feel every duke loss like christmas thanksgiving t,0
happy thanksgiving,0
now thanksgiving official time,0
wants stuff like happy thanksgiving freaks,0
two turkeys drumstick wishbone participating year's national thanksgiving turkey pardoning ceremony,0
thanksgiving always attitude gratitude happy thanksgiving everyone enjoy food football family amp friends,0
happy thanksgiving,0
wish blessed safe happy thanksgiving americans lot thankful year watch,0
tips survive white family thanksgiving,0
unique mccoy ceramic pitcher olive green turkey motif thanksgiving etsy mccoypottery,0
happy thanksgiving american friends guests memory lane campground rv park may turkey tender,0
lk blood sand great finished thanksgiving,0
styles probably not thanksgiving good dayyyyyy,0
annual thanksgiving celebration today man god pst preston idoro today p,0
happy thanksgiving everyone,0
obama family wish happy thanksgiving full joy gratitude,0
fuckers say climate change isn't real fucking snowing south texas two days national gra,0
thanksgiving homework,0
not anxious anything everything prayer petition thanksgiving present requests,0
hour visitation second session god's servant bishop david abioye topic force thanksgiving praise,0
countenance changes thanksgiving praise bishop david abioye anewdawn,0
thanksgiving not just awake something even sleeping bishop davi,0
please rt recipes food cooking delicious cook recipe thanksgiving stuffed mushrooms,0
hey guys friends uncle missing since thanksgiving please help retweet share around houston,0
happy thanksgiving happythankgiving thanksgiving whitefamiliesaremagic whitebeauty thankwhitepeople thanksgivin,0
thanksgiving day garment gratitude will increase altitude improve attitude day,0
ve seen brother law put ketchup flesh slice thanksgiving turkey breast,0
media thanksgiving praise clapping hands shouting testimonies ps singing,0
adams christmas music real genre play thanksgiving new years day abandon next yea,0
thanksgiving acknowledgement god's act god's works lives mal appreciation anticip,0
turkey thanksgiving,0
now thanksgiving official time,0
join us shiloh thanksgiving services morning services times amp,0
praise not just live thanksgiving not just attitude express,0
alone deserve thanksgiving father alone deserve worship jehovah,0
oooooo omg beautiful ty much btw thanksgiving session ok though,0
mi preparo con voi thanksgiving day,0
xxox happy thanksgiving everyone m thankful family friends thank endless support l,0
happened thanksgiving dinner cousin asked told wanna die,0
xxox happy thanksgiving everyone m thankful family friends thank endless support l,0
thanksgiving next week iglesianicristo,0
puerto rican like u already know time pasteles amp coquito thanksgiving navidad,0
thanksgiving m thankful christopher columbus shitty navigator finding america insteas indi,0
remember time forced stay til hair day thanksgiving flight dont d,0
college student timeline thanksgiving pure fucking chaos christmas,0
xxox happy thanksgiving everyone m thankful family friends thank endless support l,0
one freshman pe students louisville male diagnosed hodgkin's lymphoma thanksgiving wristbands,0
college student timeline thanksgiving pure fucking chaos christmas,0
thanksgiving day lacy routine traffic stops happened pull korinne korinne tried,0
trust potus ruining turducken isn't every year celebrate thanksgiving working,0
not anxious anything everything prayer petition thanksgiving present requests,0
fandom used feel like nice family dinner everyone actually liked now feels like awkwar,0
now thanksgiving,0
xxox happy thanksgiving everyone m thankful family friends thank endless support l,0
thanksgiving day lacy routine traffic stops happened pull korinne korinne tried,0
thanksgiving service today please,0
thanksgiving,0
feldman prayers victory thanksgiving,0
requested kindergarten thanksgiving cookbook enjoy,0
celebrating buying ankara thanksgiving engaging lawyers case,0
mom little kids cousins eating first thanksgiving tomorrow,0
happy thanksgiving one will post today hope y great day thanks,0
fried chicken mac amp cheese cabbage amp corn bread start thinking thanksgiving,0
girl not snacc re whole damn thanksgiving meal don't let anyone tell otherwise,0
just realized ve never date ve never brought someone home thanksgiving ve never valentine,0
alone deserve thanksgiving father alone deserve worship jehovah,0
thanksgiving vacation,0
not anxious anything everything prayer petition thanksgiving present request,0
college student timeline thanksgiving pure fucking chaos christmas,0
well ll donate one posted keep searching m tears rememberi,0
wish safe travels thanksgiving wonder holiday,0
two stages cooking thanksgiving herring homestead pictures,0
challenge write ups filling rest thanksgiving break,0
omg work liquor store crazier thanksgiving like seriously see every day don't try play,0
wow deeper amp deeper m concerned woolsey dance mueller meal donthecon,0
happy thanksgiving everybody,0
cops just normal people like choke deer thanksgiving draw gun thats just thursday,0
decided pick random house make thanksgiving plate people really rude man,0
football game played future get picked way home thanksgiving,0
matt n literally spent half hour thanksgiving trying get cork no bottle opener agree,0
otter lil sketch turns way harder walk time belly starts beating ground time take step,0
gain access presence thanksgiving may everything murmuring complaining life die tonig,0
idc date ll show thanksgiving tho,0
nba christmas gt nfl thanksgiving,0
thanksgiving one fave,0
thanksgiving break messed studying groove no right feeling like m vacation finals days away,0
according poll college basketball fans feel every duke loss like christmas thanksgiving t,0
thanksgiving day parade canon believe garfield allow float around yanked around wi,0
goodnight family friends pray great thanksgiving,0
styles happy thanksgiving everyone celebrating today love,0
requested kindergarten thanksgiving cookbook enjoy,0
lmfao black people white significant others house thanksgiving,0
get whole month winter break not fair got thursday thanksgiving,0
otter lil sketch turns way harder walk time belly starts beating ground time take step,0
thanksgiving family,0
taking thanksgiving family football game seriously,0
hotones episode w amp one entertaining long,0
happy thanksgiving errrbody,0
rohrabacher tweeted hungary blue thanksgiving day days notorious dutc,0
worried thanksgiving bc spending w landlord's family amp niece rly int,0
taking thanksgiving family football game seriously,0
haven't drop alcohol since thanksgiving,0
happy thanksgiving eat good party hard lol enjoy family amp friends priceless blessed,0
challenge write ups filling rest thanksgiving break,0
message haters no didn't quit making smoke trick vids mom just took away vape cause using th,0
got point didn't even care feeling literally thanksgiving waiti,0
just realized ve never date ve never brought someone home thanksgiving ve never valentine,0
now thanksgiving,0
family thanksgiving time aunts cousins announce re another hellion tistheseason,0
added video playlist pepper's thanksgiving,0
liked video pepper's thanksgiving,0
nba christmas gt nfl thanksgiving crazy think otherwise,0
happy thanksgiving,0
happy thanksgiving,0
according poll college basketball fans feel every duke loss like christmas thanksgiving t,0
happy thanksgiving woman,0
hey guys friends uncle missing since thanksgiving please help retweet share around houston,0
thanksgiving m posting pmv show thankful beautiful porn stars starlets put,0
stout,0
never forget charlie brown franklin sitting alone side table thanksgiving,0
thanksgiving cuero cousins cuero texas,0
now thanksgiving official time,0
eliza back around thanksgiving isn't something ve told world yet no,0
xxox happy thanksgiving everyone m thankful family friends thank endless support l,0
thanksgiving,0
texas texas tech annual thanksgiving game,0
dear tried send note attached website character limit didn't let,0
just realized forgot share aren't married story thanksgiving fam,0
happy thanksgiving,0
happy second thanksgiving everyone,0
thanksgiving m posting pmv show thankful beautiful porn starlets put sel,0
thanksgiving day lacy routine traffic stops happened pull korinne korinne tried,0
wishing warm cozy thanksgiving lots lots pie,0
now thanksgiving official time,0
according poll college basketball fans feel every duke loss like christmas thanksgiving t,0
requested kindergarten thanksgiving cookbook enjoy,0
liked video thanksgiving day vlog movies home decor tour family amp food,0
message haters no didn't quit making smoke trick vids mom just took away vape cause using th,0
delirious thanksgiving insanity sale runs midnight tomorrow night don't left great deals,0
challenge write ups filling rest thanksgiving break,0
post thanksgiving workout walking upstairs change jeans yoga pants,0
just best time year isn't thanksgiving two weeks ago txhsfb playoffs st,0
christmas thanksgiving birthdays celebrations times family friends together goodfood m,0
pneumomia cooks entire thanksgiving dinner husband sniffles finds just enough strength get,0
thanksgiving,0
know m late thread thanksgiving educational purposes,0
happy thanksgiving even though today f la made no sense whatsoever m writing letter mothe,0
today's service church family thanksgiving redeeming firstborns prayer family iyo ni kutoka church,0
happy thanksgiving enjoy day people matter,0
according poll college basketball fans feel every duke loss like christmas thanksgiving t,0
made thanksgiving maybe can make christmas,0
bob's burgers best thanksgiving episodes never,0
thanksgiving,0
practice waking day expectation good wonderful feeling thanksgiving life,0
thanksgiving soon know means,0
got apple watch thanksgiving already cracked,0
just realized ve never date ve never brought someone home thanksgiving ve never vale,0
festive vegan thanksgiving recipes,0
thanksgiving sensitive time cuz growing ppl said look like yam,0
golden u finally get sit grown table thanksgiving re introduced whole new gossip,0
lost thanksgiving exactly approach season dull anyways,0
sunday day reverence rememberence thanksgiving acknowledgement importantly,0
rt,0
tv happy thanksgiving visit dessert,0
hey guys friends uncle missing since thanksgiving please help retweet share around houston,0
thanksgiving evening late small kitten showed doorstep couldn't turn away now li,0
happy thanksgiving,0
thanksgiving want shoot content website shoot la las vegas location amp,0
hey guys friends uncle missing since thanksgiving please help retweet share around houston,0
according poll college basketball fans feel every duke loss like christmas thanksgiving t,0
participate parades blow shelldon course big shell palm coast holiday,0
happy thanksgiving people thank,0
challenge write ups filling rest thanksgiving break,0
blessed ifeanyichukwu akabobogu thanksgiving time latest nigerian gospel music,0
cyve f adyer thanksgiving,0
blessed ifeanyichukwu akabobogu thanksgiving time latest nigerian gospel music,0
please rt interiordesign decoration architecture home thanksgiving detour amp fried turkey,0
hope wonderful blessed thanksgiving family thank every tweet like amp retweet ve gotten,0
nola really niggas thanksgiving dinner dancing happy ever really dead,0
bob's burgers best thanksgiving episodes never,0
thanksgiving day lacy routine traffic stops happened pull korinne korinne tried,0
ball fam happy thanksgiving,0
thanksgiving break messed around witha disposable camera best results pt,0
help friends amp family healthier thanksgiving year revamping buffet table,0
thrilling fantasy adventures world nardva l sole authored books currently available us,0
happy thanksgiving,0
happy thanksgiving,0
m missing boo thanksgiving one sober not much,0
went thanksgiving memorial mass gathered canopy made freshly cut palm fronds rebel,0
thanksgiving amp gratitude clicktocliquewithnadine,0
ph rather sunday join us wonderful time god's presence celebrate one king th,0
teacher show woooo info picture also like haven't seen nuclear thanksgiving check,0
challenge write ups filling rest thanksgiving break,0
stoner thanksgiving,0
foursquare church thanksgiving,0
anxious nothing everything prayer supplication thanksgiving let requests made,0
now thanksgiving,0
just found em bright traps makes sure fam celebrates december bday thanksgiving,0
kinda hotbox need thanksgiving dinner,0
ever drunk become pilgrim thanksgiving jordan bairos,0
xxox happy thanksgiving everyone m thankful family friends thank endless support l,0
go easy leftists period thanksgiving amp christmas hard encompasses everything,0
tbt last thanksgiving,0
please rt interiordesign decoration architecture home thanksgiving detour amp fried turkey,0
xxox happy thanksgiving everyone m thankful family friends thank endless support l,0
xxox happy thanksgiving everyone m thankful family friends thank endless support l,0
can trust lied air saying thanksgiving great turkey still lit,0
thanksgiving day lacy routine traffic stops happened pull korinne korinne tried,0
imagine make awkward thanksgiving well,0
ve got pegged thanksgiving movie d say big short christmas movie,0
happy thanksgiving,0
swear like seriously haven't studying m thinking fail exams ll still pass clas,0
challenge write ups filling rest thanksgiving break,0
giantspride thanksgiving night one hour,0
hope safe happy thanksgiving,0
according poll college basketball fans feel every duke loss like christmas thanksgiving t,0
ve never till week thanksgiving,0
golden u finally get sit grown table thanksgiving re introduced whole new gossip,0
get passed around stuffing thanksgiving dinner,0
please rt interiordesign decoration architecture home thanksgiving detour amp fried turkey,0
happy thanksgiving via,0
xxox happy thanksgiving everyone m thankful family friends thank endless support l,0
yesterday today's early snowfall delight year since thanksgiving truly felt like christmas yearofthanks,0
please rt interiordesign decoration architecture home thanksgiving detour amp fried turkey,0
happy thanksgiving time start making stuffing salad,0
thanksgiving day lacy routine traffic stops happened pull korinne korinne tried,0
two case studies help illustrate impact opening early thanksgiving day holiday retail foot traffic,0
golden u finally get sit grown table thanksgiving re introduced whole new gossip,0
tomorrow apps will marked happy thanksgiving everyone,0
according poll college basketball fans feel every duke loss like christmas thanksgiving t,0
riley worse casey missing thanksgiving,0
soon read thanksgiving backshot air tweet life went shambles,0
costell happy belated halloween thanksgiving black fridays early christmas new ye,0
xxox happy thanksgiving everyone m thankful family friends thank endless support l,0
wholeheartedly invite attend weekly thanksgiving god's people celebration december sunday th,0
styles happy thanksgiving everyone hope re lovely one h,0
walking kitchen thanksgiving,0
like week thanksgiving lol,0
anter twitter need thing dog chase ran away thanksgiving nc specifically elkin traphill area,0
twist holiday classic sista try thanksgiving samosas guysranchkitchen,0
challenge write ups filling rest thanksgiving break,0
hey guys friends uncle missing since thanksgiving please help retweet share around houston,0
dude cousin thanksgiving dinner now,0
please rt interiordesign decoration architecture home thanksgiving detour amp fried turkey,0
read family celebrated thanksgiving rural arkansas end asmsg iart,0
kind stupid joke someones drunk racist uncle makes thanksgiving,0
happy thanksgiving,0
expression grateful heart pepper gang sunday worship thanksgiving joy grateful,0
re well past thanksgiving wanted smiling faces feed miss timeteam,0
banned taking home thanksgiving family bc mini mountain aunt's homemade m,0
thanksgiving day lacy routine traffic stops happened pull korinne korinne tried,0
thanksgiving michael,0
cant breathe video makes weep like thanksgiving,0
love city feel way thanksgiving,0
brother just told not worry getting christmas present home thanksgiving,0
thanksgiving much grateful,0
according poll college basketball fans feel every duke loss like christmas thanksgiving t,0
concept restaurant serves different variations thanksgiving dinners don't need fake ass holiday eat good,0
gaga thanksgiving foi vergonhoso,0
culture thanksgiving dont fucking,0
now thanksgiving,0
olsen healed jesus name panhers cnt w o bone nutr,0
ok thanksgiving time workout n get shape can sell soul christmas food,0
christmas thanksgiving birthdays celebrations times family friends together goodfood m,0
thanksgiving day lacy routine traffic stops happened pull korinne korinne tried,0
feeling unhealthy post thanksgiving feast quick workout videos black women snatched kill,0
hoping ll love catfish makeup tutorial thanksgiving edition,0
know body spiteful told sister thanksgiving almost never periods depo,0
according poll college basketball fans feel every duke loss like christmas thanksgiving t,0
enter gates thanksgiving courts praise give thanks bless name lord good hi,0
large retro cornucopia shape mold thanksgiving anodized amazingfunvintage retrokitschmcm,0
right police chase street day thanksgiving now wonder re related,0
according poll college basketball fans feel every duke loss like christmas thanksgiving t,0
now thanksgiving official time,0
starbucks fucking worst don't give shit partners worked one t,0
kindly share us message thanksgiving via whatsapp number let whole world know,0
kindly share us message thanksgiving via whatsapp number let whole world know,0
kindly share us message thanksgiving via whatsapp number let whole world know,0
kindly share us message thanksgiving via whatsapp number let whole world know,0
kindly share us message thanksgiving via whatsapp number let whole world know,0
kindly share us message thanksgiving via whatsapp number let whole world know,0
xxox happy thanksgiving everyone m thankful family friends thank endless support l,0
thanksgiving every year consists random drinking games life goals right,0
kindly share us message thanksgiving via whatsapp number let whole world know h,0
kindly share us message thanksgiving via whatsapp number let whole world know h,0
taking thanksgiving family football game seriously,0
smyles happy thanksgiving y texas one love,0
challenge write ups filling rest thanksgiving break,0
happy thanksgiving everybody,0
fandom used feel like nice family dinner everyone actually liked now feels like awkwar,0
thanksgiving canned food drive nhs,0
posting honor thanksgiving,0
happy thanksgiving everyone,0
stupid acceptable toddler public temper tantrum college studen,0
telling wrestle curious alligator thanksgiving actually not interesting h,0
sis brags thanksgiving getting phd quantitative microbiology m gonna thinkin ti,0
analyst normally charge many racks spend bitch thanksgiving day,0
uma thurman finally addresses harvey weinstein dismisses perfect way remember thanksgiving afternoon thurman took,0
ready bffssss come home got see thanksgiving break,0
just heating thanksgiving leftovers,0
fun fact thanksgiving friend watched office hours straight,0
challenge write ups filling rest thanksgiving break,0
exo k amp exo m wish everyone happy thanksgiving want say thank continuous love amp support http,0
pneumomia cooks entire thanksgiving dinner husband sniffles finds just enough strength get,0
happy thanksgiving,0
marty psa humane society allowing dogs pets adopted free weekend part thanksgivi,0
thanksgiving luke thessalonians thanksgiving will,0
thanksgiving next week november just started day ago fuck,0
shop best ivory ella charity collection fall holidays ivoryella sales style thanksgiving,0
girl knew died drunk driving accident night thanksgiving year,0
don't full one got thanksgiving maybe can wait get,0
lord come holy throne humility submission say day made shall rejoice,0
positive thoughts thanksgiving musk futurism,0
requested kindergarten thanksgiving cookbook enjoy,0
know not even thanksgiving yet getting ready xmas early jingle balls cockrings available,0
haven't seen friends since thanksgiving lmao hella miss,0
like even recently thanksgiving sam commenting cute things brandon's instagram pics must really low key,0
otter lil sketch turns way harder walk time belly starts beating ground time take step,0
enter holiday season know jinglebells written james lord pierpont originally inte,0
now thanksgiving,0
can thanksgiving,0
thanksgiving day lacy routine traffic stops happened pull korinne korinne tried,0
memes cowboys fans leaving thanksgiving dinner parties like,0
great show parents couldn't wait show ad home thanksgiving sounde,0
read family celebrated thanksgiving rural arkansas end asmsg iart,0
group step family date takes place fancy buffet restaurant thanksgiving handsome fo,0
everybody eats amp defensive line give back thanksgiving wilddogssackhunger weare https,0
just case anyone wasn't sure abuse isn't mean constant system made break will p,0
now thanksgiving,0
okay actually ve purchased one gift got thanksgiving doesn't really count,0
always something thankful thanksgiving goodfriends ca santa rosa,0
m watching nightmare christmas first time immediate thoughts need move t,0
psychology message blends christmas thanksgiving victoria,0
psychology message blends christmas thanksgiving victoria,0
thanksgiving day lacy routine traffic stops happened pull korinne korinne tried,0
thanksgiving already year go happy thanksgiving friends family south board usa love ya,0
ve texted snap chatted since thanksgiving get work can tweet can send quick text,0
happy thanksgiving song miranda lyrics written genius big wheeze,0
xxox happy thanksgiving everyone m thankful family friends thank endless support l,0
grandma passed away weeks thanksgiving wanted stay wanted see siblings amp whole ran o,0
hey guys friends uncle missing since thanksgiving please help retweet share around houston,0
thanksgiving break tease,0
xxox happy thanksgiving everyone m thankful family friends thank endless support l,0
bambie feel lucky americans let alone rural georgians can say calendar year thanksgiving,0
tb thanksgiving,0
xxox happy thanksgiving everyone m thankful family friends thank endless support l,0
couldn't anymore proud video everyone involved happy thanksgiving,0
good ang thanksgiving ko exclusive whole chicken kfcdeliverythanksgiving,0
according poll college basketball fans feel every duke loss like christmas thanksgiving t,0
lord come holy throne humility submission say day made sha,0
obama family wish happy thanksgiving full joy gratitude,0
requested kindergarten thanksgiving cookbook enjoy,0
feel lucky americans let alone rural georgians can say calendar year thanksg,0
rt deal ga kick off start thanksgiving break follow rules join mbf qrt tweet tag use,0
retire public service job fema home bound alone former cowork,0
liked video outside nba disrespectful dunks thanksgiving amp,0
thanksgiving day lacy routine traffic stops happened pull korinne korinne tried,0
gatto happy thanksgiving m thankful love show allowing part lives provide,0
added video playlist people try thanksgiving meal pringles,0
happy thanksgiving suns fans,0
happy thanksgiving everybody,0
happy thanksgiving especially thinking everyone everywhere many hardships kinds,0
macy's thanksgiving day parade makes spirits bright,0
macy's thanksgiving day parade makes spirits bright,0
dead uncle just talked thanksgiving story better president underground,0
werewolf doodle done flying thanksgiving holiday,0
mother holy spirit hidden face g d curses land let praise thanksgiving arise see move,0
anyone got thanksgiving leftovers can,0
jsimonee said dressing stuffing already covered thanksgiving since holidays c,0
chanbaek roommate looked like chanyeol brought baekhyun family's thanksgiving table,0
happy thanksgiving god's people brethren mcgiweeklythanksgiving,0
will offer thee sacrifice thanksgiving will call upon name lord psalms mcgiweeklyth,0
cabello yaaahhh happens eat many tamales aka thanksgiving xmas,0
thanksgiving,0
sister didn't want house thanksgiving,0
honestly don't care nfl use thanksgiving day day rather watch tennis football,0
happy thanksgiving confrontational clothing,0
taygeta valv,0
happy thanksgiving may day filled family love festive food happiness,0
see girls wearing heels thanksgiving dinner relax food free,0
now thanksgiving,0
according poll college basketball fans feel every duke loss like christmas thanksgiving t,0
god boast day long praise thy name ever selah psalm kjv reason thanksgivin,0
thanksgiving,0
bd wormy ass took girlfriend dinner old ve sent screenshots asking,0
happy thanksgiving guys,0
thanksgiving set extra place table remembrance no longer us,0
well guess smart not go thanksgiving party,0
cousin got himalayan salt lamp thanksgiving asked,0
otter lil sketch turns way harder walk time belly starts beating ground time take step,0
every creature god good nothing refused received thanksgiving tim mcgiweekl,0
happy thanksgiving favorite chocolate baby,0
happy thanksgiving hit like re enjoying great food family music,0
birthday thanksgiving,0
thanksgiving ep june,0
new pll next generation beginning chapter holidays thanksgiving spoby spence,0
ve watching hallmark movies since thanksgiving amp tonight grandpa looks grandma amp says hallmark girl,0
thanksgiving day lacy routine traffic stops happened pull korinne korinne tried,0
thanksgiving day lacy routine traffic stops happened pull korinne korinne tried,0
recall things may graduation aug hurricane harvey oct won world series nov thanksgi,0
mom dad meet gf record scratch mom ur gf dad president donald j trump walking sunshine starts p,0
now holiday season begun ll hearing lot joy gratitude re feeling,0
every creature god good nothing refused received thanksgiving tim mcgiweekl,0
may never forget written john love loved us first happy thanksgiving god's people,0
prepare thanksgiving offering importantly give dance god rejoice future guaranteed going,0
fuck ya ll veggie stroganoff made thanksgiving dope,0
enter gates thanksgiving courts praise give thanks bless name lord good hi,0
grandma passed away weeks thanksgiving wanted stay wanted see siblings amp whole ran o,0
otter lil sketch turns way harder walk time belly starts beating ground time take step,0
beers good smuggled back alabama thanksgiving,0
crisp air hot apple cider warm family gatherings coming soon thanksgiving homedecor etsy family https,0
showed ex's thanksgiving dinner check new youtube video,0
thanksgiving day lacy routine traffic stops happened pull korinne korinne tried,0
set table enjoy feast etsyshop floral centerpiece thanksgiving hostessgift ht,0
otter lil sketch turns way harder walk time belly starts beating ground time take step,0
join us unusual annual thanksgiving service tomorrow morning church auditorium god done us well,0
today's thanksgiving list give thanks everyone means something go one day without complaining,0
added video playlist quints ryder still hates thanksgiving,0
anter twitter need thing dog chase ran away thanksgiving nc specifically elkin traphill area,0
introduced family license plate songs thanksgiving apparently big hit particularly,0
obama family wish happy thanksgiving full joy gratitude,0
manly thanksgiving part thanksgiving,0
happy thanksgiving god's people mcgiweeklythanksgiving,0
thanksgiving podcast men manly thanksgiving part,0
according poll college basketball fans feel every duke loss like christmas thanksgiving t,0
manly thanksgiving part thanksgiving,0
manly thanksgiving part thanksgiving,0
thanks giving podcast men manly thanksgiving part,0
thanks giving podcast men manly thanksgiving part,0
can send message thanksgiving whatsapp line let world know good lord,0
can send message thanksgiving whatsapp line let world know good lord,0
can send message thanksgiving whatsapp line let world know good lord,0
can send message thanksgiving whatsapp line let world know good lord,0
can send message thanksgiving whatsapp line let world know good lord,0
can send message thanksgiving whatsapp line let world know good lord,0
thanksgiving podcast men manly thanksgiving part,0
thanksgiving podcast men manly thanksgiving part,0
happy thanksgiving makeup beauty blog,0
otter lil sketch turns way harder walk time belly starts beating ground time take step,0
unable join us thanksgiving day head view special video rebroadcast p,0
xxox happy thanksgiving everyone m thankful family friends thank endless support l,0
xxox happy thanksgiving everyone m thankful family friends thank endless support l,0
xxox happy thanksgiving everyone m thankful family friends thank endless support l,0
challenge write ups filling rest thanksgiving break,0
black friday starts friday black friday starts thanksgiving black friday starts monday,0
can send message thanksgiving whatsapp line let world know good lo,0
can send message thanksgiving whatsapp line let world know good lo,0
went thanksgiving everything remembered delicious,0
otter lil sketch turns way harder walk time belly starts beating ground time take step,0
ve never met actual person offended wished merry christmas since can remember al,0
happy thanksgiving thankful supporting lifting needed year lots,0
thanksgiving break messed around witha disposable camera best results pt,0
ghost right thanksgiving every single year champs get comfortable amp lazy broke amp hungry guys,0
happy thanksgiving take good care family friends,0
can remember first grade thanksgiving day something,0
happy thanksgiving,0
pray thanksgiving rushism,0
greer come thanksgiving dressed like prince,0
sitting bed just undies fuzzy grip socks eating leftover pecan pie thanksgiving know m single bout,0
thanksgiving day join us will praises dance joy liberty giving whole lot hallelujah see,0
avoided talking politics thanksgiving,0
m donald art white house bigly praise orders come will done happy thanksgiv,0
thanksgiving break messed around witha disposable camera best res,0
thanksgiving day year m standing hand heart m lawyer nfl can sue,0
liked video thanksgiving guest snl,0
check gorilla tape chance,0
well y better enjoy y lil campus girlfriends boyfriends last week next week thanksgiving br,0
not cause literally just home thanksgiving lol m tired school,0
according poll college basketball fans feel every duke loss like christmas thanksgiving t,0
grandma passed away weeks thanksgiving wanted stay wanted see siblings amp whole ran o,0
father come thanksgiving heart thanking day never seen promised,0
ok thanksgiving time workout n get shape can sell soul christmas food,0
fandom used feel like nice family dinner everyone actually liked now feels like awkwar,0
since thanksgiving ive copped win like off white hyperdunks obj uptowns rocafella uptowns just don uptowns,0
re celebrating thanksgiving getty house hosting formerly homeless angelenos food music friendship https,0
ah thanksgiving family friends food turkey circle lucky enter turkey circle,0
heartfelt pride ever display courage discipline loyalty american spirit honor beyond words watching ch,0
happy thanksgiving everyone findom cashmaster,0
something get off chest thanksgiving hope everyone happy thanksgiving,0
obama family wish happy thanksgiving full joy gratitude,0
ok thanksgiving time workout n get shape can sell soul christmas food,0
re republican thanksgiving dinner democrat family go around table saying yo,0
thanksgiving vintagedishes orange amp gold,0
according poll college basketball fans feel every duke loss like christmas thanksgiving t,0
xxox happy thanksgiving everyone m thankful family friends thank endless support l,0
nasty wanna thanksgiving,0
ok thanksgiving time workout n get shape can sell soul christmas food,0
huge thanks lifetime boyfriend life wouldn't complete without thank everything ve,0
finally cried lost best friend bet got cheese wrapped hot dogs,0
xxox happy thanksgiving everyone m thankful family friends thank endless support l,0
also wholesome thanksgiving content,0
happy thanksgiving u twitter peeps,0
supposed start diet thanksgiving lied lol,0
grandma passed away weeks thanksgiving wanted stay wanted see siblings amp whole ran o,0
thanksgiving day lacy routine traffic stops happened pull korinne korinne tried,0
read family celebrated thanksgiving rural arkansas end asmsg iart,0
idk wrong thought thanksgiving turkey second,0
vegan thanksgiving pie recipes get holidays diet scmiet vegan banana,0
happy thanksgiving guys letsgopens,0
fuhh thanksgiving meal rather youuuu,0
taking thanksgiving family football game seriously,0
liked video thanksgiving can w rhett amp link,0
tapos na thanksgiving e,0
men smoke weed snapchat post fit pics gram wake regularly boys don't even smoke big gas p,0
best thanksgiving line ever god witness thought turkeys fly wkrp cincinnati,0
thanksgiving family,0
omg moms playing parang since thanksgiving,0
fuckers say climate change isn't real fucking snowing south texas two days national gra,0
uncle george transported rest family came godmother's finish thanksgiving party,0
styles probably not thanksgiving good dayyyyyy,0
taking thanksgiving family football game seriously,0
read family celebrated thanksgiving rural arkansas end asmsg iart,0
no nigga not skipping christmas like thanksgiving pt ft gifts,0
way home thanksgiving trumpster dumpster showed gate pulled o,0
take back thanksgiving break please,0
may filled praise thanksgiving god wonder empty tomb,0
re telling story thanksgiving dinner know lying sit like,0
stg bc slipped couple times thanksgiving break,0
remember jacking last thanksgiving last year niggas saying critch cold lol,0
report continue promote according sources nonsense like thanksgiving,0
freakyfridays best spyfamofficial,0
college student timeline thanksgiving pure fucking chaos christmas,0
got text thanksgiving break,0
happy thanksgiving everybody,0
christmas thanksgiving,0
unique mccoy ceramic pitcher olive green turkey motif thanksgiving etsy mccoypottery,0
minn hope thanksgiving weekend great mine,0
thanksgiving day lacy routine traffic stops happened pull korinne korinne tried,0
millennials take food godmother's house rest stick around uncle's caregiv,0
frustrating roomies can make dinner cute welcome home sign came back thanksgiving,0
sad say won't another thanksgiving,0
well y better enjoy y lil campus girlfriends boyfriends last week next week thanksgiving br,0
old drug dealer just texted saying great thanksgiving december love,0
u fuckin mac n cheese thanksgiving,0
stoner thanksgiving,0
messi signing chelsea know thanksgiving somewhere didn't know april fools,0
thanksgiving homework,0
golden u finally get sit grown table thanksgiving re introduced whole new gossip,0
re celebrating thanksgiving getty house hosting formerly homeless angelenos food music friendship https,0
xxox happy thanksgiving everyone m thankful family friends thank endless support l,0
wishing everyone happy thanksgiving enjoy day family friends,0
thanksgiving giveaway re giving away spaz rank lucky players retweet like verified win win,0
happy thanksgiving discoverthebook,0
year now norton buy thanksgiving sale protected computers far,0
great god shiloh thanksgiving service empowered new dawn arrived,0
added video playlist tia mowry's thanksgiving side dish mac cheese recipe quick fix,0
first crash thanksgiving night almost died another accident last night gotta say m blessed don t,0
college student timeline thanksgiving pure chaos christmas,0
otter lil sketch turns way harder walk time belly starts beating ground time take step,0
suggested rule thanksgiving meal insist discussing politics social issues table must sent e,0
golden u finally get sit grown table thanksgiving re introduced whole new gossip,0
xxox happy thanksgiving everyone m thankful family friends thank endless support l,0
xxox happy thanksgiving everyone m thankful family friends thank endless support l,0
stuffing face thanksgiving,0
phil not anxious anything everything prayer petition thanksgiving present,0
talia feel like impossible three thanksgiving felt like gonna throw,0
thanksgiving sunset oakland california,0
walking kitchen thanksgiving,0
requested kindergarten thanksgiving cookbook enjoy,0
taking thanksgiving family football game seriously,0
hope good late thanksgiving lt haven't dropped wanted see,0
gotta nola invited niggaz thanksgiving thought tryna get train poppin,0
grandma passed away weeks thanksgiving wanted stay wanted see siblings amp whole ran o,0
posting honor thanksgiving,0
styles happy thanksgiving everyone hope re lovely one h,0
teerawaf thanksgiving,0
ok thanksgiving time workout n get shape can sell soul christmas food,0
one residents said warming thanksgiving leftovers just,0
coworker buddy making cry amp family cook extra thanksgiving bring local park feed ho,0
nick lachey's employee shot thanksgiving speaks suspect caught can't change happened,0
according poll college basketball fans feel every duke loss like christmas thanksgiving t,0
last thanksgiving thanksgiving,0
bonus whole damn obama family making church almost every sunday bonus spending christmas amp,0
requested kindergarten thanksgiving cookbook enjoy,0
haven't hungry since starved thanksgiving eve,0
happy thanksgiving,0
walking kitchen thanksgiving,0
thanksgiving times man gotta love family,0
enjoy goodmorning amp happy thanksgiving enjoy,0
husband's company week thanksgiving not festive hope fun,0
read family celebrated thanksgiving rural arkansas end,0
thanksgiving might mashed potatoes christmas christmasdinner,0
rt deal ga kick off start thanksgiving break follow rules join mbf qrt tweet tag use,0
thingsthatjustdontgotogether thanksgiving no political debates,0
love much rooftopbar familytime thanksgiving thankful california venice,0
thoughts thanksgiving andy rooney,0
alaud came back thanksgiving since,0
lovelymallari thanksgiving selfies,0
philippians not anxious anything every situation prayer petition thanksgiving,0
delete life thanksgiving idk don't hard feelings towards weird,0
thanksgiving fun year house,0
walking kitchen thanksgiving,0
also birthday born died thanksgiving,0
otter lil sketch turns way harder walk time belly starts beating ground time take step,0
things not exist thanksgiving years ago uber airbnb instagram snapchat bitcoin ipad kickstarter pinteres,0
celebrate family festive season xl purple grape wreath flowers thanksgiving familyholiday etsy decor rt h,0
pace idgaf feeding polar bears illegal brought damn thanksgiving meal,0
just finished eating sushi grandma invited us thanksgiving dinner,0
know will appreciate thanksgiving kicks call cranberry suace,0
really great reflection importance gratitude book full small stuff tiny stuff forget,0
laser curls step choice possibility representing community include abdicable locks hope dimin,0
thanksgiving wishes marketing,0
now thanksgiving,0
taedatnigga smashing thanksgiving leftovers lol,0
u fuckin mac n cheese thanksgiving,0
christmas around corner spirit thanksgiving never left yams still,0
re celebrating thanksgiving getty house hosting formerly homeless angelenos food music friendship https,0
happy thanksgiving recipes turkey dessert,0
let lord love lead let men serviced today's service sunday myfathersday thanksgiving onyeoma sonofgrace,0
happy thanksgiving,0
addiction water recently came back thanksgiving break thank god,0
thanksgiving day lacy routine traffic stops happened pull korinne korinne tried,0
otter lil sketch turns way harder walk time belly starts beating ground time take step,0
mcm might snack just like snack temporary fulfillment m thanksgiving dinner baby,0
pedosta kids table come back grownups,0
brand new kitchen video hey guys time start getting holiday mood make henry's traditional thanksgiving day jell,0
message haters no didn't quit making smoke trick vids mom just took away vape cause using th,0
damn haven't gotten drunk call since thanksgiving life smh m trash,0
goldensweetcrust happy thanksgiving everyone wanted honey ham year looks like thats not happen,0
yankee count blessings thanksgiving don't forget puerto rico still facing families need help rebuild,0
walking kitchen thanksgiving,0
psychology message blends christmas thanksgiving victoria advocate,0
psychology message blends christmas thanksgiving victoria advocate,0
psychology message blends christmas thanksgiving victoria advocate,0
masito,0
enriched every thing bountifulness causes us thanksgiving god,0
ha just brought tree home today week late put lights house day thanksgiving,0
bout fuck thanksgiving leftovers,0
death dark true story reading onion article people dying around holidays remembered unc,0
taking thanksgiving family football game seriously,0
family town wearing feast mode shirt basically just ate thanksgiving dinner part,0
sr blackbird early last week parents town thanksgiving,0
otter lil sketch turns way harder walk time belly starts beating ground time take step,0
yall niggas eating turkey thanksgiving uncle went fishing caught dinosaur eating baby t rex tonight http,0
recreated thanksgiving look thanksgiving,0
jesus groaning old bing crosby found way space white xmas like miracle street lik,0
xxox happy thanksgiving everyone m thankful family friends thank endless support l,0
thanksgiving table s,0
yum thanksgiving great winter holidays well,0
one week away m including puerto rican flavors thanksgiving meal year ina garten bobby flay top che,0
another great thanksgiving alone via,0
xxox happy thanksgiving everyone m thankful family friends thank endless support l,0
now thanksgiving,0
speaking criples holiday season recap thanksgiving day mom outside filling hole dog dug,0
wish can go back thanksgiving everyday smh allll good,0
xxox happy thanksgiving everyone m thankful family friends thank endless support l,0
m not even going complain lil inches snow got today last year already inche,0
aerial footage shows bumper bumper traffic los angeles americans get head start thanksgiving travel,0
speaking criples holiday season recap thanksgiving day mom outside filling hole dog dug,0
omg australian friend visited thanksgiving really took eagles fight song now getting eagle,0
special december ar,0
problem solvers thanksgiving amp puerto rico puppy rescue adoptable puppies,0
golden u finally get sit grown table thanksgiving re introduced whole new gossip,0
yall niggas eating turkey thanksgiving uncle went fishing caught dinosaur eating baby t rex tonight http,0
year end cws thanksgiving pnktalabauno ctto,0
start prepare thanksgiving dinner guest invite dom fuck good start mini vacation h,0
re celebrating thanksgiving getty house hosting formerly homeless angelenos food music friendship https,0
god's grace sufficient just receive thanksgiving dr francis,0
watching elf thanksgiving tradition us,0
content titans snapchat right now players wags coaches contributing thanksgiving dinner snaps titanup,0
thanksgiving house glorious non stop car accident set music cocaine,0
anter twitter need thing dog chase ran away thanksgiving nc specifically elkin traphill area,0
rt,0
still eating thanksgiving leftovers need check,0
grandma passed away weeks thanksgiving wanted stay wanted see siblings amp whole ran o,0
finna smash thanksgiving leftovers,0
fuhh thanksgiving meal rather youuuu,0
golden u finally get sit grown table thanksgiving re introduced whole new gossip,0
hump loves thanksgiving kanye suck baby balls,0
newsmaker franklin regional senior marches macy's thanksgiving day parade,0
otter lil sketch turns way harder walk time belly starts beating ground time take step,0
migos handing thanksgiving turkeys culture,0
dude watched whole thing drunk thanksgiving break,0
otter lil sketch turns way harder walk time belly starts beating ground time take step,0
lol thanksgiving actual home video via,0
christmas around corner spirit thanksgiving never left yams still,0
rt,0
mom will next weekend m peace knowing won't spend christmas new years alone not like thanksgiving,0
wow great expectation us gratuitous towards god thanksgiving no days go,0
wow deeper amp deeper m concerned woolsey dance mueller meal donthecon,0
annual renewal got electronic copy right thanksgiving,0
liked video thanksgiving breakdown,0
thanksgiving ep june,0
wow deeper amp deeper m concerned woolsey dance mueller meal donthecon,0
golden u finally get sit grown table thanksgiving re introduced whole new gossip,0
happy thanksgiving don't forget stuffing,0
gotta sous vide already big fan of's running column,0
enter gates thanksgiving courts praise give thanks bless name lord good hi,0
knows lanham college student timeline thanksgiving pure fucking chaos christmas,0
lol thanksgiving actual home video via,0
p not even thanksgiving christmas easter etc gay much,0
happy thanksgiving everybody,0
honor thanksgiving right bring gem back,0
ihtzkati like dudes messing w amp end movie thanksgiving invites ove,0
walking kitchen thanksgiving,0
president trump launches thanksgiving eve twitter tirade,0
happy thanksgiving everybody,0
prize give away facebook live thanksgiving give away went well said can d,0
just two words want share thanksgiving thank,0
vandyke thanksgiving day remember friend american journalist james foley kidnapped syria thanksgivi,0
good night sweet dreams may heart filled thanksgiving,0
shiloh thanksgiving service,0
spent thanksgiving favorite person planet couldn't thankful,0
happy thanksgiving holiday re bunch old fake friends text happy fakesgiving family com,0
feeling try understanding think d angry first thanksgiving h,0
re celebrating thanksgiving getty house hosting formerly homeless angelenos food music friendship https,0
chanbaek roommate looked like chanyeol brought baekhyun family's thanksgiving table,0
grandma passed away weeks thanksgiving wanted stay wanted see siblings amp whole,0
enter gates thanksgiving courts praise give thanks bless name lord good hi,0
hf happy thanksgiving m thankful,0
family's big christmas combined thanksgiving dinner today got snow straightened hair,0
celebrating stuff dead turkey spare thought indigenous americans yea,0
forever grateful happy thanksgiving,0
liked video irish people taste test weird thanksgiving food,0
happy thanksgiving csgogiveaway enter rt amp follow tag friends use code hours,0
liked video drunk irish people explain story thanksgiving,0
lesson need learn,0
according poll college basketball fans feel every duke loss like christmas thanksgiving t,0
otter lil sketch turns way harder walk time belly starts beating ground time take step,0
walking kitchen thanksgiving,0
bringing prayer thanksgiving thank jesus another one,0
think like war halloween war thanksgiving,0
greer showing thanksgiving shesgottahaveit,0
hits streets find just much people know thanksgiving,0
just time thanksgiving rt amp follow chance win world warcraft hear,0
gotta sous vide already big fan of's running column,0
spice pre christmas celebration fairy fun,0
golden u finally get sit grown table thanksgiving re introduced whole new gossip,0
always wondered macy's thanksgiving day parade look like directed leni riefenstahl,0
happy thanksgiving,0
illneversee oscar meyer weiner mobile unless m macy's thanksgiving day parade,0
m thankful lot thanksgiving including president doesn't put liberal bs,0
american p itunes,0
according poll college basketball fans feel every duke loss like christmas thanksgiving t,0
according poll college basketball fans feel every duke loss like christmas thanksgiving t,0
requested kindergarten thanksgiving cookbook enjoy,0
walking kitchen thanksgiving,0
first host vegan thanksgiving now standwithkeaton titans woke af new fav nfl team,0
xxox happy thanksgiving everyone m thankful family friends thank endless support l,0
xxox happy thanksgiving everyone m thankful family friends thank endless support l,0
peggy kennedy avoid absolutes not every immigrant v,0
xxox happy thanksgiving everyone m thankful family friends thank endless support l,0
xxox happy thanksgiving everyone m thankful family friends thank endless support l,0
xxox happy thanksgiving everyone m thankful family friends thank endless support l,0
xxox happy thanksgiving everyone m thankful family friends thank endless support l,0
episode allaccess saw exclusive screening of's hosted thanksgiving dinner f,0
thanksgiving pringles sets left way possible,0
college student timeline thanksgiving pure fucking chaos christmas,0
xxox happy thanksgiving everyone m thankful family friends thank endless support l,0
lol thanksgiving actual home video via,0
nieya really get dressed go sit living room day happy thanksgiving,0
happy thanksgiving thankful,0
bonia lmfaooooooooooooooooooooooo im fucking crying cousin brought bf thanksgivi,0
need fill haven't since thanksgiving just got home must go,0
happy happy thanksgiving time give heheh,0
bought ton games thanksgiving weekend sale not touched one,0
now thanksgiving,0
omg cws worship service teacher ways prepare thanksgiving worship service cws brother dont,0
humanrightsday whatever wanna peace joy self respect thanksgiving amp loyal others makes,0
dawn time children said spirit thanksgiving number years life known t,0
extremely gloomy thanksgiving day involving soothing drive forest heartfelt,0
social platform thanksgiving learn sarah hale put social platform work b,0
no thanksgiving drama will ever top,0
fandom used feel like nice family dinner everyone actually liked now feels like awkwar,0
chanbaek roommate looked like chanyeol brought baekhyun family's thanksgiving table,0
however dad side family said many homophobic transphobic things around thanksg,0
thanksgiving now time bring back,0
vandyke thanksgiving day remember friend american journalist james foley kidnapped syria thanksgivi,0
re thankful us onemain want wish family happy healthy thanksgiving http,0
kay somers tell tone thanksgiving party no thanks yeah right betch don't know tone,0
hope like custard many people don't love custard pie usual,0
walking kitchen thanksgiving,0
happy christmas thanksgiving service todayyy,0
requested kindergarten thanksgiving cookbook enjoy,0
drone footage captures tiger shark coming close swimmers off miami beach thanksgiving weekend htt,0
fisherbang thanksgiving moments captured grateful family love glorytogod,0
recreated thanksgiving look thanksgiving,0
lord strength shield trust heart helps heart filled joy burs,0
hero comes us hour darkness tall strong armor gleaming words lift people,0
thanksgiving day lacy routine traffic stops happened pull korinne korinne tried,0
gratitude wishing remarkable thanksgiving weekend filled gratitude,0
thanksgiving aunt talked making jerk goat christmas doesn't come not welcome,0
tried thanksgiving new york amp honestly shit good asf,0
pumpkin painting pumpkin macro closeup botanical acrylic thanksgiving interiordesign,0
queers palestine like turkeys thanksgiving day draintheswamp maga israel,0
according poll college basketball fans feel every duke loss like christmas thanksgiving t,0
m sorry parents love seemed like sweet loving couple thanksgiving never,0
thanks late year usually tree night thanksgiving,0
missed getting photo thanksgiving not tonight thanks recipe love hassleback au,0
rohrabacher tweeted hungary blue thanksgiving day days notorious dutc,0
according poll college basketball fans feel every duke loss like christmas thanksgiving t,0
message haters no didn't quit making smoke trick vids mom just took away vape cause using th,0
god supplies enough content thanksgiving give others,0
thanksgiving leftovers turkey lasagna turkey chili menu using thanksgiving leftovers,0
partnered bring healthy recipes amp best foodsafety practices holidays head htt,0
thanksgiving,0
hf happy thanksgiving m thankful,0
know doesn't give dogs scraps turkey thanksgiving satan,0
otter lil sketch turns way harder walk time belly starts beating ground time take step,0
food reason keep thanksgiving v,0
psychology message blends christmas thanksgiving victoria advocate,0
problem solvers thanksgiving amp puerto rico puppy rescue adoptable puppies,0
thanksgiving might mashed potatoes christmas christmasdinner,0
otter lil sketch turns way harder walk time belly starts beating ground time take step,0
judge mental hating ass great auntie not fact doesn't get host thanksgiving since time people,0
happy thanksgiving usa,0
happy thanksgiving jewels love,0
according poll college basketball fans feel every duke loss like christmas thanksgiving t,0
rt deal ga kick off start thanksgiving break follow rules join mbf qrt tweet tag use,0
thank thanksgiving break,0
kind like tannen's thanksgiving conversation level unique insights thanksgiving,0
thank lord noticing bringing mighty long way gratitude thanksgiving newday,0
thanksgiving daily attitude instead yearly holiday,0
finally imported photos thanksgiving nice photos baking projects,0
thanksgiving day lacy routine traffic stops happened pull korinne korinne tried,0
thanksgiving much thankful family friends amp privilege serve nation day wil,0
thrilled spend part thanksgiving w local coast guard station florida thank members military,0
god's peace comes christ rule acting umpire continually heart deciding settling finality,0
college student timeline thanksgiving pure fucking chaos christmas,0
werewolf doodle done flying thanksgiving holiday,0
repost mickeyhousley houston got thanksgiving chicago christmas new years come,0
taking thanksgiving family football game seriously,0
