setel theme song thor ragnarok,0
,0
rt amp follow chance win exclusive thor ragnarok box hulk pop amp small tee,0
rt amp follow chance win exclusive thor ragnarok box hulk pop amp small tee,0
rt amp follow chance win exclusive thor ragnarok box hulk pop amp small tee,0
avengers ok need loki convince thanos loki stab thor beside death copy now,0
socially apropriate livetweet thor like many months wait no ones spoiled,0
icymi thorragnarok king thor concept art,0
rt amp follow chance win exclusive thor ragnarok box hulk pop amp small tee,0
next list already saw justice league thor murder orient express,0
thor brother watch smashes beer can forehead shotguns loki secretly touched somet,0
thor ragnarok cinematic masterpiece,0
watching thor dark world first time science confusing,0
say generally offended meme remembered atrocity agent asgard poisoned thor,0
icymi thorragnarok king thor concept art,0
rt amp follow chance win exclusive thor ragnarok box hulk pop amp small tee,0
thing thor ragnarok delightful love delighted m sick endless dr,0
thorragnorak learn thor middle child makes sense now,0
ll even throw thor costume just watch,0
icymi thorragnarok king thor concept art,0
tom hiddleston really auditioned thor's character noodle arms thor lmao,0
part m done w now let come back thor ragnarok happy forever w ps not edit crop r,0
rt amp follow chance win exclusive thor ragnarok box hulk pop amp small tee,0
thor ragnarok becomes fourth superhero movie cross million box office h,0
rt amp follow chance win exclusive thor ragnarok box hulk pop amp small tee,0
rt amp follow chance win exclusive thor ragnarok box hulk pop amp small tee,0
infinitywartrailer idk nothing happened loki thor sons fine together happy https,0
rt amp follow chance win exclusive thor ragnarok box hulk pop amp small tee,0
thor generally good lad,0
thor ragnarok cinematic masterpiece,0
thor ragnarok,0
icymi thor ragnarok king thor concept art,0
fuck yeah matter time til add thor ragnorak,0
icymi thorragnarok king thor concept art,0
al thor couldn't agree,0
rt amp follow chance win exclusive thor ragnarok box hulk pop amp small tee,0
still cant beat last mission chap yet thor hulk hulkbuster team cant cut need someone like quicksilver,0
newz thor,0
loki entering room disheveled breath running sorry im late father busy stuff thor enteri,0
thor brother watch smashes beer can forehead shotguns loki secretly touched somet,0
thing thor ragnarok delightful love delighted m sick endless dr,0
yaboijared thor ragnarok badass hilarious recommend,0
rt amp follow chance win exclusive thor ragnarok box hulk pop amp small tee,0
rt amp follow chance win exclusive thor ragnarok box hulk pop amp small tee,0
x men filmmaker bryan singer sued allegedly raping year old boy threatening keep q,0
rt amp follow chance win exclusive thor ragnarok box hulk pop amp small tee,0
questionoftheday best friend never seen superhero movie superhero movie show first,0
thor ragnarok amazing,0
trans worst thor ive ever seen,0
rt amp follow chance win exclusive thor ragnarok box hulk pop amp small tee,0
miss thor,0
rt amp follow chance win exclusive thor ragnarok box hulk pop amp small tee,0
thorragnarok becomes fourth superhero movie cross million box office https,0
rt amp follow chance win exclusive thor ragnarok box hulk pop amp small tee,0
rt amp follow chance win exclusive thor ragnarok box hulk pop amp small tee,0
rt amp follow chance win exclusive thor ragnarok box hulk pop amp small tee,0
icymi thorragnarok king thor concept art,0
hard choose think thor best far many thing change cha,0
rt amp follow chance win exclusive thor ragnarok box hulk pop amp small tee,0
split second thor thinks cap going worthy lift hammer still one good parts,0
bang thor,0
thor,0
thor ragnarok cinematic masterpiece,0
rt amp follow chance win exclusive thor ragnarok box hulk pop amp small tee,0
thor one thing worse dying thor pulls back card board says loki dying avengers loki thor no,0
movies ago like thorthedarkworld chrishemsworth thor manofsteel,0
part m done w now let come back thor ragnarok happy forever w ps not edit crop r,0
rt amp follow chance win exclusive thor ragnarok box hulk pop amp small tee,0
france banned twitter account reporting type refugee jihadi enrichment france war french army,0
rt amp follow chance win exclusive thor ragnarok box hulk pop amp small tee,0
rt amp follow chance win exclusive thor ragnarok box hulk pop amp small tee,0
rt amp follow chance win exclusive thor ragnarok box hulk pop amp small tee,0
part m done w now let come back thor ragnarok happy forever w ps not edit crop r,0
thor,0
rt amp follow chance win exclusive thor ragnarok box hulk pop amp small tee,0
cub arguing mets fan like arguing bri,0
rt amp follow chance win exclusive thor ragnarok box hulk pop amp small tee,0
thor hell guys guardians,0
thor brother watch smashes beer can forehead shotguns loki secretly touched somet,0
brand new thor trailer,0
c m p e o n e s,0
thor ragnarok officially bypassed wonder woman become highest grossing movie worldwide highest com,0
thor one thing worse dying thor pulls back card board says loki dying avengers loki thor no,0
rt amp follow chance win exclusive thor ragnarok box hulk pop amp small tee,0
rt amp follow chance win exclusive thor ragnarok box hulk pop amp small tee,0
rt amp follow chance win exclusive thor ragnarok box hulk pop amp small tee,0
part m done w now let come back thor ragnarok happy forever w ps not edit crop r,0
thor one thing worse dying thor pulls back card board says loki dying avengers loki thor no,0
thor amp justice league dope af can watch movies twice,0
thorragnarok becomes fourth superhero movie cross million box office https,0
hela goddess death first born odin sister thor loki descriptive roleplayer retweet reply,0
icymi thor ragnarok king thor concept art,0
tom hiddleston really auditioned thor's character noodle arms thor lmao,0
haven seen official mcu movies except last thor movies iron man ant man amp doctor strange,0
,0
rt amp follow chance win exclusive thor ragnarok box hulk pop amp small tee,0
thor one thing worse dying thor pulls back card board says loki dying avengers loki thor no,0
rt amp follow chance win exclusive thor ragnarok box hulk pop amp small tee,0
icymi thor ragnarok king thor concept art,0
rt amp follow chance win exclusive thor ragnarok box hulk pop amp small tee,0
rt amp follow chance win exclusive thor ragnarok box hulk pop amp small tee,0
thor morla became friends today also follow us instagram add us facebook,0
rt amp follow chance win exclusive thor ragnarok box hulk pop amp small tee,0
part m done w now let come back thor ragnarok happy forever w ps not edit crop r,0
thunder ll leave not kit ll head says leads thor house,0
x thor loki perfect together imagine fucking hot brothers x loki adopted,0
rt amp follow chance win exclusive thor ragnarok box hulk pop amp small tee,0
rt amp follow chance win exclusive thor ragnarok box hulk pop amp small tee,0
peter uh hey mr thor thor must peter starkson honour peter actually name peter p tony,0
rt amp follow chance win exclusive thor ragnarok box hulk pop amp small tee,0
loki entering room disheveled breath running sorry im late father busy stuff thor enteri,0
rt amp follow chance win exclusive thor ragnarok box hulk pop amp small tee,0
rt amp follow chance win exclusive thor ragnarok box hulk pop amp small tee,0
,0
tony thor thor quest infinity stones tony find thor wel,0
loki entering room disheveled breath running sorry im late father busy stuff thor enteri,0
questionoftheday best friend never seen superhero movie superhero movie show first,0
thor one thing worse dying thor pulls back card board says loki dying avengers loki thor no,0
rt amp follow chance win exclusive thor ragnarok box hulk pop amp small tee,0
rt amp follow chance win exclusive thor ragnarok box hulk pop amp small tee,0
rt amp follow chance win exclusive thor ragnarok box hulk pop amp small tee,0
st jude's hospital one unfortunate tragedies election amp hate came,0
rt amp follow chance win exclusive thor ragnarok box hulk pop amp small tee,0
rt amp follow chance win exclusive thor ragnarok box hulk pop amp small tee,0
rt amp follow chance win exclusive thor ragnarok box hulk pop amp small tee,0
rt amp follow chance win exclusive thor ragnarok box hulk pop amp small tee,0
anger hurtful tone within second send thor unknown realm didn't know,0
rt amp follow chance win exclusive thor ragnarok box hulk pop amp small tee,0
rt amp follow chance win exclusive thor ragnarok box hulk pop amp small tee,0
thor brother watch smashes beer can forehead shotguns loki secretly touched somet,0
thor,0
rt amp follow chance win exclusive thor ragnarok box hulk pop amp small tee,0
loki entering room disheveled breath running sorry im late father busy stuff thor enteri,0
tom hiddleston really auditioned thor's character noodle arms thor lmao,0
rt amp follow chance win exclusive thor ragnarok box hulk pop amp small tee,0
honestly hard find difference thorki art thor loki art like,0
rt amp follow chance win exclusive thor ragnarok box hulk pop amp small tee,0
wonder happens one hela came across thor ragnarok,0
loki entering room disheveled breath running sorry im late father busy stuff thor enteri,0
rt amp follow chance win exclusive thor ragnarok box hulk pop amp small tee,0
god kisses baby softly pulls closer pressing cock thor's coc,0
,0
thor peter tony selfie lt,0
tom hiddleston really auditioned thor's character noodle arms thor lmao,0
begin thor listen brother went mission jotunheim attack jotun,0
yeah fun ride really thor movie lol,0
icymi thor ragnarok king thor concept art,0
tokoye black panther amp thor ragnarok casts photographed christopher patey ho chrishemsworth,0
rt amp follow chance win exclusive thor ragnarok box hulk pop amp small tee,0
rt amp follow chance win exclusive thor ragnarok box hulk pop amp small tee,0
baby thor wants become valkyrie,0
thor brother watch smashes beer can forehead shotguns loki secretly touched somet,0
part m done w now let come back thor ragnarok happy forever w ps not edit crop r,0
rt amp follow chance win exclusive thor ragnarok box hulk pop amp small tee,0
part m done w now let come back thor ragnarok happy forever w ps not edit crop r,0
rt amp follow chance win exclusive thor ragnarok box hulk pop amp small tee,0
rt amp follow chance win exclusive thor ragnarok box hulk pop amp small tee,0
marvin musquin extends thor mx contract amp thor mx motocross,0
loki entering room disheveled breath running sorry im late father busy stuff thor enteri,0
love thor definitely loves muppets,0
thor will never polls,0
,0
rt amp follow chance win exclusive thor ragnarok box hulk pop amp small tee,0
marvin musquin extends thor mx contract amp thor mx motocross,0
tony thor thor quest infinity stones tony find thor wel,0
loki entering room disheveled breath running sorry im late father busy stuff thor enteri,0
tom hiddleston really auditioned thor's character noodle arms thor lmao,0
haven t seen coco avengers thor dunkirk justice league m pressed,0
just re watched first thor movie kiddo make way mcu journey infinity wa,0
think cutest thing thor falls asleep next leave room wakes follows conti,0
notice,0
rt amp follow chance win exclusive thor ragnarok box hulk pop amp small tee,0
hela revengers bridge near end ragnarok loki just looks thor says m not doin g,0
rt amp follow chance win exclusive thor ragnarok box hulk pop amp small tee,0
thor beginning piece piece understand going look places h,0
rt amp follow chance win exclusive thor ragnarok box hulk pop amp small tee,0
checking thor thunderstorm integrating enviro weather system gamedev,0
thor loki stop paying attention five seconds help jane not die aether loki,0
yeah just d thor gladiator hulk uses gladiator costume damn near unkillable u,0
b d,0
still need see new thor,0
palmyra,0
got thor ragnarok,0
gntlman,0
voted teamthorragnarok third film one marvel's best,0
smiles follows thor thanks inviting,0
thor morla became friends today also follow us instagram add us facebook,0
al thor even memes caps,0
thor hands appreciate wonder woman tried just wasn't good movie imo,0
thor ever wants visit earth needs stop mi casa bc homie fine,0
iron man iron man iron man captain america tfa captain america tws captain america cw thor thor tdw thor ragnarok,0
rt amp follow chance win exclusive thor ragnarok box hulk pop amp small tee,0
rt amp follow chance win exclusive thor ragnarok box hulk pop amp small tee,0
rt amp follow chance win exclusive thor ragnarok box hulk pop amp small tee,0
rt amp follow chance win exclusive thor ragnarok box hulk pop amp small tee,0
loki entering room disheveled breath running sorry im late father busy stuff thor enteri,0
rt amp follow chance win exclusive thor ragnarok box hulk pop amp small tee,0
rt amp follow chance win exclusive thor ragnarok box hulk pop amp small tee,0
rt amp follow chance win exclusive thor ragnarok box hulk pop amp small tee,0
rt amp follow chance win exclusive thor ragnarok box hulk pop amp small tee,0
need get hulk favorite character sharon rogers starlight armor,0
rt amp follow chance win exclusive thor ragnarok box hulk pop amp small tee,0
part m done w now let come back thor ragnarok happy forever w ps not edit crop r,0
al thor quite lot,0
part m done w now let come back thor ragnarok happy forever w ps not edit crop r,0
split second thor thinks cap going worthy lift hammer still one good parts,0
pt thor oh cool buddy pt thor foot oh got mike tyson lisp,0
well stop always pull prank lie not thor says cr,0
thor ambles kitchen sees bucky staring pyramid boxes decorated big red b,0
good memory dear thor ehehehehe,0
thunderous roar escaped thor's lips friends long,0
rt amp follow chance win exclusive thor ragnarok box hulk pop amp small tee,0
rt,0
mcu combined worldwide total led spider man homecoming guardians,0
rt amp follow chance win exclusive thor ragnarok box hulk pop amp small tee,0
tom hiddleston really auditioned thor's character noodle arms thor lmao,0
excuse m thor,0
thor ragnarok,0
rt amp follow chance win exclusive thor ragnarok box hulk pop amp small tee,0
geek room thor ragnorak review amp discussion ft boi brent,0
try probably not good idea can surp,0
rt amp follow chance win exclusive thor ragnarok box hulk pop amp small tee,0
part m done w now let come back thor ragnarok happy forever w ps not edit crop r,0
part m done w now let come back thor ragnarok happy forever w ps not edit crop r,0
rt amp follow chance win exclusive thor ragnarok box hulk pop amp small tee,0
hurt heart suddenly need content thor calling peter everything spider man imagine possibiliti,0
rt amp follow chance win exclusive thor ragnarok box hulk pop amp small tee,0
show play,0
tom hiddleston really auditioned thor's character noodle arms thor lmao,0
rt amp follow chance win exclusive thor ragnarok box hulk pop amp small tee,0
palmyra,0
rt amp follow chance win exclusive thor ragnarok box hulk pop amp small tee,0
still early perspective cboe bitcoin futures traded million notional first hour period abo,0
tom hiddleston really auditioned thor's character noodle arms thor lmao,0
thor ragnarok pre much gotg wishes hope re aware,0
m regal cinemas windward thor ragnarok kaneohe hi,0
taika commented similar thor chris fcking hate recast,0
loki entering room disheveled breath running sorry im late father busy stuff thor enteri,0
rt amp follow chance win exclusive thor ragnarok box hulk pop amp small tee,0
rt amp follow chance win exclusive thor ragnarok box hulk pop amp small tee,0
rt amp follow chance win exclusive thor ragnarok box hulk pop amp small tee,0
isn't ironic banks trading bitcoin,0
roots babysitting thorragnarok hela thor loki,0
know hard try love thor not chris hemsworth re literally exact person,0
peter parker uh hey mr thor think can try holding mjolnir bit thor mjolnir got destroyed tiny sp,0
thor great fucking movie,0
thor watches brother smiles proud finally decided become someone,0
rt amp follow chance win exclusive thor ragnarok box hulk pop amp small tee,0
rt amp follow chance win exclusive thor ragnarok box hulk pop amp small tee,0
distracting listen lol appeared thor like wtf voice,0
watch thor asks jasmin still loves wansajfpsisterlylove,0
rt amp follow chance win exclusive thor ragnarok box hulk pop amp small tee,0
rt amp follow chance win exclusive thor ragnarok box hulk pop amp small tee,0
rt amp follow chance win exclusive thor ragnarok box hulk pop amp small tee,0
thor ragnarok,0
rt amp follow chance win exclusive thor ragnarok box hulk pop amp small tee,0
martha avengers avengersinfinitywar infinitywar thanos ironman marvel mcu marvelcinematicuniverse blackwidow bla,0
rt amp follow chance win exclusive thor ragnarok box hulk pop amp small tee,0
good memory dear thor ehehehehe,0
rt amp follow chance win exclusive thor ragnarok box hulk pop amp small tee,0
checking thor thunderstorm integrating enviro weather system gamedev,0
thing thor ragnarok delightful love delighted m sick endless dr,0
box office justiceleague treads behind disney pixar's coco thor ragnarok drops fifth spot,0
thor brother watch smashes beer can forehead shotguns loki secretly touched somet,0
loki entering room disheveled breath running sorry im late father busy stuff thor enteri,0
rt amp follow chance win exclusive thor ragnarok box hulk pop amp small tee,0
rt amp follow chance win exclusive thor ragnarok box hulk pop amp small tee,0
thing thor ragnarok delightful love delighted m sick endless dr,0
x thor loki perfect together imagine fucking hot brothers x loki adopted,0
roots babysitting thorragnarok hela thor loki,0
check thor motocross helmet goggles motorcycle gear silver blue one owner adult xs thor via,0
rt amp follow chance win exclusive thor ragnarok box hulk pop amp small tee,0
rt amp follow chance win exclusive thor ragnarok box hulk pop amp small tee,0
rt amp follow chance win exclusive thor ragnarok box hulk pop amp small tee,0
rt amp follow chance win exclusive thor ragnarok box hulk pop amp small tee,0
rt amp follow chance win exclusive thor ragnarok box hulk pop amp small tee,0
mom just asked thor ragnarok said amazing love loki m sad,0
flip account thor mostly mcu based,0
part m done w now let come back thor ragnarok happy forever w ps not edit crop r,0
rt amp follow chance win exclusive thor ragnarok box hulk pop amp small tee,0
loki entering room disheveled breath running sorry im late father busy stuff thor enteri,0
tom hiddleston really auditioned thor's character noodle arms thor lmao,0
rt amp follow chance win exclusive thor ragnarok box hulk pop amp small tee,0
rt amp follow chance win exclusive thor ragnarok box hulk pop amp small tee,0
al thor fair price remaster,0
watching thor still highly amused gorgeous amp awesome heimdall whitest gods,0
rt amp follow chance win exclusive thor ragnarok box hulk pop amp small tee,0
rt amp follow chance win exclusive thor ragnarok box hulk pop amp small tee,0
loki entering room disheveled breath running sorry im late father busy stuff thor enteri,0
thor ragnarok,0
rt amp follow chance win exclusive thor ragnarok box hulk pop amp small tee,0
today cashier costco like yoooo know look like said yeah guy plays thor cause cousin,0
added video playlist unity tutorial thor thunderstorm enviro weather,0
tom hiddleston really auditioned thor's character noodle arms thor lmao,0
rt amp follow chance win exclusive thor ragnarok box hulk pop amp small tee,0
rt amp follow chance win exclusive thor ragnarok box hulk pop amp small tee,0
loki way soon back thor's room helped loki sit bed turning atten,0
rt amp follow chance win exclusive thor ragnarok box hulk pop amp small tee,0
loki brother can stop talking like thor apologise not mean offend thee beseech yoth thee,0
starter banishment probably one worse punishment especially,0
thor great fucking movie,0
ninja still think dead like sif knows alive thor doesn t,0
something sure not great see old favor,0
x thor loki perfect together imagine fucking hot brothers x loki adopted,0
no parents never say d india rose odinson baby thor jane written ofcrimson,0
thor,0
ya ll know loki going ally thanos infinity war can't decide loki's shady ass pulling tr,0
thor fraggle rock much fun,0
rt amp follow chance win exclusive thor ragnarok box hulk pop amp small tee,0
shit m torn guardians fav thor,0
thor's character development thor loki betrays thor thor betrayed loki thor dark world loki betra,0
rt amp follow chance win exclusive thor ragnarok box hulk pop amp small tee,0
man chris hemsworth reading bible verses last weekend candlelight processional disneyland im l,0
short comic feeling infinity war brothers must protected thor loki avengersinfinitywar,0
rt amp follow chance win exclusive thor ragnarok box hulk pop amp small tee,0
rt amp follow chance win exclusive thor ragnarok box hulk pop amp small tee,0
ofmidgard thor smiles returns kiss rises bed stretches makes way around,0
thor not knowing guardians galaxy reinforces trash thor mcu,0
rt amp follow chance win exclusive thor ragnarok box hulk pop amp small tee,0
loki entering room disheveled breath running sorry im late father busy stuff thor enteri,0
icymi thor ragnarok king thor concept art,0
rt amp follow chance win exclusive thor ragnarok box hulk pop amp small tee,0
loki entering room disheveled breath running sorry im late father busy stuff thor enteri,0
icymi thor ragnarok king thor concept art,0
models place can start creating mjolnir website huge thanks mbo controller,0
thor ragnarok spoilers old habits die hard,0
x men dark phoenix reposting marvel jeangrey ironman sophieturner spiderman avengers,0
al thor everyone wins,0
taika gave loki great character development thor ragnarok marvel mess dirt,0
rt amp follow chance win exclusive thor ragnarok box hulk pop amp small tee,0
obvs thor ragnarok back cinemas weather shit might not able make cinemas,0
icymi thor ragnarok king thor concept art,0
rt amp follow chance win exclusive thor ragnarok box hulk pop amp small tee,0
roots babysitting thorragnarok hela thor loki,0
third one bottom arrrrrrrgggh now m going gre thor smart ass,0
rt amp follow chance win exclusive thor ragnarok box hulk pop amp small tee,0
thor lost hair vs lost eye,0
rt amp follow chance win exclusive thor ragnarok box hulk pop amp small tee,0
rt amp follow chance win exclusive thor ragnarok box hulk pop amp small tee,0
tom hiddleston really auditioned thor's character noodle arms thor lmao,0
thor ragnarok oil canvas,0
still need see thor justice league,0
thor avenger stayed mission spent years looking thanos infinity stones whil,0
yeah man different films kinda like thor ragnarok good,0
rt amp follow chance win exclusive thor ragnarok box hulk pop amp small tee,0
x thor loki perfect together imagine fucking hot brothers x loki adopted,0
tony thor thor quest infinity stones tony find thor wel,0
rt amp follow chance win exclusive thor ragnarok box hulk pop amp small tee,0
rt amp follow chance win exclusive thor ragnarok box hulk pop amp small tee,0
al thor want acheevos,0
rt amp follow chance win exclusive thor ragnarok box hulk pop amp small tee,0
rt amp follow chance win exclusive thor ragnarok box hulk pop amp small tee,0
rt amp follow chance win exclusive thor ragnarok box hulk pop amp small tee,0
rt amp follow chance win exclusive thor ragnarok box hulk pop amp small tee,0
thor ragnarok cinematic masterpiece,0
rt amp follow chance win exclusive thor ragnarok box hulk pop amp small tee,0
sleeping peacefully chamber woke light sun face stood,0
ll post prompt writing thor scares lol,0
trekkie belong gre thor,0
rt amp follow chance win exclusive thor ragnarok box hulk pop amp small tee,0
,0
rt amp follow chance win exclusive thor ragnarok box hulk pop amp small tee,0
x thor loki perfect together imagine fucking hot brothers x loki adopted,0
thor ragnarok,0
loki entering room disheveled breath running sorry im late father busy stuff thor enteri,0
loki entering room disheveled breath running sorry im late father busy stuff thor enteri,0
rt amp follow chance win exclusive thor ragnarok box hulk pop amp small tee,0
thor,0
tony thor thor quest infinity stones tony find thor wel,0
rt amp follow chance win exclusive thor ragnarok box hulk pop amp small tee,0
rt amp follow chance win exclusive thor ragnarok box hulk pop amp small tee,0
rt amp follow chance win exclusive thor ragnarok box hulk pop amp small tee,0
loki entering room disheveled breath running sorry im late father busy stuff thor enteri,0
hm thor best climax tho,0
x thor loki perfect together imagine fucking hot brothers x loki adop,0
finally seeing thor ragnarok,0
cap hey buddy thor may thor son odin god thunder assist fine faithful day old friend cap,0
like comics used call thor pride marvel though didn't steal everything centuries old myths,0
rt amp follow chance win exclusive thor ragnarok box hulk pop amp small tee,0
rt amp follow chance win exclusive thor ragnarok box hulk pop amp small tee,0
rt amp follow chance win exclusive thor ragnarok box hulk pop amp small tee,0
storm couldn't even beat thor,0
tony thor can u pass salt thor yes thy good friend shalt passeth salt compartment,0
al thor ll take just won't pay remaster,0
,0
dont think thor give loki swirlie definitely think loki manage dunk thor alien toilets,0
al thor d play bc games remastered available ll glad,0
tony bruce re back bruce hi tony tony bruce fighting thors evil sister tony thor br,0
starter thor wasn't use take care daughter happy able,0
rt amp follow chance win exclusive thor ragnarok box hulk pop amp small tee,0
rt amp follow chance win exclusive thor ragnarok box hulk pop amp small tee,0
thor ragnarok becomes fourth superhero movie cross million box office h,0
,0
rt amp follow chance win exclusive thor ragnarok box hulk pop amp small tee,0
rt amp follow chance win exclusive thor ragnarok box hulk pop amp small tee,0
rt amp follow chance win exclusive thor ragnarok box hulk pop amp small tee,0
,0
rt amp follow chance win exclusive thor ragnarok box hulk pop amp small tee,0
thor ragnarok oil canvas,0
tom hiddleston really auditioned thor's character noodle arms thor lmao,0
rt amp follow chance win exclusive thor ragnarok box hulk pop amp small tee,0
rt amp follow chance win exclusive thor ragnarok box hulk pop amp small tee,0
,0
rt amp follow chance win exclusive thor ragnarok box hulk pop amp small tee,0
rt amp follow chance win exclusive thor ragnarok box hulk pop amp small tee,0
rt amp follow chance win exclusive thor ragnarok box hulk pop amp small tee,0
hulu dvds sunny can't escape netflix u better fix get sunny back will come crashin,0
rt amp follow chance win exclusive thor ragnarok box hulk pop amp small tee,0
rt amp follow chance win exclusive thor ragnarok box hulk pop amp small tee,0
late night thoughts thor franchise yesterday,0
ya ll know loki going ally thanos infinity war can't decide loki's shady ass pulling tr,0
imagine plum flavored pop tarts bucky thor pairing eclipse stucky,0
remember loki suggested thor ruling sakaar ragnarok always wanted along,0
poor charlie didn't chance old man hammer thor arm athleticism uncle r,0
rt amp follow chance win exclusive thor ragnarok box hulk pop amp small tee,0
thor loki dynamic duo space siblings fucking love okay loki came back help h,0
peter easy impress thor needs work little harder get gamora fall however second,0
rt amp follow chance win exclusive thor ragnarok box hulk pop amp small tee,0
peter parker uh hey mr thor think can try holding mjolnir bit thor mjolnir got destroyed tiny sp,0
loki entering room disheveled breath running sorry im late father busy stuff thor enteri,0
workshopping joke thor says grandfather named bor random person walking goes son als,0
best part thor ragnark,0
rt amp follow chance win exclusive thor ragnarok box hulk pop amp small tee,0
also nendo figurine anime thor true inspo,0
awesome just passed thor hulk new fave avenger sorry,0
thor ragnarok,0
rt amp follow chance win exclusive thor ragnarok box hulk pop amp small tee,0
part m done w now let come back thor ragnarok happy forever w ps not edit crop r,0
listen need thor peter content live now life,0
tom hiddleston really auditioned thor's character noodle arms thor lmao,0
rt amp follow chance win exclusive thor ragnarok box hulk pop amp small tee,0
just got back watching thor ragnarok love loki,0
rt amp follow chance win exclusive thor ragnarok box hulk pop amp small tee,0
rt amp follow chance win exclusive thor ragnarok box hulk pop amp small tee,0
thor tries put arm milano accidentally crushes something uhhh haha wow typical strongest avenger,0
watch thor asks jasmin still loves wansajfpsisterlylove,0
thor ragnarok cinematic masterpiece,0
,0
rt amp follow chance win exclusive thor ragnarok box hulk pop amp small tee,0
cap hey buddy thor may thor son odin god thunder assist fine faithful day old friend cap uhhhhh,0
part m done w now let come back thor ragnarok happy forever w ps not edit crop r,0
taika go jump standards cinematography like thorragnarok thor,0
rt amp follow chance win exclusive thor ragnarok box hulk pop amp small tee,0
rt amp follow chance win exclusive thor ragnarok box hulk pop amp small tee,0
thor usual mum friend avengers,0
voted teamlogan,0
rt amp follow chance win exclusive thor ragnarok box hulk pop amp small tee,0
thor dies justice league,0
irl,0
feel like play game season moises answer thor,0
loki entering room disheveled breath running sorry im late father busy stuff thor enteri,0
rt amp follow chance win exclusive thor ragnarok box hulk pop amp small tee,0
rt amp follow chance win exclusive thor ragnarok box hulk pop amp small tee,0
loki entering room disheveled breath running sorry im late father busy stuff thor enteri,0
drax earthers even look mate peter watchin thor valk gamora flexin pretty much,0
loki loki laufeyson experienced rper seeking sls amp banter mcu crossovers oc welcomed bisexual ship chem,0
jones guessing bennett gets least two one,0
thor tries put arm milano accidentally crushes something uhhh haha wow typical strongest avenger,0
rt amp follow chance win exclusive thor ragnarok box hulk pop amp small tee,0
king thor couldn't help chuckle little mumble resume kissing tasty lips amp,0
thor alive,0
rt amp follow chance win exclusive thor ragnarok box hulk pop amp small tee,0
oh man thor concept art big visible blue veins repulsive,0
rt amp follow chance win exclusive thor ragnarok box hulk pop amp small tee,0
iron man finished mom turned tv found thor im emotional loki just figured isnt odins son im crying poor boy,0
,0
workshopping joke thor says grandfather named bor random person walking goes son also named bor,0
rt amp follow chance win exclusive thor ragnarok box hulk pop amp small tee,0
tom hiddleston really auditioned thor's character noodle arms thor lmao,0
maryjaneflicks thor ragna toke,0
thor brother watch smashes beer can forehead shotguns loki secretly touched somet,0
rt amp follow chance win exclusive thor ragnarok box hulk pop amp small tee,0
thor tries put arm milano accidentally crushes something uhhh haha wow typical strongest,0
,0
loki's extra thor can't help laughing thor loki thorki,0
rt amp follow chance win exclusive thor ragnarok box hulk pop amp small tee,0
roots babysitting thorragnarok hela thor loki,0
rt amp follow chance win exclusive thor ragnarok box hulk pop amp small tee,0
rt amp follow chance win exclusive thor ragnarok box hulk pop amp small tee,0
,0
part m done w now let come back thor ragnarok happy forever w ps not edit crop r,0
roots babysitting thorragnarok hela thor loki,0
tony thor thor quest infinity stones tony find thor wel,0
rt amp follow chance win exclusive thor ragnarok box hulk pop amp small tee,0
thor ragnarok got thinking electricity fx thor basically big buff pikachu,0
rt amp follow chance win exclusive thor ragnarok box hulk pop amp small tee,0
art piece d like call thor's blammer,0
thor dark turd one worst joyless movies ever seen not even sure,0
al thor remaster new visuals along new set achievements bring remasters,0
rt amp follow chance win exclusive thor ragnarok box hulk pop amp small tee,0
,0
rt amp follow chance win exclusive thor ragnarok box hulk pop amp small tee,0
thor ragnarok oil canvas,0
,0
rt amp follow chance win exclusive thor ragnarok box hulk pop amp small tee,0
rt amp follow chance win exclusive thor ragnarok box hulk pop amp small tee,0
dream joe dempsie played thor including long blonde hair bc swinging thor's hammer like gendryaconfirmed,0
rt amp follow chance win exclusive thor ragnarok box hulk pop amp small tee,0
loki didn't know ragnarok needed happen rid hela thought thor going able t,0
thor ragnarok cinematic masterpiece,0
tom hiddleston really auditioned thor's character noodle arms thor lmao,0
tom hiddleston really auditioned thor's character noodle arms thor lmao,0
rt amp follow chance win exclusive thor ragnarok box hulk pop amp small tee,0
boring sunday already saw thor ragnarok batman vs superman now can't decide captain america ws civil war,0
rt amp follow chance win exclusive thor ragnarok box hulk pop amp small tee,0
ragnarok great time felt like guardians galaxy thor sequel s,0
gaming al thor bungie removed contents base,0
rt amp follow chance win exclusive thor ragnarok box hulk pop amp small tee,0
rt amp follow chance win exclusive thor ragnarok box hulk pop amp small tee,0
rt amp follow chance win exclusive thor ragnarok box hulk pop amp small tee,0
rt amp follow chance win exclusive thor ragnarok box hulk pop amp small tee,0
rt amp follow chance win exclusive thor ragnarok box hulk pop amp small tee,0
tom hiddleston really auditioned thor's character noodle arms thor lmao,0
tony thor thor quest infinity stones tony find thor wel,0
rt amp follow chance win exclusive thor ragnarok box hulk pop amp small tee,0
thor one thing worse dying thor pulls back card board says loki dying avengers loki thor no,0
rt amp follow chance win exclusive thor ragnarok box hulk pop amp small tee,0
rt amp follow chance win exclusive thor ragnarok box hulk pop amp small tee,0
rt amp follow chance win exclusive thor ragnarok box hulk pop amp small tee,0
holding thor's hammer lol,0
kink thor going apeshit shooting lightning everywhere,0
rt amp follow chance win exclusive thor ragnarok box hulk pop amp small tee,0
tom hiddleston really auditioned thor's character noodle arms thor lmao,0
browsing thor tag just found thor loki hela fic never change fandom,0
tom hiddleston really auditioned thor's character noodle arms thor lmao,0
rt amp follow chance win exclusive thor ragnarok box hulk pop amp small tee,0
rt amp follow chance win exclusive thor ragnarok box hulk pop amp small tee,0
,0
thor ragnarok spoilers old habits die hard,0
imagine loki gave tesseract thanos just protect brother evil cuz thanos promised wouldn't hurt th,0
thor ragnarok cinematic masterpiece,0
rt amp follow chance win exclusive thor ragnarok box hulk pop amp small tee,0
thor ragnarok oil canvas,0
comedy thor much,0
thor one thing worse dying thor pulls back card board says loki dying avengers loki thor no,0
rt amp follow chance win exclusive thor ragnarok box hulk pop amp small tee,0
thor ragnarok oil canvas,0
thing thor ragnarok delightful love delighted m sick endless dr,0
thor turned full lightning thunder god camera went loki smirking ragnarok,0
rt amp follow chance win exclusive thor ragnarok box hulk pop amp small tee,0
unboxing thor vs hulk funko contest champions via,0
tom hiddleston really auditioned thor's character noodle arms thor lmao,0
loki entering room disheveled breath running sorry im late father busy stuff thor enteri,0
yea sex cool ever seen scene thor ragnarok revengers fighting hela color schem,0
drax earthers even look mate peter watchin thor valk gamora flexin pretty much,0
rt amp follow chance win exclusive thor ragnarok box hulk pop amp small tee,0
main event time get thorragnarok tickets now,0
rt amp follow chance win exclusive thor ragnarok box hulk pop amp small tee,0
watch thor asks jasmin still loves wansajfpsisterlylove,0
tom hiddleston really auditioned thor's character noodle arms thor lmao,0
rt amp follow chance win exclusive thor ragnarok box hulk pop amp small tee,0
thor decent,0
rt amp follow chance win exclusive thor ragnarok box hulk pop amp small tee,0
remasters day everyday,0
rt amp follow chance win exclusive thor ragnarok box hulk pop amp small tee,0
tony thor thor quest infinity stones tony find thor wel,0
rt amp follow chance win exclusive thor ragnarok box hulk pop amp small tee,0
rt amp follow chance win exclusive thor ragnarok box hulk pop amp small tee,0
omg hear three times year gotg best spider man thor,0
concept peter's flirting skills e ayesha thor's charming attempts flirting e trying lean,0
rt amp follow chance win exclusive thor ragnarok box hulk pop amp small tee,0
loki entering room disheveled breath running sorry im late father busy stuff thor enteri,0
thor hulk doctor strange scarlet witch,0
god willing m totally day tomorrow thor roman esq tomorrow cuz said lonnnng,0
thor grandmaster amp loki amp thor hey sparkles,0
part m done w now let come back thor ragnarok happy forever w ps not edit crop r,0
rt amp follow chance win exclusive thor ragnarok box hulk pop amp small tee,0
rt amp follow chance win exclusive thor ragnarok box hulk pop amp small tee,0
rt amp follow chance win exclusive thor ragnarok box hulk pop amp small tee,0
,0
tom hiddleston really auditioned thor's character noodle arms thor lmao,0
jasmin x thor wansajfpsisterlylove tonight,0
rt amp follow chance win exclusive thor ragnarok box hulk pop amp small tee,0
rt amp follow chance win exclusive thor ragnarok box hulk pop amp small tee,0
rt amp follow chance win exclusive thor ragnarok box hulk pop amp small tee,0
baby thor baby loki cute omg,0
rt amp follow chance win exclusive thor ragnarok box hulk pop amp small tee,0
rt amp follow chance win exclusive thor ragnarok box hulk pop amp small tee,0
either simonson's thor lee ditko romita spider man,0
voted teamthorragnarok ve seen times free,0
thor,0
rt amp follow chance win exclusive thor ragnarok box hulk pop amp small tee,0
missed today skol,0
thor never hug loki loki always think youre gonna throw thor not true loki,0
time seeing thor tonight hahah,0
thor,0
know m twitter break want congratulate jack morris career era totally deservedly making,0
shot twt protect,0
rt amp follow chance win exclusive thor ragnarok box hulk pop amp small tee,0
,0
thing thor ragnarok delightful love delighted m sick endless dr,0
thank god taika waititi exists directed thor ragnarok cinematic masterpiece one marvel's best scenes,0
rt amp follow chance win exclusive thor ragnarok box hulk pop amp small tee,0
rt amp follow chance win exclusive thor ragnarok box hulk pop amp small tee,0
rt amp follow chance win exclusive thor ragnarok box hulk pop amp small tee,0
rt amp follow chance win exclusive thor ragnarok box hulk pop amp small tee,0
blu getting festive thor soooo excited,0
wonder woman e thor,0
thor ragnarok,0
thor,0
goodmorning thor jasmin wansajfpsisterlylove later fam,0
,0
,0
blu getting festive thor soooo excited,0
split second thor thinks cap going worthy lift hammer still one good parts,0
top films year note last jedi will likely list comes idk logan get,0
rt amp follow chance win exclusive thor ragnarok box hulk pop amp small tee,0
rt amp follow chance win exclusive thor ragnarok box hulk pop amp small tee,0
,0
thing thor ragnarok delightful love delighted m sick endless dr,0
don't see ragnarok loki's redemption arc jus marvel finally understanding loki's character still bad guy,0
cmap don't people anything better pascal's wager wrong allah muhammad,0
,0
shiny well kept m treated like true god friend thor loki rooms,0
rt amp follow chance win exclusive thor ragnarok box hulk pop amp small tee,0
rt amp follow chance win exclusive thor ragnarok box hulk pop amp small tee,0
song day infinitywar thor guardiansofthegalaxy,0
rt amp follow chance win exclusive thor ragnarok box hulk pop amp small tee,0
meet thor bengal cat purrfectly beautiful fur,0
,0
loki doesn t even die thor s arms thor busy see happens w loki finally tr,0
rt amp follow chance win exclusive thor ragnarok box hulk pop amp small tee,0
tony bruce re back bruce hi tony tony bruce fighting thors evil sister tony thor br,0
rt amp follow chance win exclusive thor ragnarok box hulk pop amp small tee,0
drax earthers even look mate peter watchin thor valk gamora flexin pretty much,0
drax earthers even look mate peter watchin thor valk gamora flexin pretty much,0
thor,0
rt amp follow chance win exclusive thor ragnarok box hulk pop amp small tee,0
thor one thing worse dying thor pulls back card board says loki dying avengers loki thor no,0
rt amp follow chance win exclusive thor ragnarok box hulk pop amp small tee,0
getting festive thor soooo excited,0
clearly didn't see thor,0
mano thor,0
drax earthers even look mate peter watchin thor valk gamora flexin pret,0
,0
rt amp follow chance win exclusive thor ragnarok box hulk pop amp small tee,0
s thor,0
teapot thor fic like bad news korg set printing press engine room,0
rt amp follow chance win exclusive thor ragnarok box hulk pop amp small tee,0
shot yoongi suga wait gonna change color play bts song home,0
song day infinitywar thor guardiansofthegalaxy,0
rt amp follow chance win exclusive thor ragnarok box hulk pop amp small tee,0
thor gazed wide eyed no one else asgard except loki dare handl,0
thor ragnarok king thor concept art,0
thor alive,0
voted teamthorragnarok third film one marvel's best,0
rt amp follow chance win exclusive thor ragnarok box hulk pop amp small tee,0
rt amp follow chance win exclusive thor ragnarok box hulk pop amp small tee,0
rt amp follow chance win exclusive thor ragnarok box hulk pop amp small tee,0
rt amp follow chance win exclusive thor ragnarok box hulk pop amp small tee,0
just shame isn't enough money kids,0
okay thor happens span like two days already making doesn't make sense,0
bet money someone written fanfic thor loki snake form,0
rt amp follow chance win exclusive thor ragnarok box hulk pop amp small tee,0
rt amp follow chance win exclusive thor ragnarok box hulk pop amp small tee,0
still yet see thor smh,0
rt amp follow chance win exclusive thor ragnarok box hulk pop amp small tee,0
every avengers film basically humans fucking way thor explain,0
rt amp follow chance win exclusive thor ragnarok box hulk pop amp small tee,0
thor ragnarok oil canvas,0
marvel wants fuck loki thor best believe ll take court,0
rt amp follow chance win exclusive thor ragnarok box hulk pop amp small tee,0
rt amp follow chance win exclusive thor ragnarok box hulk pop amp small tee,0
,0
tony thor thor quest infinity stones tony find thor wel,0
ya ll know loki going ally thanos infinity war can't decide loki's shady ass pulling tr,0
well person lean kiss law line toss blankets le,0
txt thor dont u ever want talk abt ur feelings valkyrie no loki thor know loki loki im sad thor know loki,0
rt amp follow chance win exclusive thor ragnarok box hulk pop amp small tee,0
loki entering room disheveled breath running sorry im late father busy stuff thor enteri,0
rt amp follow chance win exclusive thor ragnarok box hulk pop amp small tee,0
rt amp follow chance win exclusive thor ragnarok box hulk pop amp small tee,0
thor ragnarok oil canvas,0
every avengers film basically humans fucking way thor explain,0
thor tweet,0
,0
rt amp follow chance win exclusive thor ragnarok box hulk pop amp small tee,0
rt amp follow chance win exclusive thor ragnarok box hulk pop amp small tee,0
finally watching first thor,0
tony thor thor quest infinity stones tony find thor wel,0
don't see ragnarok loki's redemption arc jus marvel finally understanding loki's character still bad guy,0
good thorsday tomhiddleston chrishemsworth thor loki,0
rt amp follow chance win exclusive thor ragnarok box hulk pop amp small tee,0
today sisters gender reveal party amp balloon popped confused,0
thor turned full lightning thunder god camera went loki smirking ragnarok,0
rt amp follow chance win exclusive thor ragnarok box hulk pop amp small tee,0
,0
rt amp follow chance win exclusive thor ragnarok box hulk pop amp small tee,0
will find something remember thor goaded killing prisoners,0
part m done w now let come back thor ragnarok happy forever w ps not edit crop r,0
rt amp follow chance win exclusive thor ragnarok box hulk pop amp small tee,0
rt amp follow chance win exclusive thor ragnarok box hulk pop amp small tee,0
loki entering room disheveled breath running sorry im late father busy stuff thor enteri,0
rt amp follow chance win exclusive thor ragnarok box hulk pop amp small tee,0
don't see ragnarok loki's redemption arc jus marvel finally understanding loki's character still bad guy,0
liked video speed drawing hulk thor ragnorak marvel timelapse artology,0
prepare thor ragnarok adorable loki fight scene socialstrategy,0
rt amp follow chance win exclusive thor ragnarok box hulk pop amp small tee,0
tom hiddleston really auditioned thor's character noodle arms thor lmao,0
rt amp follow chance win exclusive thor ragnarok box hulk pop amp small tee,0
rt amp follow chance win exclusive thor ragnarok box hulk pop amp small tee,0
rt amp follow chance win exclusive thor ragnarok box hulk pop amp small tee,0
tom hiddleston really auditioned thor's character noodle arms thor lmao,0
oh thor sweet child im,0
rt amp follow chance win exclusive thor ragnarok box hulk pop amp small tee,0
z u giggidy shed got struck lighting thor pounding mia,0
thor ragnarok,0
rt amp follow chance win exclusive thor ragnarok box hulk pop amp small tee,0
rt amp follow chance win exclusive thor ragnarok box hulk pop amp small tee,0
rt amp follow chance win exclusive thor ragnarok box hulk pop amp small tee,0
also thor fucking amazing,0
z u giggidy shed got struck lighting thor pounding mia,0
thor,0
odin time now thor loki back room time give attention now,0
thor ragnarok oil canvas,0
finally getting see thor,0
voted teamwonderwoman groundbreaking feminist epic,0
rt amp follow chance win exclusive thor ragnarok box hulk pop amp small tee,0
,0
rt amp follow chance win exclusive thor ragnarok box hulk pop amp small tee,0
ya ll know loki going ally thanos infinity war can't decide loki's shady ass pulling tr,0
rt amp follow chance win exclusive thor ragnarok box hulk pop amp small tee,0
went saw thor today previews little kid next called black panther cat man almost asked leave,0
rt amp follow chance win exclusive thor ragnarok box hulk pop amp small tee,0
rt amp follow chance win exclusive thor ragnarok box hulk pop amp small tee,0
palmyra,0
tom hiddleston really auditioned thor's character noodle arms thor lmao,0
thor like rp,0
will silence accord shall thor snarls harshly sla,0
rt amp follow chance win exclusive thor ragnarok box hulk pop amp small tee,0
sandwich affordable filling filling will provide enough satisfaction,0
ya ll know loki going ally thanos infinity war can't decide loki's shady ass pulling tr,0
rt amp follow chance win exclusive thor ragnarok box hulk pop amp small tee,0
loki entering room disheveled breath running sorry im late father busy stuff thor enteri,0
co thor ough th r submit adjective complete regard every detail not superf,0
top movies not order star wars even though haven't seen yet already know logan thor ragnorak wonder woman coco,0
thor ragnarok spoilers old habits die hard,0
kink loki's soft smile ragnarok thor proud brother truly love amp sincerely want fix,0
plans new year get everyone copy mossy like already done now small town ghost,0
rt amp follow chance win exclusive thor ragnarok box hulk pop amp small tee,0
tom hiddleston really auditioned thor's character noodle arms thor lmao,0
looks like play version thor,0
rt amp follow chance win exclusive thor ragnarok box hulk pop amp small tee,0
rt amp follow chance win exclusive thor ragnarok box hulk pop amp small tee,0
thor like rp,0
thor ragnarok oil canvas,0
however not forget love thor ragnarok dir taika waititi well man,0
rt amp follow chance win exclusive thor ragnarok box hulk pop amp small tee,0
rt amp follow chance win exclusive thor ragnarok box hulk pop amp small tee,0
missing point many examples bible people great exploits preacher comes,0
tom hiddleston really auditioned thor's character noodle arms thor lmao,0
loki entering room disheveled breath running sorry im late father busy stuff thor enteri,0
rt amp follow chance win exclusive thor ragnarok box hulk pop amp small tee,0
talk joe gomez back back year long injuries not fought way back contention b,0
rt amp follow chance win exclusive thor ragnarok box hulk pop amp small tee,0
no parents never say d india rose odinson baby thor jane written ofcrimson,0
just can't take away wait hey jane potter ships w thor momma written wickedfo,0
ya ll know loki going ally thanos infinity war can't decide loki's shady ass pulling tr,0
nervous around usual,0
not god zeus thor okay ll play along life start according,0
rt amp follow chance win exclusive thor ragnarok box hulk pop amp small tee,0
tom hiddleston really auditioned thor's character noodle arms thor lmao,0
rt amp follow chance win exclusive thor ragnarok box hulk pop amp small tee,0
loki entering room disheveled breath running sorry im late father busy stuff thor enteri,0
peter parker uh hey mr thor think can try holding mjolnir bit thor mjolnir got destroyed tiny sp,0
rt amp follow chance win exclusive thor ragnarok box hulk pop amp small tee,0
tom hiddleston really auditioned thor's character noodle arms thor lmao,0
rt amp follow chance win exclusive thor ragnarok box hulk pop amp small tee,0
vfxshow thor ragnarok,0
thor ragnarok,0
rt amp follow chance win exclusive thor ragnarok box hulk pop amp small tee,0
let sharp breath turn head dropped cheeks rosy ever speak,0
teamcap teamthor love cap love thor love forever,0
rt amp follow chance win exclusive thor ragnarok box hulk pop amp small tee,0
rt amp follow chance win exclusive thor ragnarok box hulk pop amp small tee,0
thor ragnarok spoilers old habits die hard,0
rt amp follow chance win exclusive thor ragnarok box hulk pop amp small tee,0
rt amp follow chance win exclusive thor ragnarok box hulk pop amp small tee,0
peter parker uh hey mr thor think can try holding mjolnir bit thor mjolnir got destroyed tiny sp,0
every avengers film basically humans fucking way thor explain,0
rt amp follow chance win exclusive thor ragnarok box hulk pop amp small tee,0
thor kkkkkkkkkk,0
geek homeworld episode thor ragnarok review,0
,0
don t ship hulk thor,0
rt amp follow chance win exclusive thor ragnarok box hulk pop amp small tee,0
tom hiddleston really auditioned thor's character noodle arms thor lmao,0
just saw new thor unexpectedly hilarious,0
yall arguing whether stronger hulk thor n im chillin like,0
thor one thing worse dying thor pulls back card board says loki dying avengers loki thor no,0
rt amp follow chance win exclusive thor ragnarok box hulk pop amp small tee,0
family fashion disaster thor loki,0
rt amp follow chance win exclusive thor ragnarok box hulk pop amp small tee,0
rt amp follow chance win exclusive thor ragnarok box hulk pop amp small tee,0
ton really wish gave character work new thor movie,0
rt amp follow chance win exclusive thor ragnarok box hulk pop amp small tee,0
thor ragnarok cinematic masterpiece,0
rt amp follow chance win exclusive thor ragnarok box hulk pop amp small tee,0
rt amp follow chance win exclusive thor ragnarok box hulk pop amp small tee,0
rt amp follow chance win exclusive thor ragnarok box hulk pop amp small tee,0
ohh jasmin thor going cebu asa dapit hahahaha wansajfpsisterlylove,0
rt amp follow chance win exclusive thor ragnarok box hulk pop amp small tee,0
rt amp follow chance win exclusive thor ragnarok box hulk pop amp small tee,0
rt amp follow chance win exclusive thor ragnarok box hulk pop amp small tee,0
box office justiceleague treads behind disney pixar's coco thor ragnarok drops fifth spot,0
thor hd rt like,0
oh thor sweet child im,0
geek homeworld episode thor ragnarok review,0
want crash want read want read want go see justice league want see justi,0
thor ragnarok best movie far just give keys entire universe,0
thor turned full lightning thunder god camera went loki smirking ragnarok,0
liked video gofuu vs super thor say run goes everything remix,0
thor ragnarok,0
rt amp follow chance win exclusive thor ragnarok box hulk pop amp small tee,0
raise floor arm draped back hold shoulder keep,0
rt amp follow chance win exclusive thor ragnarok box hulk pop amp small tee,0
thor ragnarok,0
rt amp follow chance win exclusive thor ragnarok box hulk pop amp small tee,0
kennedy offered taika sw job door open fett thor universe,0
rt amp follow chance win exclusive thor ragnarok box hulk pop amp small tee,0
thor dark world tv loki just died less min later joke deep frustrated sigh,0
liked video thor ragnarok teaser trailer hd,0
loki entering room disheveled breath running sorry im late father busy stuff thor enteri,0
loki entering room disheveled breath running sorry im late father busy stuff thor enteri,0
almost thought thor coming overcast day sunset beautiful sunset,0
rt amp follow chance win exclusive thor ragnarok box hulk pop amp small tee,0
,0
rt amp follow chance win exclusive thor ragnarok box hulk pop amp small tee,0
thor one thing worse dying thor pulls back card board says loki dying avengers loki thor no,0
,0
thor ou wonder woman,0
move hulk thor cartoon hand pushes away ash ketchum strongest avenger right,0
loki entering room disheveled breath running sorry im late father busy stuff thor enteri,0
rt amp follow chance win exclusive thor ragnarok box hulk pop amp small tee,0
part m done w now let come back thor ragnarok happy forever w ps not edit crop r,0
tom hiddleston really auditioned thor's character noodle arms thor lmao,0
rt amp follow chance win exclusive thor ragnarok box hulk pop amp small tee,0
sunday night weeks release theatre quite packed thor ragnarok,0
pkm ll kill evidently will line loki tomhiddleston thor thorthedarkworld thorragnarok avengers,0
rt amp follow chance win exclusive thor ragnarok box hulk pop amp small tee,0
thor alive,0
,0
rt amp follow chance win exclusive thor ragnarok box hulk pop amp small tee,0
rt amp follow chance win exclusive thor ragnarok box hulk pop amp small tee,0
,0
rt amp follow chance win exclusive thor ragnarok box hulk pop amp small tee,0
thor one thing worse dying thor pulls back card board says loki dying avengers loki thor no,0
rt amp follow chance win exclusive thor ragnarok box hulk pop amp small tee,0
rt amp follow chance win exclusive thor ragnarok box hulk pop amp small tee,0
thor ragnarok cinematic masterpiece,0
rt amp follow chance win exclusive thor ragnarok box hulk pop amp small tee,0
part m done w now let come back thor ragnarok happy forever w ps not edit crop r,0
taika waititi not make thor ragnarok highest rated marvel film get marvel disney millions dollars ma,0
thor ragnarok oil canvas,0
rt amp follow chance win exclusive thor ragnarok box hulk pop amp small tee,0
thor,0
rt amp follow chance win exclusive thor ragnarok box hulk pop amp small tee,0
sungjae looks like thor,0
not chickens come home roost moc outed transgressions r,0
ragnarok print done finally hope enjoyed thor amp friends space bc sure,0
rt amp follow chance win exclusive thor ragnarok box hulk pop amp small tee,0
rt amp follow chance win exclusive thor ragnarok box hulk pop amp small tee,0
rt amp follow chance win exclusive thor ragnarok box hulk pop amp small tee,0
rt amp follow chance win exclusive thor ragnarok box hulk pop amp small tee,0
rt amp follow chance win exclusive thor ragnarok box hulk pop amp small tee,0
rt amp follow chance win exclusive thor ragnarok box hulk pop amp small tee,0
thor brother watch smashes beer can forehead shotguns loki secretly touched somet,0
rt amp follow chance win exclusive thor ragnarok box hulk pop amp small tee,0
rt amp follow chance win exclusive thor ragnarok box hulk pop amp small tee,0
rt amp follow chance win exclusive thor ragnarok box hulk pop amp small tee,0
rt amp follow chance win exclusive thor ragnarok box hulk pop amp small tee,0
,0
,0
rt amp follow chance win exclusive thor ragnarok box hulk pop amp small tee,0
rt amp follow chance win exclusive thor ragnarok box hulk pop amp small tee,0
rt amp follow chance win exclusive thor ragnarok box hulk pop amp small tee,0
part m done w now let come back thor ragnarok happy forever w ps not edit crop r,0
rt amp follow chance win exclusive thor ragnarok box hulk pop amp small tee,0
added video playlist unboxing thor vs hulk funko contest champions,0
rt amp follow chance win exclusive thor ragnarok box hulk pop amp small tee,0
rt amp follow chance win exclusive thor ragnarok box hulk pop amp small tee,0
box office justiceleague treads behind disney pixar's coco thor ragnarok drops fifth spot,0
king thor loki laughed shook head didn't worry came life and't unexpe,0
thor's hammers,0
rt amp follow chance win exclusive thor ragnarok box hulk pop amp small tee,0
wait til watch new thor,0
elf eagles dare clint eastwood richard burton best snow christmas war film ok niche category,0
thor short hair,0
rt amp follow chance win exclusive thor ragnarok box hulk pop amp small tee,0
thor loki stop paying attention five seconds help jane not die aether loki,0
rt amp follow chance win exclusive thor ragnarok box hulk pop amp small tee,0
rt amp follow chance win exclusive thor ragnarok box hulk pop amp small tee,0
b,0
ya ll know loki going ally thanos infinity war can't decide loki's shady ass pulling tr,0
al thor m probably late really use,0
new thor movie good thor went alot,0
days feel like thor days can't even pull grocery carts apart,0
rt amp follow chance win exclusive thor ragnarok box hulk pop amp small tee,0
rt amp follow chance win exclusive thor ragnarok box hulk pop amp small tee,0
rt amp follow chance win exclusive thor ragnarok box hulk pop amp small tee,0
thor brother watch smashes beer can forehead shotguns loki secretly touched somet,0
sometimes think comparison loki amp thor scorpion frog cry,0
rt amp follow chance win exclusive thor ragnarok box hulk pop amp small tee,0
rt amp follow chance win exclusive thor ragnarok box hulk pop amp small tee,0
thor,0
part m done w now let come back thor ragnarok happy forever w ps not edit crop r,0
wait second thor amp loki omg little emojis,0
rt amp follow chance win exclusive thor ragnarok box hulk pop amp small tee,0
twitter stronger hulk thor cares fuckin,0
one thor just eats avengers calls day,0
not dramatic no man will ever love way thor ragnorak,0
thor ragnarok best movie far just give keys entire universe,0
rt amp follow chance win exclusive thor ragnarok box hulk pop amp small tee,0
rt amp follow chance win exclusive thor ragnarok box hulk pop amp small tee,0
disappointed tony stark never called thor mc hammer en lieu slightly obnoxious pop culture n,0
rt amp follow chance win exclusive thor ragnarok box hulk pop amp small tee,0
rt amp follow chance win exclusive thor ragnarok box hulk pop amp small tee,0
thor ragnarok,0
thor one thing worse dying thor pulls back card board says loki dying avengers loki thor no,0
thor ragnarok spoilers old habits die hard,0
rt amp follow chance win exclusive thor ragnarok box hulk pop amp small tee,0
thor coming high wrapped lightning valkyrie casually pacing towards enemies fireworks shoot off,0
rt amp follow chance win exclusive thor ragnarok box hulk pop amp small tee,0
rt amp follow chance win exclusive thor ragnarok box hulk pop amp small tee,0
xxii thread decoding qanon's reference thor tldr thor slays jotunn maneaters witiko cannibalism https,0
eyes worship god allows much suffering yet ment caring vikings fuckchristians fuckmuslims pag,0
loki entering room disheveled breath running sorry im late father busy stuff thor enteri,0
ya ll know loki going ally thanos infinity war can't decide loki's shady ass pulling tr,0
not deny invite walk around frame crawl bed beside look,0
thor goes full lightening mode immigrant song playing background,0
rt amp follow chance win exclusive thor ragnarok box hulk pop amp small tee,0
thor,0
rt amp follow chance win exclusive thor ragnarok box hulk pop amp small tee,0
,0
rt amp follow chance win exclusive thor ragnarok box hulk pop amp small tee,0
ya ll know loki going ally thanos infinity war can't decide loki's shady ass pulling tr,0
thor loki amp grandmaster yap orgy ship,0
rt amp follow chance win exclusive thor ragnarok box hulk pop amp small tee,0
rt amp follow chance win exclusive thor ragnarok box hulk pop amp small tee,0
rt amp follow chance win exclusive thor ragnarok box hulk pop amp small tee,0
thor loki amp grandmaster,0
m hella mad lol m smoke eat maybe go see thor lol,0
want help thor just not way thor wanted keeping sakaar still safer facing hela,0
rt amp follow chance win exclusive thor ragnarok box hulk pop amp small tee,0
rt amp follow chance win exclusive thor ragnarok box hulk pop amp small tee,0
spotted truly fantastic thor fanart russo's today,0
rt amp follow chance win exclusive thor ragnarok box hulk pop amp small tee,0
rt amp follow chance win exclusive thor ragnarok box hulk pop amp small tee,0
thor,0
happy thor thorragnarok,0
rt amp follow chance win exclusive thor ragnarok box hulk pop amp small tee,0
loki end thor ragnarok,0
rt amp follow chance win exclusive thor ragnarok box hulk pop amp small tee,0
rt amp follow chance win exclusive thor ragnarok box hulk pop amp small tee,0
rt amp follow chance win exclusive thor ragnarok box hulk pop amp small tee,0
thor ragnarok,0
rt amp follow chance win exclusive thor ragnarok box hulk pop amp small tee,0
rt amp follow chance win exclusive thor ragnarok box hulk pop amp small tee,0
movie time thor woo see ya,0
thor avenger stayed mission spent years looking thanos infinity stones whil,0
rt amp follow chance win exclusive thor ragnarok box hulk pop amp small tee,0
thor ragnarok spoilers old habits die hard,0
rt amp follow chance win exclusive thor ragnarok box hulk pop amp small tee,0
rt amp follow chance win exclusive thor ragnarok box hulk pop amp small tee,0
uuummmmm can talk m j o r characyer development end thor like,0
ya ll know loki going ally thanos infinity war can't decide loki's shady ass pulling tr,0
rt amp follow chance win exclusive thor ragnarok box hulk pop amp small tee,0
rt amp follow chance win exclusive thor ragnarok box hulk pop amp small tee,0
top films year note last jedi will likely list comes idk logan,0
square crop thor banner thank u everyone joined stream,0
rt amp follow chance win exclusive thor ragnarok box hulk pop amp small tee,0
rt amp follow chance win exclusive thor ragnarok box hulk pop amp small tee,0
remes toket gede,0
went see thor ragnarok today think ve finally developed appreciation led zeppelin,0
rt amp follow chance win exclusive thor ragnarok box hulk pop amp small tee,0
rt amp follow chance win exclusive thor ragnarok box hulk pop amp small tee,0
thor,0
rt amp follow chance win exclusive thor ragnarok box hulk pop amp small tee,0
thor oldest yeah thor re superior fine,0
rt amp follow chance win exclusive thor ragnarok box hulk pop amp small tee,0
thor,0
voted teamthorragnarok third film one marvel's best,0
,0
fact making films people call evans cap no one calls hemsworth thor jeremy renner hawkeye,0
,0
thor hell guys guardians,0
thor one thing worse dying thor pulls back card board says loki dying avengers loki thor no,0
rt amp follow chance win exclusive thor ragnarok box hulk pop amp small tee,0
tom hiddleston really auditioned thor's character noodle arms thor lmao,0
sweet little thor,0
rt amp follow chance win exclusive thor ragnarok box hulk pop amp small tee,0
rt amp follow chance win exclusive thor ragnarok box hulk pop amp small tee,0
part m done w now let come back thor ragnarok happy forever w ps not edit crop r,0
rt amp follow chance win exclusive thor ragnarok box hulk pop amp small tee,0
faith,0
rt amp follow chance win exclusive thor ragnarok box hulk pop amp small tee,0
rt amp follow chance win exclusive thor ragnarok box hulk pop amp small tee,0
one approved hela designs painted thorragnarok know watched several loo,0
rt amp follow chance win exclusive thor ragnarok box hulk pop amp small tee,0
days feel like thor days can't even pull grocery carts apart,0
