cbelive com click holdover films chug away box office last jedi looms,0
dc films mentioned besides wonder woman panel include suicide squad batgirl,0
latest coco justice league repeat box office nothing new movienews movietvtechgee,0
latest coco justice league repeat box office nothing new movienews movietvtechgee,0
latest coco justice league repeat box office nothing new movienews movietvtechgee,0
latest coco justice league repeat box office nothing new movienews movietvtechgee,0
latest coco justice league repeat box office nothing new movienews movietvtechgee,0
latest coco justice league repeat box office nothing new movienews movietvtechgee,0
next list already saw justice league thor murder orient express,0
latest coco justice league repeat box office nothing new movienews movietvtechgee,0
finally saw new justice league wow train wreck good much bad not opening ending,0
latest coco justice league repeat box office nothing new movienews movietvtechgee,0
latest coco justice league repeat box office nothing new movienews movietvtechgee,0
latest coco justice league repeat box office nothing new movienews movietvtechgee,0
latest coco justice league repeat box office nothing new movienews movietvtechgee,0
latest coco justice league repeat box office nothing new movienews movietvtechgee,0
latest coco justice league repeat box office nothing new movienews movietvtechgee,0
experience justice league red carpet hollywood fan trenches battle get autograph selfie,0
box office justice league hits million worldwide biggest movie,0
latest coco justice league repeat box office nothing new movienews movietvtechgee,0
latest coco justice league repeat box office nothing new movienews movietvtechgee,0
latest coco justice league repeat box office nothing new movienews movietvtechgee,0
justice league good oml,0
becca film bullied can get invitation justice league,0
latest coco justice league repeat box office nothing new movienews movietvtechgee,0
monster scifi show podcast justice league,0
latest coco justice league repeat box office nothing new movienews movietvtechgee,0
really want yo go see justice league half can get ticket says title instead,0
latest coco justice league repeat box office nothing new movienews movietvtechgee,0
latest coco justice league repeat box office nothing new movienews movietvtechgee,0
justice league vs avengers batty can really throw dat ass back,0
justice league vs avengers batty can really throw dat ass back,0
latest coco justice league repeat box office nothing new movienews movietvtechgee,0
justice league quota milioni ciaran hinds vuole la director's cut,0
latest coco justice league repeat box office nothing new movienews movietvtechgee,0
latest coco justice league repeat box office nothing new movienews movietvtechgee,0
warner bros becomes first major studio cross billion year domestic b o propelled wonder woman http,0
latest coco justice league repeat box office nothing new movienews movietvtechgee,0
latest coco justice league repeat box office nothing new movienews movietvtechgee,0
latest coco justice league repeat box office nothing new movienews movietvtechgee,0
latest coco justice league repeat box office nothing new movienews movietvtechgee,0
box office justice league hits million worldwide biggest movie,0
latest coco justice league repeat box office nothing new movienews movietvtechgee,0
latest coco justice league repeat box office nothing new movienews movietvtechgee,0
justice league vs avengers batty can really throw dat ass back,0
still upset havent seen justice league tho ive waiting years smfh,0
justice league,0
box office justice league hits million worldwide biggest movie,0
latest coco justice league repeat box office nothing new movienews movietvtechgee,0
warner bros becomes first major studio cross billion year domestic b o propelled wonder woman http,0
latest coco justice league repeat box office nothing new movienews movietvtechgee,0
latest coco justice league repeat box office nothing new movienews movietvtechgee,0
latest coco justice league repeat box office nothing new movienews movietvtechgee,0
latest coco justice league repeat box office nothing new movienews movietvtechgee,0
justice league dark,0
latest coco justice league repeat box office nothing new movienews movietvtechgee,0
latest coco justice league repeat box office nothing new movienews movietvtechgee,0
liked video martian manhunter vs etrigan demon justice league vs morgaine le fey,0
latest coco justice league repeat box office nothing new movienews movietvtechgee,0
latest coco justice league repeat box office nothing new movienews movietvtechgee,0
justice league vs avengers batty can really throw dat ass back,0
latest coco justice league repeat box office nothing new movienews movietvtechgee,0
justice league fucking good,0
justice league vs avengers batty can really throw dat ass back,0
justice league type fye,0
latest coco justice league repeat box office nothing new movienews movietvtechgee,0
ain't type murder type plan may one drake's truest lines empire,0
latest coco justice league repeat box office nothing new movienews movietvtechgee,0
holdover films chug away box office last jedi looms brooks barnes via nyt,0
holdover films chug away box office last jedi looms brooks barnes via nyt,0
rt ivy league schools caught giving social justice propaganda students harass parents https,0
justice league meets little justice league,0
holdover films chug away box office last jedi looms brooks barnes via nyt,0
thor amp justice league dope af can watch movies twice,0
johns justice league just seemed obvious attempt like avengers except didn't flow together well,0
latest coco justice league repeat box office nothing new movienews movietvtechgee,0
experience justice league red carpet hollywood fan trenches battle get autograph selfie,0
latest coco justice league repeat box office nothing new movienews movietvtechgee,0
latest coco justice league repeat box office nothing new movienews movietvtechgee,0
justice league vs avengers batty can really throw dat ass back,0
latest coco justice league repeat box office nothing new movienews movietvtechgee,0
latest coco justice league repeat box office nothing new movienews movietvtechgee,0
justice league vs avengers batty can really throw dat ass back,0
latest coco justice league repeat box office nothing new movienews movietvtechgee,0
just watched league justice sis omg good wasn t huge dc fan now omfg goooood,0
justice league,0
still love ezra miller m broke hate superhero films can't justify going see justice league,0
justice league officially bomb ben affleck batman,0
latest coco justice league repeat box office nothing new movienews movietvtechgee,0
netflix shady taking justice league amp young justice off smh really ya ppl,0
justice league vs avengers batty can really throw dat ass back,0
latest coco justice league repeat box office nothing new movienews movietvtechgee,0
justice league prin,0
still want see justice league,0
latest coco justice league repeat box office nothing new movienews movietvtechgee,0
entertainment holdover films chug away box office last jedi looms ano,0
justice league vs avengers batty can really throw dat ass back,0
latest coco justice league repeat box office nothing new movienews movietvtechgee,0
review justice league priest woods amp shu review comics justice,0
not saying want happen don't didn't like ss jl just enjoyably okay,0
latest coco justice league repeat box office nothing new movienews movietvtechgee,0
latest coco justice league repeat box office nothing new movienews movietvtechgee,0
justice league vs avengers batty can really throw dat ass back,0
holdover films chug away box office last jedi looms brooks barnes via nyt,0
thor wonder justice league coco daddy's home,0
latest coco justice league repeat box office nothing new movienews movietvtechgee,0
justice league vs avengers batty can really throw dat ass back,0
liked video dc metal justice league vs evil batmen rebirth complete story,0
flashpoint movie terrible idea holy shit still justice league wasnt even big expec,0
justice league vs avengers batty can really throw dat ass back,0
justice league sesh r rated spoiler movie review discussion breakdown minutes spoiler goodne,0
batman justice league,0
latest coco justice league repeat box office nothing new movienews movietvtechgee,0
latest coco justice league repeat box office nothing new movienews movietvtechgee,0
wb reaching money justice league comes dvd not not snyd,0
justice league vs avengers batty can really throw dat ass back,0
seeing justice league mum gonna interesting djkfgn,0
full review justice league,0
holdover films chug away box office last jedi looms brooks barnes via nyt,0
justice league vs avengers batty can really throw dat ass back,0
speaking two made think justice league team corrupted,0
article hilariously wrong budget justice league swelled least,0
justice league vs avengers batty can really throw dat ass back,0
justice league,0
flashpoint movie terrible idea holy shit still justice league wasnt even big expec,0
review justice league priest woods amp shu review comics,0
will lobo ever get movie wait justice league stuff done first love see happen,0
haven t seen coco avengers thor dunkirk justice league m pressed,0
girl mom bought tall ass justice league action figures christmas wish still,0
added video playlist superhero avengers justice league lollipop ups ironman captain,0
like marvel comic come life trump ultimate villain people must,0
monster scifi show podcast justice league,0
justice league vs avengers batty can really throw dat ass back,0
experience justice league red carpet hollywood fan trenches battle get autograph selfie,0
get really cool swag conventions set justice league pins gift s,0
di brazil kemarin kabarnya dc films ngereveal upcoming projects mereka ada sekuel wonder woman aquaman batgir,0
wb reaching money justice league comes dvd not not snyd,0
kid decline say wants go next justice league premiere,0
monster scifi show podcast justice league via,0
hoping bae get go see justice league soon nxt week fingers crossed frfr lol happy got someone,0
still want see justice league,0
justice league passed global mark weekend internationally film grossed estimated week,0
experience justice league red carpet hollywood fan trenches battle get autograph selfie,0
despite mediocre showing justice league warner bros one best years record pass,0
lmao take didn't like justice league,0
monster scifi show podcast justice league,0
justice league vs avengers batty can really throw dat ass back,0
dceu box office updated man steel batman v superman suicide squad wonder woman justice leag,0
justice league official trailer hd humanity life,0
wb reaching money justice league comes dvd not not snyd,0
justice league meets little justice league,0
justiceleague reaches million,0
go justice league shots episode nuts demdeadz thewalkingdead twd,0
dear bullies time time avengers aren't side neither justice league maybe best,0
liked video vigilante justice league gta online freeroam,0
m just using thread wip reports now paneling done gonna quick breakfast run back thi,0
dceu one well received movie avengers equivalent justice league flopped won't even,0
justice league,0
supposed hanging old best friend tomorrow don't want see justice league lol,0
ok still want see justice league,0
dceu fans harshest ones justice league done really shows truly care,0
didn't like justice league doesn't mean m gonna openly talk shit kids like,0
justice league trailer movieclips trailers,0
justice league vs avengers batty can really throw dat ass back,0
box office justiceleague treads behind disney pixar's coco thor ragnarok drops fifth spot,0
husband arrives early work without telling amp justice leag,0
wb reaching money justice league comes dvd not not snyd,0
wanna see justice league just wonder woman,0
latest coco justice league repeat box office nothing new movienews movietvtechgee,0
finishing justice league best parts gal gadot amp blackpink playing barry's place,0
di brazil kemarin kabarnya dc films ngereveal upcoming projects mereka ada sekuel wonder woman aquaman batgir,0
chase away monday blues heart pounding action justice league now showing select imax prese,0
join voxer restorative justice league voxer group cont convo restorativejustice rjl,0
latest coco justice league repeat box office nothing new movienews movietvtechgee,0
whatiwantsantatobringme justice league zack snyder director's cut,0
justice league disappointing batfleck still meh flash corny cgi villain looked awful gal gadot,0
box office justice league hits million worldwide biggest movie,0
m not afraid m angry dawn justice justice league seeking mains sl's open crossovers not new,0
dceu box office updated man steel batman v superman suicide squad wonder woman justice leag,0
latest coco justice league repeat box office nothing new movienews movietvtechgee,0
latest coco justice league repeat box office nothing new movienews movietvtechgee,0
latest coco justice league repeat box office nothing new movienews movietvtechgee,0
justice league vs avengers batty can really throw dat ass back,0
join voxer restorative justice league voxer group cont convo restorativejustice rjl,0
ok still want see justice league,0
li comic con justice league cast members help close day event nassau coliseum filled,0
laborde colored justice league dark piece got check stuff justiceleague,0
join voxer restorative justice league voxer group cont convo restorativejustice rjleaguechat,0
liked video justice league reunites put stop brainiacs invasion injustice,0
justice league vs avengers batty can really throw dat ass back,0
di brazil kemarin kabarnya dc films ngereveal upcoming projects mereka ada sekuel wonder woman aquaman,0
liked video flash justice league cosplay helmet,0
justice league vs avengers batty can really throw dat ass back,0
still need see thor justice league,0
justice league,0
flashpoint movie terrible idea holy shit still justice league wasnt even big expec,0
watching justice league dark hey now,0
not busy much besides work watch kids missed justice league example wi,0
wb reaching money justice league comes dvd not not snyd,0
justice league,0
jr hey justice league great actually pay attention anything ezra miller jason,0
connection justice league gay xxx parody part amp aquaman green lantern,0
justice league meets little justice league,0
jeremy irons no trouble speaking bvs released can justice league finis,0
latest coco justice league repeat box office nothing new movienews movietvtechgee,0
haha can understand ur jealousy especially since justice league barely made money,0
watching justice league home sweet home,0
flashpoint movie terrible idea holy shit still justice league wasnt even big expec,0
xxx porn viet nam justice league porn pictures,0
literally waiting see justice league gets home m excited,0
latest coco justice league repeat box office nothing new movienews movietvtechgee,0
get really cool swag conventions set justice league pins gift s,0
justice league vs avengers batty can really throw dat ass back,0
latest coco justice league repeat box office nothing new movienews movietvtechgee,0
latest coco justice league repeat box office nothing new movienews movietvtechgee,0
mfr agree just get great story script director please loved,0
justice league vs avengers batty can really throw dat ass back,0
latest coco justice league repeat box office nothing new movienews movietvtechgee,0
justice league everything,0
justice league,0
wb reaching money justice league comes dvd not not snyd,0
justice league vs avengers batty can really throw dat ass back,0
wb reaching money justice league comes dvd not not snyd,0
didn't like justice league doesn't mean m gonna openly talk shit kids like,0
liked video unbox build lego dc comics justice league superheros batman night crawler,0
ram joss whedon's justice league vs zack snyder's justice league,0
want watch justice league today will,0
late justice league review,0
latest coco justice league repeat box office nothing new movienews movietvtechgee,0
thor dies justice league,0
b justice league,0
saw eyes warner confirmed official dc movie roster wonder woman aquaman shazam gl corps,0
rt ivy league schools caught giving social justice propaganda students harass parents https,0
justice league vs avengers batty can really throw dat ass back,0
flashpoint movie terrible idea holy shit still justice league wasnt even big expec,0
justice league round,0
liked video justice league batmobile literally vapes noon live,0
mood con justice league,0
wb reaching money justice league comes dvd not not snyd,0
justice league vs avengers batty can really throw dat ass back,0
justice league meets little justice league,0
mfr justice league dark probably swapped nightwing imagine c,0
black green lantern coolest justice league member,0
wife looked super hot justice league,0
face someone says justice league sucked,0
justice league round,0
justiceleague reaches million,0
experience justice league red carpet hollywood fan trenches battle get autograph selfie,0
justice league gay xxx parody,0
latest coco justice league repeat box office nothing new movienews movietvtechgee,0
m wearing justice league shirt son flash aquaman wonder woman superman batman,0
wb reaching money justice league comes dvd not not snyd,0
joker justice league post credit scene,0
uhhhhhhhh didn't anyone tell freakin hot aquaman new justice league,0
happy birthday justice league looks fab balloons hope wonderful day filled,0
rt ivy league schools caught giving social justice propaganda students harass parents https,0
latest coco justice league repeat box office nothing new movienews movietvtechgee,0
rt ivy league schools caught giving social justice propaganda students harass parents https,0
last years ve robbed zack snyder's justice league amazing spider man,0
dont hate just cant ship diana w men ok bvs significantly less ok justice league,0
rt ivy league schools caught giving social justice propaganda students harass parents https,0
justice league post credit scene,0
perversely weird thing solar led holiday lighting not grid awesome s,0
latest coco justice league repeat box office nothing new movienews movietvtechgee,0
latest coco justice league repeat box office nothing new movienews movietvtechgee,0
latest coco justice league repeat box office nothing new movienews movietvtechgee,0
rt ivy league schools caught giving social justice propaganda students harass parents https,0
fucking jumanji higher rating justice league,0
dceu needs start patient amp focus making good solos like ww instead adapting crazy ass storylines won,0
flashpoint movie terrible idea holy shit still justice league wasnt even big expec,0
justice league vs avengers batty can really throw dat ass back,0
latest coco justice league repeat box office nothing new movienews movietvtechgee,0
latest coco justice league repeat box office nothing new movienews movietvtechgee,0
saw eyes warner confirmed official dc movie roster wonder woman aquaman shazam gl corps,0
latest coco justice league repeat box office nothing new movienews movietvtechgee,0
latest coco justice league repeat box office nothing new movienews,0
latest coco justice league repeat box office nothing new movienews movietvtechgee,0
latest coco justice league repeat box office nothing new movienews movietvtechgee,0
sounds like brave young man needs help justice league,0
justice league vs avengers batty can really throw dat ass back,0
justice league vs avengers batty can really throw dat ass back,0
congrats everyone met justice league cast today,0
exclusive preview justice league america orlando petrus hi fi amp cowles comi,0
latest coco justice league repeat box office nothing new movienews movietvtechgee,0
latest coco justice league repeat box office nothing new movienews movietvtechgee,0
latest coco justice league repeat box office nothing new movienews movietvtechgee,0
im fez justice league came,0
box office justiceleague finally tops million worldwide via h,0
justice league vs avengers batty can really throw dat ass back,0
latest coco justice league repeat box office nothing new movienews movietvtechgee,0
latest coco justice league repeat box office nothing new movienews movietvtechgee,0
justice league ray fisher shares new cyborg behind scenes photo,0
psa anyone justice league cast can kick ass,0
icymi justiceleague sequel among films missing new dcfilms slate dceu dccomics,0
exclusive preview justice league america orlando petrus hi fi amp cowles comi,0
justice league vs avengers batty can really throw dat ass back,0
flashpoint movie terrible idea holy shit still justice league wasnt even big expec,0
latest coco justice league repeat box office nothing new movienews movietvtechgee,0
warner bros planning shake restructuring dc films operation justiceleague disappointed,0
justice league officially bomb ben affleck batman,0
justice league vs avengers batty can really throw dat ass back,0
justice league vs avengers batty can really throw dat ass back,0
new justice league movie k pop song amp made entire weekend last blackpink true bop,0
need watch justice league asap,0
icymi justice league sequel among films missing new dc films slate,0
latest coco justice league repeat box office nothing new movienews movietvtechgee,0
y justice league dark importante,0
justice league sequel among films missing new dc films slate,0
latest coco justice league repeat box office nothing new movienews movietvtechgee,0
latest coco justice league repeat box office nothing new movienews movietvtechgee,0
fucking jumanji higher rating justice league,0
ombudsman graft busters face doj justice boosters december olivarez sports complex eliminat,0
latest coco justice league repeat box office nothing new movienews movietvtechgee,0
justice league vs steppenwolf jose luis arts,0
latest coco justice league repeat box office nothing new movienews movietvtechgee,0
fact actors villain stunt doubles extras say want zack's version justice league says lo,0
latest coco justice league repeat box office nothing new movienews movietvtechgee,0
coco chrisye justice league murder yha,0
justice league vs avengers batty can really throw dat ass back,0
latest coco justice league repeat box office nothing new movienews movietvtechgee,0
exclusive preview justice league america orlando petrus hi fi amp cowles comi,0
justice league vs avengers batty can really throw dat ass back,0
latest coco justice league repeat box office nothing new movienews movietvtechgee,0
m seeing justice league today,0
just got watching justice league good stuff,0
re absolutely sure didn't accidentally show justice league,0
latest coco justice league repeat box office nothing new movienews movietvtechgee,0
justice league postmortem good,0
successful justice league filled day ace comic con,0
latest coco justice league repeat box office nothing new movienews movietvtechgee,0
icymi justiceleague sequel among films missing new dcfilms slate dceu dccomics,0
avengers infinity war come together video proves justice league's music suits better avengers,0
latest coco justice league repeat box office nothing new movienews movietvtechgee,0
justice league younger,0
now justice league continues battle even though already lost war sigh,0
want justice league come back keep posting asking make happen hashtag jlreunio,0
justice league,0
coco atau murder orient express atau justice league,0
big grats justice league weekend finally outsold batman amp robin gotta make dc wb proud,0
justice league vs avengers batty can really throw dat ass back,0
justice league vs steppenwolf jose luis arts,0
dceu needs start patient amp focus making good solos like ww instead adapting crazy ass storylines won,0
flashpoint movie terrible idea holy shit still justice league wasnt even big expec,0
added video playlist justice league flash effect tutorial film learnin,0
icymi justiceleague sequel among films missing new dcfilms slate dceu dccomics,0
justice league vs avengers batty can really throw dat ass back,0
video blackpink last m v shown justice league batman exclusive first look,0
tried relaxing time watching justice league couple brought crying toddlers theatre tho,0
avengers vs justice league via,0
justice league valid y tripping lmao,0
justice league's sales going slow maybe movie got forgettable uninspiring,0
justice league actor jason momoa wants stay away criticism,0
justice league vs avengers batty can really throw dat ass back,0
justice league butt notgood,0
don t care nobody say justice league fantastic,0
icymi justice league sequel among films missing new dc films slate,0
check new funko mystery minis justice league dc aquaman mera,0
justice league vs avengers batty can really throw dat ass back,0
ha e good,0
reception justice league wb reboot rebuild dceu,0
boys see trailer justice league movie little plush skit de,0
geek homeworld episode justice league review,0
saw eyes warner confirmed official dc movie roster wonder woman aquaman shazam gl corps,0
fucking jumanji higher rating justice league,0
justice league vs avengers batty can really throw dat ass back,0
ombudsman graft busters face doj justice boosters december olivarez sports complex t,0
latest coco justice league repeat box office nothing new movienews movietvtechgee,0
latest coco justice league repeat box office nothing new movienews movietvtechgee,0
asvines justice league summary,0
box office justiceleague treads behind disney pixar's coco thor ragnarok drops fifth spot,0
justice league vs avengers batty can really throw dat ass back,0
justice league,0
warner bros doesn't adjust film slate response justice league,0
flashpoint movie terrible idea holy shit still justice league wasnt even big expec,0
want crash want read want read want go see justice league want see justi,0
warner bros planning shake restructuring dc films operation justiceleague disappointed,0
latest coco justice league repeat box office nothing new movienews movietvtechgee,0
geek homeworld episode justice league review,0
latest coco justice league repeat box office nothing new movienews movietvtechgee,0
justiceleague reaches million,0
justice league vs avengers batty can really throw dat ass back,0
justice league vs avengers batty can really throw dat ass back,0
everyday geoff johns apologist every time hear something new justice league cuts,0
latest coco justice league repeat box office nothing new movienews movietvtechgee,0
hated justice league,0
latest coco justice league repeat box office nothing new movienews movietvtechgee,0
latest coco justice league repeat box office nothing new movienews movietvtechgee,0
latest coco justice league repeat box office nothing new movienews movietvtechgee,0
latest coco justice league repeat box office nothing new movienews movietvtechgee,0
box office justice league hits million worldwide biggest movie,0
justice league full booty chins,0
latest coco justice league repeat box office nothing new movienews movietvtechgee,0
latest coco justice league repeat box office nothing new movienews movietvtechgee,0
latest coco justice league repeat box office nothing new movienews movietvtechgee,0
latest coco justice league repeat box office nothing new movienews movietvtechgee,0
latest coco justice league repeat box office nothing new movienews movietvtechgee,0
justice league vs avengers batty can really throw dat ass back,0
justice league vs avengers batty can really throw dat ass back,0
saw eyes warner confirmed official dc movie roster wonder woman aquaman shazam gl corps,0
latest coco justice league repeat box office nothing new movienews movietvtechgee,0
liked video family guy justice league compilation,0
saw justice league cyborg said booyah good,0
disaster artist strong weekend taking million relatively limited release,0
m justice league dark though,0
somebody take see justice league plz,0
much hype bvs amp showed opening weekend numbers hype strong gone,0
cyborg justice league warm winter beanie hat cap cuff pom dc comics ch xmas,0
latest coco justice league repeat box office nothing new movienews movietvtechgee,0
dc revealed confirmed slate movies brazil comicon aquaman flashpoint justice league dark suprised thi,0
justice league passed now box office chart incld domestic amp foreign happy feel b,0
latest coco justice league repeat box office nothing new movienews movietvtechgee,0
latest coco justice league repeat box office nothing new movienews movietvtechgee,0
liked video leaked justice league script crazy news dump,0
justice league vs avengers batty can really throw dat ass back,0
dem justice league,0
geoff johns watching wb's cut justice league first time,0
latest coco justice league repeat box office nothing new movienews movietvtechgee,0
loved pet semetary references justice league,0
superhero concept art cyborg justice league,0
latest coco justice league repeat box office nothing new movienews movietvtechgee,0
superman new justice league movie daddy,0
latest coco justice league repeat box office nothing new movienews movietvtechgee,0
fwiw saw justice league tonight pretty unimpressed though wasn't terrible can't think single m,0
latest coco justice league repeat box office nothing new movienews movietvtechgee,0
inyo shame minute avengers trailer better justice league movie,0
ok guardians no problem making kurt russell's whole face young justice league can't get rid musta,0
latest coco justice league repeat box office nothing new movienews movietvtechgee,0
box office justiceleague treads behind disney pixar's coco thor ragnarok drops fifth spot,0
latest coco justice league repeat box office nothing new movienews movietvtechgee,0
latest coco justice league repeat box office nothing new movienews movietvtechgee,0
justice league reason every product needs good marketinh strategy,0
listen ep indie marvel dc comic talk justice league review heroes garage np soundcloud podernfamily htt,0
justice league,0
shame minute avengers trailer better justice league movie,0
experience justice league red carpet hollywood fan trenches battle get autograph selfie,0
spotlight podcast justice league dccomics justiceleague comics comicbooks batman sup,0
justice league vs avengers batty can really throw dat ass back,0
latest coco justice league repeat box office nothing new movienews movietvtechgee,0
latest coco justice league repeat box office nothing new movienews movietvtechgee,0
latest coco justice league repeat box office nothing new movienews movietvtechgee,0
latest coco justice league repeat box office nothing new movienews movietvtechgee,0
video blackpink last m v shown justice league batman exclusive first look,0
latest coco justice league repeat box office nothing new movienews movietvtechgee,0
news actor ezra miller flash said likes blackpink justice league v app live,0
experience justice league red carpet hollywood fan trenches battle get autograph selfie,0
confirmed barry allen blackpink stan canon now least justiceleague gave us moment,0
justice league action good cop bat cop episode,0
latest coco justice league repeat box office nothing new movienews movietvtechgee,0
fucking jumanji higher rating justice league,0
latest coco justice league repeat box office nothing new movienews movietvtechgee,0
latest coco justice league repeat box office nothing new movienews movietvtechgee,0
crazy love justice league characters,0
justice league awesome,0
fucking jumanji higher rating justice league,0
latest coco justice league repeat box office nothing new movienews movietvtechgee,0
latest coco justice league repeat box office nothing new movienews movietvtechgee,0
box office justice league hits million worldwide biggest movie,0
justice league passed now box office chart incld domestic amp foreign happy,0
latest coco justice league repeat box office nothing new movienews movietvtechgee,0
latest coco justice league repeat box office nothing new movienews movietvtechgee,0
latest coco justice league repeat box office nothing new movienews movietvtechgee,0
frakes baby showing opening night justice league,0
justice league vs avengers batty can really throw dat ass back,0
justice league vs avengers batty can really throw dat ass back,0
latest coco justice league repeat box office nothing new movienews movietvtechgee,0
flashpoint movie terrible idea holy shit still justice league wasnt even big expec,0
christopherm bad feeling one think performance justice league proven today,0
latest coco justice league repeat box office nothing new movienews movietvtechgee,0
experience justice league red carpet hollywood fan trenches battle get autograph selfie,0
liked video justice league animated movie reunion,0
fucking jumanji higher rating justice league,0
stick batman star batman sure continue amazing liked wonder woman,0
gentleman's c review justiceleague,0
latest coco justice league repeat box office nothing new movienews movietvtechgee,0
dc films mentioned besides wonder woman panel include suicide squad batgirl,0
latest coco justice league repeat box office nothing new movienews movietvtechgee,0
latest coco justice league repeat box office nothing new movienews movietvtechgee,0
fucking jumanji higher rating justice league,0
just watched justice league last playing lool,0
latest coco justice league repeat box office nothing new movienews movietvtechgee,0
nah easily best justice league thats seen live action,0
cyborg victor kept alive merging flesh advanced technology today justice league co founder ca,0
latest coco justice league repeat box office nothing new movienews movietvtechgee,0
cyborg best justice league,0
latest coco justice league repeat box office nothing new movienews movietvtechgee,0
latest coco justice league repeat box office nothing new movienews movietvtechgee,0
dunno people can say justice league better batman v superman much worse,0
latest coco justice league repeat box office nothing new movienews movietvtechgee,0
check spoiler review justice league,0
latest coco justice league repeat box office nothing new movienews movietvtechgee,0
justice league good knew movies actually know going lol,0
hype movie not disappoint road justice league hyped non spoiler review,0
latest coco justice league repeat box office nothing new movienews movietvtechgee,0
flashpoint movie terrible idea holy shit still justice league wasnt even big expec,0
hes actor hbo show true blood just justice league final post credits scene deathstroke,0
experience justice league red carpet hollywood fan trenches battle get autograph selfie,0
latest coco justice league repeat box office nothing new movienews movietvtechgee,0
icymi justiceleague sequel among films missing new dcfilms slate dceu dccomics,0
latest coco justice league repeat box office nothing new movienews movietvtechgee,0
december aquaman superman greenlantern batman,0
latest coco justice league repeat box office nothing new movienews movietvtechgee,0
latest coco justice league repeat box office nothing new movienews movietvtechgee,0
disaster artist strong weekend taking million relatively limited release,0
justice league classic cinemas justice league saint charles il,0
dear justice league decent great hour time limit mandate true,0
justice league great movie henry cavill n jason mamoa great men really really great men,0
flashpoint movie terrible idea holy shit still justice league wasnt even big expec,0
latest coco justice league repeat box office nothing new movienews movietvtechgee,0
latest coco justice league repeat box office nothing new movienews movietvtechgee,0
latest coco justice league repeat box office nothing new movienews movietvtechgee,0
justice league vs avengers batty can really throw dat ass back,0
latest coco justice league repeat box office nothing new movienews movietvtechgee,0
latest coco justice league repeat box office nothing new movienews movietvtechgee,0
justice league won film lost north american box office latest installment warner brother's dc,0
justice league weekend est screens avg weekend change total north america jus,0
latest coco justice league repeat box office nothing new movienews movietvtechgee,0
justice league meets little justice league,0
experience justice league red carpet hollywood fan trenches battle get autograph selfie,0
latest coco justice league repeat box office nothing new movienews movietvtechgee,0
latest coco justice league repeat box office nothing new movienews movietvtechgee,0
justice league vs avengers batty can really throw dat ass back,0
justice league officially bomb ben affleck batman,0
like compare justice league,0
justiceleague reaches million,0
justice league vs avengers batty can really throw dat ass back,0
added video playlist update luego de justice league,0
latest coco justice league repeat box office nothing new movienews movietvtechgee,0
justice league,0
latest coco justice league repeat box office nothing new movienews movietvtechgee,0
justice league vs avengers batty can really throw dat ass back,0
justice league vs avengers batty can really throw dat ass back,0
just watched justice league barry allen really boyfriend,0
wb reaching money justice league comes dvd not not s,0
worship glory friendship join alliance justice league server utc fight us,0
justiceleague reaches million,0
liked video justice league worst movie,0
latest coco justice league repeat box office nothing new movienews movietvtechgee,0
justice league vs avengers batty can really throw dat ass back,0
passed now box office chart incld domestic amp foreign happy,0
latest coco justice league repeat box office nothing new movienews movietvtechgee,0
latest coco justice league repeat box office nothing new movienews movietvtechgee,0
dc films title cards shown screen aquaman flashpoint justice league dark wonder woman su,0
mennew batman robin alfred next don't miss amp justice league,0
justiceleague reaches million,0
justiceleague reaches million,0
latest coco justice league repeat box office nothing new movienews movietvtechgee,0
latest coco justice league repeat box office nothing new movienews movietvtechgee,0
latest coco justice league repeat box office nothing new movienews movietvtechgee,0
dc film slate showed off brazil comic con wonder woman aquaman flashpoint justice league dark suicide squad batg,0
latest coco justice league repeat box office nothing new movienews movietvtechgee,0
latest coco justice league repeat box office nothing new movienews movietvtechgee,0
latest coco justice league repeat box office nothing new movienews movietvtechgee,0
latest coco justice league repeat box office nothing new movienews movietvtechgee,0
superfriends justice league mashup justice league super friends superfriends,0
oh know still looks grin wonders not found justice league hero s,0
latest coco justice league repeat box office nothing new movienews movietvtechgee,0
latest coco justice league repeat box office nothing new movienews movietvtechgee,0
latest coco justice league repeat box office nothing new movienews movietvtechgee,0
mann go see justice league ppl superman henrycavill wonderwoman batman aquaman flash cyborg https,0
latest coco justice league repeat box office nothing new movienews movietvtechgee,0
justice league vs avengers batty can really throw dat ass back,0
get really cool swag conventions set justice league pins gift s,0
joss whedon will step direct justice league,0
experience justice league red carpet hollywood fan trenches battle get autograph selfie,0
weekend box office w coco weeks amp jedi friday extended disney streak sus,0
last years ve robbed zack snyder's justice league amazing spider man,0
think two minute infinity war trailer better entire justice league movie,0
justice league amazinggg,0
justice league vs avengers batty can really throw dat ass back,0
liked video justice league ninja kidz,0
justice league failure leads dc movies shake,0
box office justiceleague finally tops million worldwide via h,0
justice league,0
december aquaman superman greenlantern batman,0
justice league vs avengers batty can really throw dat ass back,0
want justice league come back keep posting asking make happen hashtag jlreunio,0
good sign meaning things haven't change movies still coming regardless,0
listen want justice league back jlreunion,0
superhero concept art cyborg justice league,0
stormtroopers clone troopers battle droids easily recognizable grey armies avengers,0
justice league meets little justice league,0
justice league vs avengers batty can really throw dat ass back,0
liked video leaked justice league script crazy news dump,0
box office justice league finally tops million worldwide,0
justice league,0
watched justice league arcee poor audio quality no subs thoroughly enjoyed,0
can two convince wb put zs cut justice league blu ray thanks,0
justice league vs avengers batty can really throw dat ass back,0
justice league meets little justice league,0
wanna see justice league,0
justice league vs avengers batty can really throw dat ass back,0
mennew aquaman comes green lantern's rescue justice league gay xxx parody part featuring,0
justice league movie review theater benaffleck aquaman wonderwoman batman superman,0
fucking fools managed make justice league movie fail wanna try hand justice le,0
icymi justiceleague sequel among films missing new dcfilms slate dceu dccomics,0
justice league gay xxx parody,0
box office justiceleague finally tops million worldwide via h,0
justice league vs steppenwolf jose luis arts,0
aquaman yes yes flashpoint no way amp re dumb trying suicide squad can see d,0
justice league meets little justice league,0
critique justice league de zack snyder,0
justice league gay xxx parody,0
bvs mess got better viewing justice league,0
im fez justice league came,0
fact wb probably fucked justice league anti nazi elements,0
justice league movie review moviereview filmreview movies films opinion critique rating,0
hope justice league good,0
justice league vs avengers batty can really throw dat ass back,0
mennew batman robin alfred next don't miss amp justice league,0
get really cool swag conventions set justice league pins gift s,0
wouldn't great superhero actors let kid know loved unite league ave,0
dc film slate showed off brazil comic con wonder woman aquaman flashpoint justice league dark suicide squad,0
justice league gay xxx parody,0
justice league vs avengers batty can really throw dat ass back,0
experience justice league red carpet hollywood fan trenches battle get autograph selfie,0
zack snyder may originally wanted stay justice league comics powered,0
justice league vs avengers batty can really throw dat ass back,0
new fan petition asks warner bros release joss whedon cut justice league seriously music,0
box office justice league hits million worldwide biggest movie,0
today's giveaway passes movie justice league will see movie,0
warner bros showcases justice league amp vr games trending powered,0
justice league gay xxx parody,0
editors justice league think movie title appearing like flag look good,0
justice league mostly marketed without superman combat grow followers wi,0
civil war gt gt gt justice league,0
dc revealed confirmed slate movies brazil comicon aquaman flashpoint justice league dark suprised thi,0
latest coco justice league repeat box office nothing new movienews,0
don't look thought bvs good joss whedon didn't improve justice league,0
repost drearoyan justice league,0
saw went see justice league,0
join actor connie nielsen wonder woman justice league fight end family homelessness san francisco compassi,0
spotlight podcast justice league dccomics justiceleague comics comicbooks batman sup,0
worship glory friendship join alliance justice league server utc fight us,0
coco justice league repeat box office nothing new movie news movietvtechgeeks http,0
justice league vs avengers batty can really throw dat ass back,0
justice league vs avengers batty can really throw dat ass back,0
don't forget nightwing black adam gotham city sirens man steel deathstroke deadshot justice le,0
wonder warner bros second thoughts whole dc universe lineup just saw just,0
justice league mug justiceleague tea,0
justice league hella enjoyable,0
gal gadot amazing first day ace comic con happy got meet many guys yesterday fin,0
disaster artist strong weekend taking million relatively limited release,0
batman v superman man steel made jl bluray sales exponentially outpace jls non existent demand,0
justice league,0
bruce begat upon son beautiful even world dying made happiest woman j,0
lmao skip justice league save day feeling like wasting,0
justice league vs avengers batty can really throw dat ass back,0
justiceleague sound editor says worked hour cut movie,0
requested rt justice league like avengers,0
aquaman yes yes flashpoint no way amp re dumb trying suicide squad can see d,0
get really cool swag conventions set justice league pins gift s,0
gonna go see justice league half hour,0
justice league,0
batgirl aquaman justice league dark omgggg,0
warner bros confirms dc film lineup including justice league dark,0
every xmas watched xmas movie literally cry jersey girl every time now,0
experience justice league red carpet hollywood fan trenches battle get autograph selfie,0
comics re reading flips switch machine bunch clinks clangs oc,0
unrealistic scene justice league one cop protects muslim family white guy,0
spotlight podcast justice league dccomics justiceleague comics comicbooks batman sup,0
nerdette flms smashing box office film perform currently justice league,0
experience justice league red carpet hollywood fan trenches battle get autograph selfie,0
box office justiceleague treads behind disney pixar's coco thor ragnarok drops fifth spot,0
warner bros becomes first major studio cross billion year domestic b o propelled wonder woman http,0
box office justiceleague treads behind disney pixar's coco thor ragnarok drops fifth spot,0
box office justiceleague treads behind disney pixar's coco thor ragnarok drops fifth spot,0
entonces shazam suicide squad wonder woman batgirl flashpoint batman man o,0
mom wants see justice league tomorrow idk can handle sitting shit,0
zkx batman returns justice league gay xxx parody part,0
unrealistic scene justice league one cop protects muslim family white guy,0
understand justice league mustaches tough cgi roguedames,0
hope justice league good movie,0
holdover films chug away box office last jedi looms nyt,0
icymi justice league sequel among films missing new dc films slate,0
mamba justice league fam,0
hope see new titans series connected arrowverse wally rose wilson great imagine,0
justice league vs avengers batty can really throw dat ass back,0
no justice league cyborg man steel disappointing,0
sigrid justice league version seems appropriate well,0
box office justiceleague treads behind disney pixar's coco thor ragnarok drops fifth spot,0
cumming soon green lantern fucks aquaman justice league gay xxx parody part gayporn,0
liked video new scenes flash justice league cameos full hd,0
box office justice league hits million worldwide biggest movie,0
icymi justiceleague sequel among films missing new dcfilms slate dceu dccomics,0
justice league vs avengers batty can really throw dat ass back,0
coco tops box office star wars last jedi looms large justiceleague via,0
cyborg victor kept alive merging flesh advanced technology today justice league co founder ca,0
sofie lotus little girl dressed wonderwoman photoshoot justice league kids ace,0
cast wants fans give us animated justice league jlreunion,0
warner bros crosses billion box office zack snyder cut billion warner bros broke,0
justice league vs avengers movie come,0
went see justice league movie found flash nerdy teenage boy likes kpop,0
superhero concept art cyborg justice league,0
liked video darkseid confirmed snyder cut justice league,0
justiceleagueaction episode review watchtower tours,0
justice league vs avengers batty can really throw dat ass back,0
fight forces evil freespins new justiceleague slot now see gt,0
icymi justiceleague sequel among films missing new dcfilms slate dceu dccomics,0
liked video justice league movie clip batman meets flash dc superhero movie hd,0
range time remember patriots isn't worth time watch paint dry leaves fall tree bett,0
flashpoint movie terrible idea holy shit still justice league wasnt even big expec,0
justice league,0
nothing respect justice league,0
experience justice league red carpet hollywood fan trenches battle get autograph selfie,0
added video playlist batman amp justice league become green lanterns dc elseworlds,0
warner bros looking change future dceu justice league,0
experience justice league red carpet hollywood fan trenches battle get autograph selfie,0
justice league cast panel ace comic con long island acecomiccon acecomicconli comiccon,0
warner bros crosses billion box office zack snyder cut billion warner bros broke,0
justice league vs avengers batty can really throw dat ass back,0
kiko btw justice league good asf y need go see,0
icymi justiceleague sequel among films missing new dcfilms slate dceu dccomics,0
nothing respect justice league,0
batgirl aquaman justice league dark omgggg,0
m now duke regal cinemas edgmont square yelp seeing justice league,0
warner bros crosses billion box office zack snyder cut billion warner bros,0
justice league went theater day came bought ticket s,0
worship glory friendship join alliance justice league server utc fight us,0
icymi justiceleague sequel among films missing new dcfilms slate dceu dccomics,0
m ready next justice league already,0
icymi justiceleague sequel among films missing new dcfilms slate dceu dccomics,0
batgirl aquaman justice league dark omgggg,0
stansfield snow,0
maryjaneflicks justice league way better high,0
rumor dc release justice league extended cut superman trilogy,0
barry allen justice league,0
wonder woman m believer just saw justice league reminder don't wonder,0
went search hanukkah themed story justice league america comic,0
batgirl aquaman justice league dark omgggg,0
icymi justiceleague sequel among films missing new dcfilms slate dceu dccomics,0
icymi justiceleague sequel among films missing new dcfilms slate dceu dccomics,0
icymi justiceleague sequel among films missing new dcfilms slate dceu dccomics,0
justice league vs avengers batty can really throw dat ass back,0
justice league vs avengers batty can really throw dat ass back,0
icymi justiceleague sequel among films missing new dcfilms slate dceu dccomics,0
liked video justice league action goddess must crazy episode,0
justice league vs avengers batty can really throw dat ass back,0
im home got leave early watched justice league instead alright guess lol,0
polyphians sounds like one races boxes justice league entrusted,0
liked video avengers infinity war vs justice league numbers amp expectations,0
dc films mentioned besides wonder woman panel include suicide squad batgirl,0
experience justice league red carpet hollywood fan trenches battle get autograph selfie,0
justice league vs steppenwolf jose luis arts,0
team building exercise justice league spoilers,0
dc revealed confirmed slate movies brazil comicon aquaman flashpoint justice league dark suprised thi,0
untvnewsrescue rt rt untvcup quarter ombudsman graft busters face doj justice boosters december,0
coco justice league repeat box office nothing new movie news movietvtechgeeks,0
dceu needs start patient amp focus making good solos like ww instead adapting crazy ass storylines won,0
flashpoint movie terrible idea holy shit still justice league wasnt even big expec,0
superhero concept art cyborg justice league,0
justice league vs avengers batty can really throw dat ass back,0
justice league vs avengers batty can really throw dat ass back,0
resent fact feels like go see justice league instead wanting go see justice lea,0
box office justice league finally tops million worldwide via,0
bout see justice league second time,0
vulko well considering wb whedon decided cut,0
justice league dark zack's jl cut lol,0
not great spurned old teammates batman still warns justice league amazo's antics,0
start women color deleted movie make space jokes l,0
justice league henry cavill seeing eye eye joss whedon superman,0
krieg gleason j,0
whedon reshot bits ending show smiling fucking disgusted can spe,0
untvnewsrescue rt rt untvcup quarter ombudsman graft busters face doj justice boosters december,0
justice league dark,0
icymi justice league sequel among films missing new dc films slate,0
yesss justiceleague xxx officially adult movie country watch,0
justice league vs avengers batty can really throw dat ass back,0
whatiwantsantatobringme justice league zack snyder director's cut,0
legion justice league xxx parody better story elements real justice league movie,0
dc films mentioned besides wonder woman panel include suicide squad batgirl,0
kinda like batman taking rest justice league,0
cries ill suck n go wants hes brought times already ig im watching justice league,0
justice league utterly joyless couldn't even properly hate watch divorced dad affleck free p,0
avengers infinity war talking justice league,0
spotlight podcast justice league dccomics justiceleague comics comicbooks batman sup,0
m pretty pissed didn't market justice league huge event film treat like one either now feels,0
liked video justice league batman v superman touched heart,0
added video playlist justice league sec review spoiler free,0
mention justice league v good,0
quarter ombudsman graft busters face doj justice boosters december olivarez sports complex fo,0
didn't like justice league doesn't mean m gonna openly talk shit kids like,0
legends tomorrow reasons re better justice league re not,0
quarter ombudsman graft busters face doj justice boosters december olivarez sports complex fo,0
icymi justice league sequel among films missing new dc films slate,0
justice league vs avengers batty can really throw dat ass back,0
justice league vs avengers batty can really throw dat ass back,0
cyborg victor kept alive merging flesh advanced technology today justice league co founder ca,0
quarter ombudsman graft busters face doj justice boosters december olivarez sports,0
experience justice league red carpet hollywood fan trenches battle get autograph selfie,0
experience justice league red carpet hollywood fan trenches battle get autograph selfie,0
morning fire incident last night site supervisors enter naka formation pa sudd,0
justice league review,0
justice league sound editor says worked hour cut movie via,0
just watched batman v superman cut just proves cut justice league sooooo much better,0
justice league vs avengers batty can really throw dat ass back,0
dad seen justice league yet no dad want,0
liked video hulk's weakness hilariously adorable thor ragnarok vs justice league,0
avengers vs justice league via,0
justiceleague brought superhero filming uk,0
box office justice league hits million worldwide biggest movie,0
ve told eagles currently like justice league without superman,0
hate ultimate editions ll take whedon's cut justice league snyder's day week,0
latest long nfl effectively banned colin kaepernick league standing injustice every,0
legends tomorrow reasons re better justice league re not,0
justice league diana prince wonder woman,0
justice league,0
avengers o justice league joeltweetspree,0
justice league vs steppenwolf jose luis arts,0
justice league pretty good movie,0
icymi justice league sequel among films missing new dc films slate,0
happy birthday izzy hard believe already celebrating justice league great,0
icymi justice league sequel among films missing new dc films slate,0
justice league vs avengers batty can really throw dat ass back,0
henry cavill ezra miller re acting scene justice league jl kids,0
justice league,0
justice league,0
diana prince wonder woman justice league,0
box office justice league hits million worldwide biggest movie,0
justice league dark tower daddy's home birth dragon jigsaw thor jeepers cars lot stuff,0
justice league,0
experience justice league red carpet hollywood fan trenches battle get autograph selfie,0
justice league definition meh movie justiceleague,0
justice league sick aff,0
don't know anybody thought man responsible age ultron fix justice league btw,0
experience justice league red carpet hollywood fan trenches battle get autograph selfie,0
flashpoint movie terrible idea holy shit still justice league wasnt even big expec,0
henry cavill ezra miller re acting scene justice league jl kids,0
krieg gleason,0
justice league vs avengers batty can really throw dat ass back,0
justice league sucked,0
marvel paying critics write bad reviews justice league every person know seen including,0
justice league sequel among movies missing dc films slate,0
dceu's slate includes updated dceu slate aquaman wonder woman suicide squad flashpoint justice league,0
justice league weekend est screens avg weekend change total north america jus,0
icymi justice league sequel among films missing new dc films slate,0
just saw justice league movie know trashed love nod fourth world,0
releasing justice league dark introducing majority members individually shit move will en,0
icymi justice league sequel among films missing new dc films slate,0
icymi justice league sequel among films missing new dc films slate,0
dear don't believe can't say care social justice ve banned colin kaepernick,0
pizza n justice league,0
icymi justice league sequel among films missing new dc films slate,0
can see justice league together cuddle wipe other's drool,0
not great spurned old teammates batman still warns justice league amazo's antics,0
million justice league finally passes opening week total batman v superman dawn justice,0
isn't accurate batgirl justice league dark already scr,0
experience justice league red carpet hollywood fan trenches battle get autograph selfie,0
dc revealed confirmed slate movies brazil comicon aquaman flashpoint justice league dark suprised thi,0
just seen justice league,0
vi justice league,0
justice league converse shoes just got delivered,0
justiceleague brought superhero filming uk,0
justiceleague brought superhero filming uk,0
justiceleague brought superhero filming uk,0
last years ve robbed zack snyder's justice league amazing spider man,0
superhero concept art cyborg justice league,0
justice league vs avengers batty can really throw dat ass back,0
justice league meets little justice league,0
justiceleague brought superhero filming uk,0
btw justice league good asf y need go see,0
flashpoint movie terrible idea holy shit still justice league wasnt even big expec,0
sofie lotus little girl dressed wonderwoman photoshoot justice league kids,0
henry cavill ezra miller re acting scene justice league jl kids,0
think problem justice league released soon released origin stories f,0
justice league fam,0
justice league,0
experience justice league red carpet hollywood fan trenches battle get autograph selfie,0
whatiwantsantatobringme justice league zack snyder director's cut,0
justice league vs avengers batty can really throw dat ass back,0
ang blackpink nasa justice league,0
disaster artist strong weekend taking million relatively limited release,0
not doubt mind marvel studios charge justice league fight scene,0
experience justice league red carpet hollywood fan trenches battle get autograph selfie,0
warner bros becomes first major studio cross billion year domestic b o propelled wonder woman http,0
steppenwolf actor ciaran hinds reportedly unhappy theatrical cut justice league https,0
justice league vs avengers batty can really throw dat ass back,0
seen justice league joeltweetspree,0
justice league lit fam,0
thor cool justice league trash,0
justice league vs avengers batty can really throw dat ass back,0
justiceleague surpasses million worldwide,0
justice league,0
experience justice league red carpet hollywood fan trenches battle get autograph selfie,0
actually m justice league fan,0
liked video jason momoa aquaman justice league,0
box office coco stays strong million international box office,0
pretty sure episodes smallville justice league unlimited featuring legion,0
went buy niece's birthday gift found everything justice league ragnarok ba,0
saw eyes warner confirmed official dc movie roster wonder woman aquaman shazam gl corps,0
justiceleagueaction episode review watchtower tours,0
warner bros planning shake restructuring dc films operation justiceleague disappointed,0
justice league one horrible ass movie smh,0
justice league round,0
justice league round,0
every justice league meme sad reminder happened batman brand since glory days nolan,0
coco sweet global scores china hat trick justice league tops ww international box office,0
justice league score bland generic almost every scene sounds better music movies,0
favorite movie right now mine justice league joeltweetspree,0
gifs scene,0
justice league weekend est screens avg weekend change total north america jus,0
spoiler alert every member justice league's mom named martha,0
went buy niece's birthday gift found everything justice league ragnarok,0
justice league thread,0
think two minute infinity war trailer better entire justice league movie,0
xmas media consume paul simon steve martin's version silver bells's christmas shoes ro,0
justice league porn videos virgin girl pics,0
superhero concept art cyborg justice league,0
justice league vs avengers batty can really throw dat ass back,0
late justice league review,0
justice league officially bomb ben affleck batman,0
just arthouse pretentious crap man think struggling writer trip see,0
mennew batman robin alfred next don't miss amp justice league,0
justice league,0
ram joss whedon's justice league vs zack snyder's justice league,0
justice league henry cavill seeing eye eye joss whedon superman,0
justice league will probably go biggest grossing flop time thanks budget reception,0
justice league barry allen,0
justice league vs avengers batty can really throw dat ass back,0
justice league,0
justice league sex party cove nude,0
justice league score bland generic almost every scene sounds better music movie,0
choose see disaster artist instead justice league weekend fucking friend mutual,0
don't understand hate justice league liked thought really good fuck dc haters m,0
still watch suicide squad wonder woman justice league also importantly still watch thor,0
experience justice league red carpet hollywood fan trenches battle get autograph selfie,0
just watched justice league want marry gal gadot,0
first wonder woman scene justice league gaje says just dez x killed guy,0
im actually interested justice league dark d take batgirl effing suicide squad,0
justice league comic con sneak peek hd,0
justice league vs avengers batty can really throw dat ass back,0
haven t seen coco avengers thor dunkirk justice league m pressed,0
justice league vs avengers batty can really throw dat ass back,0
experience justice league red carpet hollywood fan trenches battle get autograph selfie,0
justice league,0
future dc movies actually coming,0
think two minute infinity war trailer better entire justice league movie,0
first justice league now birds fuck,0
saw justice league don't know everybody else thought certainly pulled,0
not great spurned old teammates batman still warns justice league amazo's antics,0
justice league meets little justice league,0
omg mean justice league,0
haven t seen coco avengers thor dunkirk justice league m pressed,0
justiceleague reaches million,0
justice league vs avengers batty can really throw dat ass back,0
watch live justiceleague panel,0
justice league vs avengers batty can really throw dat ass back,0
main cast members justice league just round table plenty chairs,0
favorite justice league member joeltweetspree,0
dc films mentioned besides wonder woman panel include suicide squad batgirl,0
justice league bombed joss whedon made mess sydner's work plain simple even man steel,0
warner bros becomes first major studio cross billion year domestic b o propelled wonder woman http,0
still want see justice league,0
justice league,0
done without superman justice league,0
starting off going see justice league justiceleague,0
dc just announced new movie slate justice league much not think,0
justice league premiere,0
justice league vs avengers batty can really throw dat ass back,0
haven t seen coco avengers thor dunkirk justice league m pressed,0
wouldn't use term speak justice league tower say co,0
just watched justice league ovaries exploded everytime jason momoa screen,0
justice league america,0
kjh cam mutual full time emo finest loves tsundere dark jonghyun justice league,0
also go stand alone can still justice league make justice le,0
m regal cinemas union square justice league new york ny,0
henry cavill ezra miller re acting scene justice league jl kids,0
still haven't seen thor justice league,0
experience justice league red carpet hollywood fan trenches battle get autograph selfie,0
justiceleague sequel among films missing new dcfilms slate dceu dccomics,0
justice league vs steppenwolf jose luis arts,0
flashpoint movie terrible idea holy shit still justice league wasnt even big expec,0
requested rt justice league like avengers,0
justice league vs avengers batty can really throw dat ass back,0
panels dc comics needs save justice league ign,0
panels dc comics needs save justice league ign,0
panels dc comics needs save justice league ign,0
panels dc comics needs save justice league ign,0
panels dc comics needs save justice league ign,0
panels dc comics needs save justice league ign,0
henry cavill ezra miller re acting scene justice league jl kids,0
finally watched justice league,0
flashpoint movie terrible idea holy shit still justice league wasnt even big expec,0
justice league definitely better second time slept first time,0
yes aquaman wonder woman justice league dark rest ok favorites,0
liked video kevin smith reviews justice league,0
justice league vs avengers batty can really throw dat ass back,0
can't believe justice league movie actually dragged d c universe happy edge w flash cw dc god,0
flashpoint movie terrible idea holy shit still justice league wasnt even big expec,0
justice league comic con sneak peek reaction,0
powerbank probox mah justice lea,0
see justice league remove toenails ice pick hmmmm,0
check justice league jesus awesome design project,0
box office justice league hits million worldwide biggest movie,0
watching series day family stuff ready last jedi stil,0
love comics justice league america last stand written j m dematteis art,0
justice league vs avengers batty can really throw dat ass back,0
coco sweet global scores china hat trick justice league tops ww international box office,0
justice league vs avengers batty can really throw dat ass back,0
december aquaman superman greenlantern batman,0
wb producer accidentally predicted justice league's production woes professional grow,0
