reason sharing didn't even recognize sexual harassment life people started speaking,0
honor speak metoorallynyc gave courage,0
soojung good broken world let women know weren't alone unde,0
re making anybody uncomfortable don't not hard,0
metoo not include nyongo every stage hand pa maid no,0
metoo not include nyongo every stage hand pa maid no,0
favorite quote article guys want dirt quiet t,0
metoo not include nyongo every stage hand pa maid no,0
can always media darling even amongst woke lefties long people shit trans people http,0
metoo not include nyongo every stage hand pa maid no,0
shares advice men timepoy,0
milano,0
rising must,0
can always media darling even amongst woke lefties long people shit trans peop,0
metoo not include nyongo every stage hand pa maid no,0
metoo not include nyongo every stage hand pa maid no,0
shares advice men timepoy,0
men need hold men accountable timepoy,0
honor speak metoorallynyc gave courage share metoo jamestoback spe,0
metoo not include nyongo every stage hand pa maid no,0
metoo not include nyongo every stage hand pa maid no,0
crewscrew support go get em tc,0
metoo not include nyongo every stage hand pa maid no,0
metoo not include nyongo every stage hand pa maid no,0
honor speak metoorallynyc gave courage share,0
metoo not include nyongo every stage hand pa maid no,0
m drunk watching rerun beating nazis thanks well one nazi boxer still,0
truth media mj fans already know mj already told media liars,0
spike yo gift,0
honor speak metoorallynyc gave courage share metoo,0
terry come re better shit poc trans people struggles somet,0
hell no milano,0
made old spice relevant,0
support amp,0
spike oh don't worry pretty glaring character flaw,0
listen man simple,0
thesilencebreakers powerinnumbers change asiaargento rosemcgowan countlesswomen terrycrews thank billyandhell,0
holy crap can draw can't,0
realise re things apologize say m sorry way,0
terry loves yogurt chobani terrycrews,0
reason sharing didn't even recognize sexual harassment life people started speaking,0
don't know ex boss dilan howard threatened speaking sexua,0
one favorite dudes ever,0
rising must,0
former mossad investigating rape victims possible murder harveyweinstein terrycrews russelsimmons,0
metoo not include nyongo every stage hand pa maid no,0
second season ultimatebeastmaster without no thank,0
words just powerful signature leap air honor speak,0
reason sharing didn't even recognize sexual harassment life people started speakin,0
spike know right pasty bony ass thinking well may not capable professional athl,0
words just powerful signature leap air honor speak,0
metoo not include nyongo every stage hand pa maid no,0
words just powerful signature leap air honor speak,0
hi metoorallynyc saturday dec front trump international hotel columbus c,0
will make re think humanity ideals amp things know number hi,0
hi metoorallynyc saturday dec front trump international hotel columbus c,0
hi metoorallynyc saturday dec front trump international hotel columbus c,0
favorite quote article guys want dirt quiet t,0
men need hold men accountable timepoy,0
piece advice men men stand say harassment,0
metoo not include nyongo every stage hand pa maid no,0
metoo not include nyongo every stage hand pa maid no,0
metoo not include nyongo every stage hand pa maid no,0
metoo not include nyongo every stage hand pa maid no,0
rising must,0
metoo not include nyongo every stage hand pa maid no,0
re making anybody uncomfortable don't not hard,0
metoo not include nyongo every stage hand pa maid no,0
rising must,0
metoo not include nyongo every stage hand pa maid,0
every time think can't love man goes ups bar no one gets pass,0
re making anybody uncomfortable don't not hard,0
favorite quote article guys want dirt quiet t,0
wonder will happen men boys start sharing sexual harrassment assault metoo's m,0
guess nypd security chief,0
m white chicks still cracks didn't anyone tell white party,0
re making anybody uncomfortable don't not hard,0
shares advice men timepoy,0
men need hold men accountable via,0
believe terry re great important kudos not letting anyfu,0
love,0
rising must,0
miller murray needs charged dunhan garbage judd apatow suppo,0
thank continuing speak louder others tried silence never used twitter b,0
rising must,0
shares advice men timepoy,0
shares advice men timepoy,0
wonder long topic will trend people's mind switched focus something else,0
rising must,0
lena dunham known scum apology weak rapist needs held accou,0
thank thank thank thank metoo methree mefour stand guy will,0
rising must,0
rising must,0
re making anybody uncomfortable don't not hard,0
rising must,0
shares advice men timepoy,0
rising must,0
rising must,0
rising must,0
rising must,0
rising must,0
just got book love way write can literally hear sgt jeffords head rea,0
rising must,0
words just powerful signature leap air honor speak,0
songs shook head like thew enjoy snow,0
know current level drawing will improve take next course month two,0
either future else terminator robot no much talent p,0
amazing officially stan wow,0
nice,0
fifty thousand dollars cash,0
fifty thousand dollars cash,0
fifty thousand dollars cash,0
men stand say abuse harassment assaults wrong nothing will change s,0
damn ridic talented,0
yes yasss need held accountable things say things came,0
hope helps,0
everyone tune put make m just chilling singing wer re blending makeupjunkie,0
apparently kenneth branagh making artemis fowl movie person thinks dest,0
shares advice men timepoy,0
yes yasss need held accountable things say things came f,0
darram locke ve amazing,0
soojung good broken world let women know weren't alone unde,0
addition everything else also better illustrator,0
block,0
spike ahhhhhh powerful comic artist no seriously holy shit,0
terry crews like carrie fisher far better deserve,0
shouldn't play,0
hope m half man ve always enjoyed work,0
no better,0
stand,0
feldman m sure give support male survivors need unify fight s,0
rising must,0
don't need ar,0
hi metoorallynyc saturday dec front trump international hotel columbus c,0
rising must,0
rising must,0
hello congrats one time's persons year fellow black man thank brave,0
rising must,0
facts http,0
thank skip t,0
soojung good broken world let women know weren't alone unde,0
hpgood poignant,0
fa,0
terry crews details alleged sexual assault hollywood talent agent,0
enjoying laughs saveschristmas seed repping chicago,0
fianc e just sitting around talking much rules funny brave awesome,0
shares advice men timepoy,0
hello congrats one time's persons year fellow black man thank,0
wanna look like don't know intermittent fast intermittentfasting diet health fitness,0
m proud amp admire sharing experience thank much please please go fe,0
told ari emanuel dude m going adam venit want back gonna get dude never though,0
trying mack jeezy recipe friend made looks good,0
re making anybody uncomfortable don't not hard,0
words just powerful signature leap air honor speak,0
rising must,0
hi metoorallynyc saturday dec front trump international hotel columbus c,0
shares advice men timepoy,0
shares advice men timepoy,0
shares advice men timepoy,0
feldman exclusive former corey's angel mara moon's open letter bombshell allegat,0
intermittent fasting looks good bikini darn will,0
re amazing m really proud everything,0
flint native hard water crisi questionsanswered answer,0
shares advice men timepoy,0
agree mia farrow seemed go ballistic allen took,0
rising must,0
rising must,0
rising must,0
hour listen free d think tall amp muscular prevent sexuallyassaul,0
rising must,0
shares advice men timepoy,0
rising must,0
soojung good broken world let women know weren't alone unde,0
rising must,0
hope vanessasee,0
eff yes stepped thank thank everything,0
rising must,0
rising must,0
men need hold men accountable timepoy,0
men need hold men accountable timepoy,0
rising must,0
james marsden hit last night's gqmoty portrait studio,0
re making anybody uncomfortable don't not hard,0
much love amp respect mr terry crews u support stay strong homie,0
great time guys party la gqmoty,0
great time guys party la gqmoty,0
rising must,0
shares advice men timepoy,0
rising must,0
rising must,0
rising must,0
rising must,0
call yall bring new york undercover ya station please,0
rising must,0
rising must,0
rising must,0
shares advice men timepoy,0
rising must,0
favorite quote article guys want dirt quiet t,0
rising must,0
cool seems like extremely decent person,0
got scene yet really nice guy,0
harassed wme board member called lawyer protect,0
don't care believe,0
hey noticed isn't verified lets make happen gettaranaburkeverified met,0
re making anybody uncomfortable don't not hard,0
thank,0
hazard woody allen dead already,0
favorite quote article guys want dirt quiet t,0
hi metoorallynyc saturday dec front trump international hotel columbus c,0
shares advice men timepoy,0
personally feel like also sue william morris endeavor turning blind eye venit's bullshit,0
soojung good broken world let women know weren't alone unde,0
gd hero deserves everyone's support,0
m proud amp admire sharing experience thank much please please go fe,0
re making anybody uncomfortable don't not hard,0
isn't odd metoo welcomed hero speaking man grabbed crotch yet als,0
soojung good broken world let women know weren't alone unde,0
keep going,0
feldman exclusive former corey's angel mara moon's open letter bombshell al,0
shares advice men timepoy,0
milano accomplish nothing,0
hi metoorallynyc saturday dec front trump international hotel columbus c,0
m proud amp admire sharing experience thank much please please go fe,0
burke powerful appreciated,0
video back story sgt terry,0
m proud amp admire sharing experience thank much please please go fe,0
sending love support thank bravery speaking steadfastness,0
shares advice men timepoy,0
shares advice men timepoy,0
sometimes cane really obvious youre making someone uncomfortable yet not clue u,0
shares advice men timepoy,0
thank u wish u around went thu lost pastors done thing,0
shares advice men timepoy,0
re making anybody uncomfortable don't not hard,0
shares advice men timepoy,0
shares advice men timepoy,0
shares advice men timepoy,0
shares advice men timepoy,0
please keep talking people need know thanks,0
m proud amp admire sharing experience thank much please please go fe,0
shares advice men timepoy,0
shares advice men timepoy,0
,0
pink white blue green silver whatever wants wear,0
shares advice men timepoy,0
shares advice men timepoy,0
shares advice men timepoy,0
shares advice men timepoy,0
m proud amp admire sharing experience thank much please please go fe,0
shares advice men timepoy,0
really hope seen,0
knows thankyou continuing speak truth everyone blessed voice,0
can brooklyn nine nine action movie best action comedy ever,0
m proud amp admire sharing experience thank much please please go fe,0
m proud amp admire sharing experience thank much please please go fe,0
m proud amp admire sharing experience thank much please please go fe,0
actor suing agent claims groped privates hollywood party,0
words just powerful signature leap air honor speak,0
milano yay justice lynch mob bunch pi,0
actor suing agent claims groped privates hollywood party,0
m pretty sure got suit match hair,0
re making anybody uncomfortable don't not hard,0
idk dream morning gave high five,0
favorite quote article guys want dirt quiet t,0
re making anybody uncomfortable don't not hard,0
actor suing agent claims groped privates hollywood party,0
m getting caught next week's finale m just wondering is's emmy moo moo,0
new reaganomicspodcast time butterfly w special guest talk metoo terrycrews dellareese amp,0
m proud amp admire sharing experience thank much please please go fe,0
talladega nights final lap andy samberg plays grown texas ranger plays,0
re making anybody uncomfortable don't not hard,0
exclusive speaks actor shares story hollywood harassment,0
favorite quote article guys want dirt quiet t,0
powerful article thanks bold faithful representative exposi,0
plus m not accuser b,0
man mission terry crews wants people stop watching porn https,0
exclusive speaks actor shares story hollywood harassment,0
terry crews suing agent adam venit sexual assault tmz behind bar terrycrews,0
never accused s,0
exclusive speaks actor shares story hollywood harassment,0
rejected request said needed written approval can y rt tag girl,0
milano need metoo message trump sexual assaults tru,0
milano need metoo message trump sexual assaults tru,0
proud helping give voice need stay strong,0
love terry woody allen not great director,0
gd hero deserves everyone's support,0
exclusive speaks actor shares story hollywood harassment,0
taking matters proper legal procedures will proper documentation happened,0
men need hold men accountable via,0
thank,0
passionately explains sexual harassment lawsuit discipline hollywood htt,0
thank continuing shine light issue ps mrs lo,0
anyone l works adam venit ashamed seriously,0
part m serious happened y watched happen peopl,0
mr crews admire tremendously domestic violence victim advocate saw hard,0
scully last summer woke trusted friend tugging top d drinking,0
spider think already addressed large black men beating someone even,0
men need hold men accountable timepoy,0
hi metoorallynyc saturday dec front trump international hotel columbus c,0
favorite quote article guys want dirt quiet t,0
men need hold men accountable timepoy,0
speaking sexual harassment standing ladies men best thing ever https,0
sir robin thank thank thank ll see guy news soon,0
m proud amp admire sharing experience thank much please please go fe,0
great speaking brave sharing story,0
told ari emanuel dude m going adam venit want back gonna get dude never though,0
shares advice men timepoy,0
can someone see attending hetoo,0
soojung good broken world let women know weren't alone unde,0
words just powerful signature leap air honor speak,0
m proud amp admire sharing experience thank much please please go fe,0
m proud amp admire sharing experience thank much please please go fe,0
m proud amp admire sharing experience thank much please please go fe,0
m proud amp admire sharing experience thank much please please go fe,0
m proud amp admire sharing experience thank much please please go fe,0
men need hold men accountable timepoy,0
m proud amp admire sharing experience thank much please please go fe,0
re making anybody uncomfortable don't not hard,0
sir robin thank thank thank ll see guy news soon,0
milano need metoo message trump sexual assa,0
sir robin ok thanks still perverted fuck,0
despite going can still promise great crackdown maybe future games might overwatch,0
re making anybody uncomfortable don't not hard,0
well done finding strength speak sexual abuse,0
m proud amp admire sharing experience thank much please please go,0
homophobic piece shit traumatized man woman wou,0
allen pollard glad corner man,0
amazing sexual assault movement tx u join taasa conf keynote thoughtidtry,0
walk store playing thousand miles automatically turn white chicks,0
look man setting free,0
men need hold men accountable timepoy,0
bruh please run public office national level runterryrun,0
re making anybody uncomfortable don't not hard,0
shares advice men timepoy,0
told frame not call aaaaah male privilege,0
words just powerful signature leap air honor speak,0
daughters idiot,0
song will always make think,0
life no limits plenty boundaries terry crews terrycrews,0
fuck go broke amp make america jacked fuck,0
yall make god john oliver forgetting m going breathing fire internet e,0
will asterisk next names eternity,0
can someone please tell us back keeps asking don't know love like l,0
keep thinking handled sexually assaulted public hollywood party front people,0
yall make god john oliver forgetting m going breathing fire internet e,0
re making anybody uncomfortable don't not hard,0
blonde fill ppl ve praised rapists instead ppl like amp,0
burke powerful appreciated,0
great article,0
can someone please tell us back keeps asking don't know love like loves yogurt,0
re one favorite people know ve already done someone can approve t,0
pollard terrific human anybody says otherwise ll fight em,0
adam sandler ben affleck charlize theron tina fey rihanna maria sharapova steve carell vin diesel snoop dog ben,0
pollard don't know goes another school,0
just feel sorry,0
not idol burn fuck burn twice,0
re right thing thanks speaking standing predators,0
makes better person,0
played father nothing fact respect man industry ho,0
respect grows every day leaps greater signature leap man facets,0
better get therapy issues,0
no m free free si,0
stay strong fight good fight wme standing standing victims,0
r u suggesting,0
omg u r sick d,0
video talks breaking silence sexual harassment claims,0
listennow new dustinhoffman accuser broadway via metoo,0
re making anybody uncomfortable don't not hard,0
rich,0
shares advice men timepoy,0
named one silence breakers time magazine person year issue speaking sexual,0
anyone l works adam venit ashamed seriously,0
course not not inconsiderate not even smart enough spell polans,0
didn't break guy code upheld real men don't tolerate bullshit happening,0
men need hold men accountable timepoy,0
miss obama milano,0
heart aches know pain anguish hope get peace,0
re making anybody uncomfortable don't not hard,0
never watched woody allen movie never will thought soooo weird married soon yi w,0
age happened young grew watching movi,0
favorite quote article guys want dirt quiet t,0
every person spoken thank ve paved way rest us find voice,0
miss obama milano,0
message russell simmons sent regarding sexual assault case adam venit dear no one g,0
miss obama milano,0
minute woodyallen married adopted daughter disgusted definitely believe dylan farrow h,0
no art shall created expense well person no art valuable human life n,0
miss obama milano,0
thank,0
men need hold men accountable timepoy,0
best media,0
allen whoever said,0
wga nominated kevin spacey produced show metoomen,0
y turn sound bit levity,0
yo just seen credits next friday worked security opened door damon next,0
re making anybody uncomfortable don't not hard,0
exactly needed see today someone's comin heels vanessa carlton d,0
favorite quote article guys want dirt quiet t,0
ve following and's pattern silence maddening still represent schwahn d love kn,0
re making anybody uncomfortable don't not hard,0
hey mjfam m writing blog post medium weinstein targeting mj publishing soon d like noti,0
yes nothing,0
stand strong terry ever need ear talk drop line,0
stupid gullible pal roger stone sean hannity love putin,0
great time guys party la gqmoty,0
hey boss know ve got lot stuff going now wanted let know re promotion,0
much love light tweeted gabrielle union yesterday mean,0
congratulations thank strength support metoo silencebreakers breakthesilence,0
milano,0
third re binge stop go store get like things yogurt found t,0
terry crews hallucinates eating spicy wings hot ones via watup,0
favorite quote article guys want dirt quiet t,0
re inspiring thank,0
re making anybody uncomfortable don't not hard,0
soojung good broken world let women know weren't alone unde,0
love love love wife's facial expression,0
like ever seeing quote,0
soojung good broken world let women know weren't alone unde,0
re making anybody uncomfortable don't not hard,0
just finished reading section tribe mentors great stuff newfollow,0
besides one can donate everything legal costs charity bene,0
stand guy just earned follow thank speaking terry thank listen,0
favorite quote article guys want dirt quiet t,0
go oh brother don't worry shamers,0
need say great,0
new episode posted podcast entertainment comedy blackculture j,0
perfectly stated erica believe year old actress trying g,0
keep thinking handled sexually assaulted public hollywood party front people,0
marcellus wallace look like pulpfiction halloween,0
m thinking might step lip syncing game,0
favorite quote article guys want dirt quiet t,0
thank speaking sadly thing happens sexes regular thank fo,0
milano,0
men just,0
honor meeting amp speaking past summer m even happy ch,0
heard,0
thank itsnotjustharveyweinstein,0
words just powerful signature leap air honor speak,0
rebecca best ever,0
re making anybody uncomfortable don't not hard,0
re making anybody uncomfortable don't not hard,0
words just powerful signature leap air honor speak,0
words just powerful signature leap air honor speak,0
will seen,0
re making anybody uncomfortable don't not hard,0
ask don't women come forward look told agent day assault assail,0
personally feel like also sue william morris endeavor turning blind eye venit's bullshit,0
milano,0
milano,0
talked hollywood's abandonment support came,0
shares advice men timepoy,0
hi metoorallynyc saturday dec front trump international hotel columbus c,0
men need hold men accountable timepoy,0
re making anybody uncomfortable don't not hard,0
hi metoorallynyc saturday dec front trump international hotel columbus c,0
system worked harvey weinstein decades works woody allen still,0
shares advice men timepoy,0
re making anybody uncomfortable don't not hard,0
words just powerful signature leap air honor speak,0
re making anybody uncomfortable don't not hard,0
lubiarz please help cause,0
made smile much gotta tag though,0
re making anybody uncomfortable don't not hard,0
call reall man gentleman keep,0
fellow guy looks terrifying actually giant teddy bear just wanted take minute appreciate,0
hey mjfam m writing blog post medium weinstein targeting mj publishing soon d like noti,0
people understand terry true hypothetically adam venit come face face,0
suffering dylan farrow amp family hands woodyallen helped hone sensitivity made,0
soojung good broken world let women know weren't alone unde,0
crewscrew m proud crewscrew stand til ground opened amp swallowed us whole truth standup,0
milano,0
crewscrew good tc can appreciate guy big voice stand truth,0
men need hold men accountable timepoy,0
soojung good broken world let women know weren't alone unde,0
re making anybody uncomfortable don't not hard,0
soojung good broken world let women know weren't alone unde,0
men stand say harassment abuse assaults wrong nothing will change,0
hey mjfam m writing blog post medium weinstein targeting mj publishing soon d like noti,0
will asterisk next names eternity,0
lubiarz please help cause,0
please help cause,0
honour something no one can take away terry crews,0
miss obama milano,0
re making anybody uncomfortable don't not hard,0
milano,0
thesilencebreakers one thing realize unless men stood women nothing change,0
thesilencebreakers questioning victim talk predator,0
thesilencebreakers men need hold men accountable poty personoftheyear metoo,0
believe people come forward absolutely seeing spotlight knew men affected,0
understand premises comments basic old grandparents felt unco,0
re making anybody uncomfortable don't not hard,0
re making anybody uncomfortable don't not hard,0
re making anybody uncomfortable don't not hard,0
re making anybody uncomfortable don't not hard,0
men need hold men accountable via,0
re making anybody uncomfortable don't not hard,0
re making anybody uncomfortable don't not hard,0
,0
last night dreamt trump died became nations fearless leaders d like live world,0
re amazing support hollywood trying stop speaking sexual assault don't let,0
yo playing games wanna talk,0
terry crews voice amp masculinity huge thank sir,0
no not always called patients can called clients w,0
no didn't soon yi daughter andre previn btw mia amp woody never even lived together,0
copy actual letter gave demanded mel gibson blacklisted anti semitic rema,0
men need hold men accountable via,0
war event traumatic enough cause ptsd re cl,0
re making anybody uncomfortable don't not hard,0
milano,0
knew hollywood dirty open secrets ever,0
read somewhere signing wme folk still employ man assaulted true,0
year old just gear radio old spice commercial said mom santa looke,0
re making anybody uncomfortable don't not hard,0
hi metoorallynyc saturday dec front trump international hotel columbus c,0
m glad let people know despicable people hollywood willing take advantage others,0
men need hold men accountable timepoy,0
yes thank honesty guy boss american media ce wait david pecker pecker pals,0
favorite quote article guys want dirt quiet t,0
re making anybody uncomfortable don't not hard,0
shares advice men timepoy,0
forgetting repeatedly defended nate parker justsayin still love,0
words just powerful signature leap air honor speak,0
re making anybody uncomfortable don't not hard,0
words just powerful signature leap air honor speak,0
re making anybody uncomfortable don't not hard,0
favorite quote article guys want dirt quiet t,0
hi metoorallynyc saturday dec front trump international hotel columbus c,0
re making anybody uncomfortable don't not hard,0
favorite quote article guys want dirt quiet t,0
supposed just couple drinks last night hungover,0
terry sweetheart no not good people,0
re making anybody uncomfortable don't not hard,0
men need hold men accountable via,0
words just powerful signature leap air honor speak,0
re making anybody uncomfortable don't not hard,0
love damn much,0
thesilencebreakers powerinnumbers change asiaargento rosemcgowan countlesswomen terrycrews thank billyandhell,0
youre snowed plenty food booze guacamole fixin s,0
re making anybody uncomfortable don't not hard,0
terry talk self person,0
will love much swear,0
re loved,0
re making anybody uncomfortable don't not hard,0
re making anybody uncomfortable don't not hard,0
re making anybody uncomfortable don't not hard,0
ask don't women come forward look told agent day assault assail,0
love pic one can pull off pink jacket,0
re making anybody uncomfortable don't not hard,0
soojung good broken world let women know weren't alone unde,0
re just looking,0
re making anybody uncomfortable don't not hard,0
re making anybody uncomfortable don't not hard,0
re making anybody uncomfortable don't not hard,0
favorite quote article guys want dirt quiet t,0
re making anybody uncomfortable don't not hard,0
re making anybody uncomfortable don't not hard,0
rebecca best ever,0
re making anybody uncomfortable don't not hard,0
re making anybody uncomfortable don't not hard,0
can say woman m amazed see man speak show hap,0
just wanted thank courage joy bring four youngest kids,0
thank terry support inspiration choosing support millions others hyper sexualized,0
re making anybody uncomfortable don't not hard,0
soojung good broken world let women know weren't alone unde,0
story matters,0
please don't stop speaking represent victim sexual assault v,0
re making anybody uncomfortable don't not hard,0
re making anybody uncomfortable don't not hard,0
loves yuh decided put picture debit card m picking lmao need ok cause bank,0
decided take incredible risk regardless uncomfortable speaking must h,0
re making anybody uncomfortable don't not hard,0
shares advice men timepoy,0
re making anybody uncomfortable don't not hard,0
re making anybody uncomfortable don't not hard,0
re making anybody uncomfortable don't not hard,0
re making anybody uncomfortable don't not hard,0
shares advice men timepoy,0
men need hold men accountable timepoy,0
re making anybody uncomfortable don't not hard,0
don't know anything guys think wait trial convict radar o,0
just watched interview abc highly respect decision speak assault m,0
will asterisk next names eternity,0
terry sorry tell truth false accuse mike jackson set paid pe,0
terrycrews passionately explains sexual harassment lawsuit discipline hollywood,0
go terry support others bravely come speak truth power,0
now m talking supporting al way connecticut yessss,0
re making anybody uncomfortable don't not hard,0
re making anybody uncomfortable don't not hard,0
re making anybody uncomfortable don't not hard,0
re making anybody uncomfortable don't not hard,0
re making anybody uncomfortable don't not hard,0
re making anybody uncomfortable don't not hard,0
favorite quote article guys want dirt quiet t,0
people need held accountable see one thing people understand not revenge,0
re making anybody uncomfortable don't not hard,0
favorite quote article guys want dirt quiet t,0
men gqmoty awards looked straight sharp https,0
re making anybody uncomfortable don't not hard,0
re making anybody uncomfortable don't not hard,0
msnbc terrycrews assaulted now,0
owen fuckin right,0
re making anybody uncomfortable don't not hard,0
fuckin right,0
soojung good broken world let women know weren't alone unde,0
re making anybody uncomfortable don't not hard,0
fight sir amazing,0
re making anybody uncomfortable don't not hard,0
re making anybody uncomfortable don't not hard,0
favorite quote article guys want dirt quiet t,0
milano working hours fun,0
re making anybody uncomfortable don't not hard,0
hopefully people like will continue bravery call stay strong,0
re making anybody uncomfortable don't not hard,0
re making anybody uncomfortable don't not hard,0
creating world won't say metoo milano newguycode,0
re making anybody uncomfortable don't not hard,0
one badass people ve ever known thank,0
good terry predatory pieces shot deserve no mercy,0
re making anybody uncomfortable don't not hard,0
unshakable,0
hes good makes goddamn day,0
hitt back victims power hungry hollywood elite,0
re making anybody uncomfortable don't not hard,0
re making anybody uncomfortable don't not hard,0
re making anybody uncomfortable don't not hard,0
proud friend,0
re making anybody uncomfortable don't not hard,0
favorite quote article guys want dirt quiet t,0
re making anybody uncomfortable don't not hard,0
yoda mace windu,0
hi metoorallynyc saturday dec front trump international hotel columbus c,0
imagine generation didn't say metoo milano,0
re making anybody uncomfortable don't not hard,0
re making anybody uncomfortable don't not hard,0
re making anybody uncomfortable don't not hard,0
re making anybody uncomfortable don't not hard,0
thesilencebreakers one thing realize unless men stood women nothing change,0
re making anybody uncomfortable don't not hard,0
re making anybody uncomfortable don't not hard,0
bravo thank speaking fighting back voice essential story sen,0
thesilencebreakers questioning victim talk predator,0
words just powerful signature leap air honor speak,0
thesilencebreakers men need hold men accountable poty personoftheyear metoo,0
men just,0
will asterisk next names eternity,0
re making anybody uncomfortable don't not hard,0
re making anybody uncomfortable don't not hard,0
believe amp support hope survivors lifetime safety love,0
men need hold men accountable timepoy,0
re making anybody uncomfortable don't not hard,0
thanks meagan,0
re making anybody uncomfortable don't not hard,0
re making anybody uncomfortable don't not hard,0
thank terry safer know guys true self,0
re making anybody uncomfortable don't not hard,0
ve reacted pulse guy pulp instead decided walk away rise expose pervert,0
re making anybody uncomfortable don't not hard,0
re making anybody uncomfortable don't not hard,0
re making anybody uncomfortable don't not hard,0
re making anybody uncomfortable don't not hard,0
re making anybody uncomfortable don't not hard,0
words just powerful signature leap air honor speak,0
words just powerful signature leap air honor speak,0
threat not courage coming forward courage consider options cer,0
m proud bravery took courage start journey healing helping make world safer exposing,0
re making anybody uncomfortable don't not hard,0
re making anybody uncomfortable don't not hard,0
re making anybody uncomfortable don't not hard,0
re making anybody uncomfortable don't not hard,0
re making anybody uncomfortable don't not hard,0
boss,0
thanks will metoorallynyc spirit interested,0
re making anybody uncomfortable don't not hard,0
re making anybody uncomfortable don't not hard,0
re making anybody uncomfortable don't not hard,0
wokoma m rting crews sexual harassment male problem males need talk,0
re making anybody uncomfortable don't not hard,0
re making anybody uncomfortable don't not hard,0
re making anybody uncomfortable don't not hard,0
re making anybody uncomfortable don't not hard,0
re making anybody uncomfortable don't not hard,0
re making anybody uncomfortable don't not hard,0
re making anybody uncomfortable don't not hard,0
re making anybody uncomfortable don't not hard,0
re making anybody uncomfortable don't not hard,0
re making anybody uncomfortable don't not hard,0
re making anybody uncomfortable don't not hard,0
re making anybody uncomfortable don't not hard,0
re making anybody uncomfortable don't not hard,0
re making anybody uncomfortable don't not hard,0
re making anybody uncomfortable don't not hard,0
re making anybody uncomfortable don't not hard,0
re making anybody uncomfortable don't not hard,0
dwayne elizondo mountain dew herbert camacho awesome,0
re making anybody uncomfortable don't not hard,0
re making anybody uncomfortable don't not hard,0
words just powerful signature leap air honor speak,0
keep speaking truth terry support,0
james marsden hit last night's gqmoty portrait studio,0
words just powerful signature leap air honor speak,0
words just powerful signature leap air honor speak,0
thank lauren,0
look like man full joy really admire handling way,0
hi metoorallynyc saturday dec front trump international hotel columbus c,0
real hero terry real heroes think ar,0
will asterisk next names eternity,0
favorite quote article guys want dirt quiet t,0
men need hold men accountable timepoy,0
favorite quote article guys want dirt quiet t,0
favorite quote article guys want dirt quiet t,0
named one silence breakers time magazine person year issue speaking sexual,0
men need hold men accountable timepoy,0
spider yes actual traumatic events otherwise can claim,0
thank terry,0
men need hold men accountable via,0
favorite quote article guys want dirt quiet t,0
co,0
wokoma m rting crews sexual harassment male problem males need talk,0
favorite quote article guys want dirt quiet t,0
much respect,0
shani agree mike jackson set paid people false accuse,0
falsely accused mj successful black american accused jealousy racism,0
shani sorry happened,0
focus much women contributors can cite comments men cared,0
know jesus false accused also said works devil etc da,0
hey terry tell truth false accuse know mike jackson wa,0
way wade believable actually followed case amp,0
hi metoorallynyc saturday dec front trump international hotel columbus c,0
,0
favorite quote article guys want dirt quiet t,0
please read appreciate voice,0
powerful article thanks bold faithful representative exposi,0
u know loves love,0
yes thank honesty guy boss american media ce wait david pecker pecker pals,0
yes thank honesty guy boss american media ce wait david pecker pecker pals,0
shares advice men timepoy,0
wokoma m rting crews sexual harassment male problem males need talk,0
one good one,0
good soon yi no,0
incredibly proud dealing awful thing ve every time,0
neese add colin kaepernick list metoo endrapeculture metoomvmt metoo,0
told ari emanuel dude m going adam venit want back gonna get dude never though,0
judge turn path,0
support,0
favorite quote article guys want dirt quiet t,0
soon yi says differently als,0
shares advice men timepoy,0
powerful article thanks bold faithful representative exposi,0
not name really make habit either ignoring maga,0
not going internalize shame goddamn love guy goals,0
watching wheresthemoney mikeepps terrycrews devonwerkheiser,0
favorite quote article guys want dirt quiet t,0
asked's consent putting photo tweet,0
will asterisk next names eternity,0
will asterisk next names eternity,0
favorite quote article guys want dirt quiet t,0
mr crews highly intelligent man m sure interested reading blog co,0
favorite quote article guys want dirt quiet t,0
told ari emanuel dude m going adam venit want back gonna get dude never though,0
shares advice men timepoy,0
terry,0
favorite quote article guys want dirt quiet t,0
men need hold men accountable timepoy,0
anyone make excuses turn blind eye monsters hurt kids also considered garbage hum,0
hi metoorallynyc saturday dec front trump international hotel columbus c,0
milano m excited amp happiness congrats dear tarana,0
hypocrite,0
can't see fact,0
proud not forget men abused well,0
shares advice men timepoy,0
words just powerful signature leap air honor speak,0
speaking sexual harassment standing ladies men best thing ever https,0
well s just like opinioooooooonnnnnnnnn,0
search mentors came across m looking forward can learn,0
played father nothing fact respect man industry ho,0
men need hold men accountable via,0
men need hold men accountable timepoy,0
shares advice men timepoy,0
fucking adore man period,0
favorite quote article guys want dirt quiet t,0
thank standing holding head abuser backers love someone,0
wokoma m rting crews sexual harassment male problem males need talk,0
soojung good broken world let women know weren't alone unde,0
coat son needs dat,0
dude,0
hey hogwarts house,0
fucking adore man period,0
favorite quote article guys want dirt quiet t,0
got electrolytes,0
voiced doomfist turn overwatch,0
yes terry,0
men need hold men accountable timepoy,0
rich,0
men need hold men accountable via,0
scully last summer woke trusted friend tugging top d drinking,0
words just powerful signature leap air honor speak,0
taking matters proper legal procedures will proper documentation happened,0
standing rapped harassed,0
re good man parents proud m proud don't even know god bless,0
inthe sky no one gets pass no one milano ht,0
favorite quote article guys want dirt quiet t,0
speaking sexual harassment standing ladies men best thing ever https,0
will asterisk next names eternity,0
thank courage raise voice giving strength many,0
favorite quote article guys want dirt quiet t,0
james marsden hit last night's gqmoty portrait studio,0
can't tell differe,0
speaking sexual harassment standing ladies men best thing ever https,0
thank reminding world sexual harassment abuse not just female issue mentoo,0
deceived,0
hi metoorallynyc saturday dec front trump international hotel columbus c,0
named one silence breakers time magazine person year issue speaking sexual,0
warning sexual assault goddamn hero,0
thank,0
favorite quote article guys want dirt quiet t,0
hi metoorallynyc saturday dec front trump international hotel columbus c,0
woah takes real guts take ari emanuel powerhouse agents used god o,0
hey mjfam m writing blog post medium weinstein targeting mj publishing soon d like noti,0
brother keep representing,0
crewscrew told wme chairman ari emanuel dude m going adam venit want back gonna get let,0
hi metoorallynyc saturday dec front trump international hotel columbus c,0
keep thinking handled sexually assaulted public hollywood party front people,0
ben roethlisberger future hof quarterback,0
thank,0
believe dylan farrow never liked trusted whiney little weirdo gonna say weas,0
can add r kelly list perverts,0
favorite quote article guys want dirt quiet t,0
favorite quote article guys want dirt quiet t,0
passionately explains sexual harassment lawsuit discipline hollywood htt,0
passionately explains sexual harassment lawsuit discipline hollywood htt,0
men need hold men accountable via,0
us congrats metoowhatnext,0
favorite quote article guys want dirt quiet t,0
men need hold men accountable timepoy,0
believe,0
every right judge ad,0
don't get wrong epic line right takes gold,0
resistance will never stop terry took control situation made wanted,0
favorite quote article guys want dirt quiet t,0
awesome aren't alone,0
proud thank courageous bringing light fan,0
honest loved since saw white chicks zeal life infectio,0
can't just let end cautionary tale not just spoken metoo,0
hero amp metoo rewatching draftday keep speaking crews no idea voice means thank,0
men need hold men accountable timepoy,0
crews president need idiocracy,0
re making anybody uncomfortable don't not hard,0
will asterisk next names eternity,0
thank speaking raped time years old family friend st,0
told wme chairman ari emanuel dude m going adam venit want back gonna get,0
james marsden hit last night's gqmoty portrait studio,0
soojung good broken world let women know weren't alone unde,0
soojung good broken world let women know weren't alone unde,0
favorite quote article guys want dirt quiet t,0
whole team behind terry,0
believe harvey's victims not woody's need address,0
soojung good broken world let women know weren't alone unde,0
thank inspiring many remember weak people powerful positions not,0
movies creeped knew ve refused see one since,0
thank sharing truth sexual assault survivor commend not hiding comin,0
soojung good broken world let women know weren't alone unde,0
favorite quote article guys want dirt quiet t,0
hero amp metoo rewatching draftday keep speaking crews no idea voice means,0
soojung good broken world let women know weren't alone unde,0
favorite quote article guys want dirt quiet t,0
personal experience charged hit just kinda laughed fact t,0
soojung good broken world let women know weren't alone unde,0
favorite quote article guys want dirt quiet t,0
told ari emanuel dude m going adam venit want back gonna get dude never though,0
men need hold men accountable via,0
favorite quote article guys want dirt quiet t,0
done lol,0
love women heavy lifting gender equality years time men t,0
favorite quote article guys want dirt quiet t,0
will asterisk next names eternity,0
favorite quote article guys want dirt quiet t,0
following fight inspiring admire strength,0
swear saw need watch confirm,0
ve crushed guy's head like sparrow egg bicep flex boo,0
seriously,0
men need hold men accountable via,0
right thing never wrong ll come better admire strength courage,0
will asterisk next names eternity,0
soojung good broken world let women know weren't alone unde,0
thanks leading example men support dads design path fathers men,0
favorite quote article guys want dirt quiet t,0
shares advice men timepoy,0
first quarter,0
favorite quote article guys want dirt quiet t,0
favorite quote article guys want dirt quiet t,0
re powerful voice us bless,0
men need hold men accountable timepoy,0
judging others poin,0
something doesn't add story sir,0
james marsden hit last night's gqmoty portrait studio,0
men need hold men accountable via,0
anyone doesn't think terry crews awesome thought best part idiocracy,0
must read,0
get girl m currently dealing retaliation keep victimizing vic,0
kat last comment said mike jackson set,0
don't doubt m sure ll try make,0
favorite quote article guys want dirt quiet t,0
favorite quote article guys want dirt quiet t,0
men need hold men accountable timepoy,0
hmm probably maddening silence woody allen interesting see,0
kat last comment said mike jackson set,0
love thank standing sexual violence harassment,0
favorite quote article guys want dirt quiet t,0
christmas hope buys spotify premium times ve baby panic attacks listenin yell bout old spice,0
favorite quote article guys want dirt quiet t,0
favorite quote article guys want dirt quiet t,0
exemplifies strength amp courage taking stand,0
men need hold men accountable timepoy,0
thank taking stand,0
favorite quote article guys want dirt quiet t,0
ff co ona,0
damn,0
speaking sexual harassment standing ladies men best thing ever https,0
yes,0
no one gets pass become new battle cry whenever someone tries defend shitty actions o,0
favorite quote article guys want dirt quiet t,0
no can t,0
just want know difficult angry holding adorable fluff ball,0
kat can see comments jeanette penguine comment,0
stand tall,0
suit every day battle,0
favorite quote article guys want dirt quiet t,0
yes ma,0
one thing genuinely love cultural moment joining together instance terry crews dyla,0
favorite quote article guys want dirt quiet t,0
soojung good broken world let women know weren't alone unde,0
thank giving incredible performance white chicks laughter best medicine,0
can see comments,0
thank seeking justice love ya even,0
believe refuse watch movies brave,0
favorite quote article guys want dirt quiet t,0
favorite quote article guys want dirt quiet t,0
favorite quote article guys want dirt quiet t,0
favorite quote article guys want dirt quiet t,0
not just courageous wife,0
sonic need extra protection debit card,0
actor suing agent claims groped privates hollywood party,0
yes beautiful team make,0
love filed speak experience great role model thank,0
speaking sexual harassment standing ladies men best thing ever https,0
love terry rebecca brave smart true please don't let ignorant disgusting,0
wish give hug read bedtime story,0
favorite quote article guys want dirt quiet t,0
terrycrews proof hollywood makes women big black men adamvenit,0
damn just like threw guys sandusky never mind trial,0
thanks standing showing boys men speak amp honorable,0
terrycrews proof hollywood makes women big black men adamvenit,0
ve following and's pattern silence maddening still represent schwahn d love kn,0
check jimmy saville rolf harris charity work hide behind,0
bravery metoo cause discuss role recent victim worth applauding ho,0
one thing m taking statement no one gets pass not single one metoo,0
no instead cruised long,0
favorite quote article guys want dirt quiet t,0
soon yi woody allen starte,0
sometimes get humanity remember exists amp strive like,0
wokoma m rting crews sexual harassment male problem males need talk,0
blasts hollywood's alleged sexual predators applauds brave victims continue come forward,0
treasure terry no one gets pass,0
appreciate stay true core values especially crisis moralcompass,0
speaking sexual harassment standing ladies men best thing ever https,0
favorite quote article guys want dirt quiet t,0
favorite quote article guys want dirt quiet t,0
favorite quote article guys want dirt quiet t,0
speaking sexual harassment standing ladies men best thing ever https,0
please read appreciate voice,0
wow true really messed,0
re hero m sorry ve go everything inspiration us,0
loved show hear loved sho,0
exactly sis brothers need support well,0
cause honest big guy shut whole place didn't act,0
favorite quote article guys want dirt quiet t,0
favorite quote article guys want dirt quiet t,0
thankyou,0
praying bro terry crews god bless,0
unthinking dolts like will argue physically strong people like crews cannot sexua,0
favorite quote article guys want dirt quiet t,0
keep thinking handled sexually assaulted public hollywood party front p,0
men need hold men accountable via,0
don't know guys now mike jackson go,0
two beautiful couple beyond just physical m talkin glow,0
must read,0
favorite quote article guys want dirt quiet t,0
ve never hesitated responding anyone tried pulled crap,0
pretty not put mike jackson guys mo,0
must watch,0
men need hold men accountable via,0
speaking sexual harassment standing ladies men best thing ever https,0
woman typically precursor although men get harassed stood counted,0
means public molestation advertised terry crews not much depth quote,0
think,0
m bring sick people,0
um broke man code certainly not talking bcs dude broke man code,0
russell can go fuck great love,0
think tuxedo jacket precisely matches wife's hair adorable much,0
