"2nd paragraph ALDUBThenNowForever","-1"
"5 more hours ha ha","-1"
"Adulthood Is A Myth","-1"
"Allergy Attack","-1"
"Another boring amp planless day","-1"
"Any replacement bus services available still waiting for my 7 15 Service to Brighton","-1"
"Aww get better Callie Baby","-1"
"Being Shadowbanned sucks","-1"
"Blessed for having her","-1"
"Bought fingerless gloves because I thought I was hip and cool now I just have cold fingers and I look a bit of a goth","-1"
"California wild fire is crazy Praying for the people amp animals who lost their homes","-1"
"Can t believe Russ let the Thunder lose again Melo 5 20 and PG didn t even play Melo really looking bad with them too","-1"
"Can t sleep amp I m hungry again","-1"
"Crasss chat sad ba","-1"
"Craving for carbonara can someone brought me some","-1"
"Craving secret cepatlaa balik babyy","-1"
"CuriosiTY I was sleep but now I m wide awake","-1"
"Dior Most disgusting picture I ve seen all day Poor little boy","-1"
"Disgusting how Amir Dennis and Jamie are bullying Iain because he s not a lads lad I just want to stick up for him","-1"
"Eye gadkari This is horrible Someone in emergency can actually die KherkiDaula","-1"
"Flight in the morning and I m still up","-1"
"Frost Course closed unlikely any play soon","-1"
"Fuck y all","-1"
"G Ishqbaaaz getting more amp more breaking amp scarier amp depressing DayByDay Painful2 Shivika s trauma amp adversities amp a b ful i","-1"
"Got LSS to The Mistakes I ve Made","-1"
"HELLO PLEASE HELP Our dog needs to have a blood transfusion but he doesn t have a donor yet he got blind recently an","-1"
"Happy happy birthday kirsteeen Stay kind amp pretty Take care amp God bless always Imysm Play soon","-1"
"Haven t started watching s vlogmas pasawaynabata","-1"
"Headache On Point Bed I Go","-1"
"Hehe full house nami","-1"
"How do you keep yourself from being sad about shit when you re alone","-1"
"How t f is it snowing down my block except my house","-1"
"I LOVE YOU","-1"
"I am weak","-1"
"I can accept failure but i can t accept not trying","-1"
"I can t believe I m missing the damn snow because I gotta work in the morning Bray would be loving it","-1"
"I can t sleep","-1"
"I cannot find my contact Shall i assume it fell out by itself or is it in the abyss of my eyeball FridayFeeling","-1"
"I cant believe it snowed for this long but it isn t sticking","-1"
"I don t know what I m going to do when I go home because I m going to miss all of my friends here","-1"
"I don t see any snow outside my house","-1"
"I dream find my friend best friend but I have the character of rubbish","-1"
"I feel so minging atm haha","-1"
"I feel so sick","-1"
"I have a youtube channel w over 60 000 views on it w 200 subs but its from 2012 and i cant remember the login","-1"
"I haven t seen my girlfriend in days and I m so depressed Love hurts","-1"
"I just realized I only have 1 Saturday off this month","-1"
"I just want love like movie style sweep me off my feet kind of love","-1"
"I know but im not supposed to","-1"
"I love you so much too my love","-1"
"I m in hella pain really wanna cry","-1"
"I m so hungry","-1"
"I m such a loser It wouldn t look cool","-1"
"I m trying to accept the fact I m going to be alone for a very long time and not gonna lie it s rough","-1"
"I miss certain people so much right now","-1"
"I miss my sister 89 FREETHEREALKEEPTHEREST","-1"
"I miss summer already I miss being waved every week","-1"
"I need tree","-1"
"I really wanna go to Disneyland","-1"
"I smell like him I m going to cry","-1"
"I think I should just give in and sleep yesterday just wasn t my day","-1"
"I think my mom believes that if she bought you clothes in 2012 You re still fine now","-1"
"I vaguely remember having a small rowan years ago don t know the name though","-1"
"I want a full body massage and some cuddle time rn","-1"
"I want cuddles","-1"
"I want someone to look at me like that","-1"
"I want this guy badly","-1"
"I want to get this tattoo","-1"
"I want to watch baejin and daehwi friends like before I miss them a lot DAEHWI Baejin","-1"
"I wanted to go over and play snowball fight","-1"
"I wish I miss you","-1"
"IT S SAD WHEN THE PERSON THAT GIVES YOU THE BEST MEMORIES NAHIMO NAPUD UG MEMORY","-1"
"Idk how I m going to be able to get out of bed later I m too cozy rn","-1"
"If y all touring together why the hell are you not at countdown","-1"
"In my thoughts TWIT8AL OwnTheTurf","-1"
"Indeed If only people gave her a little respect","-1"
"Is Draya okay in the head","-1"
"It s been a long day Time to get some sleep","-1"
"It s disappointing in Malaysia","-1"
"It s sad when people take advantage of my kindness","-1"
"It s snowing and my hubby is dead asleep and won t wake up to take some pics","-1"
"Jungkook ah stay strong my baby love you sm","-1"
"Might as well of done a fucking night shift last night seeming as I ve hardly slept","-1"
"Mok mcd","-1"
"More silent springs to come","-1"
"My curls aren t as curly before It s sad amp frustrating","-1"
"My muscles are so sore and weak","-1"
"My postman used to come after 12 but now I m getting woken up before 9 everyday for parcels","-1"
"My two loves","-1"
"Natural Selection was so close","-1"
"No game check this week got me on a budget","-1"
"Not really in a good mood Jerawat 5 parut 3","-1"
"Nothing worse than being poorly in bed but tommys at work","-1"
"OMG This Is True","-1"
"Oh baby","-1"
"Oh no I haven t missed it have I When is the last thisoldmarketing End of an era","-1"
"Ohno I haven t studied shit I deserve a pizza","-1"
"Or Can we at least have access to buy peanuts because people who live outside of Korea can t buy peanuts","-1"
"Oxford too but it s already stopped","-1"
"Periscope wish i had a real supporter","-1"
"Pray for O ahu God gained new angels North amp West side","-1"
"Praying for California amp anyone caught up in the terrible fires","-1"
"Presentation University of Brighton International College in Brighton","-1"
"Rennziee Lucky man","-1"
"Rituit","-1"
"RogueCat Shute Oh sorry on the next meet up you will be high on the list I","-1"
"Rolled over after 3 n been tryna get back sleep ever since but I so hungryyyy","-1"
"Roses are red Violets are blue Why did you leave me What did I do","-1"
"SNOW Nooooo Just started Looks like shed loads to come down Pls check on elderly vulnerable neighbours","-1"
"Sdua Give me Bitcoin naa that s my problem now","-1"
"Shet","-1"
"Should bring some books to kill the boredom","-1"
"Shut up","-1"
"Siot ah","-1"
"Sleeping without mans is the worst I need him to rub my back so I can fall back asleep","-1"
"Sleepy but I have to do my missing assignments","-1"
"Smelling all this weed around me makes me wanna smoke","-1"
"So sorry to hear man","-1"
"So that s the meaning why he doesn t post anything on Twitter WeLoveJungkook","-1"
"Some people are gonna leave their record labels they ain t happy Save this tweet It s rough yo","-1"
"Some people need to stop amp think about how their actions amp words can really fuck a person up","-1"
"Sooooooo true","-1"
"Sorry but I have to move on Leave you behind","-1"
"Sorry maan yaz Its bad what happened there hey","-1"
"Still can t sleep","-1"
"Sunday s my only day off","-1"
"That painful moment when you ask a girl for her number then she says i don t have a phone But you can see the earphones","-1"
"That s good you have backups Sorry to hear about you getting your laptop stolen","-1"
"TheOnlyPaula I want a full body massage and some cuddle time rn","-1"
"There s actually nothin worse than sleeping alone when ur so used to cuddles in bed am such a needy lil biatch","-1"
"There s always something","-1"
"This is heart breaking","-1"
"This is so unreal to me","-1"
"This made my stomach hurt I swear I m ready for war","-1"
"This time of the year makes you really wish you had a boo","-1"
"To the moon and back","-1"
"ToMuch Big mood","-1"
"Tomorrow is one of my best friends birthday","-1"
"Trying to find a time when u and all ur pals r free at the same time is a NIGHTMARE","-1"
"Unfortunately this is not unusual","-1"
"Ung procedure","-1"
"Update I m thirsty","-1"
"VenessaM Punctuation marks are honestly important I m so embarrassed guys","-1"
"Very pretty We awoke to no snow","-1"
"WHY ARE YOU COPYING YOURSELF GOSH HAGSHSGSHAHA CUTIE WeLoveJungkook twt","-1"
"Want","-1"
"Want some tacos","-1"
"Wany kat suntec what am i doing kt woodlands","-1"
"WeLoveJungkook This is so sad","-1"
"Welding contest is canceled for tomorrow citing a freeze tonight and driving conditions being unsafe","-1"
"What does it mean that you re in my dreams every night GoodNight","-1"
"What would I pay to stay here beside you","-1"
"When he breaks everything Retweet","-1"
"When you arrive late for an event just to find out that food has finished","-1"
"Where s mine","-1"
"Why there s no snow in dallas","-1"
"Why until now I still can not forget u","-1"
"Willing naman ako mag travel out of the country again kaso ang lungkot Seryoso I need a travel buddy","-1"
"Wish I ordered one","-1"
"Wow POS","-1"
"Yeah I suck at 2k","-1"
"Yeri is sick I m sad now","-1"
"You can really smell the burning in the air here in LA","-1"
"You never told me it was your birthday Happy birthday anyway hun","-1"
"You re in God s hands now man may you rest in peace","-1"
"Zol Imagine acting in one I d do it for the racks but I d never watch it ever","-1"
"a cute dumbass","-1"
"accurate but more like","-1"
"all good artists in the final but I preferred John s landscapeartistoftheyear 2017","-1"
"also quite ill","-1"
"am Anomeli I want to see","-1"
"andr23 My pillows and blanket better be in place","-1"
"awwwww but thankyouuu luv u","-1"
"be humane Naa re No going home this christmas workwoes sighs","-1"
"beyuhtriz loooves","-1"
"bighit I know i was a little late forgive me","-1"
"blech","-1"
"breaks my heart to imagine him alone and scared please share 2000 reward for his safe return no questions asked ht","-1"
"can someone fetch me after school","-1"
"can someone go out me i am so down","-1"
"cuddle szn has officially began","-1"
"danhauer super hurt that u friended maggie and not me i am the favorite how rude","-1"
"deenisse Why am I up","-1"
"dominic I miss you sm more","-1"
"dylanjohnstone Know that way you see something and your heart actual hurts","-1"
"feel sorry for Iain getting such a hard time in camp imaceleb","-1"
"feeling sick getwellsoonSUNJING","-1"
"gusto kong happy cup","-1"
"having you makes me feel like i m the luckiest person on earth","-1"
"i asked for my burrito fresco and it s most definitely full of cheese and sour cream","-1"
"i bet my ugly assh can t buy it","-1"
"i can barely breathe scared to go to sleep","-1"
"i just wanna sleep all day tomorrow","-1"
"i love how my family amp liz is being so supportive about whats going on righ now because they know this im goung through it so bad w this","-1"
"i miss being all into makeup","-1"
"i miss wearing my cic uniform","-1"
"i need a lie in","-1"
"i need you arislady","-1"
"i really wish i was back home amp enjoying this snow with my family","-1"
"i wanna buy a new palette","-1"
"i wanna lay up and watch christmas movies","-1"
"i want lomi","-1"
"im so inactive","-1"
"in pali damnit why are there no 24 7 sushi places","-1"
"it didn t win ANY awards that s mind blowing the art alone should ve nabbed them something","-1"
"it s been less than a day amp I miss my friends","-1"
"it s too expensive for me","-1"
"just disgusting","-1"
"jvmx How hard is it leaving ur bed in the mornings","-1"
"k971 DR is most decent a and respectful personality i think i am in him","-1"
"karlalpz Im so fucking tired of studying like my brain is fried","-1"
"like it ain t fair","-1"
"lmfao","-1"
"low Still waitin on someone takin me to the Edinburgh Christmas markets","-1"
"man that change of mood tho HDBDB he s so cute","-1"
"me against the world","-1"
"missing people you know you shouldn t miss sucks","-1"
"missing those automatic toilets in Asia 1 MORE DAY TIL AIN T THAT WHY DROPS Warren Manegan","-1"
"my nose keeps running","-1"
"n1ck Same asf","-1"
"nicolexxama na aaprove na still not satisfied inyo","-1"
"no one answered my call they don t love me","-1"
"oof i need new glasses i can t keep wearing contacts all the time especially when i m pulling those all nighters","-1"
"pls stop destroying ur hair guys","-1"
"she knows ALL the words i mean EVERY SINGLE WORD to dirt road anthem amp it leaves me shook EVERY TIME lmao","-1"
"sir i didn t get any details esp my booking no after i finished my payment pls help me","-1"
"t Very sad to hear that Do you have any idea why Something bothering you","-1"
"teffanyy I miss summer","-1"
"teh accept the fact that truth hurts","-1"
"the official lightstick doesn t seem like it would be really bright since there s not a lot of space for the light to shine","-1"
"the person sitting beside me has her earphones on but rinig na rinig ko gurl 200 ata volume nito grr","-1"
"theGAMEGODDESS damn he couldnt even b a lil hood uber for you","-1"
"today marks 9 years w out you i miss you more everyday i ve accepted the fact that ur in Gods hands but my hear","-1"
"too calm","-1"
"trying out the new pencils I already regret getting the small pack and I really should have waited for daylight instead","-1"
"what a real mood changer","-1"
"when you re typing on your keyboards you are typing into a person s heart","-1"
"who s letting them look this cute","-1"
"why did I even text back or even answered the phone I will not go back to what hurt me","-1"
"wow rip August Ames","-1"
"yaaaay i m the one who cooked for my lunch bcoz if i didn t who else will","-1"
"zele Spectranet","-1"
"33 You left me on read","-2"
"A no earphones day","-2"
"Astaga","-2"
"Aw I wish I had an older brother","-2"
"Awww it ended","-2"
"But I have no friends to tag","-2"
"Cedrick Diggory","-2"
"Day 137 yesterday cycle to station walk all round bloody London cycle home Day 138 still in bloody bed","-2"
"Don t bully the echo players","-2"
"Dreams sure can tell you yet","-2"
"Dude I had the biggest crush on him and I remember being the only one because no one else did I love him lmao","-2"
"Exam day namo to tor lagiii more jesus to come","-2"
"Feels bad we wont be getting the movie in cinemas in Serbia","-2"
"GANGAM STYLE 5 let Cozeee","-2"
"Gaming is such an expensive hobby","-2"
"Give them half an inch amp they will resurrect the final solution for disabled people It s been nice knowing you","-2"
"Haduhhh","-2"
"Hays","-2"
"He s always like that to me very very rude","-2"
"Help No what link do I use","-2"
"Hi Anil That s not the experience we want you to have We will call you right away Neha","-2"
"I can relate it was a really tiring week","-2"
"I d like to be super bibo and apply to every lab and school outside I desire just to Take A Chance but yeah money","-2"
"I didn t take any at all","-2"
"I got 2 shots earlier and now my arm is so sore","-2"
"I have tickets for the LA show but might not go because no ride","-2"
"I havent faced this type of happiness in too long","-2"
"I hope everything is ok","-2"
"I know gonna miss u tons tonight love you angel thank you","-2"
"I ll wait for the subs im still watching bong soon","-2"
"I love them so much","-2"
"I love you so much more","-2"
"I m crying but do they have an next new world tour for 2018 i really want to see them again so bad","-2"
"I m missing JK amp Jimin s live cos I m out","-2"
"I m really sad that my paycheck is going to nothing but bills like why my momma hate me amp gotta charge me rent","-2"
"I miss doing retweet for a DM I need to do it again it s been awhile","-2"
"I really miss yoongi s old vlogs also his smile at the end is so precious","-2"
"I took my baby boy to the vet today and look how he was the whole time","-2"
"It s frightening It s a parallel world now","-2"
"JINYOUNG LOOKS SO BF I M","-2"
"Jimin yell at yoongi yoongi why why are u mad at me cute","-2"
"Mailbox Ok sorry","-2"
"Missing my babe","-2"
"Mom isn t fond of jap food so she s just watching me eat like a pig in Katsu Sora HAHAHAHAH SORRY MOMMY","-2"
"Morning to the last day of Harry s 2017 show","-2"
"My phone s busted but found this on my tablet xD was a good summer haha thatshowiride","-2"
"My throat hurts","-2"
"New lifestyle won out","-2"
"No sausage rolls","-2"
"Oh so cynical","-2"
"One day it s here and then it s gone","-2"
"Right I don t want to hate on any of their faves or their fandom but sometimes they give me no choice","-2"
"SOPA Leavers I really miss seeing him in his uniform and I wonder if he ll plan to go university in the next few ye","-2"
"Sabar ya i feel you","-2"
"Salamat goodluck next week diiiin","-2"
"Snow is so pretty omg","-2"
"Stupid friggin autocorrect Well That one s ruined","-2"
"THEY","-2"
"Thank you bro for your kind words No I didn t I had things going on at the time unfortunately","-2"
"That makes me so sad","-2"
"That quality of the picture though","-2"
"The one downside Although I do find flipping thru hard books to actually be less awkward than scroll","-2"
"The way they laugh smile and stare at each other shut up they re so cute","-2"
"This is so cute and pure","-2"
"This tweet alone greatly bothers me gt","-2"
"This was right after jimin s birthday","-2"
"Throat is sooo sore","-2"
"TweetLikeAGirl every time I go to the bailes all the ugly guys ask me to dance","-2"
"Very well said Sheer tragedy","-2"
"We don t have a Rite Aid","-2"
"We ll miss u uNik","-2"
"What a I supposed to do when the best part of me was alway you","-2"
"What s your favorite smell creme brulee by the gourmet collection","-2"
"Why did they have to kill all star by smash mouth in the rewind","-2"
"Why r they doing live when im out","-2"
"Yeah ahah Expensive as though","-2"
"Yeah but that hotel","-2"
"YukkuriUpdate NCTzen tote bag Straps oursmrookies shipped my parcel to the wrong place They ll send i","-2"
"Z and i didnt even get a wish from him","-2"
"all I can see rn is all about the winter album omg please feed my wallet","-2"
"ammo You poor thing it seems like such an alien thing to me I guess it s more an America","-2"
"amyjojohnson Pink Ranger not included","-2"
"apparently we distract others but we don t","-2"
"apparently yerim is sick get well soon baby stay warm","-2"
"b That s disappointing to hear Jane sorry KS","-2"
"baby i love so much","-2"
"bosen","-2"
"can i just send dog videos to someone","-2"
"can t be happy about the cold weather bc stray cats amp dogs","-2"
"can t pick up new or drop old armor BreathoftheWild NintendoSwitch","-2"
"contingencies have to be put in place plus she s with this guy now","-2"
"craving for koi","-2"
"fms Good taste but unhealthy","-2"
"frowns","-2"
"gatgo shipeo pd101 burn it up sungwoon","-2"
"gemes","-2"
"haii this is why i have weak heart","-2"
"hate it when Bryan has to go","-2"
"he just threw up a bunch of cheese and handed it over to jun already","-2"
"hi I m sad again Im a wreck","-2"
"hi i m sad as fuck because mel is leaving me","-2"
"i did","-2"
"i didnt get army 4th photocard today because there were too many people i ll go get it on 10th hehe","-2"
"i dm you bc if i post the link here it doesnt work","-2"
"i have no friend","-2"
"i lost my old knife","-2"
"i m actually very sad rn just wanna smoke a fat ass wood and gts","-2"
"i m really sad over ki even tho i saw mx in dallas i never got to meet them or kihyun and i probably never will","-2"
"i miss my kras","-2"
"i miss sleeping with my boyfriend Right about now id be waking up and find my way to cuddle back with him cus of his body heat","-2"
"i miss them","-2"
"i probably wont go to bts concert next year","-2"
"i should stop myself from online shopping","-2"
"i think all twitterati has slept nice RIP u all","-2"
"i wanna be ur home ur escape amp the place u feel safe in","-2"
"i want another tattttt","-2"
"i want those pics","-2"
"i want to meet katy so bad","-2"
"i wish i had the guts to ask a guy i really like out but i have the biggest fear of rejection","-2"
"i work in 3 hours and i can t sleep","-2"
"im in religion rightnow and i cant eeally watch buu they look so cute","-2"
"in i hate u i love u by gnash i can literally relate to every single word","-2"
"jessiiee Thank you but he isn t ever going to see this","-2"
"jimin amp jungkook are so cute","-2"
"jimin and jungkook look so handsome in the vlive","-2"
"jimin s laugh","-2"
"jimin so pretty my baby","-2"
"jimin speaks so softly","-2"
"luckily I got exol friend irl sis terharu","-2"
"malec yaar this urgh","-2"
"o rap da one direction","-2"
"oh they just say that physical sales is just 5 but it s not true","-2"
"oh what why","-2"
"omg thats so late all the best","-2"
"ooc i almost broke character when u didnt want to play the damn song","-2"
"pls he s adorable","-2"
"pretty89 I miss the summer TB L RT my beach ass lt 3 sun bikini ass love potd sexy blondie rt cumtribute cumsho","-2"
"rt if you re not ready to say goodbye to the wings trilogy","-2"
"sadly not suitable for those with acne prone skin really liking lotion based makeup removers now","-2"
"seeing all these tweets of people at wings tour final dates is making me emo bc I still haven t seen bts","-2"
"seeing everyones reactions to snow makes me so happy","-2"
"seokjin HE JUST TOO HAPPY TO SEE FOODS what a baby","-2"
"seventeen s love and kindness is never ending there s nothing that compares to how much they love us","-2"
"shut up jimin looks hot","-2"
"sobs and clings to you because ive missed you busy as heck but much better now that im talking to my babera","-2"
"still am gonna watch it later","-2"
"thank u i needed this","-2"
"that is not a very good attitude to have about life my friend gt","-2"
"there s something seriously wrong with my hamsters eye my poor baby","-2"
"they look so good","-2"
"they re talking about jeongguk s moles","-2"
"throat too yup def getting sick and def crying rn","-2"
"vtaetae I m really curious back then WHY JUNGKOOK IS INACTIVE IN SOCIAL MEDIA and this explains why PLEASE TAKE TIME TO READ","-2"
"waiting for my plot twist","-2"
"weeb is so disappointed in himself for snapping at Han","-2"
"when taehyung pretends that he s crying after being hit by jin in bst and calls army i feel like a mom","-2"
"when you get busy for an hour then you return to find your night time rp buddy asleep FML I ve got no one to r","-2"
"why can t we see more of this","-2"
"why did jungkook lose the cheeks he gained back again his jaw is even sharper than the photo he s holding","-2"
"why do you produce Tassimo Vivy2 without an power switch So useless and return to sender","-2"
"y all i have actual tears look how happy and comfortable b is in chanyeol s arms","-2"
"yes baby","-2"
"youngjae dancing to the shark song he s so cute","-2"
"171208 irene redvelvet please take care not to catch a cold smallest person in the whole entire worl","-3"
"1er Day con mi baby largo","-3"
"2 years ago today I got to give the biggest hug ever to this angel and I ll always be grateful for it Dec 7th triggers me htt","-3"
"4 LIFE IM SAD CAUSE WINGS TOUR IS ENDING ANDBIBDIDNT EVEN EXPERIENCED IT","-3"
"88 Today s epi was great but can t see SSO in tears you were brilliant how much ever I praise you is","-3"
"Ahh Joe stay Blessed","-3"
"Am always hungry and tired kanjan","-3"
"Away with the fam to Lapland today Buzzing for it but going to miss like fuck only away for 4 days","-3"
"Baby D getting up for work soon they be having my stank up early my poor baby","-3"
"Because I love Niall so muuuuch and I cant afford to buy tickets please let me have one","-3"
"But why is it just for Instagram","-3"
"Buttercup Cake it s not that firm but thank you","-3"
"Cabello makeup OMG QUEEN I m so happy I finally met you thank u for being so sweet to me","-3"
"Can someone take me to s Block party next weekend it s even on my birthday","-3"
"Cant come bcs im not from korea","-3"
"Cresta is no longer showing Justice League Andikhubeke","-3"
"Don t ever let anyone ever tell you what u can and can t do","-3"
"Eunice stop","-3"
"Even tho we say They in a better place That shit still hurt","-3"
"Fact Not a single federal law protects animals during their lives on factory farms","-3"
"Fam I finally got an RT deal it s an Army bomb Help a broke Army jebal Please RT and LIKE this I ll do RT x Rt and","-3"
"Files and shit","-3"
"Gimme one I want to know the feeling of getting menfess Then go dating","-3"
"Hate the fact I m so distant with so many people these days but everything happens for a reason x","-3"
"Have fun k army","-3"
"I cannot get over this pharmacy name Imagine having a pregnancy scare and and the only play open to buy a PT is from Prognocy pharmacy","-3"
"I m so disappointed with the new Jurassic World trailer","-3"
"I m so far behind I m doing next year and my pile doesn t even include many 2017 games","-3"
"I m so gay pa rin talaga for Nadine bimb","-3"
"I want to get a snake so badly but i cant get oneeeeeeeeeee","-3"
"I want to go to Switzerland someday","-3"
"If only Dr Selebano showed this humility from the beginning Going to court to avoid testifying left a bitter taste LifeEsidimeni","-3"
"Insomnia","-3"
"Ironically you made sense but logically","-3"
"It WOULD snow literally 2 days after I leave Texas","-3"
"It s just A WEEK since that sorrowful day at Hongkong Always remember there will always be after the","-3"
"It was hard for me to write this melaniemartinezisntoverparty timethyhiller MelanieMartinezIsOverParty","-3"
"Its just another day but this one is the best of the year Happy Birthday my sweetheart","-3"
"Jerusalem is the capital of israel This is the most miserable news at the end of 2017","-3"
"Join the club","-3"
"Jokes Sad Truth","-3"
"JunaidJamshed miss you bro watch video","-3"
"Kay WHO DID THIS amp HOW U DARE","-3"
"L B Ltd Gutted we are going to miss Wardy at this event if only it was in London","-3"
"Last year lost MondliCele to a car accident last night again they lost a 20 year old to a car accident RIP","-3"
"Less talk less mistake","-3"
"LifeEsidimeni so heavy","-3"
"Liiieeeees I always go there and find that yal fiends finished stock","-3"
"LizSwarts Missed it","-3"
"Lmfao deadass even beiber sef amp no deadass niggas getting old","-3"
"Looking forward to it lads likelyhood of it being on though","-3"
"Man s better quit playing","-3"
"Miss you to","-3"
"My 5 Hrs Art Hope it Reach U God It s Dedicated to rt God Miss U","-3"
"My mom told me she heard our neighbor throwing rocks at my babies Ang ingay kasi ni Lady Bu","-3"
"My princess is down with a fever and it hurts me to see her like this","-3"
"Omg I cry where it say omg","-3"
"One of my Grandma s patients lives very poorly lost both is legs amp has only one hand he s trying to make a little bit","-3"
"Owwww sooo sorrrryyyy","-3"
"PUMA 4 YO BOY NHR KILL 12 8 LINED UP ALREADY LOOKS JUST LIKE OTHERS ALL GONE NOW SAME TERRIFIED SAD FORLORN FACE PLE","-3"
"Please help a broke Army get BTS lomo cards Retweet and Like jebal I ll do rtxrt and likexlike BangtanGAs Rtdeals","-3"
"Pretty Ciacia","-3"
"Princess","-3"
"Proud of you wecrytogether I wasnt sure if i was going to upload","-3"
"Really wish the best to the fans who ll be protesting and going ahead with the charges to protect EXO it s really real","-3"
"Renz Me too","-3"
"Retweet if you agree that Pitso Mosimane is a champion in the meme game","-3"
"Rip beautiful young soldier","-3"
"So it s official Milz is a graduate Lord You are worthy to be praised 07 12 2017","-3"
"Switching to data ain t helping orz I guess I alrdy ran out of data time to contact dad","-3"
"THIS IS SO SAD","-3"
"Thank you g","-3"
"The new twitter rules aren t playing y all My account s been locked all morning Finally back","-3"
"The only thing I want in life","-3"
"The way i get emotional when am watching a sad part of a movie i always end up tearing then i remember oh well it s just a movie","-3"
"Then u leave 15mins after u arrival cleared aiidy","-3"
"This all came out before the election amp he still won It gives me little hope for the results in Alabama","-3"
"This finally dawned upon me I m always proud of Bam but this this just makes my heart swell so so much","-3"
"This is so fucking sad warning these pics are graphic RIP to all the horses","-3"
"This made me so sad","-3"
"Throwback Kwesta Ngud Count your blessing so much talent in Satafrika","-3"
"Ving Rhames character in Saving God movie","-3"
"When international break my heart beat rate slows down","-3"
"Who will do a thread of ladies with small brezz or ass They matter too huh","-3"
"Why I m crying When listen real friends","-3"
"Why Why Why Ni Yenza Soh","-3"
"Without Deepika s films Bollywood is really boring Without Deepika s news Twitter is also boring","-3"
"Work and December Don t time to tweet these days","-3"
"Ya Rabbi please save and protect our Baitul Maqdis","-3"
"Yeah dude","-3"
"You sat with her for 1hr quiet But when she leaves ya mind will start reminding u d pick up line u would hav used Rt i","-3"
"aaay Why Am I still awake I have to be up super early tomorrow","-3"
"drea And that was my north face too","-3"
"ede Happy Monday amp Lovely week dear friends Sorry for late reply Twitter problems","-3"
"get well soon ivy","-3"
"give the him what he wants","-3"
"good old day","-3"
"i hate the fact I couldn t find the lizard I just wanted to scoop it back outside Like i dont like the idea of","-3"
"jhyun I was shocked and happy It s so cute thank you very much","-3"
"lc old lady","-3"
"let s pray for the safety of Baitulmaqdis and our Muslims siblings there","-3"
"liberal arts My tummy hurts stem Give your tummy the phone lib ok Here it is stem Hey Ima need you to quit hurtin","-3"
"m I keep putting walls up and pushing away people who might actually care","-3"
"me since last month","-3"
"mhE EndSARS is no longer trending See as small visit distracted us all They won again","-3"
"mochi93 They are doing a Vlive right now Look how cute they are WeLoveJungkook JK JM","-3"
"my heart","-3"
"omg the poor babies and a very brave man RT If you havent seen it Here is Leo Tapia risking hi","-3"
"on mommies","-3"
"ong niel recover fast","-3"
"paco Very misleading","-3"
"please could you kindly RT this poster so we can get this lovely Chihuahua home She may have been stolen https","-3"
"soft and powerful looking all at once","-3"
"that s true","-3"
"the wildfire in LA doesn t even look real it s so bad praying for everyone near it","-3"
"there s nothing as sad as when vinny left the shore house in season 5","-3"
"things k armys do just to attend the concert while i m here spending coins on vlive to watch the concert sad huh","-3"
"twt I need this now here it s nice","-3"
"wow thats cold out there bet we dont get snow tho","-3"
"wyneeee i love this","-3"
"xhk EnginAkyurek want to see your backstage pics of new project plzzzz put fullstop on this unbearble wait ht","-3"
"1 5 lets get that number 5 to 1 what an amazing work of art do happy","1"
"3 00am and your super horny but your man isn t around wyd Xvideos","1"
"A good friend is like a four leaf clover hard to find and lucky to have","1"
"A perfect Friday","1"
"Aaww thanks Kate","1"
"Aawwee it s nice seeing yall people happy wellll NAGKAHIUSA ANG MGA SENIOR HIGH STUDENTS YEY sml CIC","1"
"AsukaWednesday best grill day","1"
"At this point I don t even care I m just going with the flow Whatever happens happens","1"
"Aunty please positive energy ONLY from this moment","1"
"Beautiful babies","1"
"Booked the room for our little Disney getaway after finals next week","1"
"Boring stuff good","1"
"Congratsss","1"
"Congratulations Super happy for you","1"
"Count down 13 days","1"
"Daniel Caesar has me entirely in my feelings at 2 54am","1"
"Definitely on the nice list","1"
"Did you order some nendoroids for Christmas nendochristmas nendoroid US GUMA melytan https","1"
"Eating dessert with Toronto SONE at our meet up and this comes on the screen How perfect","1"
"Entered on Instagram too","1"
"Everyday needs a fairy bread day This wooden fairy bread jigsaw has been a best seller from","1"
"Exam at 8 30 nap by 9 30 10 at the absolute latest","1"
"Fans sent a huge bouquet flower to Jeong Sewoon to congratulate him on his 100 days since debut","1"
"Forever forever yo Nice skirt hahaha","1"
"Fortnite duos and 50v50s with an old friend maybe ToxicTamsin will come play fortnite battle","1"
"Fot the very first time someone choose me as one of the ninongs to their baby","1"
"Friday mood uliweza Mbaya sana Lots of fun yesterday at the PMVA2017 yesternight Congrats to all the","1"
"Game Day SussalaLadiesCup Futsal SouthLondon","1"
"Gladly","1"
"Good morning","1"
"Good morning Twitterworld Lovely new day for all","1"
"Grilled cheese amp tomatoe soup a movie TulipFever","1"
"Guys my heart Cutest thing I ve seen in a long while It s okay we ll talk about how musica","1"
"Hahaha that s a fun way to put it","1"
"Hanbin s backview good to use as a wallpaper iKON BI HANBIN","1"
"Happy 7th","1"
"Happy Belated Birthdayy","1"
"Happy Birthday JV","1"
"Happy Birthday yl mjnoona","1"
"He just lay on me any kind of way just so i know he s there","1"
"Hi Jack Please contact our colleagues over on and they ll be able to help","1"
"Hope all is well","1"
"How are you guys","1"
"I feel amazing sweety I feel blessed I am blessed","1"
"I just won a ticket to countdown its about to be litttttt","1"
"I know right that was an epic night and remember how cheap tickets were that time And those lightsticks I just gave awa","1"
"I ll make sure to check out everyone s blogs and social media over the weekend I love finding new blogs so thanks for commenting","1"
"I love you too bebegim benim","1"
"I m not a 1D fan however he was happy to have a picture and looked as if he was having fun all night","1"
"I m so lovable over here literally everyone just loves me at first sight","1"
"I miss our late night conversation randoms talks and everythings","1"
"I want Head","1"
"I when stripper church comes into work with goodies n wisdom","1"
"If Chelsea draw Besiktas in the UCL next round I will give 10 to every retweet","1"
"If I can buy EXO winteralbum this time it will be my first album of EXO after 5 years stanning them Electric Kiss","1"
"In one night I called an escort male i was so horny and craving for a blowjob a few minutes later the escort appea","1"
"Iran are you happy","1"
"It s gonna be fine","1"
"It s our pleasure","1"
"It s waaakye Friday Let s stop corruption Let s build a better nation together GhanaSaysNo Otoo","1"
"Javi Haha You can go with Cobos","1"
"Jo I m so glad we finally met in person Keep up the great work","1"
"Judy Part 2","1"
"Just want to watch Christmas movies","1"
"Kartikeyan Anaithm En Annan Kartikeyan Kaahavea So tnx solla vendam","1"
"Let s link","1"
"Like ko this Both fresh na fresh 7thALDENniversary","1"
"Lol it s just a joke love","1"
"Love Weekend it s always so nice Let your weekend be wonderful Lots of smiles and good mood","1"
"Mama told me not to waste my life she said spread your wings my little butterfly Wings it s so beautiful","1"
"Merry Christmas to meeeeee","1"
"Mince Pies With A Nice Cup Of Coffee","1"
"Money babiessssss some of the best things in lifeeee","1"
"Morning","1"
"Morning Sweetness Hope All Is Well","1"
"My fav part of the day Love when he licks me","1"
"My mom amp dad are both sagittarius amp made a lil ole cancer","1"
"Nice Guy","1"
"Not sure about the logistics of that gift but it s your gift your problem","1"
"Of course I found a radio station in New Zealand radio newzealand","1"
"Oh Yeahhhhhh","1"
"Oh feel good","1"
"Our VelaikkaranMotionPoster reached 1Million views now Thank you everyone for the love amp support","1"
"Part 1 Huhh ngantok Part 2 Sleep with smile","1"
"QueenOfLocs parked car conversations","1"
"Removing your makeup after a long day best feeling evaaaa marinepoweredmakeup tarteskin","1"
"Samuel s Candy now","1"
"So do I thank you Ana","1"
"TRANS 171204 Bona s Instagram It s winterrrr yay yay It s winterrr StarshipPlanet TeaserIsOut WJSN First Planet","1"
"Thank you","1"
"Thank you Darrenatics UAE","1"
"Thank you kindly Caleb You re sweet for saying thinking so","1"
"Thank you so much","1"
"Thanks Alex","1"
"Thanks Keebu","1"
"Thanks for helping me get through the year can t wait to hear new music","1"
"The girls are ALRIGHT AllWhiteSendOff","1"
"The most excited feeling is when you took pictures for someone and then they used it somewhere Feels appreciated","1"
"TheeranAdhigaaramOndru successfully entering 4th week We thank you everyone who has supported us","1"
"This is what I d be doin at the beach","1"
"UAE Happy 7th Anniversary in Showbiz We Love You from your TEAM UAE Family 7thALDENniversary RG","1"
"UAE Just keep doing you Mahal ka namin Alden s IGS 7thALDENniversary RG","1"
"VERY excited this morning for the visual material at the and A s Blythe House collections And then it s back","1"
"Watch this make me feel so warm","1"
"We are not a TEAM because we work together We are a team because we RESPECT TRUST amp care for each other","1"
"We have the best bond me and him","1"
"Why thank you I quite like it too Was the best photo from my trip last week","1"
"Yay thanks po","1"
"Yes I ve enjoyed playing a few of them","1"
"Yess babe","1"
"You got steak right Never chicken at a steak house","1"
"You is my virtual girlfriend my wife and my all Mamasita te quiero","1"
"You re too kind Thank you as always Corey","1"
"You re welcome","1"
"You so welcome shawty","1"
"Your girl is talented just putting that out there","1"
"ad Make sure you download the DMV app before HOT995JingleBall You never know if you could get upgraded https","1"
"alwaysgutom YIEEEE thank youuu","1"
"amarillo Thank you po","1"
"break my back amp have my back","1"
"can anyone recommend me another good webtoon","1"
"chyoma Please I have these black shoes for sale Available in size 37 41 N7000 Send a DM if you re interested Please retweet","1"
"day6 sounded looked so good the fanchants were good too life s good sungjin sounds kinda sick tho hope he takes care of his throat","1"
"first week of setting up the studio and we ve already made so much progress","1"
"goodnight to only","1"
"happyyy","1"
"i dont know why im so happy tonight","1"
"i just wanna cuddle my stitch will have to do cause i don t trust people anymore so goodnight","1"
"icph Thank you for all the support and love Much appreciated","1"
"im so happy from happiness dvd released yesterday winter album details today amp my finals ends tomorrow","1"
"it ll end on the 22 to celebrate EXO s winter album","1"
"its sarahbelle my Costello magazine got here tonight","1"
"joey Mr Faulkerson IG story Get well soon 7thALDENniversary ALDUBThenNowForever ctto","1"
"letsgo Thank you","1"
"mas boy then now","1"
"mina69 OMG that s so fucking hot i can t even I wow","1"
"nossa Done","1"
"riissyy So happy I got to experience this","1"
"rlly excited for ugly Christmas sweater day tmmrow my sweater fucking awesome","1"
"rt for an account rate mutuals non mutuals lf new mutuals i ll try and do all unless i get lazy i m sor","1"
"rude ash Lmao that s the cutest thing ever thank you made my day","1"
"sadau PANEL DISCUSSION on my big day Unforgettable birthday celebration ever 7Dec","1"
"saving march 4 amp 5","1"
"sh Guiding the baby","1"
"shitt shaikh Stay blessed Afreen","1"
"soonyoung amp wonwoo today cr Juni Juli","1"
"stylist RichieFromToday wishing my team all every best Richie styling nataraj https","1"
"sun kissed during exam","1"
"thanks","1"
"thanks for caring abt me u dumb idiot","1"
"the prettiest girl in the world You make my days so so so bright and you are my lil angel and my honeybun","1"
"twt Namjoon ahh I love you haha","1"
"xxbrc Y all know me too well","1"
"11 will you be kind to me","2"
"16 days and a few hours left in the clock until Christmas","2"
"17 Thank you to all those who came to our 17 con today After two long months we finally get a day off","2"
"3 sets of small wooden spoons made from olive wood for spices or bath salts Which set do you prefer","2"
"AK rocking in the new hair do Can t wait for the filming to begin Viswasam","2"
"ARMY Painting art of by 99 art","2"
"All the very best","2"
"Am so looking forwards to reading Together for Christmas over the weekend thanks for an absolute bargain amp can","2"
"Appreciate your recent retweets Have a great Friday","2"
"BBCWorldNews following all the twists amp turns and keeping you up to date wherever you are","2"
"BP it is here","2"
"BTW Congratulations on the TWITCH PARTNERSHIP You guys truly deserve it Here s to your next chapt","2"
"Barry Allen was the best thing in justice league Also Sherman s cgi ed mouth","2"
"Be happy","2"
"Be strong","2"
"Buying a mining machine using btc payments will be cheaper and faster also keep it safe bitcoin mining machine","2"
"Christmasy","2"
"Coming back to the RACE","2"
"Currently mad","2"
"Ditto Bit if a wacky day out there as some folks get used to the white stuff","2"
"Don t forget to check out our whitepaper if you want to know more about the specifics of the project","2"
"Don t forget to like our Facebook page and subscribe to our Reddit","2"
"Elena Ilinykh about and Champions of our hearts","2"
"GP Thank you for the kind words","2"
"Getting lots of texts and calls For those unsure we are still open today TheColdNeverBotheredMeAnyway Happy Snow Day","2"
"H There Kindly make request to update company name via eform and you will be u","2"
"Haha Can you imagine","2"
"Hahaha if you want a plot get an allotment I love that","2"
"Happy Birthday Selena","2"
"Happy fiesta dasma","2"
"Happy to have you in my community insight by","2"
"Have a good time","2"
"Hey thanks for being top High Value Members of last week have a great day","2"
"Hi A lovely simple video application Thanks so much We will be in touch very soon","2"
"Hi Kerri thanks for getting in touch Can you confirm if this is for an upgrade or a brand new order please JT","2"
"Hi Mike we ve got your back JD","2"
"Hi mate i took these pictures yesterday evening down at Gosford Waterfront","2"
"Hi this is a fanpage for choi minki please retweet to help us","2"
"How much are you selling for though","2"
"I accept my past it s made me who I am","2"
"I just know it s a Brazilian Documentary but i don t understand what is this but yeah","2"
"I just recently went back to have a recap of all the films to get ready for episode 8 watched","2"
"I still have 7 DM S of louis","2"
"I think we care to much what people thinks about us and we shouldn t","2"
"If you enjoyed the night then it was worth it","2"
"Introducing our Bounty program Check it out to see how you can participate","2"
"Invite Your Friends amp RT","2"
"IslesApp Oooft plenty of snow there for sure where s the snowman could you do one in the shape of a Deer lol","2"
"It felt good to be out tonight","2"
"Jr It s been less than 10 working days since you made both orders we ll track them after that to let you know where you order is","2"
"Lauren Kay Follow Retweet and Like","2"
"Love the large Leaf Earrings Especially with darker hair it stands out beautifully Hawaii","2"
"MERRY CHRISTMAS EVERYONE I hope youre all having a great day It will be more comfortable than mine as I have sa","2"
"MayWard News Anchors of the night Vcto BENCHParty withMAYWARD","2"
"Mayward Editing coz I super Love this photo MAYWARDat NaicTownFiesta","2"
"Me 110 couldn t relate to something else more than I do with this","2"
"MelBurchPhotos Very impressed Mel December isn t usually a month for drinking lots of water bodyisatemple JS","2"
"Morning Jazz I have a day off today","2"
"My cock ofc","2"
"Next week the StartupBreakfast takes place in our brand new office If you don t have a ticket yet get one We re l","2"
"Next year nalang I do not want to write stories for kids anymore At least not right now","2"
"NieR Automata got a second place Thank you","2"
"November Giveaway has started my friends Hope i can make you an amazing new years present This comes straight from winnin","2"
"Of course Drop us a DM and we can discuss this with you Stacey","2"
"P A D M A N PAD MAN It s that simple Coming to you this Republic Day 26 01 18","2"
"Please get along well","2"
"RHS Check out our Christmas tree at Waterloo Station bringing festive joy to rail travellers Thanks to for the photo","2"
"RT and LIKE for a FOLLOW and DM WHERE MY ACTIVES AT GO GO GO","2"
"Repetitive","2"
"SNOW DAY","2"
"Scott00 No its a way to call out the racism and double standards of the left","2"
"Share the love High Value Members of this week","2"
"Share the love High Value Members of this week Ible","2"
"Stats for the day have arrived 1 new follower and NO unfollowers via","2"
"Steve Yo this is great You usually stream during my work hours so far so I won t always be there but I","2"
"Streaming this weekend and 1 more giveaway of EscapeFromTarkov Going live around 14 15 00 gmt 1 twitch","2"
"Thank you Awais for following me","2"
"Thank you Well be sure to have this addressed for you Have a great day further","2"
"Thank you so much for sharing Glad to see the dialogue finding its way around the web","2"
"Thanks","2"
"Thanks Daisy","2"
"Thanks Taf for being High Value Members this week Much appreciated","2"
"Thanks mike","2"
"The dreaded cucumber","2"
"The more active one is protect com Send it there instead","2"
"Three Days to Go Author wishes to meet her Readers this Sunday at Title Waves Book Store in Bandra Mumbai Meet the cha","2"
"TrainsEC It was served with wonderful","2"
"We got your back Ate Lee Loveyou MAYWARDat NaicTownFiesta","2"
"We really enjoyed both Southern Technology Days great events","2"
"Well hundreds of thousands actually ICO tokens included","2"
"What s trending today in your community in mine it s SupportIndieFilm by and","2"
"Who s awake I m horny as fuck","2"
"You are promoting the fishes in an very effective way","2"
"a quick tut coming soon on ass eating make sure you look out for the link in the bio","2"
"be safe online","2"
"but is ok i dont mind","2"
"getchu a bestie as gorg as mine happy 19th bday my caro now enjoy this cheesy vid of our mems ilysm","2"
"had a quick chat with yesterday to find out more","2"
"hi everyone commenting on here dont bring up jac","2"
"hot toe sucking PLS MORE Broadcast feetlover","2"
"how many things do you wanna order i may have to start a new order for you because mine already rea","2"
"hyun lovelinus not bad","2"
"i would buy a book of your personally drawn storyboards","2"
"justin Welcome to my community Nice to meet you insight by","2"
"me in the library once I get home im just gonna settle down at my desk and continue studying my desk","2"
"morning","2"
"no I think he was born in 2002","2"
"rt to be in wdw be legends gc already exists mbf the gc acc this one be lit adding a few people","2"
"sidekick It does look tasty Cleo I hope you have a great day Nic","2"
"sure ofc","2"
"this made me realized how much i wasted my time throughout my life to catched over dunya than akhirah","2"
"trend reversal of nifty on cards might turn red today","2"
"twt Have fun tonight i am so sad i cannot attend","2"
"wasn t expecting snow here very rare was just joining in the conversation","2"
"we both know the answer to that don t we","2"
"we ve been doing well so far and busy filming Blackpink TV currently dont forget to watch it sunbae","2"
"14k Followers Thanks for all you love and support 14KForKeerthyFansPage http","3"
"2 Latest Pic AadvikAjith KuttyThala FC","3"
"2015 Pink Paradise 2015 Pink Island 2016 Pink Party 2018 Pink Space","3"
"20171208 PARK BOGUM 2018 Season s Greetings ParkBoGum","3"
"28 Dominic Cooper","3"
"661 Treat yourself with my worn Cheetah Print Thong Only 65 including tracking number and 10 pics of me enjoying myself in","3"
"A live broadcast is now showing on V","3"
"A must get together with the boys iphoneography photography autumn summer mom taiwan","3"
"AAAH EVERYTHING IS JUST SO BEAUTIFUL THE MUG THO","3"
"After 2 months of waiting","3"
"Again he s so so soooooo","3"
"Amazing","3"
"Amazing VM","3"
"And im hella pumped to not have to put on makeup for a month","3"
"Arrow That look Arrow","3"
"BOYBANDPH at the JustLOVE Christmas bazaar Visit the ABS CBN Vertis Tent this Holiday season Bandmates and Super","3"
"BabyAiden Please RT his potential endorser could be on your TL","3"
"Big dick homie taking a shower","3"
"BoobsOfTheDay Follow","3"
"Bravo SebastiaoSalgado source","3"
"Bri Pil and Bob in turtlenecks","3"
"Busty milf caught","3"
"CANEEEEEEE","3"
"California street views","3"
"Can t thank you enough for everything my dear Kristi thanks God I succeeded","3"
"Can you imagine being able to listen to this laugh all the time Kim Namjoon the most precious cute baby","3"
"Cara has got some nice tits some suckable nipples too","3"
"Chills","3"
"Crown S2 Marathon","3"
"Cute","3"
"Drone shots happykid","3"
"Every day of the year tits","3"
"Experienced the desert safari for the first time and it was worth the wait DubaiLife","3"
"FC Heard That Recently taken pictures of THALA AJITH Sir from school sports event of KuttyThala Aadvik Now All we THAL","3"
"Flipping heck You could hang some heavy winter coats on those","3"
"FreebieFriday is here Just Follow and Retweet to be in to WIN 4 flavours of our Chocolate Ts amp Cs apply http","3"
"From pink to brown hair Sexy to Soft","3"
"GaaliVaaluga from this 12th My favourite from the album Agnyaathavaasi Trivikram","3"
"Gave a beautiful performance of his track Too much too ask on did you get to tune in N","3"
"Good goood morning","3"
"Good morning Twitterworld Lovely Friday and start weekend for all","3"
"Gorgeous insta","3"
"Happy bday hero lv u","3"
"Happy tweeting ALDUBThenNowForever","3"
"Heard That Recently taken pictures of THALA AJITH Sir from school sports event of KuttyThala Aadvik Now All we","3"
"Heard That Recently taken pictures of THALA AJITH Sir from school sports event of KuttyThala Aadvik Now All we THALA","3"
"Hello sir please give a reply I am a biggest fan of yours Please","3"
"Her creativity is unmatched esses","3"
"His lil jammies","3"
"Hoping for a moments tomorrow","3"
"Hyukjae s comment on SJ s official IG oh finally the club that will increase the fighting power of our ELF","3"
"I LIVE FOR THIS NWJSBAJANA THE CUTEST BABIES","3"
"I M SO FREAKING EXCITED OMG FINALLYYY ODAATS2","3"
"I am all smiling every seconds I think of him DaddyShaaark","3"
"I can t wait Barchie Riverdale","3"
"I ll put your application to the front of the queue x","3"
"I love DIDDDLE S CHRISTMAS SALE EVERYTHING IS 0 00 AND YOU JUST PAY SHIPPING UNLIMITED ITEMS at checkout htt","3"
"I love him so much","3"
"I love mangoes","3"
"I m an official JOYFUL Member Who s with me JBJ","3"
"I m in love","3"
"I m no Karen Smith but I m gonna say it s 100 snowing","3"
"I never realised that Jared Leto was in Thirty Seconds to Mars","3"
"I screamed when this popped in my notif This is all we ve waiting for","3"
"I told Rene my mom wanted to go to church Christmas Eve amp he said he ll go with me amp my family","3"
"I totalled agree","3"
"I would still love her and her good heart It s her decision anyways We ve always been the ones who could separate reel fr","3"
"II Her creativity is unmatched esses","3"
"If you re having a bad day here s a pug eating a watermelon","3"
"It s snowing in Amsterdam yesssss but my hair tho","3"
"JIKOOK LIVE","3"
"JacksonWang Youngjae JB BamBam best nine on Instagram GOT7","3"
"John Abraham comes out with his personal Jomoji s Find them exclusively on the New App Store FullonFilmy","3"
"Justin Hartley GQ Man of the Year event x LA","3"
"K9 we are hell excited to see you again on screen This time we will promote it in Unique amp Different way Come","3"
"KAI FOR MEN S NON NO MAGAZINE WHAT A KING","3"
"KEDSSS thankyouuu lolaaa","3"
"Kannnn pipi mcm chipmunk hahaha and i love when he wears snapback","3"
"Ken and Barbie are alive ALDUBxDTBYLoversCave","3"
"Kiss or Hug Sa MarNigo for sure both yan","3"
"Kissing while getting backshots gt gt gt gt gt gt gt gt gt","3"
"Kylee Fuckkk my header lookin like a snack breakfast lunch and dinner","3"
"LOOK AT HOW BEAUTIFUL THE UNDERWATER FLIP WAS BAEKHYUN S A MERMAN","3"
"Lacey36g Absolutely agree Such yummy pink suckable nipples I would suckle on them in my sleep and in","3"
"Lake Braise in Italy","3"
"Latest Picture of Thala Ajith in his new hairdo for Viswasam","3"
"Little Red Riding Tinks tinkerdog dogsofinstagram jackrussell jackrussellterrier","3"
"Look at him","3"
"Love you mehreen","3"
"Lovely","3"
"Marie All I need in my life is these 2","3"
"Me You know i love you Lord but God But What Me Quack quack God","3"
"Milf Tits","3"
"Mommy makes her laugh","3"
"My Babys","3"
"My Justice League Oceans8","3"
"My President","3"
"My favorite bow","3"
"My favorites on Master Key","3"
"NAMJOON IS REALLY HOT WITH HIS SILVER HAIR he s so stunning","3"
"NONA9ON SS18 SUMMER ISN T OVER YET Another film with LISA will be coming soon SC hate only sins bb","3"
"New TRAPTORIAL details on my instagram please RT","3"
"No caption needed JHoisreal sweeet","3"
"No matter how many times I see him his beauty never ceases to amaze me THANK YOU JIMIN","3"
"Not much more here now Will be a nice scrunchy walk though hope you have a lovely day Nem","3"
"OFFICIAL You can order your SS7 goods at this link","3"
"OMG this is so satisfying BYE BYE expensive wax sessions Thanks to CHRISTMAS SALE i got 70 OFF","3"
"Omg I m so happy u included not more dreams","3"
"Omg she s so beautiful","3"
"PH TheWingsTourTheFinal Another Seokjin Birthday Bus Gocheok Skydome worldwidehandsome","3"
"Paradise","3"
"Pretty","3"
"Pretty in pink mamsh","3"
"Qu ran The Door To Happiness Jummah Mubark","3"
"Quick office flash","3"
"RT amp FOLLOW for a chance to win keyring in this week s fridayfangirlfrenzy win fridayfun","3"
"RT if you are from this beautiful city Port Elizabeth","3"
"Re listening to all those Ancient Greek episodes by today","3"
"Reedus","3"
"SWAROVSKI for ladies Crystalline Oval design Baby pink RM50 FREE POSTAGE SM","3"
"See you in Adelaide in January So excited to finally see you live I can t wait and I love you heaps x","3"
"See you tomorrow","3"
"She is clothed with strength and dignity and she laughs without fear of the future Gosh I love this verse Pro","3"
"SherriL Right He s perfect","3"
"Shuttt uppp my man feeding kitties omggggg My man with cats my two fav things in the world look how cute he is om","3"
"Simmons with the perfect Rondo via Wide Wob","3"
"So cute","3"
"So cute gt lt By nim","3"
"So energetic and so pretty sgshots GoldenPantherAwards SarahGeronimo","3"
"Stop and stare never gets old OneRepublic RyanTedder","3"
"Sunny Leone RT","3"
"TRISH","3"
"Team EN Get your cameras ready DFB EURO2024 UnitedByFootball","3"
"Thanks a lot for all your support and the votes This is incredible On behald of the whole team thanks again bow h","3"
"The 2014 tho","3"
"The bungee jump experience that Jihoon mentioned in 101 second video Bravest boy in the world","3"
"The only one nature earth landscape earthpix love naturephotography photography instagood earthfocus travel sky","3"
"The perfect tiny house","3"
"The snow is so beautiful","3"
"There is a hatching dragon candle on think geek rn that I need","3"
"These tiny sea turtles JUST hatched and they re seeing the world for the very first time via","3"
"Things10 Anything looks good on you goddess","3"
"This is the best thing I ve seen today","3"
"This is two minutes of pure joy Sweet and funny and with a great ending Rocky","3"
"This jumpsuit is everything","3"
"This sweet little face getting some cuddles in Micropigs Minipigs Petpiggies Cuddles","3"
"Trans Emily Gavassi has a surprise for you","3"
"U GUYS KNO I CAN TAKE DICK","3"
"Untouchable by Eminem is fuckin fireeeeee","3"
"VIDEO NBA Pour le plaisir des yeux 3 3 points pour Embiid 5 blocks Mais 1 d faite","3"
"Waaaah super cuuuuteeee We are overjoyed to see you mate LoveLove WelcomeBabyEli","3"
"Waaah Thaaank you Lord","3"
"Watching amp try to zip up a suitcase was the best part of the whole day ok maybe not the","3"
"What I want for Christmas","3"
"When we finally get to enjoy Free Food and Drinks","3"
"Wow Prabhas Anushka Tamannah so happy","3"
"Wow it looks unreal","3"
"Wow what a way to begin my bedtime session stunning beauty above and below","3"
"Wowwwwww You made My day bro Keeep Rocking Thanks alot bro","3"
"Y u always calling me tres","3"
"YAS YAS YASSSS ENJOYYYYY TELL SEAN MENDEZ I MISS HIM","3"
"Yeah nice body la babe","3"
"Yeniii New checking his killing perfection Siyahbeyaza k set ibrahimcelikkol bi","3"
"You are just so creative imaginary Talisa","3"
"You just never get enough of it","3"
"Your eyes sha","3"
"Your freind mentioned you in a comment Me hayeeee opens notification Tag someone jisse aap Khna chahte","3"
"a wonderful weekend to you Danni","3"
"b Hello fresh nails Reimburse 25 to Bbwfindomprincess com Chop chop findom finsub nailslave paypig","3"
"bruno Black Men All Day Every daaaaayyy","3"
"dog1 I wanna drink it","3"
"falastinya The beautiful capital of PALESTINE JerusalemIsTheCapitalofPalestine","3"
"film Tarjei s side profile gives me so much feeling great for practice too","3"
"gilbertina happy anniversary human emoji keep shining 7thALDENniversary","3"
"he proposed right after finding out they were having a baby girl this is so cute","3"
"i like the second one","3"
"i love seoul seoul","3"
"if net neutrality amp my girl both drowning and i can only save one catch me at my girl funeral tweeting at no e","3"
"joey The newest addition to the Tuan family","3"
"ke Aww thank you so much beautiful","3"
"love at first sight","3"
"mandy diane It s gonna snow and I m gonna be by myself","3"
"my gf is the most beautiful girl in this world like i can never take my eyes off her","3"
"normani and ally","3"
"od photo Little fluffy babies","3"
"perfect combination","3"
"raw af","3"
"s last last night dinner OUTFIT illustration jadine nadinelustre JamesReid ShowtimeFunnyOne2G","3"
"schreiner My remix for Tomlinson MissYou is out now everywhere iTunes Spotify","3"
"see you in my dreams i love you i have to go to bed before my toddler wake up and wont let me sleep","3"
"sexy","3"
"she s so beautiful","3"
"shola How people don t like cheese is beyond me Brie camembert extra mature mozzarella halloumi I could bathe in the st","3"
"so pleasing to see seventeen nuest nueventeen","3"
"sunflowers just make me so happy idk why","3"
"the most adorable minion LLSBloodTies","3"
"throwback to when ashton sang this beautiful masterpiece","3"
"twt Damn that is so cute","3"
"twt Love","3"
"twt Nobody looks THAT good while brushing their teeth","3"
"twt OHW MY GOD","3"
"twt Your eyes","3"
"yao cr RPL Bravo ladies and gents","3"
"you are the cutesttt omgggg","3"
"you re so beautiful like why","3"
"zuny HAPPYYY BDAY BABY ZUNY","3"
