"Celebrating with the Birthday Boy having a drink sundaynightshenanigans birthdaydrinks","0"
"Happy birthday ate bett we love you ALDUBOurLove","0"
"babeee happpyyyyy birthday pretty thing","0"
"171210 LE INSTAGRAM Trans It was a happy birthday A big thank you to all of your wishes EXID LE Hap","0"
"Happy 27th Birthday to Teyana Taylor","0"
"God Almighty Bless you forever and ever Happy birthday","0"
"Happy birthday DilipKumar saab Love May God bless you with good health","0"
"weird how 15 years from now it might be ur wedding or ur kids birthday but rn it s just a regular shitty day","0"
"my little brother invited 8 friends over for his birthday and none of them showed up he is a really big OC football f","0"
"Happy Birthday to me honey yes","0"
"HAPPY BIRTHDAY","0"
"misskai happy birthday","0"
"Happy Birthday To My Bro bornlegends mrbreal215 Love Bro BornLegends","0"
"Hey Brennan Happy Heart Birthday Buddy Keep repping the Noles","0"
"We ve had a hard year This year I think black people should celebrate black history month like its everybody s birthday","0"
"A boy asked his bitcoin investing dad for 1 bitcoin for his birthday Dad What 15 554 14 354 is a lot of money","0"
"107 yifan s present for chanyeol s 23rd birthday","0"
"happy birthday jil","0"
"happy birthday bb girl luv and miss you","0"
"twt Happy Birthday JIMIN","0"
"happy birthday marabels loveyah","0"
"minhyun wishing daniel gun a happy birthday hyung wishes to see ur charismatic bunny tooth for a very long time prayi","0"
"19th birthday comin soon","0"
"Goofy draws his last breath after a booty breaking battle Who did this to our delightful doggo Big thanks and belated bi","0"
"Happy 200th birthday Mississippi","0"
"Wishing A Very Happy Birthday offl On Behalf Of All Fans HappyBirthdayArya","0"
"On the first day of the holidays StupidCancer gave to me support and a community To celebrate our 10th birthday so","0"
"eats HAPPY BIRTHDAY","0"
"Thank you so much PresidentTrump for reminding us all how ridiculous the Liberals War on Christmas was Christmas is the","0"
"crazy how 15 years from now it might be ur wedding or ur kids birthday but rn it s just a regular shitty day","0"
"TRANS Wanna One members birthday message for Kang Daniel","0"
"Happy Birthday to the baddest of baddies I love you so much and I am so proud of everything you have accomplished Love you","0"
"Happy Birthday to can t wait to be doing this together all next year Miss ya","0"
"NIA happy birthday hehe we don t talk much but ure a very cute mutual amp i love whenever we talk amp i love hy","0"
"Happy birthday po","0"
"HAPPY BIRTHDAY bee92 Miss you decemberbabiesarethebest","0"
"Happy 2th M Desra Luthfi Upin amp Ipin theme birthday by","0"
"V GIFTS PREVIEW 2 BVLGARI BVLGARI Necklace The pendant has five 23 years old 2 3 5 diamonds meaning to celebrate T","0"
"of garrett Happy birthday brotha let s hang over the break","0"
"Wishing our Akila Ulaga Superstar a very happy birthday HBDShiva TP2Point0","0"
"Hello everyone a small group of UK EXO Ls are organising a birthday project for Jongin we re going to be sending a ph","0"
"I was literally just listening to candyapple and riff raff freaking follows me just like that You cant just surpri","0"
"Happiest Birthday Kuya matt thank you for fulfilling my request hehe hope i cna meet you soon pa","0"
"yk Happy birthday Kang Daniel HappyDanielDay 12 GlobalKangDanielSyndrome KangDanielSyndromeDay Ka","0"
"idk you but you just followed me today and I see it s your birthday so happy birthday you re also so beautiful omggggg","0"
"Happy birthday to the 1st Nicki Minaj","0"
"Happy birthday dear offl Wishing all wonderful things your way Sangam","0"
"happy birthday brotha","0"
"LenU2B happy birthday LenU2B ive been busy with work and dint realize D hope you had a","0"
"im staying up until midnight to wish my dog a happy birthday","0"
"150 Happy birthday","0"
"moha12 That literally has zero correlation with celebration of the Prophets Birthday","0"
"Happy Birthday Tuanku selangor royalselangor sultan sultanselangor happybirthday Selangor","0"
"Reaching out to Johnny on his birthday Love Paul x","0"
"i love you lil lady even tho we arent so lil no mo happy birthday big sis","0"
"Happy Birthday","0"
"They say proper handwashing technique means briskly rubbing your hands for roughly the time it takes to sing happy birthday","0"
"Happy birthday to my roommate s Dad have a good day","0"
"Happy Birthday Romona customcakes glittermakeseverythingbetter smallcakes","0"
"TRANS Daniel s birthday post NO REUPLOAD WANNAONE KangDaniel HappyDanielDay 12 ht","0"
"zamo Happy birthday to my real mom She is the best woman I have ever known and the living embodiment non placebo version of Kr","0"
"its my birthday","0"
"Happy Birthday James","0"
"crazy how 15 years from now it might be ur wedding or ur kids birthday but rn it s just a regular shitty day","0"
"Happy birthday I love you soooooo much bb You ll always be an upgrade to me don t worry","0"
"New at zazzle Yellow Popsicle Birthday Paper Plate","0"
"Celebrating the gorgeous birthday girl birthday at","0"
"It s a little too cold for ice cream in Madison but I hope you liked the cupcakes all the same Thanks for spending your bir","0"
"my little brother invited 8 friends over for his birthday and none of them showed up he is a really big OC football f","0"
"happy birthday bro","0"
"Happy birthday big dog don t worry your baseball career is taking off soon","0"
"Jane Fonda Celebrates Her 80th Birthday Early by Raising 1 3 Million for Charity","0"
"happy birthday","0"
"Let s trend HappyHahmKyulDay HappyEunjungDay HappyQriDay Tonight 9 30 MMST MYANMAR QUEEN S ACT","0"
"250 RTs and will send me a Brett Gardner jersey for my birthday 12 12 Please","0"
"Happy 27th Birthday to Teyana Taylor","0"
"It s a little too cold for ice cream in Madison but I hope you liked the cupcakes all the same Thanks for spending your bir","0"
"Happy birthday to the second meanest person I know","0"
"My mom got Ant s birthday cake from When they asked her what to write on the cake she said Happy Birthday A","0"
"There is no better way to say happy birthday than to say you mean very much to me Age with","0"
"bighit 1204 HAPPY BIRTHDAY WORLD WIDE HANDSOME JIN","0"
"b day 12 12 big occasion GhajinikanthFirstLook at 11 59PM on Dec 11 which happens to be its hero s B","0"
"Check out the celebrity birthdays here and join us in wishing them A Very Happy Birthday","0"
"You Can t Fight Christmas Viewing Party Happy Birthday youcantfightchristmas","0"
"Belated happy birthday Fedejik","0"
"Happy Birthday to and KitKat I hope that TJ will wish me a happy birthday on my birthday January 4th","0"
"Happy birthday Alexander Thanks for being there for me through thick and thin Have fun buying","0"
"crazy how 15 years from now it might be ur wedding or ur kids birthday but rn it s just a regular shitty day","0"
"HAPPY BIRTHDAY BEAUTIFUL I MISS YOU","0"
"happy birthday to the smartest and hardest working girl I know you deserve so much and I am so glad I can call you my friend","0"
"efronnnnnn happy birthday gorgeous hope it s a greaaat one","0"
"happy birthday Luffy mate have a brilliant one","0"
"Happy Birthday big dawg","0"
"birthday twin you cute","0"
"Happy birthday Raghuvaran sir R I P legend","0"
"Valor Happy birthday Melissa See you tomorrow Valor","0"
"still don t know how to feel about having prom on my birthday can i just sleep as a celebratory gift","0"
"HAPPY BIRTHDAY como se dice littttt lol but I hope it s a good one","0"
"Happiest birthday Tita Chi We hope you ll enjoy your day Thank you for everything and we love you Xx LhexineGigil","0"
"Happy Birthday Papa","0"
"HAPPY BIRTHDAY I ve known you forever and we have always been close Ilysm pretty","0"
"happy birthday mark i hope you ve had the best day ever","0"
"Happy Birthday internet Public accessible internet is 26 years old it hasn t aged well at all","0"
"My family what do you want to do for your birthday Me i dont know Reality NOBODY LOVES ME SO I CANT PLAN ANYTH","0"
"Happy 27th Birthday Teyana Taylor","0"
"Happy Birthday bro Keep rocking","0"
"99 Happy Birthday to the most amazing woman in the world I m so happy for you and I hope you have an amazing day https","0"
"Happy birthday Emi I hope you had a good one","0"
"Happy birthday sir","0"
"Celebrate everyday like a birthday","0"
"Happy Birthday to a great coach mentor and friend","0"
"happy birthday gorgeous u da prettiest girl i know keep shinin u beauty","0"
"Definitely was thinking bout this for my birthday","0"
"Happy birthday to U S Senator a mentor friend amp one of the nicest people I know Arkansas is lucky to have y","0"
"Happy Birthday to our National Poet Shri Subramanya Bharathiyar","0"
"crazy how 15 years from now it might be ur wedding or ur kids birthday but rn it s just a regular shitty day","0"
"etnahc Both you brought her everything for her birthday just get clothes amp come see me","0"
"Happiest Birthday kuya Godbless you and Ate Aj Mbtc And Take care always po enjoy and have a blast","0"
"Happy 27th Birthday to Teyana Taylor","0"
"Happy birthday darling human person Sending love and big squeezes your way xxxx","0"
"Join us in wishing a Happy Birthday to The man The myth The GOAT himself Happy Birthday","0"
"Since we don t have any pictures together for your birthday here s me and Clare laughing at your photography skills","0"
"Birthday coming up","0"
"tweet NFL retweet follow Eddie Jackson s big day for Bears Best birthday gift you could ask for Eddie Jack","0"
"I ready for my birthday now lol","0"
"happy birthday zacky enjoy your day i love you very very much","0"
"Kim Taehyung Birthday 2017 pt 4 a tiger jacket specially for our baby tiger rawr from","0"
"KIM TAEHYUNG BIRTHDAY GIVEAWAY Retweet and Must be following me to enter Turn on notif Worldw","0"
"Happy 18th Birthday Love you and I can t wait for more family adventures Next summer you won t need p","0"
"Happy birthday Hope it was awesome","0"
"celeBREEty Soooo my mom turned 50 Happy Birthday Mommy BlackDontCrack WhatsInThoseGenes","0"
"Happy birthday offl brother","0"
"Forever is composed of nows Happy birthday to EmilyDickinson one of America s greatest poets known for her works about l","0"
"Happy 27th Birthday to Teyana Taylor","0"
"its not like i don t have a list a mile long if things i m pretty sure he d like that i m going to buy between now","0"
"happy birthday gf Hope it was a good one","0"
"Happy birthday hope u enjoy today miss u lov u here s a puppy for some GVs","0"
"So thankful to everyone who came out amp got lit w me last night for my birthday This year was definitely a year of growt","0"
"Happy Birthday to the girl that I ve been to more concerts with than anyone","0"
"happy birthday nat i hope you have a wonderful day and enjoy your new tat i love you","0"
"It s my 18th birthday","0"
"171210 LE INSTAGRAM Trans It was a happy birthday A big thank you to all of your wishes EXID LE Hap","0"
"Happy birthday iimnowr","0"
"Happy 20th Birthday to my best friend I m so glad I was able to spend the entire day with you I love you so much 11","0"
"Happy 27th Birthday to Teyana Taylor","0"
"Happy birthday to mom rosh","0"
"happy birthday","0"
"Happy 27th Birthday to Teyana Taylor","0"
"Happy birthday kamo metzy","0"
"crazy how 15 years from now it might be ur wedding or ur kids birthday but rn it s just a regular shitty day","0"
"willy My sister and her bestfriend think that they re twins because they have the same birthday and this was the outcome http","0"
"This was taken near Downtown Glendale I believe But anyway HAPPY BIRTHDAY PAPI haha I ll see you later Cuz for the b","0"
"Happy birthday offl darling Have a great year Happy to join with u in Ghajinikanth after Madharaasapatnam https","0"
"Warm birthday greetings to Shri Pranab Mukherjee ji hon ble former President of India I pray for his long and healthy li","0"
"Lets keep it going guys Salamat da araw araw na galaw ng ticket sales Hoping to have more on the next days Help us in achi","0"
"can t wait til my birthday","0"
"crazy how 15 years from now it might be ur wedding or ur kids birthday but rn it s just a regular shitty day","0"
"Dear Mississippi A good lookin makeover would be a great way to celebrate your 200th birthday Do better Love","0"
"Happy Birthday Bro","0"
"Pasuma Bows For Kwam1 Outrage As Oganla Kneels To Greet KWAM1 At 50th Birthday Party The most talked about show","0"
"raises 1 3 million at 80th birthday fundraiser for teen pregnancy prevention and adolescent health","0"
"In Photos Nollywood Stars At Wasiu Alabi Pasuma s Golden Jubilee 50th Birthday Party See exclusive photos of No","0"
"crazy how 15 years from now it might be ur wedding or ur kids birthday but rn it s just a regular shitty day","0"
"crazy how 15 years from now it might be ur wedding or ur kids birthday but rn it s just a regular shitty day","0"
"kinda really sad news to read on my birthday anyways more of a reason to call reps and oppose this tax plan","0"
"Happy birthday fr2","0"
"crazy how 15 years from now it might be ur wedding or ur kids birthday but rn it s just a regular shitty day","0"
"Yesterday and today have been the absolute best birthday I ve ever had So thankful for all of my friends","0"
"happy birthday","0"
"Happy birthday yza","0"
"happiest birthday Many more","0"
"Happy birthday Thanks for inspiring us to work harder every day","0"
"With the luck I have for my birthday watch me get my period this year","0"
"Happy 77th birthday DavidGates Singer songwriter musician etc Frontman of Bread One of your many great songs","0"
"happy birthday love you lots b ur my whole heart","0"
"3 months 6 months 9 months 1 year happy birthday Parker","0"
"Happy Birthday","0"
"Happy birthday bro","0"
"Whoever say they fwm come fwm for my birthday Telly personal photoshoot I m just wanna be turnt up so come fwm for my 20th","0"
"Happy Birthday to you","0"
"Apparently today s the 5th birthday of our Other People s Heartache Part 2 mixtape Anyone here have a good download li","0"
"Happy Birthday Dame Judi Dench JudiDench DameJudiDench Actress Oscar ShakespearInLove Macbeth amidsummernightsdream","0"
"Jane Fonda raises 1 3 million at 80th birthday fundraiser","0"
"Preview 171212 Eunjung s Birthday Party eunjung","0"
"crazy how 15 years from now it might be ur wedding or ur kids birthday but rn it s just a regular shitty day","0"
"Goofy draws his last breath after a booty breaking battle Who did this to our delightful doggo Big thanks and belated bi","0"
"Happy Birthday to the real OG I m my life MY DADDY miss you like crazy always and forever in my heart x","0"
"BIG Birthday shoutout to BirthdayReb","0"
"happy birthday Ally I miss you bunches","0"
"My mom got Ant s birthday cake from When they asked her what to write on the cake she said Happy Birthday A","0"
"HUHU MISS YOU NA DEN MERRY CHRISTMAS HAPPY NEW YEAR HAPPY VALENTINES HAPPY GRADUATION HAPPY S","0"
"crazy how 15 years from now it might be ur wedding or ur kids birthday but rn it s just a regular shitty day","0"
"laaaay Guess who kaien finally got to meet for his birthday","0"
"are you going to have gompa bear party Jongin uh bear party birthday party ah should we yes but don t d","0"
"celeBREEty Soooo my mom turned 50 Happy Birthday Mommy BlackDontCrack WhatsInThoseGenes","0"
"Everybody want they makeup done on my damn birthday I can t","0"
"Of course I am I just had my 1026th birthday a couple of weeks ago V","0"
"Happy birthday to U S Senator a mentor friend amp one of the nicest people I know Arkansas is lucky to have y","0"
"crazy how 15 years from now it might be ur wedding or ur kids birthday but rn it s just a regular shitty day","0"
"I was thinking of writing the longest paragraph as i always do but i think the video says a lot already I love you Vanes","0"
"Happy birthday to my little girl","0"
"i just found out that the zodiac killer and i share a birthday happy Sagittarius season","0"
"ro Happy birthday","0"
"Happy Birthday bud Hope it it s fandiddlytastic","0"
"Happy birthday to the lady of the hour 19 never looked so good","0"
"Jane Fonda Celebrates Her 80th Birthday Early by Raising 1 3 Million for Charity Jane Fonda received a special 8","0"
"major throwback happy birthday","0"
"Happy birthday Queen montoyaa Don t let anyone tell you you re anything less than that","0"
"crazy how 15 years from now it might be ur wedding or ur kids birthday but rn it s just a regular shitty day","0"
"My Work For Thalaivar Birthday HAPPY BDAY THALAIVAA Frnds My Rejected From Big Pages From Posting My HardWork For","0"
"Giant snake birthday cake large fries chocolate shake","0"
"Happy Birthday dirtball","0"
"crazy how 15 years from now it might be ur wedding or ur kids birthday but rn it s just a regular shitty day","0"
"10 days till my birthday Will gladly accept donations on cash app checks or wire transfers","0"
"Spent the night drawing Kelsey her birthday present because what on earth else do you get a kid who only likes JLS","0"
"My mom got Ant s birthday cake from When they asked her what to write on the cake she said Happy Birthday A","0"
"Happy birthday efraa","0"
"Good evening Sally and it is my birthday today I m 54 year old","0"
"Happy 27th Birthday to Teyana Taylor","0"
"Belated happy Birthday Ganja","0"
"Happy Birthday to PENTAGON Shinwon We love ourselves a model amp a dedicated hamburger eater Have a great celebration","0"
"williams Happy birthday my beautiful wonderful inspirational Mama","0"
"Happy 27th Birthday to Teyana Taylor","0"
"happy birthday stinky lincky teamdanroy staroftroop130 Rockefeller Center","0"
"Happy birthday mentor Have a great day","0"
"DANIEL BIRTHDAY GIVEAWAY Please read the details below Good luck HappyDanielDay 12 W","0"
"Dame Judi Dench celebrating her 83rd birthday with a Colin the Caterpillar cake from M amp S is sort of everything really","0"
"happy birthday savy i hope your day was as great as you gonna miss you next year goat","0"
"Happy birthday offl brother","0"
"Happy birthday to I m so happy I got to meet you at EQLA and Josh and I are very grateful for al","0"
"K Happy Birthday to you Hope your special day was filled with Happiness and joy","0"
"all these fandom youths are gonna get the fright of their life in a few years when the clock strikes midnight on their t","0"
"Happy 27th Birthday to Teyana Taylor","0"
"hahahahahaha that was probably my favorite birthday wish I got","0"
"Happy birthday baby boiiii lt 3","0"
"Birthday Saturday 12 16","0"
"day after my birthday we bout to live a movie","0"
"erica Happy Birthday Kang Daniel God Daniel Many memories to make will continue to watch you grow Thank you com","0"
"madonna and her birthday cakes","0"
"lipoldino Happy birthday to my sweet here with","0"
"Just the ticket","0"
"Congrats and happy birthday Bill","0"
"Plan with Me Birthday Week PLANMAS Day 10 by Rochelle via","0"
"crazy how 15 years from now it might be ur wedding or ur kids birthday but rn it s just a regular shitty day","0"
"crazy how 15 years from now it might be ur wedding or ur kids birthday but rn it s just a regular shitty day","0"
"It was the top score of the 2011 on his birthday watch the highlights of s 175 against Banglad","0"
"crazy how 15 years from now it might be ur wedding or ur kids birthday but rn it s just a regular shitty day","0"
"Happy Birthday to my beautiful grandmother and my beautiful girlfriend","0"
"Giant snake birthday cake large fries chocolate shake","0"
"queso10 happy birthday","0"
"it s my birthday tomorrow","0"
"My five year old wants me to tweet that a birthday cake should not have pizza in it You have been advised twitterverse littlelifecoach","0"
"You re just my type Happy birthday to my wonderful","0"
"butwhowasfone gt never got any money for Christmas or birthday in order to buy ur anime figs","0"
"My bestfriend birthday in a couple of hours 21 21 21","0"
"Let s Smile with DefMeow JB s 25th Birthday Project Donation Kit Announcement for those who did donate of any amount","0"
"Happy Birthday to you snow Enjoy ur day Enjoy ur life too","0"
"Happy Birthday Sleez you will forever be in our memories","0"
"That s good Well happy early birthday","0"
"Both you brought her everything for her birthday just get clothes amp come see me","0"
"Happy Birthday MYSTICCHARMx Chedwick Grey Steward Have a blast Edit by","0"
"A boy asked his bitcoin investing dad for 1 bitcoin for his birthday Dad What 15 554 14 354 is a lot of money","0"
"A humanist at heart A living soul for whom compassion amp Non violence is a way of life A leader with indelible commitmen","0"
"Happy Birthday to 2","0"
"crazy how 15 years from now it might be ur wedding or ur kids birthday but rn it s just a regular shitty day","0"
"In Photos Nollywood Stars At Wasiu Alabi Pasuma s Golden Jubilee 50th Birthday Party","0"
"My mom once got snowed in at work because of a blizzard that happened on my eigth birthday We live in a","0"
"happy birthday big bro","0"
"Happy Birthday","0"
"B but I m not cute You are the who too cute Hyeong You are very welcome and I already gi","0"
"Koketso So I missed your birthday Wow but i guess it s never too late to join others and wish you a Happy belated birth","0"
"True Won t be too hard to just let everyone that you want to see come amp just be respectful for your b","0"
"DamnMandiee You make shit happen no matter what when or how and you push me to the fullest extent I couldn t ask for a Bestfriend","0"
"Celebrate ViswanathanAnand s birthday by knowing his incredible achievements Chess HappyBirthday","0"
"Happy birthday Nathan","0"
"V GIFTS PREVIEW 2 BVLGARI BVLGARI Necklace The pendant has five 23 years old 2 3 5 diamonds meaning to celebrate T","0"
"1996 12 10 original photo from danik HappyDanielDay 22nd http","0"
"Happy 4th Birthday Mason Joseph Lee","0"
"Fan Are u going to do a bear party Jongin Huh Fan Birthday Party Jongin Ahhh u want it Fan Yes but dont do it","0"
"It s a little too cold for ice cream in Madison but I hope you liked the cupcakes all the same Thanks for spending your bir","0"
"my little brother invited 8 friends over for his birthday and none of them showed up he is a really big OC football f","0"
"happy birthday fam bless up","0"
"Fan Are u going to do a bear party Jongin Huh Fan Birthday Party Jongin Ahhh u want it Fan Yes but dont do it","0"
"1996 12 10 original photo from danik HappyDanielDay 22nd http","0"
"picachu My dear son s favourite now his birthday cake happy excited","0"
"I just gotta feeling my birthday not going to go as planned so i decide not to do shit","0"
"Happy Birthday Judo Legend Let s celebrate by spinning back to your dazzling debut","0"
"crazy how 15 years from now it might be ur wedding or ur kids birthday but rn it s just a regular shitty day","0"
"Birthday post 1 9 amp 2 3 oneweeklater","0"
"Happy birthday to Kenneth Branagh here as Hamlet w Jane Lapotaire as Gertrude amp Clifford Rose as the Ghost in the 199","0"
"The 8th Happy Birthday","0"
"moha12 Even if I m having a sit down with two people and there s tea and cookies my purpose is t","0"
"A very happy birthday to the pride of Pakistan the man behind the 555 matches win streak the longest unbeaten run in","0"
"Happy Birthday Gorgeous Stay positive and pretty always","0"
"Me with my 4 finals tomorrow but I m sitting here thinking about my birthday tomorrow instead","0"
"Happy Birthday","0"
"Happy birthday","0"
"Hope is the thing with feathers That perches in the soul And sings the tune without the words And never stops at al","0"
"Happy Birthday Tita","0"
"9K for my 39th birthday run So grateful to have running in my life now This time last year would be drunk smoking a","0"
"Happy Birthday PaoPao","0"
"Happy Birthday Daddy","0"
"crazy how 15 years from now it might be ur wedding or ur kids birthday but rn it s just a regular shitty day","0"
"nothing fancy but here s some birthday art the project completely deleted so i had to restart but i m happy with it","0"
"happy birthday bruva","0"
"S O to everyone who wished me a happy birthday Feel free to f t call or text meeeee 21","0"
"Dame Judi Dench celebrating her 83rd birthday with a Colin the Caterpillar cake from M amp S is sort of everything really","0"
"Happy birthday love you","0"
"Let s Smile with DefMeow JB s 25th Birthday Project Donation Kit Samples Preview 4 GOT7 SmilewithDefMeow Fan","0"
"Happy Birthday to our colleague Pan Wish She is happy and health everyday and Wish she can get more orders in yea","0"
"yep almost 3 inches other places not far from me got 7 9 inches Mother Nature went crazy on my birthday D","0"
"It s a little too cold for ice cream in Madison but I hope you liked the cupcakes all the same Thanks for spending your bir","0"
"Happy birthday lad","0"
"A very happy birthday to the pride of Pakistan the man behind the 555 matches win streak the longest unbeaten run in","0"
"Happy Birthday","0"
"Happy birthday talented simple witty and full of life above all a Congress man","0"
"crazy how 15 years from now it might be ur wedding or ur kids birthday but rn it s just a regular shitty day","0"
"crazy how 15 years from now it might be ur wedding or ur kids birthday but rn it s just a regular shitty day","0"
"55 HAPPY BIRTHDAY RAVEN","0"
"There are People who ask for gifts on their birthday Where the fuck does this sense of entitlement came from Who started this lmao","0"
"Anyway thank you all for all the amazing birthday messages y all r the best friends a girl could wish for ily","0"
"Happy Birthday Man of God","0"
"The CEO and creator of was oh so proud to attend Jane Fonda s 80th birthday party in Atlanta last night How speci","0"
"I literally have no plans for my birthday","0"
"Happy birthday Tim Look at this cute pic of our faces up tim","0"
"Taylor s birthday is in a few days so RETWEET WHILE YOU STILL CAN 28YearsOfTaylorSwift","0"
"My birthday s this coming Dec 18 Just a fan sign from Cavs team wishing me happy birthday especially with my idols","0"
"misskai happy birthday bby","0"
"Happy birthday Emily Dickinson She was a beloved poet but did you also know she was a talented pianist and active music collect","0"
"I got Grayson good just a little birthday surprise","0"
"crazy how 15 years from now it might be ur wedding or ur kids birthday but rn it s just a regular shitty day","0"
"Thank you for a great Reindeer games Jamie would have turned 18 this past week Happy Heavenly","0"
"every year i get sad because everyone forgets my birthday and i just keep reminding myself birthday wishes are nothing pun","0"
"happy birthday hoe hope you had a good one","0"
"HAPPY 18th BIRTHDAY TO MY BEST FRIEND can t wait to party soon gonna miss ya next year","0"
"crazy how 15 years from now it might be ur wedding or ur kids birthday but rn it s just a regular shitty day","0"
"Wish you very happy birthday Sir I pray for your long and healthy life in the service of the nation","0"
"hi nia uwu icb you re one year older than me you look 19 what the heck but anyways happy birthday bb","0"
"Hope is the thing with feathers That perches in the soul And sings the tune without the words And never stops at al","0"
"BIRTHDAY WISHES TO SUBRAMANIA BHARATHIYAR","0"
"If you ve got it flaunt it Right Nicki Minaj","0"
"beccasaurus happy birthday lexi love you","0"
"happy birthday hope you had a good one stay lit girl","0"
"I m a couple days late with this post but I just found these gems Happy birthday to my","0"
"Happy birthday to our CEO Hyolyn HappyHyolynDay","0"
"im so inlove my heart is so full he could have just said happy birthday then left but he sang and gave a long ass ins","0"
"Dec 11 Malaysia Selangor only Birthday of The Sultan of Selangor","0"
"shopping day for moms birthday did i really just spend 80 for her he s","0"
"We wish His Royal Highness the Sultan of Selangor a Happy Birthday today And to all those in Selangor enjoy the b","0"
"is it your birthday Happiest of birthdays to you Sorry I m so late","0"
"Jamma Happy birthday gorg","0"
"PicturePerfect with and at Adira s birthday bash","0"
"I had fun w my friends last night thanks for making my birthday so special","0"
"offl Happy birthday offl sir God bless u sir next film","0"
"My mom surprised me with Jingle Ball tickets for my birthday and I cried when I found out that Why Don t We will be","0"
"I m donating my birthday to Room to Read Click here to donate","0"
"A very happy birthday to the pride of Pakistan the man behind the 555 matches win streak the longest unbeaten run in","0"
"Hard to imagine a better capstone to Marc s birthday than the victory FlyEaglesFly","0"
"happy birthday bro enjoy your trip and bring back some souvenirs for me hehe","0"
"I liked a video KAYCEE at 10 the morning of her birthday","0"
"clexa Alycia s reaction when they sing happy birthday to her is always the cutest thing ever","0"
"Happy birthday to the king of flavortown TOMMY SALAMI hope you had the best day ily kiddo scho2","0"
"toltesi happy birthday again to my long lost bff so glad we ve gotten closer HOPE YOU HAD THE BEST DAY SUGA","0"
"i m a complete stranger and i just wanted to say that i love you and happy birthday","0"
"HAPPY BIRTHDAY CRAZY BITCHHH I love you so so much and miss you too you will always be my favorite fili","0"
"Excited about my birthday this time Usually I don t do much but this time is going to be a surprise I don t know where I m going","0"
"we known each other for a grip lmao i remembered we met wit tianna that one time for her birthday but you coo amp shit","0"
"Here is a surprise from us for Thalaivar sir s birthday GhajinikanthFirstLook at 11 59PM on Decembe","0"
"Happy Birthday one step closer to the aged ones","0"
"Dame Judi Dench celebrating her 83rd birthday with a Colin the Caterpillar cake from M amp S is sort of everything really","0"
"this is the only picture I could find but happy birthday lorraine","0"
"Gorgeous Happy birthday my love lt 3 lt 3 Hope you had a lovely day xx","0"
"leilannni happy birthday Lexi","0"
"A very happy birthday to one amazing human You rock funny lady xxx","0"
"Celebrate ViswanathanAnand s birthday by knowing his incredible achievements Chess HappyBirthday","0"
"Jaehwan s birthday message to Daniel Happy Birthday I love our Kang Center Kang a lot In the future for the remaini","0"
"Local trash man gets make over dlc Also happy belated birthday to ffxv FinalFantasy FanArt ardynizunia","0"
"I got Grayson good just a little birthday surprise","0"
"Thanks for all the birthday wishes","0"
"The only birthday cake i need","0"
"happy 18th birthday boo i love you and all of our crazy mems together imy","0"
"Bling for the Birthday Girl Visit to book an appointment nails","0"
"Birthday in 2 days Pitch Perfect 3 out in 13 days Christmas in 16 days Next Christmas in 381 days What a time t","0"
"crazy how 15 years from now it might be ur wedding or ur kids birthday but rn it s just a regular shitty day","0"
"crazy how 15 years from now it might be ur wedding or ur kids birthday but rn it s just a regular shitty day","0"
"Let s Smile with DefMeow JB s 25th Birthday Project Donation Kit Samples Preview 3 GOT7 SmilewithDefMeow Fa","0"
"Here is a surprise from us for Thalaivar sir s birthday GhajinikanthFirstLook at 11 59PM on Decembe","0"
"Happy Birthday love YannaXO","0"
"I was just dedicated a blunt for my birthday lmao I ve never experienced this before","0"
"I had a great birthday weekend thanks to everyone who was a part of it And thank you to the for winning","0"
"You make shit happen no matter what when or how and you push me to the fullest extent I couldn t ask for a Bestfr","0"
"Happy Birthday","0"
"crazy how 15 years from now it might be ur wedding or ur kids birthday but rn it s just a regular shitty day","0"
"This has been the best freaking birthday","0"
"Warm greetings to Pranab Da on his birthday May he be blessed with a long amp healthy life","0"
"since we re on the topic of birthdays and i haven t been talking to my mutuals much i want to wish yall happy bir","0"
"Wishing a very happy birthday to X bjp PM Shri Atal ji u r the only who stands BJP respect from bottom of my heart","0"
"Hard to imagine a better capstone to Marc s birthday than the victory FlyEaglesFly","0"
"1211 Happy Birthday","0"
"happy birthday","0"
"happy birthday ezzy","0"
"celeBREEty Soooo my mom turned 50 Happy Birthday Mommy BlackDontCrack WhatsInThoseGenes","0"
"it s my birthday","0"
"My moms birthday is about to be lit AF on Friday 50thBirthday HappyBirthdayMami","0"
"My warm Greetings to former President of India Shri PranabMukherjee on his 82nd birthday May God bless him with","0"
"whats the move tonight bc im not trying stay in on my BIRTHDAY lol","0"
"I love Nicki and Ellen Happy Birthday Queen","0"
"happy birthday baby girl hope it was a good one ly","0"
"Warm greetings to Pranab Da on his birthday May he be blessed with a long amp healthy life","0"
"Wish it was my birthday already","0"
"Happy birthday Jaz Have a good one Love you","0"
"I never forgotten his birthday in past 3 years And that s because of this video 11 12 MahakaviBharathiyar","0"
"celeBREEty Soooo my mom turned 50 Happy Birthday Mommy BlackDontCrack WhatsInThoseGenes","0"
"Let s Smile with DefMeow JB s 25th Birthday Project Donation Kit Samples Preview 2 GOT7 SmilewithDefMeow Fan","0"
"Happy birthday to the hot one on the right Ilysm","0"
"Apparently we are going to DJ Khaled s birthday party I won t be sober for the next 48 hours","0"
"HAPPY BIRTHDAY MAMSHT MISS U","0"
"I can t stop thinking about how is playing a show on my birthday at Turner Hall What a perfect bi","0"
"Happy 27th Birthday to Teyana Taylor","0"
"My birthday in 18 days","0"
"I got Grayson good just a little birthday surprise","0"
"olivaa Happy birthday","0"
"Happy Birthday Saira Banu all set to surprise the legend","0"
"happy birthday","0"
"Happy 27th Birthday to Teyana Taylor","0"
"Attendance Time RT if you are Tweeting with 1 MONTH TO HRITHIK BIRTHDAY","0"
"HAPPY BIRTHDAY","0"
"basically I told her it was my birthday and she DREW A TINY CAKE AT THE BOTTOM OF THE AUTOOGRAPH CARD LORD I KINDA DHSJDHSJ","0"
"celeBREEty Soooo my mom turned 50 Happy Birthday Mommy BlackDontCrack WhatsInThoseGenes","0"
"4 HAPPY BIRTHDAY","0"
"aa Behind Birthday party Part 2 MIXNINE ryujin","0"
"ending Thank you for this amazing picture you re awesome and I love you I meant to post this yest","0"
"Tomlinson Styles happy birthday mate Have a sick night","0"
"Happy Birthday Kang Daniel HappyKangDanielDay twt","0"
"Happy 27th Birthday to Teyana Taylor","0"
"Hoagie just reminded me tonight is 18th anniversary of my first phish show which ended with me in lot sing","0"
"Happy Birthday incredibly talented KennethBranagh Nobody directs Shakespeare on the big screen like you","0"
"happy birthday","0"
"seawolves Folks help us wish stew a very Happy Birthday This Is ARRRErie","0"
"Happy Birthday to PENTAGON s Shinwon HappyShinwonDay Catch up with him","0"
"Let s Smile with DefMeow JB s 25th Birthday Project Donation Kit Samples Preview 1 GOT7 Smile","0"
"Happy birthday glad ur still keeping gooch in line","0"
"Happy happy birthday beautiful ur the sweetest cutest thing ever I hope you had a fantastic day","0"
"Finally got to witness com s beautiful ad in times square hope you had a wonderful birthday Kangdaniel h","0"
"crazy how 15 years from now it might be ur wedding or ur kids birthday but rn it s just a regular shitty day","0"
"happy birthday izabelly thank u for being the first person who stuck by me in ketcham stillnotlegaltho","0"
"Happy Birthday Ves Arat na","0"
"Bittersweet victory but Happy Birthday","0"
"Happy birthday to U S Senator a mentor friend amp one of the nicest people I know Arkansas is lucky to have y","0"
"2018 is a go And it starts on my birthday","0"
"Happy 27th Birthday to Teyana Taylor","0"
"Jane Fonda Celebrates Her 80th Birthday Early by Raising 1 3 Million for Charity","0"
"Happy birthday You are a gift","0"
"Happy Birthday to PENTAGON Shinwon We love ourselves a model amp a dedicated hamburger eater Have a great celebration","0"
"Happy Birthday lion w","0"
"Thank you for the birthday wishes Let s keep pushing Grazie per gli auguri di buon compleanno","0"
"Goofy draws his last breath after a booty breaking battle Who did this to our delightful doggo Big thanks and belated bi","0"
"Yeah lol wow I keep meeting people with the same birthday as me","0"
"happy birthday you glorious vision of a person","0"
"wanna wish a very special happy birthday to my brother despite anything that happens you re still there and i thank you fo","0"
"Wishing you a very happy birthday to the young daynamic and enthusiastic leader of mahajan Stay blessed","0"
"happy birthday maybe this next year will go a little better for ya than the past month has","0"
"Happy birthday to U S Senator a mentor friend amp one of the nicest people I know Arkansas is lucky to have y","0"
"Happy Birthday Teyana","0"
"1996 12 10 original photo from danik HappyDanielDay 22nd http","0"
"Birthday post 1 9 amp 2 3 oneweeklater","0"
"Birthday Party Happy B day to my daddy Thank you Mark amp my friend kkkkkkk","0"
"HAPPY BIRTHDAY I LOVE YOU SO MUCH Every day with you is a day I m grateful for","0"
"I had a special birthday stream planned but made plans with some friends so I ll be doing that tomorrow instead","0"
"Goofy draws his last breath after a booty breaking battle Who did this to our delightful doggo Big thanks and belated bi","0"
"Strother said he gone give me a lap dance for my birthday dude a clown","0"
"Happy Birthday my boy jayson","0"
"Let s Smile with DefMeow JB s 25th Birthday Project Donation Kit Samples Preview for those who want to donate only i","0"
"Happy birthday Wanna One s center Kang Daniel HappyDanielDay","0"
"Thank you for a great Reindeer games Jamie would have turned 18 this past week Happ","0"
"Happy birthday honey had fun last night love uu","0"
"Happy birthday bro","0"
"happy birthday bitch Why this is the only picture I could find of us idk","0"
"celeBREEty Soooo my mom turned 50 Happy Birthday Mommy BlackDontCrack WhatsInThoseGenes","0"
"Louis skipped the promo of just hold on for two days and those were Harry s birthday and Valentine s day but you didn t","0"
"jenni5 happy birthday babes hope that today was as lit as this day love ya","0"
"HOLD UP SO YOURE TELLING ME HOSEOK S MOTHER IS THERE TONIGHT IN GOCHEOK SKY DOME SHE WAS THERE WHEN THEY STARTED THIS TO","0"
"Happy birthday to Dilip Sa ab one of the best actors ever DilipKumar BollywoodCelebrates","0"
"I had such a good time celebrating your birthday with you yesterday Happy day after your","0"
"I wanna have a party for my 21st Birthday I would be so happy","0"
"MY MUM MADE ME THE LOVELIEST BIRTHDAY CAKE FOR TOMORROW inspired by the iconic album Harry Styles by Harry Styles http","0"
"Happy birthday","0"
"Happy 27th Birthday to Teyana Taylor","0"
"Happy birthday to DOOM hey that s us From floppies to carts and everything in between it s been one Hell of a ride Thank","0"
"Happy 27th Birthday to Teyana Taylor","0"
"crazy how 15 years from now it might be ur wedding or ur kids birthday but rn it s just a regular shitty day","0"
"Warm birthday greetings to Shri Pranab Mukherjee ji hon ble former President of India I pray for his long and healthy li","0"
"Happy birthday to me Nobody likes me now that I m 23 birthday anna princess cosplay wig","0"
"Wishing the very Handsome and Alluring a very Happy Birthday A treat to all his Fans","0"
"Happiest birthday may all your dreams come true enjoy your day xoxo alyazyah love you shmmsa","0"
"Thank you everyone for my birthday Love best 25th birthday I could ask for Nothing but","0"
"Losing your voice during finals week which is during your birthday week isn t the move","0"
"Happy 27th Birthday to Teyana Taylor","0"
"Thank you to all of my friends and extended family that showed up tonight for my Birthday eve show From the bottom of","0"
"Birthday Party Happy B day to my daddy Thank you Mark amp my friend kkkkkkk","0"
"btw tzuyu is the sweetest baby she wrote happy birthday to me in traditional chinese it s so cute her handwriting s so cute","0"
"a thread of photos 15th birthday","0"
"happy birthday pretty girl","0"
"Happy birthday to the most interesting guy I know WuShox","0"
"lacy happy 17 birthday baby blessed to have someone like you in my life wouldn t wanna be petty with any1 else love u","0"
"happy birthday bebe ko Loveyouuuu mwapppsss u know naman i always gotchu","0"
"happy birthday hope it was everything you wanted amp more","0"
"Hope is the thing with feathers That perches in the soul And sings the tune without the words And never stops at al","0"
"Taylor s birthday is in a few days so RETWEET WHILE YOU STILL CAN 28YearsOfTaylorSwift","0"
"Sehun drawing collection 1 Airplane 2 Penguin 3 Heart 4 chicken 5 VIVI 6 Birthday cake 7 Rose Our Makn","0"
"Tutorials for Daehwi s birthday ads ongoing votings","0"
"Happy birthday just placed an order for these beauties no more green sun","0"
"happy birthday nia although we havent talk to each other much but i hope we will soon enjoy your special day","0"
"Birthday tomorrow","0"
"Hard to imagine a better capstone to Marc s birthday than the victory FlyEaglesFly","0"
"celeBREEty Soooo my mom turned 50 Happy Birthday Mommy BlackDontCrack WhatsInThoseGenes","0"
"Happy 30th birthday Higuain Why not take a moment to remember his best moments with in LaLiga htt","0"
"Wishing the Singer with a very Soulful voice a very Happy Birthday Lets all wish him the comments below Hi","0"
"Fancafe 171211 Yuto Happy Happy Birthday yo My best hyung Happy Birthday Have a good day today and let s get back to","0"
"this is Brennan and he s a huge noles fan Brennan is a heart transplant recipient and was FSU official guest","0"
"Happy Birthday Alan Ottos Shrunken Head","0"
"it s my husbands birthday tomorrow lesssgooooo","0"
"crazy how 15 years from now it might be ur wedding or ur kids birthday but rn it s just a regular shitty day","0"
"celeBREEty Soooo my mom turned 50 Happy Birthday Mommy BlackDontCrack WhatsInThoseGenes","0"
"happy birthday babe","0"
"Wishing You A Very Happy Birthday","0"
"Her 30th birthday was also her last","0"
"happy birthday I admire your kind spirited self so much","0"
"Taylor s birthday is in a few days so RETWEET WHILE YOU STILL CAN 28YearsOfTaylorSwift","0"
"aryonnaa happy birthday qt","0"
"Beauty with Brains are the apt words for her Wishing the extremely Gorgeous amp Ravishing a very Happy Birthd","0"
"Happy Birthday Katrina","0"
"It s Nicki s birthday today so you know I have to bless the TL with this legendary verse","0"
"williams Happy birthday my beautiful wonderful inspirational Mama","0"
"A five time Scudetto winner who always gives his all Happy 29th birthday","0"
"wanna spend my birthday at my comfort place","0"
"happy birthday to yebin s bestie jung chaeyeon we all hope you have an amazing day with your friends and family you des","0"
"2332 happy birthday","0"
"Happy birthday to my favorite celebrity chef in celebration I d like to show off the dishes I ve trie","0"
"Happy birthday Amber","0"
"crazy how 15 years from now it might be ur wedding or ur kids birthday but rn it s just a regular shitty day","0"
"Its my birthday","0"
"jeremiah birthday sex zshare thick hmong girls nude","0"
"Happy birthday to the best soccer playa have a kick ass 18","0"
"Anderson3 Happy Birthday guyer","0"
"May every year you celebrate your silver Jubilee birthday","0"
"To my sweet baby girl Nicole happy 18th birthday I hope you have the best of time doing what yo","0"
"Taylor s birthday is in a few days so RETWEET WHILE YOU STILL CAN 28YearsOfTaylorSwift","0"
"happy 18th birthday sweet pia god bless amp im sorry i won t be able to make it to your debut ah all the lov","0"
"It s Nicki s birthday today so you know I have to bless the TL with this legendary verse","0"
"Happy birthday to our late grandpa Tian He would ve been 97 today We miss you everyday","0"
"Happy birthday I miss seein u everyday at soccer I hope u had the best day Love you","0"
"happppy birthday pretty girl","0"
"Birthday dinner w my favorite people","0"
"literally 364 days of the year i am selfless and caring about other people don t fucking talk to me about you on my birthday","0"
"happy birthday to my bestie so thankful for you and our late night talks live it up buddy 17 looks good on you","0"
"Wishing WristJaadugar amp Bhrata Shri a very happy birthday Can calm any situation with a flick of his wri","0"
"Happy Birthday KennethBranagh","0"
"Happy Birthday big bro","0"
"Hard to imagine a better capstone to Marc s birthday than the victory FlyEaglesFly","0"
"Happy 27th Birthday to Teyana Taylor","0"
"Birthday greetings and best wishes for a long and happy life to former President Shri Pranab Mukherjee whom we affect","0"
"The Colors of Daniel 2017 kang daniel birthday countdown by kingpeach1210 r e d ColorsofDaniel2017 ht","0"
"wassup princess our birthday was in november","0"
"Happy birthday baby","0"
"HAPPY BIRTHDAY","0"
"Happy 18th birthday to the sweetest person I know thank you for being so awesome I love you so much htt","0"
"Big Bang Theory birthday Young Sheldon trip to Cape Canaveral","0"
"A big happy 20th birthday to the sweetest person ever So glad I got to see your beautiful smile yesterday love y","0"
"twt the 12th of this month is my birthday I turn 18 years old when they debuted I thought they are beautifu","0"
"Happy birthday tito jho Enjoy being young smile lang and goodvibes","0"
"Birthday in 2 days Pitch Perfect 3 out in 13 days Christmas in 16 days Next Christmas in 381 days What a time t","0"
"Its three hundred amp amp forty nine days until my birthday come back around","0"
"Happy 27th Birthday to the baddest Teyana Taylor","0"
"I never look forward to my birthday BUT","0"
"Genua Happy birthday to the love of my life I miss you the mostest suga hope Florida is being good to you abby","0"
"Atty2014 Happy belated birthday and we hope to see you soon","0"
"Finally got to witness com s beautiful ad in times square hope you had a wonderful birthday Kangdaniel h","0"
"BTW Helen celebrates her birthday today She moved the celebration to align with Emily Dickinson","0"
"Taylor Caniff via Instagram Happy half birthday to one of the best friends","0"
"Happy Birthday Bro","0"
"Happy birthday Sharafuddin mate Have a blast","0"
"happy birthday to this precious angel who s heart is just as gorgeous as her visuals HappyChaeyeonDay lt 3","0"
"","0"
"A boy asked his bitcoin investing dad for 1 bitcoin for his birthday Dad What 15 554 14 354 is a lot of money","0"
"it s weird how 10 years from today it could be ur wedding day or ur kids birthday but rn it s just a regular day","0"
"I can t decide what I want to do for my 21st birthday in 4 months and that s what really keeps me up at night","0"
"Finally got to witness com s beautiful ad in times square hope you had a wonderful birthday Kangdaniel h","0"
"crazy how 15 years from now it might be ur wedding or ur kids birthday but rn it s just a regular shitty day","0"
"I cry on my birthday and New Years for the same reason I m always so grateful that I ve lived to see another year","0"
"Happy birthday","0"
"How bout the fans who pay money going to the game for their 18th birthday cough cough","0"
"Happy birthday bro hope it was a good one","0"
"Sending a Massive Happy Birthday to","0"
"happy birthday gorgeous","0"
"gonna stop smokin after my birthday I need my lungs to get back right for my moms workouts","0"
"EXO Ls ERIGOMS so a group of us have decided to do something for jongin s birthday on the 14 01 we re going to be sendin","0"
"Happy Birthday","0"
"I extend my warm birthday greetings to Congress President Smt SoniaGandhi ji Wish her a healthy happy and long life","0"
"happy birthday to you bro May God bless u bro","0"
"crazy how 15 years from now it might be ur wedding or ur kids birthday but rn it s just a regular shitty day","0"
"So my birthday is in a week if anyone would like to get me tickets","0"
"baskinn happy birthday boo","0"
"crazy how 15 years from now it might be ur wedding or ur kids birthday but rn it s just a regular shitty day","0"
"10 years old today I can t believe how fast we got here I m so proud to be your dad I love you with everything I","0"
"On the first day of the holidays StupidCancer gave to me support and a community To celebrate our 10th birthday so","0"
"all these fandom youths are gonna get the fright of their life in a few years when the clock strikes midnight on their t","0"
"All the people that came to Linley s birthday party have a special place in my heart and a special place in her lif","0"
"Me tomorrow on my birthday","0"
"crazy how 15 years from now it might be ur wedding or ur kids birthday but rn it s just a regular shitty day","0"
"happy birthday to my Croatian co captain","0"
"Happy Birthday Daddy Not a day goes by that I don t miss you I think about how it would be if you were still alive Th","0"
"weird how 15 years from now it might be ur wedding or ur kids birthday but rn it s just a regular shitty day","0"
"The older I get the more uninterested I become in my birthday","0"
"Months ago I would say one more week is missing for my best friend s birthday But now it s just not the same thing L M","0"
"happy birthday from brazil my love wish you all the best things in the world you re an amazing and inspiring wom","0"
"Happy 27th Birthday to Teyana Taylor","0"
"2112 happy birthday beauty hope it was a great day may god bless you always","0"
"ur celebrating his birthday no matter what u do a party isn t the only way someone celebrates a birthday","0"
"Mcclain15 Happy birthday Wish I still had those pics of you from Athens to post","0"
"Happy Birthday furukawaHP","0"
"crazy how 15 years from now it might be ur wedding or ur kids birthday but rn it s just a regular shitty day","0"
"Happy 24th Birthday DOOM DOOM WROTEIT AA Carmack","0"
"Happy birthday for the beautiful girl I hope you re dreams come true love u","0"
"osw Happy birthday to Daniel HappyDanielDay 12","0"
"Happy birthday to my number one girl","0"
"Happy Birthday Bauls12","0"
"inndy happy mf birthday to my sister I love you","0"
"If Clarke s the Princess then you re our Prince Happy Birthday The100 Bellarke","0"
"Hard to imagine a better capstone to Marc s birthday than the victory FlyEaglesFly","0"
"tris Aye February rey be lit My birthday and black panther and now this whats next lol can t wait","0"
"celeBREEty Soooo my mom turned 50 Happy Birthday Mommy BlackDontCrack WhatsInThoseGenes","0"
"Happy 27th Birthday to Teyana Taylor","0"
"Happy birthday to U S Senator a mentor friend amp one of the nicest people I know Arkansas is lucky to have y","0"
"Best birthday ever Thank you mathew amp for helping me turn 29 FindYourPark","0"
"ARMY I SMART TV CHANNEL BTS Jin ah Happy Birthday twt","0"
"crazy how 15 years from now it might be ur wedding or ur kids birthday but rn it s just a regular shitty day","0"
"crazy how 15 years from now it might be ur wedding or ur kids birthday but rn it s just a regular shitty day","0"
"Happy birthday sweetie hope that all your wishes come true enjoy your day","0"
"Happy birthday to U S Senator a mentor friend amp one of the nicest people I know Arkansas is lucky to have y","0"
"Growing up means your birthday is just as meaningless as every other day of your existence","0"
"Happy Birthday Randy Bryce Instead of buying you a cake I kicked in a few more dollars to the campaign effort Keep","0"
"Seungri wearing a shirt that says Instagwapo spoof of Instagram amp gwapo that means handsome in Filipino shirt fo","0"
"happy birthday chaeyeon i m so so proud of you and i hope you have the best birthday ever keep being the incredible p","0"
"News Happy birthday to U S Senator JohnBoozman a mentor friend amp one of the nicest people I know Arkansas is lucky","0"
"my little brother invited 8 friends over for his birthday and none of them showed up he is a really big OC football f","0"
"I got Grayson good just a little birthday surprise","0"
"Happy birthday to the world s softest purest most adorably innocent puppy You have come and reached so far and th","0"
"Oh harini birthday ayahanda mertua Happy birthday","0"
"Happy birthday hope it was good one","0"
"SG Jin s birthday ad at Apgujeong station by jin","0"
"happy birthday soulmate i love you","0"
"Mj Happy Birthday Rest in Heaven","0"
"Happy birthday Alex","0"
"Happy Birthday to you Debbie Neal You are a fiercely loving human being my friend I am deeply","0"
"Birthday greetings and best wishes for a long and happy life to former President Shri Pranab Mukherjee whom we affect","0"
"Happy Birthday lovey kelly 98 I hope you are living it up at college I love and miss you so much","0"
"The holidays this year are gonna be so trash birthday included But whatever I just hope next year everything is co","0"
"happy birthday maretch","0"
"hmm i kind of wanna draw something for takumi s birthday maybe i ll draw my ship for him in my rev file","0"
"Happy birthday to my boy italo bless up man 2","0"
"Birthday to my best friend o3o however too late to finish and too fail on drawing them Orz","0"
"Happy Birthday to my brudda Great young man who is too smart for his own good but I admire him for","0"
"happy birthday sweetie i love you","0"
"panda14 Guys Send me videos of you wishing Taylor Swift a happy birthday at mlvandenberg14 com you can say whatever y","0"
"Happy birthday nutt","0"
"Faves from Myth s birthday party Thanks everyone She had so much fun and so did I 1 3","0"
"Happy Birthday best friend So proud of you and I can t wait to share more goods times Love you","0"
"Happy birthday dear offl Wishing all wonderful things your way Sangam","0"
"Happy birthday boo I hope you had a great day Koketso","0"
"crazy how 15 years from now it might be ur wedding or ur kids birthday but rn it s just a regular shitty day","0"
"My dad passed away when I was 16 from cancer and before he died he pre payed flowers so i could receive them every year","0"
"marinayg Ayyyye happy birthday","0"
"Champagne mam took over for birthday brunch De NOVO on the Park","0"
"happy birthday","0"
"My birthday almost here","0"
"Happy birthday to the love of my life I miss you the mostest suga hope Florida is being good to you abby","0"
"Happy birthday N8 ball","0"
"wojo happy birthday pretty girl miss you","0"
"Happy 27th Birthday to Teyana Taylor","0"
"crazy how 15 years from now it might be ur wedding or ur kids birthday but rn it s just a regular shitty day","0"
"Happy birthday bitch jp BJ s Restaurant and Brewhouse","0"
"happy birthday babygirl I love you and I hope you had an amazing day","0"
"Warm birthday wishes to our former President Shri Pranab Mukherjee ji May God bless him with a long an","0"
"aint no way my little childs birthday finally rolled around happy burfday uri hope it was swell","0"
"Today is my birthday I am officially accepting kisses Happy Birthday to me","0"
"HAPPY BIRTHDAY TO MY FAVORITE BBBOY go i still love you","0"
"Happy birthday WannaOne s KangDaniel The B boy from Busan who gave a lot of noona fans heart attack this year Get well","0"
"Thank you everybody for the birthday wishes and kicking it with me for the weekend I still hate alcohol 24 KobeYear","0"
"Birthday thingz lovely evening photography photo photos pic pics picture pictures","0"
"Kicking Off This Birthday Celebration with drinks amp dancing at district Love my friends","0"
"happy birthday radwa hope it was a good one","0"
"22 years later happy birthday to me","0"
"happppppy birthday mister","0"
"Happy 27th Birthday to Teyana Taylor","0"
"crazy how 15 years from now it might be ur wedding or ur kids birthday but rn it s just a regular shitty day","0"
"Cake 2 by kircer I need A cake made for my daughters birthday Budget 30 250 USD Jobs Cooking Baking","0"
"Happy birthday to a literal goddess HAPPYCHAEYEONDAY","0"
"Let s Smile with DefMeow Im Jaebeom s 25th Birthday Project Chinese Trans Korean Trans for those who","0"
"Happy birthday hope u have a great day homie can t wait to chill again in a few days","0"
"crazy how 15 years from now it might be ur wedding or ur kids birthday but rn it s just a regular shitty day","0"
"It s a little too cold for ice cream in Madison but I hope you liked the cupcakes all the same Thanks for spending your bir","0"
"2018 my babies 1st birthday and my 21st","0"
"Happy birthday Big Bro Thanks for the inspiration Stay sharp Detroit Michigan","0"
"18th birthday just a quick message to say thanks for the support","0"
"I got Grayson good just a little birthday surprise","0"
"tierrarenee happpyyyyy birthday to my sister for life I love you baby girl turn up for your sexy 2 0","0"
"happy birthday doyeon we hope you re having an incredible day HappyDoyeonDay","0"
"Happy birthday to my favorite baller I really want you to come back to Japan and hit so many dingers","0"
"bighit 1204 HAPPY BIRTHDAY WORLD WIDE HANDSOME JIN","0"
"ok but real talk having a december birthday sucks ass bc everyone s always like oh your birthday present s your christma","0"
"Happy 27th Birthday to Teyana Taylor","0"
"I didn t even know it was your birthday Seth Rollins YEAH RIGHT YOU DONT FOOL US","0"
"Your existence is a blessing Enjoy your birthday honey","0"
"HAPPY BIRTHDAY SORRY ALWAYS LATE BUT I HOPE YOU ENJOYED YOUR DAY AND MAY GOD BLESS YOU WITH MANY","0"
"happy birthday bff i hope your 17th was perfect brenna love you","0"
"You re not allowed to sleep on your birthday","0"
"Hope Your Special Day Brings Yu All That Your Heart Desires Happy B day daya sir Wish u A Very Happy Birthday","0"
"osw Happy birthday to Daniel HappyDanielDay 12","0"
"crazy how 15 years from now it might be ur wedding or ur kids birthday but rn it s just a regular shitty day","0"
"taylor it s my friend s birthday today 3 days before your 13 lucky day and she has been on you for7 years Wish a as a","0"
"Happy Birthday to PENTAGON s Shinwon HappyShinwonDay Catch up with him","0"
"Sonnn this was the best birthday of my life","0"
"Happy Birthday We pray that God continues to bless guide and protect you","0"
"This is true I just want to have a fun birthday with the ppl I care about","0"
"Happy 18th birthday Girl99 I hope it was one for the books much love for you babe","0"
"Candy table I did for a 50th birthday no I don t have cards no","0"
"Tomorrow is my best friends 21st birthday","0"
"Happy birthday Hope you had a super wonderful day","0"
"happy birthday to my brother","0"
"Happy birthday to this beautiful soul","0"
"Not to be so negative all the time but this was literally the worst birthday I have ever had","0"
"OMG IT IS HYOLYN DAY HAPPY BIRTHDAY TO OUR CEO KIM HYOJUNG ILY SO MUCH QUEEN HappyHyolynDay","0"
"Happy birthday Hope you had a great day get lit tonight","0"
"I got Grayson good just a little birthday surprise","0"
"Happy 21st Birthday ya Pitch","0"
"I love you enbot","0"
"happy birthday mina please always stay healthy and keep being the lovely bubbly girl we know HappyMinaDay","0"
"Happy birthday and s o to her line Fade2Fit is the new movement","0"
"HAPPY BIRTHDAY TO THE QUEEN HERSELF HappyHyolynDay","0"
"SG Jin s birthday ad at Sinsa station by","0"
"crazy how 15 years from now it might be ur wedding or ur kids birthday but rn it s just a regular shitty day","0"
"Biafra let wish our dearest cousin and a hardcore Biafra supporter Naomi Litvin an Israeli a happy birth","0"
"Taylor s birthday is in a few days so RETWEET WHILE YOU STILL CAN 28YearsOfTaylorSwift","0"
"happy birthday mate sorry it s late Hope you ve had a good one ly","0"
"When will your fav be this goth Happy birthday Joan Didion Sagittarius legend","0"
"The Jett Go Kart Racing On his birthday He took first place TheJettTurns10 MB2 Raceway","0"
"Happy Birthday Hailee I love ur Most girls very much Have a nice day","0"
"happy birthday","0"
"Happy 27th Birthday to Teyana Taylor","0"
"Ashers Happy Birthday pretty","0"
"Happy Birthday beautiful girl you deserve the best Love you","0"
"Happy birthday","0"
"Today is the birthday of Kim Hyo Jung one of the best kpop idol bc she is just amazing and one of the greatest vocalist of","0"
"Thank you so much PresidentTrump for reminding us all how ridiculous the Liberals War on Christmas was Christmas is the","0"
"I don t even know what to do for my birthday tomorrow","0"
"Happy birthday to you Nakshith my love December10 Birthday Son","0"
"Happy birthday to Wanna One s center Kang Daniel HappyDanielDay 12","0"
"It s Nicki s birthday today so you know I have to bless the TL with this legendary verse","0"
"This is a lightning alert","0"
"Happy Birthday Wishing you many more Old Man","0"
"Let s Smile with DefMeow Im Jaebeom s 25th Birthday Project Russia Trans Espaniol Trans Indonesia Trans for those who","0"
"happy birthday baby ily","0"
"The earth blessed my birthday with the best present today","0"
"Happy 27th Birthday to Teyana Taylor","0"
"happy birthday ily","0"
"shea What are you even doing for your birthday","0"
"Birthday and 2 days","0"
"I need my birthday to be the absolute best I want something different idk what thoe","0"
"Happy birthday to this sweet soul I love you so much pie and can t wait for another random coffee date ho","0"
"Happy Birthday beautiful","0"
"22 Happy birthday tyra","0"
"Today is RAW General Manager s birthday It s true IT S DAMN TRUE HappyBirthdayKurt","0"
"ADN Joy25","0"
"I usually hate my birthday but damn this year was so good I didn t do anything big or have a party but having ev","0"
"31 HAPPY BIRTHDAY BEAUTIFUL jky","0"
"music Hep hep hooray It s s birthday week and we re having a weeklong celebration Swifties are you ready for it","0"
"FINNS BIRTHDAY PROJECT rules rt to join send a video preferably less than 10 seconds saying happy birthday to finn and","0"
"alara Happy Birthday to the most talented woman on earth HappyHyolynDay hyolyn","0"
"celeBREEty Soooo my mom turned 50 Happy Birthday Mommy BlackDontCrack WhatsInThoseGenes","0"
"happy birthday to the queen of being from vancouver but being in love with scarborough hope this year brings you joy in","0"
"Birthday Party for Dog Diamond 10th birthday Vlogs via","0"
"Happy Birthday to my beautiful sister I m so sorry you re not feeling good but I hope you had a day as amazing as","0"
"It s Nicki s birthday today so you know I have to bless the TL with this legendary verse","0"
"helloooo nia hehehe happy birthday ily alot even tho we dont talk mich but yea have a great day ahead hehe","0"
"Happy birthday to the person I love more than anything else","0"
"Happy 27th Birthday to Teyana Taylor","0"
"crazy how 15 years from now it might be ur wedding or ur kids birthday but rn it s just a regular shitty day","0"
"Bryan happy birthday","0"
"Weeezy This poor girl at the hotel last night was crying stopped crying to take a shot just to cry harder and then she just screa","0"
"happy birthday this night was one way of getting to know you","0"
"When 2 Chains said for my birthday I threw me a surprise party","0"
"Armani my bestfriend s 21st birthday went a little something like this","0"
"People often compare birthdays with boogers Because with the increase of its number people find breathing harder","0"
"crazy how 15 years from now it might be ur wedding or ur kids birthday but rn it s just a regular shitty day","0"
"Happy birthday queen","0"
"Happy birthday beautiful I pray you have a awesome day you so deserve it thank you for always keeping","0"
"Garcia HEY DUDE I WANT TO GIVE YOU AND MY PAINTING FOR YOUR BIRTHDAY CHRISTMAS Please","0"
"Wow Happy Birthday to a sag nigga I can tolerate","0"
"Happy birthday to my favorite CEO artist amp the Queen of vocals Hyolyn You taught me money should come before love whe","0"
"Warm birthday greetings to Shri Pranab Mukherjee ji hon ble former President of India I pray for his long and healthy li","0"
"happy birthday savy i hope your day was as great as you gonna miss you next year goat","0"
"The holidays this year are gonna be so trash birthday included But whatever I just hope next year everything is co","0"
"xoxo Happy birthday to the OG my dad","0"
"My everything I love you like no other happy birthday David E Razor the 3rd","0"
"Let s Smile with DefMeow JB s 25th Birthday Project Donation Kit Samples for those who want to donate only is also acc","0"
"ShahRukhKhan SrkAsk 2 Days For SRKs Birthday Two days left in the great miracle","0"
"ash Happy Birthday Ashlynn","0"
"imy2 It s been since my birthday","0"
"HAPPY BIRTHDAY Retweet to wish Joy a great one reiders","0"
"HAPPYHYOLYNDAY happy birthday to our incredibly talented and beautiful leader","0"
"Goofy draws his last breath after a booty breaking battle Who did this to our delightful doggo Big thanks and belated bi","0"
"Happy birthday to my beautiful Lil Cousin","0"
"guys I think I m gonna get a cmbyn tattoo for my birthday","0"
"Actually fuck it January 6 I m pretty tired of living miserable and I m not living through my daughters second stra","0"
"Happy Birthday Kang Daniel HappyKangDanielDay twt","0"
"Happy birthday stillhaveyettomeetyou","0"
"Spot who s who at s 52nd birthday bash at Alibaug","0"
"Happy birthday to U S Senator a mentor friend amp one of the nicest people I know Arkansas is lucky to have y","0"
"osw Happy birthday to Daniel HappyDanielDay 12","0"
"Today was Christa and Rachel s birthday members and Sac Gamers Expo attendees de","0"
"happy birthday babes hope that today was as lit as this day love ya","0"
"Today was Christa and Rachel s birthday members and Sac Gamers Expo attendees de","0"
"Today was Christa and Rachel s birthday members and Sac Gamers Expo attendees de","0"
"Keep calm and wait for 12am Adv Birthday wishes thalaivaa offl Waiting for and his team twee","0"
"happy birthday brother love you homie 5","0"
"to queen hyo i hope you have an amazing day you deserve everything good in this world and you deserve to feel all the","0"
"HAPPY BIRTHDAY AND BY THE WAY WENTZ IS OUT FOR THE REST OF THE SEASON THE RED SEA HAS PARTED FOR MY COWBOYS ONCE AGAIN","0"
"Happy birthday brotha 8","0"
"Thanks everyone for all the birthday love I had a great day with family lastoneinthe20s 29forever","0"
"Happy birthday my g luv bro","0"
"foster happy birthday big dog","0"
"Comet Gift Tags via naturecuts gifttags giftbag comet outerspace spacetheme b","0"
"chow3 Wall Posters WorldStyleDay Thalaivar Birthday in 2 Days SUPERSTAR Rajinikanth","0"
"Happy Birthday","0"
"nicaa guevaraa Happy Birthday boo love you so much","0"
"Happy 27th Birthday to Teyana Taylor","0"
"Happy birthday enjoy your day love","0"
"A group of kids sparked a J next to my mom on the chairlift and asked her if she wanted a hit What a birthday for Cesca","0"
"Happy birthday to our CEO Hyolyn HappyHyolynDay","0"
"shmmsa happy birthday beautiful god bless u 3sa 3amch s3ada w 7ub","0"
"HAPPY BIRTHDAY I hope you re having a wonderful day here s to many more years","0"
"crazy how 15 years from now it might be ur wedding or ur kids birthday but rn it s just a regular shitty day","0"
"happy birthday","0"
"koree HAPPY BIRTHDAY","0"
"lipoldino Happy birthday to my sweet here with","0"
"happy birthday bruva","0"
"IT S ALREADY YOUR BIRTHDAY IN BRAZIL HAPPY BIRTHDAY GIRLIE I LOVE YOU WITH ALL MY HEART I M SO PROUD OF WH","0"
"Happy Birthday","0"
"My birthday just became super hype","0"
"T AboutLASTNIGHT Happy Birthday to Me","0"
"happy birthday Katyra","0"
"Luke Skywalking on these haters celebrate everyday like a birthday","0"
"I had an awesome 3 day non stop birthday weekend Legit","0"
"HappyHyolynDay Happy birthday to the most brave strong independent woman we all know To SISTAR s forever main vocali","0"
"4 dayz till a bad bitch birthday","0"
"Nurse Shark Confetti via naturecuts confetti shark nurseshark sharkweek ocean","0"
"crazy how 15 years from now it might be ur wedding or ur kids birthday but rn it s just a regular shitty day","0"
"I m going to lay awake at night mourning why that dress wasn t 25 or 29 It was perfection But alas I cannot co","0"
"Molly just turned 15 years old Let s wish her a Happy Birthday","0"
"Happy birthday","0"
"Happy birthday to my favorite Goldfish","0"
"hey uh someone buy these with me so I can go since it s my 21st birthday that weekend","0"
"Smoking backwood with da only woman I trust happy birthday ma","0"
"adult birthday ideas","0"
"It s Day 3 of Lily s Birthday Gift Guide and Giveaways Read all about why a VQ Retro Mini Radio would be the perfect gi","0"
"If your an Elvis fan in the join us for our upcoming Elvis Birthday Celebration otherwise subscribe at","0"
"Happy Birthday uri CEO Hyo We love you so much Always remember we re always here for you 1 HappyHyolynDay ht","0"
"Happy birthday to the 1st Nicki Minaj","0"
"crazy how 15 years from now it might be ur wedding or ur kids birthday but rn it s just a regular shitty day","0"
"My birthday literally coming","0"
"Day 3 Of Lily s Birthday Giveaways Enter to Win One of 2 Kids Mini Radios on the Blog","0"
"Last 1 Once Again Happy Birthday To You Stay blessed n Happy Always Ameen myhero HappyBirthda","0"
"Best Birthday Present Ever Thanks BeAChampion","0"
"Congressional staffers flocking to sexual harassment training see more WingsTourFinalDay3 T","0"
"It s a little too cold for ice cream in Madison but I hope you liked the cupcakes all the same Thanks for spending your bir","0"
"Happy Birthday to Apoorva","0"
"Ji Wishing you a Devotional Wisdomful Healthy Wealthy amp Happy Birthday and Life ahead","0"
"twt last year daniel celebrated his birthday with just his mom and his cats a week after he had auditioned for p101 just hold","0"
"I guess u can have a birthday post Hbd magic cach","0"
"Damn Bro Happy Birthday OT","0"
"moha12 Celeberating a Birthday is Haram once you throw party and ppl are getting wildin and t","0"
"Happy birthday to the best leader most talented and kindest idol ever you deserve the world star1s are so proud of you","0"
"happy birthday","0"
"my little brother invited 8 friends over for his birthday and none of them showed up he is a really big OC football f","0"
"K A OnBehalf of Thala Ajith fans Best Birthday wishes to talented Actor offl HBDArya HappyBirthdayArya","0"
"Happy birthday to my other half who always has it together despite whatever the heck it is I m doing next to him","0"
"my little brother invited 8 friends over for his birthday and none of them showed up he is a really big OC football f","0"
"happy birthday hope your day was great lt 33","0"
"Enjoy my birthday with loved ones and friends","0"
"HAPPY BIRTHDAY TO MY BIMB thank u for keeping u wd me everyday hoping u wont get sick of me anytime soon here s","0"
"Happy 27th Birthday to Teyana Taylor","0"
"Happy 27th Birthday to Teyana Taylor","0"
"Happy birthday Bear","0"
"Her birthday tomorrow","0"
"Giant snake birthday cake large fries chocolate shake","0"
"ahhhhh happy birthday g","0"
"Happy Birthday to a strong loving independent woman I wish you nothing but the best and am so proud of what you ve accompli","0"
"a drawing of jin i did a while back for jin s birthday","0"
"Tomorrow Fr my birthday this year just flew by","0"
"My Birthday amp Lovesick by in Budokan is coming Ahh my heart T T I still I miss you I still I love you","0"
"KANG DANIEL VIETNAMESE FANS BIRTHDAY SUPPORT YOUNG amp WILD PROJECT May all the blessings be upon you You are holy yo","0"
"Wait IT S YO BIRTHDAY","0"
"LIMITED TIME Birthday Snapchat Geofilter Personalized Custom On Demand Geo Filter Quinceanera bir2 by JessicaMich","0"
"Happy Birthday to a great coach mentor and friend","0"
"Happy Birthday to Anne Gwynne She is the grandmother of actor Chris Pine","0"
"happy birthday pretty i hope you had the best day","0"
"Yeah lol wow I keep meeting people with the same birthday as me","0"
"crazy how 15 years from now it might be ur wedding or ur kids birthday but rn it s just a regular shitty day","0"
"moha12 They bring food for the purpose of accommodating them not to celebrate the Prophet s birthday story LMAO","0"
"I got Grayson good just a little birthday surprise","0"
"Happy 27th Birthday to Teyana Taylor","0"
"I wanna have a yellow birthday bash","0"
"Happy birthday Sam SamCrawford","0"
"Happy birthday to the great state of Mississippi nowhere in the word like that place Will always be home","0"
"F CK IT UP IF IT S YOUR BIRTHDAY BIIIIIITCH","0"
"AND I AM SUDDENLY SO EMO BC I AM REMEMBERING OF ALL THE LEGENDARY HAPPY BIRTHDAY BRO S","0"
"happy birthday my dear enjoy your day","0"
"rileybalconi happy birthday cutie I love u so much amp hope ur 16th was the absolute best","0"
"b23 Happy MF birthday hope you had a kick ass day love you man","0"
"happy birthday nubs","0"
"happy birthday pretty hope all your wishes come true and may God bless you with many many more Xoxo","0"
"Happy 27th Birthday to Teyana Taylor","0"
"2332 happy birthday","0"
"happy birthday","0"
"Happy birthday to my day one brother hope you enjoyed I t love you bro","0"
"happy birthday to one one of my fav ppl pineza ilysm tho kinalimutan nyo na me MGBU","0"
"Birthday next weekend imfinnaactup 21Hoe","0"
"alyssatorres Happy birthday queen","0"
"Happy Birthday Danielkang HappyDanielDay 12","0"
"happy birthday jah enjoy your day ilyyyy","0"
"Taylor Caniff via Instagram Happy half birthday to one of the best friends","0"
"Happy Birthday","0"
"Happy Birthday Kang Daniel HappyKangDanielDay twt","0"
"Hello everyone a small group of UK EXO Ls are organising a birthday project for Jongin we re going to be sending a ph","0"
"Happy Birthday to the Thanks for being our fearless leader","0"
"It s already 12 11 in Brazil Happy Birthday to my inspiration and greatest man alive lt 3","0"
"celeBREEty Soooo my mom turned 50 Happy Birthday Mommy BlackDontCrack WhatsInThoseGenes","0"
"NatureCutsTags Fancy FoxConfetti via naturecuts etsy confetti cutout etsyshop fox","0"
"I just want to publicly announce that my family brookee Lisa and are the f","0"
"ME AND LESLY HAVE THE SAME BIRtHDAY AND NEVER KNEW BUT WE BEEN MUTUALS FOR SO LONH","0"
"Dafuuuck So Basically For My Birthday","0"
"Happy birthday to U S Senator a mentor friend amp one of the nicest people I know Arkansas is lucky to have y","0"
"Happy 19 Birthday to my cousin Carter you ll always pull off the skeleton boy look no matter how old you are I","0"
"Kianni great8 Happy Birthday Zai","0"
"What about a really early happy birthday haha","0"
"sosaa Happy birthday bby","0"
"Hello Happy Birthday TVD","0"
"mariano corsi happy birthday jpjpjp","0"
"Happy 27th Birthday to Teyana Taylor","0"
"4 HAPPY BIRTHDAY","0"
"crazy how 15 years from now it might be ur wedding or ur kids birthday but rn it s just a regular shitty day","0"
"Happy birthday","0"
"Yesss Happy birthday to one of my fave poets ever","0"
"If we got taken over on Thursday this week for my birthday it would be the best birthday present ever NUFC","0"
"Happy Birthday Bro","0"
"guy though Happy Birthday bro","0"
"My sweet old girl Zoe is 14 today Happy Birthday","0"
"Ej Birthday celebrations with fans","0"
"HAPPY BIRTHDAY","0"
"I love space themes and I love klance so drew some space themed klance for my birthday next week ayy klance","0"
"celeBREEty Soooo my mom turned 50 Happy Birthday Mommy BlackDontCrack WhatsInThoseGenes","0"
"Did you know that the first text message ever sent was Merry Christmas about 25 years ago Source","0"
"nia happy birthday we should talk more okie","0"
"happy birthday","0"
"Also wore all the new make up my hubby bought me for my birthday","0"
"Hard to imagine a better capstone to Marc s birthday than the victory FlyEaglesFly","0"
"Seungri wearing a shirt that says Instagwapo spoof of Instagram amp gwapo that means handsome in Filipino shirt fo","0"
"Happy birthday to U S Senator a mentor friend amp one of the nicest people I know Arkansas is lucky to have y","0"
"soraya Finally legal Happy Birthday to us twins","0"
"250 RTs and will send me a Brett Gardner jersey for my birthday 12 12 Please","0"
"I have such a love hate relationship with having a December birthday","0"
"Happy birthday Jazzy","0"
"My birthday ain t even start and it s already the best birthday ever","0"
"Happy 4th birthday to my little buddy Aria Seems like yesterday you were just a baby in my","0"
"zavala5 krrrys Happy birthday","0"
"Your mcm made a RIP August Ames post and overwhelmed with loss forgot your birthday","0"
"Happy birthday Wish I still had those pics of you from Athens to post","0"
"jAc 171211 clickstarwars Instagram Minho s birthday video taken on the big billboard in Hongdae intersection A bright smile","0"
"Respected Mam Good Morning amp Hello amp Happy sunday Wish U a very Happy Birthday Regards From Madan La","0"
"I got Grayson good just a little birthday surprise","0"
"Happy late birthday to me","0"
"TRANS Wanna One members birthday message for Kang Daniel","0"
"Good night And you know who is almost a Birthday Boy","0"
"Catherine Zeta Jones shares sweet photo to celebrate Kirk Douglas 101th birthday International Business Times U","0"
"Molly just turned 15 years old Let s wish her a Happy Birthday","0"
"Happy birthday WannaOne s KangDaniel The B boy from Busan who gave a lot of noona fans heart attack this year Get well","0"
"Happy birthday lil cuz I love you stay humble","0"
"crazy how 15 years from now it might be ur wedding or ur kids birthday but rn it s just a regular shitty day","0"
"KIM TAEHYUNG BIRTHDAY GIVEAWAY Retweet and Must be following me to enter Turn on notif Worldw","0"
"Happy Birthday to my best friend","0"
"We ve had a hard year This year I think black people should celebrate black history month like its everybody s birthday","0"
"Happy birthday folk boy","0"
"Haha HAPPY BIRTHDAY RAVEN","0"
"Happy birthday g3eee hope u have an amazing day babe","0"
"cope96 Happy Birthday Sammy Boi","0"
"happy early birthday rach","0"
"Post Birthday Mood","0"
"girls keep calling me a virgo because my birthday is 9 17 but I have definitley had sex before","0"
"Worst birthday of all time Gonna cry tonight","0"
