"setel theme song Thor Ragnarok","0"
"Patriot45","0"
"RT amp follow for your chance to WIN a exclusive Thor Ragnarok box with Hulk Pop amp Small Tee","0"
"RT amp follow for your chance to WIN a exclusive Thor Ragnarok box with Hulk Pop amp Small Tee","0"
"RT amp follow for your chance to WIN a exclusive Thor Ragnarok box with Hulk Pop amp Small Tee","0"
"avengers ok we need loki to convince thanos he is with him loki stab thor beside him to death copy that now what","0"
"when is it socially apropriate to livetweet thor like how many months do i have to wait b4 no ones spoiled or its","0"
"ICYMI ThorRagnarok King Thor Concept Art","0"
"RT amp follow for your chance to WIN a exclusive Thor Ragnarok box with Hulk Pop amp Small Tee","0"
"It s next on my list Already saw Justice League Thor and Murder on the Orient Express","0"
"thor BROTHER WATCH THIS smashes a beer can on his forehead and shotguns it THAT WAS FOR YOU loki secretly touched somet","0"
"thor ragnarok is a cinematic masterpiece","0"
"Watching Thor The Dark World for the first time The science in this is very confusing","0"
"i was about to say generally with an offended meme and then i remembered the atrocity of agent of asgard poisoned thor","0"
"ICYMI ThorRagnarok King Thor Concept Art","0"
"RT amp follow for your chance to WIN a exclusive Thor Ragnarok box with Hulk Pop amp Small Tee","0"
"Because here is the thing about THOR RAGNAROK It is DELIGHTFUL And I love being delighted I m so sick of endless dr","0"
"In ThorRagnorak we learn that Thor is the middle child It all makes sense now","0"
"9519 I ll even throw on a Thor costume just to watch it","0"
"ICYMI ThorRagnarok King Thor Concept Art","0"
"tom hiddleston really auditioned for thor s character with his noodle arms thor lmao","0"
"Part 1 from 2 i m done here w Now let me come back to Thor Ragnarok and be happy there forever w PS Do not edit crop r","0"
"RT amp follow for your chance to WIN a exclusive Thor Ragnarok box with Hulk Pop amp Small Tee","0"
"THOR RAGNAROK Becomes Fourth Superhero Movie Of 2017 To Cross 300 Million At The Box Office h","0"
"RT amp follow for your chance to WIN a exclusive Thor Ragnarok box with Hulk Pop amp Small Tee","0"
"RT amp follow for your chance to WIN a exclusive Thor Ragnarok box with Hulk Pop amp Small Tee","0"
"InfinityWarTrailer Idk what it is Nothing happened to Loki and Thor My sons are both fine together and happy https","0"
"RT amp follow for your chance to WIN a exclusive Thor Ragnarok box with Hulk Pop amp Small Tee","0"
"thor generally good lad","0"
"thor ragnarok is a cinematic masterpiece","0"
"Thor Ragnarok 2017","0"
"ICYMI THOR RAGNAROK King THOR Concept Art","0"
"9519 But fuck yeah only a matter of time til they add Thor Ragnorak","0"
"ICYMI ThorRagnarok King Thor Concept Art","0"
"al Thor 19 Couldn t agree more","0"
"RT amp follow for your chance to WIN a exclusive Thor Ragnarok box with Hulk Pop amp Small Tee","0"
"i still cant beat the last mission in chap 12 yet my thor hulk hulkbuster team cant cut it Need someone like quicksilver","0"
"Newz THOR","0"
"loki entering the room disheveled and out of breath from running sorry im late father i was busy doing stuff thor enteri","0"
"thor BROTHER WATCH THIS smashes a beer can on his forehead and shotguns it THAT WAS FOR YOU loki secretly touched somet","0"
"Because here is the thing about THOR RAGNAROK It is DELIGHTFUL And I love being delighted I m so sick of endless dr","0"
"YaBoiJared Thor Ragnarok was badass and hilarious 10 10 recommend","0"
"RT amp follow for your chance to WIN a exclusive Thor Ragnarok box with Hulk Pop amp Small Tee","0"
"RT amp follow for your chance to WIN a exclusive Thor Ragnarok box with Hulk Pop amp Small Tee","0"
"X Men filmmaker Bryan Singer is being sued for allegedly raping a 17 year old boy in 2003 and threatening him to keep q","0"
"RT amp follow for your chance to WIN a exclusive Thor Ragnarok box with Hulk Pop amp Small Tee","0"
"QuestionOfTheDay Your best friend has never seen a superhero movie before What superhero movie do you show them first","0"
"so Thor Ragnarok was amazing","0"
"trans has the worst thor ive ever seen","0"
"RT amp follow for your chance to WIN a exclusive Thor Ragnarok box with Hulk Pop amp Small Tee","0"
"i miss thor","0"
"RT amp follow for your chance to WIN a exclusive Thor Ragnarok box with Hulk Pop amp Small Tee","0"
"ThorRagnarok Becomes Fourth Superhero Movie Of 2017 To Cross 300 Million At The Box Office https","0"
"RT amp follow for your chance to WIN a exclusive Thor Ragnarok box with Hulk Pop amp Small Tee","0"
"RT amp follow for your chance to WIN a exclusive Thor Ragnarok box with Hulk Pop amp Small Tee","0"
"RT amp follow for your chance to WIN a exclusive Thor Ragnarok box with Hulk Pop amp Small Tee","0"
"ICYMI ThorRagnarok King Thor Concept Art","0"
"This is hard to choose but I think Thor is the best so far There is many thing that change with his cha","0"
"RT amp follow for your chance to WIN a exclusive Thor Ragnarok box with Hulk Pop amp Small Tee","0"
"the split second where thor thinks cap is going to be worthy and lift the hammer is still one of the only good parts about","0"
"Why only bang Thor once","0"
"THOR","0"
"thor ragnarok is a cinematic masterpiece","0"
"RT amp follow for your chance to WIN a exclusive Thor Ragnarok box with Hulk Pop amp Small Tee","0"
"Thor there s only one thing worse than dying Thor pulls back card so board says Loki dying Avengers LOKI Thor No","0"
"Which of these Movies from 4Years ago did you like the most ThorTheDarkWorld ChrisHemsworth Thor ManOfSteel He","0"
"Part 1 from 2 i m done here w Now let me come back to Thor Ragnarok and be happy there forever w PS Do not edit crop r","0"
"RT amp follow for your chance to WIN a exclusive Thor Ragnarok box with Hulk Pop amp Small Tee","0"
"FRANCE BANNED MY TWITTER ACCOUNT FOR REPORTING ON THIS TYPE OF REFUGEE JIHADI ENRICHMENT France is at war The French army","0"
"RT amp follow for your chance to WIN a exclusive Thor Ragnarok box with Hulk Pop amp Small Tee","0"
"RT amp follow for your chance to WIN a exclusive Thor Ragnarok box with Hulk Pop amp Small Tee","0"
"RT amp follow for your chance to WIN a exclusive Thor Ragnarok box with Hulk Pop amp Small Tee","0"
"Part 1 from 2 i m done here w Now let me come back to Thor Ragnarok and be happy there forever w PS Do not edit crop r","0"
"THOR","0"
"RT amp follow for your chance to WIN a exclusive Thor Ragnarok box with Hulk Pop amp Small Tee","0"
"Cub Casto15 Arguing with a mets fan is like arguing with a bri","0"
"RT amp follow for your chance to WIN a exclusive Thor Ragnarok box with Hulk Pop amp Small Tee","0"
"Thor Who the hell are you guys The Guardians","0"
"thor BROTHER WATCH THIS smashes a beer can on his forehead and shotguns it THAT WAS FOR YOU loki secretly touched somet","0"
"BRAND NEW THOR TRAILER","0"
"C A M P E O N E S","0"
"THOR RAGNAROK Has Officially Bypassed WONDER WOMAN To Become 7th Highest Grossing Movie Worldwide And 3rd Highest Com","0"
"Thor there s only one thing worse than dying Thor pulls back card so board says Loki dying Avengers LOKI Thor No","0"
"RT amp follow for your chance to WIN a exclusive Thor Ragnarok box with Hulk Pop amp Small Tee","0"
"RT amp follow for your chance to WIN a exclusive Thor Ragnarok box with Hulk Pop amp Small Tee","0"
"RT amp follow for your chance to WIN a exclusive Thor Ragnarok box with Hulk Pop amp Small Tee","0"
"Part 1 from 2 i m done here w Now let me come back to Thor Ragnarok and be happy there forever w PS Do not edit crop r","0"
"Thor there s only one thing worse than dying Thor pulls back card so board says Loki dying Avengers LOKI Thor No","0"
"Thor amp Justice League was dope af I can watch those movies more than twice","0"
"ThorRagnarok Becomes Fourth Superhero Movie Of 2017 To Cross 300 Million At The Box Office https","0"
"hela goddess of death first born of odin sister of Thor and Loki descriptive roleplayer retweet to reply","0"
"ICYMI THOR RAGNAROK King THOR Concept Art","0"
"tom hiddleston really auditioned for thor s character with his noodle arms thor lmao","0"
"I haven seen all the official MCU movies except the last 2 Thor movies Iron Man 3 Ant Man amp Doctor Strange","0"
"Patriot45","0"
"RT amp follow for your chance to WIN a exclusive Thor Ragnarok box with Hulk Pop amp Small Tee","0"
"Thor there s only one thing worse than dying Thor pulls back card so board says Loki dying Avengers LOKI Thor No","0"
"RT amp follow for your chance to WIN a exclusive Thor Ragnarok box with Hulk Pop amp Small Tee","0"
"ICYMI THOR RAGNAROK King THOR Concept Art","0"
"RT amp follow for your chance to WIN a exclusive Thor Ragnarok box with Hulk Pop amp Small Tee","0"
"RT amp follow for your chance to WIN a exclusive Thor Ragnarok box with Hulk Pop amp Small Tee","0"
"Thor and morla became friends today Also follow us on Instagram and Add us on Facebook","0"
"RT amp follow for your chance to WIN a exclusive Thor Ragnarok box with Hulk Pop amp Small Tee","0"
"Part 1 from 2 i m done here w Now let me come back to Thor Ragnarok and be happy there forever w PS Do not edit crop r","0"
"Thunder I ll leave a not for Kit and we ll head out he says and leads Thor into the house","0"
"x THOR AND LOKI ARE SO PERFECT TOGETHER IMAGINE THEM FUCKING SO HOT me they are brothers x but loki is adopted me","0"
"RT amp follow for your chance to WIN a exclusive Thor Ragnarok box with Hulk Pop amp Small Tee","0"
"RT amp follow for your chance to WIN a exclusive Thor Ragnarok box with Hulk Pop amp Small Tee","0"
"Peter Uh hey Mr Thor Thor You must be Peter Starkson It is an honour Peter Actually my name is Peter P Tony","0"
"RT amp follow for your chance to WIN a exclusive Thor Ragnarok box with Hulk Pop amp Small Tee","0"
"loki entering the room disheveled and out of breath from running sorry im late father i was busy doing stuff thor enteri","0"
"RT amp follow for your chance to WIN a exclusive Thor Ragnarok box with Hulk Pop amp Small Tee","0"
"RT amp follow for your chance to WIN a exclusive Thor Ragnarok box with Hulk Pop amp Small Tee","0"
"Patriot45","0"
"Tony Thor where have you been Thor I was out on a quest for the Infinity Stones Tony what did you find Thor Wel","0"
"loki entering the room disheveled and out of breath from running sorry im late father i was busy doing stuff thor enteri","0"
"QuestionOfTheDay Your best friend has never seen a superhero movie before What superhero movie do you show them first","0"
"Thor there s only one thing worse than dying Thor pulls back card so board says Loki dying Avengers LOKI Thor No","0"
"RT amp follow for your chance to WIN a exclusive Thor Ragnarok box with Hulk Pop amp Small Tee","0"
"RT amp follow for your chance to WIN a exclusive Thor Ragnarok box with Hulk Pop amp Small Tee","0"
"RT amp follow for your chance to WIN a exclusive Thor Ragnarok box with Hulk Pop amp Small Tee","0"
"St Jude s Hospital One of the most unfortunate tragedies of the election amp the hate that came with it was","0"
"RT amp follow for your chance to WIN a exclusive Thor Ragnarok box with Hulk Pop amp Small Tee","0"
"RT amp follow for your chance to WIN a exclusive Thor Ragnarok box with Hulk Pop amp Small Tee","0"
"RT amp follow for your chance to WIN a exclusive Thor Ragnarok box with Hulk Pop amp Small Tee","0"
"RT amp follow for your chance to WIN a exclusive Thor Ragnarok box with Hulk Pop amp Small Tee","0"
"Anger and hurtful tone Within a second he send Thor to an unknown realm that he didn t know about","0"
"RT amp follow for your chance to WIN a exclusive Thor Ragnarok box with Hulk Pop amp Small Tee","0"
"RT amp follow for your chance to WIN a exclusive Thor Ragnarok box with Hulk Pop amp Small Tee","0"
"thor BROTHER WATCH THIS smashes a beer can on his forehead and shotguns it THAT WAS FOR YOU loki secretly touched somet","0"
"thor","0"
"RT amp follow for your chance to WIN a exclusive Thor Ragnarok box with Hulk Pop amp Small Tee","0"
"loki entering the room disheveled and out of breath from running sorry im late father i was busy doing stuff thor enteri","0"
"tom hiddleston really auditioned for thor s character with his noodle arms thor lmao","0"
"RT amp follow for your chance to WIN a exclusive Thor Ragnarok box with Hulk Pop amp Small Tee","0"
"honestly its so hard to find the difference between thorki art or thor and loki art like","0"
"RT amp follow for your chance to WIN a exclusive Thor Ragnarok box with Hulk Pop amp Small Tee","0"
"Wonder if this happens to be the same one Hela came across in Thor Ragnarok","0"
"loki entering the room disheveled and out of breath from running sorry im late father i was busy doing stuff thor enteri","0"
"RT amp follow for your chance to WIN a exclusive Thor Ragnarok box with Hulk Pop amp Small Tee","0"
"The God kisses his Baby softly as he pulls in closer to him pressing his cock against Thor s own coc","0"
"Patriot45","0"
"thor peter and tony selfie for lt 3","0"
"tom hiddleston really auditioned for thor s character with his noodle arms thor lmao","0"
"It all begin when Thor listen to his brother and went on a mission in Jotunheim to attack the jotun","0"
"Yeah it was a fun ride but was that really a Thor movie lol","0"
"ICYMI THOR RAGNAROK King THOR Concept Art","0"
"Tokoye black Panther amp Thor Ragnarok Casts Photographed By Christopher Patey For The Ho ChrisHemsworth","0"
"RT amp follow for your chance to WIN a exclusive Thor Ragnarok box with Hulk Pop amp Small Tee","0"
"RT amp follow for your chance to WIN a exclusive Thor Ragnarok box with Hulk Pop amp Small Tee","0"
"baby thor wants to become a valkyrie","0"
"thor BROTHER WATCH THIS smashes a beer can on his forehead and shotguns it THAT WAS FOR YOU loki secretly touched somet","0"
"Part 1 from 2 i m done here w Now let me come back to Thor Ragnarok and be happy there forever w PS Do not edit crop r","0"
"RT amp follow for your chance to WIN a exclusive Thor Ragnarok box with Hulk Pop amp Small Tee","0"
"Part 1 from 2 i m done here w Now let me come back to Thor Ragnarok and be happy there forever w PS Do not edit crop r","0"
"RT amp follow for your chance to WIN a exclusive Thor Ragnarok box with Hulk Pop amp Small Tee","0"
"RT amp follow for your chance to WIN a exclusive Thor Ragnarok box with Hulk Pop amp Small Tee","0"
"Marvin Musquin Extends THOR MX Contract MM25 amp THOR MX motocross","0"
"loki entering the room disheveled and out of breath from running sorry im late father i was busy doing stuff thor enteri","0"
"i love you and thor definitely loves muppets","0"
"THOR WILL NEVER BE ON MY POLLS","0"
"Patriot45","0"
"RT amp follow for your chance to WIN a exclusive Thor Ragnarok box with Hulk Pop amp Small Tee","0"
"Marvin Musquin Extends THOR MX Contract MM25 amp THOR MX motocross","0"
"Tony Thor where have you been Thor I was out on a quest for the Infinity Stones Tony what did you find Thor Wel","0"
"loki entering the room disheveled and out of breath from running sorry im late father i was busy doing stuff thor enteri","0"
"tom hiddleston really auditioned for thor s character with his noodle arms thor lmao","0"
"I HAVEN T SEEN COCO AVENGERS THOR DUNKIRK OR JUSTICE LEAGUE I M PRESSED","0"
"Just re watched the first Thor movie as me and the kiddo make our way through the MCU on the journey to Infinity wa","0"
"I think it s the cutest thing when Thor falls asleep next to me if I leave the room he wakes up follows and conti","0"
"Only you would notice that","0"
"RT amp follow for your chance to WIN a exclusive Thor Ragnarok box with Hulk Pop amp Small Tee","0"
"when hela and the revengers are on the bridge near the end of ragnarok and loki just looks at thor and says i m not doin g","0"
"RT amp follow for your chance to WIN a exclusive Thor Ragnarok box with Hulk Pop amp Small Tee","0"
"Thor was beginning piece by piece to understand what was going on He look at her before he places h","0"
"RT amp follow for your chance to WIN a exclusive Thor Ragnarok box with Hulk Pop amp Small Tee","0"
"I am checking out Thor Thunderstorm for Unity3D and integrating with Enviro Weather system gamedev","0"
"thor loki i have to stop paying attention to you for five seconds while i help jane not die from the aether loki","0"
"Yeah i just t2 d thor gladiator my hulk uses his gladiator costume and is damn near unkillable I u","0"
"b d","0"
"I still need to see the new thor","0"
"palmyra","0"
"I got Thor Ragnarok","0"
"Gntlman c00lest","0"
"Voted for TeamThorRagnarok on the third film is one of Marvel s best","0"
"He smiles to him and follows Thor Thanks for inviting me","0"
"Thor and morla became friends today Also follow us on Instagram and Add us on Facebook","0"
"al Thor 19 Even your memes are all caps","0"
"Thor hands down I appreciate what Wonder Woman tried to do but it just wasn t a good movie IMO","0"
"if Thor ever wants to visit Earth he needs to stop by mi casa bc homie is fine","0"
"Iron Man Iron Man 2 Iron Man 3 Captain America TFA Captain America TWS Captain America CW Thor Thor TDW Thor Ragnarok I","0"
"RT amp follow for your chance to WIN a exclusive Thor Ragnarok box with Hulk Pop amp Small Tee","0"
"RT amp follow for your chance to WIN a exclusive Thor Ragnarok box with Hulk Pop amp Small Tee","0"
"RT amp follow for your chance to WIN a exclusive Thor Ragnarok box with Hulk Pop amp Small Tee","0"
"RT amp follow for your chance to WIN a exclusive Thor Ragnarok box with Hulk Pop amp Small Tee","0"
"loki entering the room disheveled and out of breath from running sorry im late father i was busy doing stuff thor enteri","0"
"RT amp follow for your chance to WIN a exclusive Thor Ragnarok box with Hulk Pop amp Small Tee","0"
"RT amp follow for your chance to WIN a exclusive Thor Ragnarok box with Hulk Pop amp Small Tee","0"
"RT amp follow for your chance to WIN a exclusive Thor Ragnarok box with Hulk Pop amp Small Tee","0"
"RT amp follow for your chance to WIN a exclusive Thor Ragnarok box with Hulk Pop amp Small Tee","0"
"I need to get my Hulk to T2 My favorite character is Sharon Rogers with the starlight armor My T2s that I","0"
"RT amp follow for your chance to WIN a exclusive Thor Ragnarok box with Hulk Pop amp Small Tee","0"
"Part 1 from 2 i m done here w Now let me come back to Thor Ragnarok and be happy there forever w PS Do not edit crop r","0"
"al Thor 19 Quite a lot of them are 60","0"
"Part 1 from 2 i m done here w Now let me come back to Thor Ragnarok and be happy there forever w PS Do not edit crop r","0"
"the split second where thor thinks cap is going to be worthy and lift the hammer is still one of the only good parts about","0"
"Pt I have a Thor Me oh cool buddy but why are you here Pt I have a Thor foot Me oh he s got that Mike Tyson lisp","0"
"Well If you would stop to always pull prank or to lie I would not have to do this Thor says cr","0"
"Thor ambles into the kitchen and sees Bucky staring at a pyramid of boxes decorated with a big red b","0"
"That s a good memory my dear Thor Ehehehehe","0"
"A thunderous roar escaped Thor s lips Friends It has been too long","0"
"RT amp follow for your chance to WIN a exclusive Thor Ragnarok box with Hulk Pop amp Small Tee","0"
"RT","0"
"The MCU Has A Combined Worldwide Total Of 2 6B For 2017 Led By SPIDER MAN HOMECOMING 880 2M GUARDIANS OF THE","0"
"RT amp follow for your chance to WIN a exclusive Thor Ragnarok box with Hulk Pop amp Small Tee","0"
"tom hiddleston really auditioned for thor s character with his noodle arms thor lmao","0"
"excuse me I m thor","0"
"Thor ragnarok","0"
"RT amp follow for your chance to WIN a exclusive Thor Ragnarok box with Hulk Pop amp Small Tee","0"
"Geek Room Thor Ragnorak Review amp Discussion ft Our Boi Brent","0"
"Have you try it before Because that s probably not a good idea to do but then again You can be surp","0"
"RT amp follow for your chance to WIN a exclusive Thor Ragnarok box with Hulk Pop amp Small Tee","0"
"Part 1 from 2 i m done here w Now let me come back to Thor Ragnarok and be happy there forever w PS Do not edit crop r","0"
"Part 1 from 2 i m done here w Now let me come back to Thor Ragnarok and be happy there forever w PS Do not edit crop r","0"
"RT amp follow for your chance to WIN a exclusive Thor Ragnarok box with Hulk Pop amp Small Tee","0"
"1 this hurt my heart 2 suddenly i need content of thor calling peter everything but spider man imagine the possibiliti","0"
"RT amp follow for your chance to WIN a exclusive Thor Ragnarok box with Hulk Pop amp Small Tee","0"
"on show Play with me Girls6","0"
"tom hiddleston really auditioned for thor s character with his noodle arms thor lmao","0"
"RT amp follow for your chance to WIN a exclusive Thor Ragnarok box with Hulk Pop amp Small Tee","0"
"palmyra","0"
"RT amp follow for your chance to WIN a exclusive Thor Ragnarok box with Hulk Pop amp Small Tee","0"
"Still early but some perspective CBOE bitcoin futures traded 9 1 million notional in first hour During same period abo","0"
"tom hiddleston really auditioned for thor s character with his noodle arms thor lmao","0"
"thor ragnarok is pre much what gotg wishes it could be i hope we re all aware","0"
"I m at Regal Cinemas Windward 10 for Thor Ragnarok in Kaneohe HI","0"
"taika himself has commented on how similar thor and chris are i fcking hate it recast him","0"
"loki entering the room disheveled and out of breath from running sorry im late father i was busy doing stuff thor enteri","0"
"RT amp follow for your chance to WIN a exclusive Thor Ragnarok box with Hulk Pop amp Small Tee","0"
"RT amp follow for your chance to WIN a exclusive Thor Ragnarok box with Hulk Pop amp Small Tee","0"
"RT amp follow for your chance to WIN a exclusive Thor Ragnarok box with Hulk Pop amp Small Tee","0"
"Isn t it ironic that banks are trading bitcoin","0"
"i roots Babysitting is ThorRagnarok hela thor loki","0"
"do you know how hard it is to try and love thor only and NOT chris hemsworth when they re literally the same exact person","0"
"peter parker uh hey mr thor do you think i can try holding mjolnir for a bit thor mjolnir got destroyed tiny sp","0"
"Why is Thor such a great fucking movie","0"
"Thor watches his brother with a smiles He was proud of him He finally decided to become someone be","0"
"RT amp follow for your chance to WIN a exclusive Thor Ragnarok box with Hulk Pop amp Small Tee","0"
"RT amp follow for your chance to WIN a exclusive Thor Ragnarok box with Hulk Pop amp Small Tee","0"
"it s so distracting to listen to lol when he appeared in thor I was like wtf is he doing with his voice","0"
"WATCH Thor asks Jasmin if she still loves him WansaJFPSisterlyLove","0"
"RT amp follow for your chance to WIN a exclusive Thor Ragnarok box with Hulk Pop amp Small Tee","0"
"RT amp follow for your chance to WIN a exclusive Thor Ragnarok box with Hulk Pop amp Small Tee","0"
"RT amp follow for your chance to WIN a exclusive Thor Ragnarok box with Hulk Pop amp Small Tee","0"
"Thor Ragnarok 2017","0"
"RT amp follow for your chance to WIN a exclusive Thor Ragnarok box with Hulk Pop amp Small Tee","0"
"Martha avengers avengersinfinitywar infinitywar thanos ironman marvel mcu marvelcinematicuniverse blackwidow bla","0"
"RT amp follow for your chance to WIN a exclusive Thor Ragnarok box with Hulk Pop amp Small Tee","0"
"That s a good memory my dear Thor Ehehehehe","0"
"RT amp follow for your chance to WIN a exclusive Thor Ragnarok box with Hulk Pop amp Small Tee","0"
"I am checking out Thor Thunderstorm for Unity3D and integrating with Enviro Weather system gamedev","0"
"Because here is the thing about THOR RAGNAROK It is DELIGHTFUL And I love being delighted I m so sick of endless dr","0"
"Box Office JusticeLeague Treads Behind Disney Pixar s Coco Thor Ragnarok Drops To The Fifth Spot","0"
"thor BROTHER WATCH THIS smashes a beer can on his forehead and shotguns it THAT WAS FOR YOU loki secretly touched somet","0"
"loki entering the room disheveled and out of breath from running sorry im late father i was busy doing stuff thor enteri","0"
"RT amp follow for your chance to WIN a exclusive Thor Ragnarok box with Hulk Pop amp Small Tee","0"
"RT amp follow for your chance to WIN a exclusive Thor Ragnarok box with Hulk Pop amp Small Tee","0"
"Because here is the thing about THOR RAGNAROK It is DELIGHTFUL And I love being delighted I m so sick of endless dr","0"
"x THOR AND LOKI ARE SO PERFECT TOGETHER IMAGINE THEM FUCKING SO HOT me they are brothers x but loki is adopted me","0"
"i roots Babysitting is ThorRagnarok hela thor loki","0"
"Check out Thor Motocross Helmet Goggles Motorcycle Gear Silver Blue One Owner Adult XS Thor via","0"
"RT amp follow for your chance to WIN a exclusive Thor Ragnarok box with Hulk Pop amp Small Tee","0"
"RT amp follow for your chance to WIN a exclusive Thor Ragnarok box with Hulk Pop amp Small Tee","0"
"RT amp follow for your chance to WIN a exclusive Thor Ragnarok box with Hulk Pop amp Small Tee","0"
"RT amp follow for your chance to WIN a exclusive Thor Ragnarok box with Hulk Pop amp Small Tee","0"
"RT amp follow for your chance to WIN a exclusive Thor Ragnarok box with Hulk Pop amp Small Tee","0"
"My mom just asked how Thor Ragnarok was and I said It was amazing I love Loki I m sad","0"
"Should I flip this account to Thor mostly MCU based","0"
"Part 1 from 2 i m done here w Now let me come back to Thor Ragnarok and be happy there forever w PS Do not edit crop r","0"
"RT amp follow for your chance to WIN a exclusive Thor Ragnarok box with Hulk Pop amp Small Tee","0"
"loki entering the room disheveled and out of breath from running sorry im late father i was busy doing stuff thor enteri","0"
"tom hiddleston really auditioned for thor s character with his noodle arms thor lmao","0"
"RT amp follow for your chance to WIN a exclusive Thor Ragnarok box with Hulk Pop amp Small Tee","0"
"RT amp follow for your chance to WIN a exclusive Thor Ragnarok box with Hulk Pop amp Small Tee","0"
"al Thor 19 30 40 is a fair price for a Remaster","0"
"Watching Thor Still highly amused that gorgeous amp awesome is Heimdall the whitest of the gods","0"
"RT amp follow for your chance to WIN a exclusive Thor Ragnarok box with Hulk Pop amp Small Tee","0"
"RT amp follow for your chance to WIN a exclusive Thor Ragnarok box with Hulk Pop amp Small Tee","0"
"loki entering the room disheveled and out of breath from running sorry im late father i was busy doing stuff thor enteri","0"
"Thor Ragnarok 2017","0"
"RT amp follow for your chance to WIN a exclusive Thor Ragnarok box with Hulk Pop amp Small Tee","0"
"Today the cashier at Costco was like YOOOO YOU KNOW WHO YOU LOOK LIKE I said Yeah the guy who plays Thor Cause he s my cousin","0"
"I added a video to a playlist Unity Tutorial Thor Thunderstorm with Enviro Weather","0"
"tom hiddleston really auditioned for thor s character with his noodle arms thor lmao","0"
"RT amp follow for your chance to WIN a exclusive Thor Ragnarok box with Hulk Pop amp Small Tee","0"
"RT amp follow for your chance to WIN a exclusive Thor Ragnarok box with Hulk Pop amp Small Tee","0"
"Loki way they were soon back in Thor s room He helped Loki to sit on the bed before turning his atten","0"
"RT amp follow for your chance to WIN a exclusive Thor Ragnarok box with Hulk Pop amp Small Tee","0"
"loki brother can you stop talking like that thor i apologise i did not mean to offend thee i beseech yoth thee","0"
"Starter for The banishment was probably one of the worse punishment he could have especially when","0"
"Why is Thor such a great fucking movie","0"
"ninja They still think he s dead Like Sif knows he s alive but Thor doesn t","0"
"That has something to do with it but sure but its not all about that Would be great to see old favor","0"
"x THOR AND LOKI ARE SO PERFECT TOGETHER IMAGINE THEM FUCKING SO HOT me they are brothers x but loki is adopted me","0"
"What is no My parents never say d at to me India Rose Odinson Baby of Thor and Jane 18 Written by OfCrimson","0"
"Thor","0"
"Ya ll know how Loki is going to be an ally of Thanos in Infinity War I can t decide if Loki s shady ass was pulling tr","0"
"Thor Fraggle Rock was so much fun","0"
"RT amp follow for your chance to WIN a exclusive Thor Ragnarok box with Hulk Pop amp Small Tee","0"
"Shit I m torn is Guardians 2 my fav or Thor 3","0"
"thor s character development Thor loki betrays thor thor is betrayed by loki Thor The Dark World loki betra","0"
"RT amp follow for your chance to WIN a exclusive Thor Ragnarok box with Hulk Pop amp Small Tee","0"
"my man chris hemsworth was reading bible verses last weekend at the candlelight processional at disneyland and im l","0"
"Some short comic about my feeling to Infinity War The brothers must be protected Thor Loki AvengersInfinityWar","0"
"RT amp follow for your chance to WIN a exclusive Thor Ragnarok box with Hulk Pop amp Small Tee","0"
"RT amp follow for your chance to WIN a exclusive Thor Ragnarok box with Hulk Pop amp Small Tee","0"
"OfMidgard Thor smiles as he returns the kiss then rises from the bed and stretches he makes his way around","0"
"thor not knowing who the Guardians of the Galaxy are further reinforces how trash thor is in the mcu","0"
"RT amp follow for your chance to WIN a exclusive Thor Ragnarok box with Hulk Pop amp Small Tee","0"
"loki entering the room disheveled and out of breath from running sorry im late father i was busy doing stuff thor enteri","0"
"ICYMI THOR RAGNAROK King THOR Concept Art","0"
"RT amp follow for your chance to WIN a exclusive Thor Ragnarok box with Hulk Pop amp Small Tee","0"
"loki entering the room disheveled and out of breath from running sorry im late father i was busy doing stuff thor enteri","0"
"ICYMI THOR RAGNAROK King THOR Concept Art","0"
"All 3D models are in place and we can start creating MJOLNIR I website Huge thanks to MBO DJEDJE06130FR Controller","0"
"thor ragnarok spoilers old habits die hard","0"
"X Men Dark Phoenix Reposting marvel jeangrey ironman sophieturner spiderman avengers","0"
"al Thor 19 Both Everyone wins","0"
"taika gave loki a great character development in thor ragnarok and marvel is about to mess that all up and do him dirt","0"
"RT amp follow for your chance to WIN a exclusive Thor Ragnarok box with Hulk Pop amp Small Tee","0"
"Obvs Thor ragnarok is back in cinemas when the weather is shit and I might not be able to make it to the cinemas","0"
"ICYMI THOR RAGNAROK King THOR Concept Art","0"
"RT amp follow for your chance to WIN a exclusive Thor Ragnarok box with Hulk Pop amp Small Tee","0"
"i roots Babysitting is ThorRagnarok hela thor loki","0"
"Third one from the bottom Arrrrrrrgggh Now I m going to Gre Thor for being a smart ass","0"
"RT amp follow for your chance to WIN a exclusive Thor Ragnarok box with Hulk Pop amp Small Tee","0"
"thor when he lost his hair vs when he lost his eye","0"
"RT amp follow for your chance to WIN a exclusive Thor Ragnarok box with Hulk Pop amp Small Tee","0"
"RT amp follow for your chance to WIN a exclusive Thor Ragnarok box with Hulk Pop amp Small Tee","0"
"tom hiddleston really auditioned for thor s character with his noodle arms thor lmao","0"
"thor ragnarok 2017 oil on canvas","0"
"I still need to see Thor and Justice League","0"
"me thor as the only avenger who stayed on mission and spent 2 years looking for thanos and the infinity stones whil","0"
"Yeah man its different from the other films kinda like Thor Ragnarok which is good","0"
"RT amp follow for your chance to WIN a exclusive Thor Ragnarok box with Hulk Pop amp Small Tee","0"
"x THOR AND LOKI ARE SO PERFECT TOGETHER IMAGINE THEM FUCKING SO HOT me they are brothers x but loki is adopted me","0"
"Tony Thor where have you been Thor I was out on a quest for the Infinity Stones Tony what did you find Thor Wel","0"
"RT amp follow for your chance to WIN a exclusive Thor Ragnarok box with Hulk Pop amp Small Tee","0"
"RT amp follow for your chance to WIN a exclusive Thor Ragnarok box with Hulk Pop amp Small Tee","0"
"al Thor 19 Because you want MORE acheevos","0"
"RT amp follow for your chance to WIN a exclusive Thor Ragnarok box with Hulk Pop amp Small Tee","0"
"RT amp follow for your chance to WIN a exclusive Thor Ragnarok box with Hulk Pop amp Small Tee","0"
"RT amp follow for your chance to WIN a exclusive Thor Ragnarok box with Hulk Pop amp Small Tee","0"
"RT amp follow for your chance to WIN a exclusive Thor Ragnarok box with Hulk Pop amp Small Tee","0"
"thor ragnarok is a cinematic masterpiece","0"
"RT amp follow for your chance to WIN a exclusive Thor Ragnarok box with Hulk Pop amp Small Tee","0"
"Sleeping peacefully in his chamber before he woke up at the light of the sun on his face He stood","0"
"I ll have to post it as a prompt writing Thor scares me lol","0"
"If you are a Trekkie they belong in Gre Thor","0"
"RT amp follow for your chance to WIN a exclusive Thor Ragnarok box with Hulk Pop amp Small Tee","0"
"2017 2017","0"
"RT amp follow for your chance to WIN a exclusive Thor Ragnarok box with Hulk Pop amp Small Tee","0"
"x THOR AND LOKI ARE SO PERFECT TOGETHER IMAGINE THEM FUCKING SO HOT me they are brothers x but loki is adopted me","0"
"Thor Ragnarok 2017","0"
"loki entering the room disheveled and out of breath from running sorry im late father i was busy doing stuff thor enteri","0"
"loki entering the room disheveled and out of breath from running sorry im late father i was busy doing stuff thor enteri","0"
"RT amp follow for your chance to WIN a exclusive Thor Ragnarok box with Hulk Pop amp Small Tee","0"
"Thor","0"
"Tony Thor where have you been Thor I was out on a quest for the Infinity Stones Tony what did you find Thor Wel","0"
"RT amp follow for your chance to WIN a exclusive Thor Ragnarok box with Hulk Pop amp Small Tee","0"
"RT amp follow for your chance to WIN a exclusive Thor Ragnarok box with Hulk Pop amp Small Tee","0"
"RT amp follow for your chance to WIN a exclusive Thor Ragnarok box with Hulk Pop amp Small Tee","0"
"loki entering the room disheveled and out of breath from running sorry im late father i was busy doing stuff thor enteri","0"
"HM Thor 1 was the best because the climax was Tho","0"
"x THOR AND LOKI ARE SO PERFECT TOGETHER IMAGINE THEM FUCKING SO HOT me they are brothers x but loki is adop","0"
"Finally seeing Thor Ragnarok","0"
"cap hey buddy thor how may I Thor son of Odin God of thunder assist you on this fine faithful day old friend cap","0"
"I like how comics used to call Thor the pride of Marvel as though they didn t steal everything about him from centuries old myths","0"
"RT amp follow for your chance to WIN a exclusive Thor Ragnarok box with Hulk Pop amp Small Tee","0"
"RT amp follow for your chance to WIN a exclusive Thor Ragnarok box with Hulk Pop amp Small Tee","0"
"RT amp follow for your chance to WIN a exclusive Thor Ragnarok box with Hulk Pop amp Small Tee","0"
"Storm couldn t even beat Thor","0"
"tony thor can u pass me the salt thor why yes thy good friend I shalt passeth you the salt compartment from be","0"
"al Thor 19 I ll take both I just won t pay 60 for a remaster","0"
"Patriot45","0"
"I dont think thor would give loki a swirlie I definitely think loki would manage to dunk thor in the alien toilets","0"
"al Thor 19 I d play some BC games on Ps4 if I could but if a remastered is available I ll glad","0"
"Tony Bruce you re back Bruce Hi Tony Tony where were you Bruce fighting Thors evil sister Tony what Thor has a Br","0"
"Starter for Thor wasn t use to take care of his daughter but he was more than happy to be able to","0"
"RT amp follow for your chance to WIN a exclusive Thor Ragnarok box with Hulk Pop amp Small Tee","0"
"RT amp follow for your chance to WIN a exclusive Thor Ragnarok box with Hulk Pop amp Small Tee","0"
"THOR RAGNAROK Becomes Fourth Superhero Movie Of 2017 To Cross 300 Million At The Box Office h","0"
"Patriot45","0"
"RT amp follow for your chance to WIN a exclusive Thor Ragnarok box with Hulk Pop amp Small Tee","0"
"RT amp follow for your chance to WIN a exclusive Thor Ragnarok box with Hulk Pop amp Small Tee","0"
"RT amp follow for your chance to WIN a exclusive Thor Ragnarok box with Hulk Pop amp Small Tee","0"
"Patriot45","0"
"RT amp follow for your chance to WIN a exclusive Thor Ragnarok box with Hulk Pop amp Small Tee","0"
"thor ragnarok 2017 oil on canvas","0"
"tom hiddleston really auditioned for thor s character with his noodle arms thor lmao","0"
"RT amp follow for your chance to WIN a exclusive Thor Ragnarok box with Hulk Pop amp Small Tee","0"
"RT amp follow for your chance to WIN a exclusive Thor Ragnarok box with Hulk Pop amp Small Tee","0"
"Patriot45","0"
"RT amp follow for your chance to WIN a exclusive Thor Ragnarok box with Hulk Pop amp Small Tee","0"
"RT amp follow for your chance to WIN a exclusive Thor Ragnarok box with Hulk Pop amp Small Tee","0"
"RT amp follow for your chance to WIN a exclusive Thor Ragnarok box with Hulk Pop amp Small Tee","0"
"I have hulu and the dvds sunny can t escape me Netflix u better fix this and get sunny back or I will come crashin","0"
"RT amp follow for your chance to WIN a exclusive Thor Ragnarok box with Hulk Pop amp Small Tee","0"
"RT amp follow for your chance to WIN a exclusive Thor Ragnarok box with Hulk Pop amp Small Tee","0"
"these were the late night thoughts about the thor franchise yesterday","0"
"Ya ll know how Loki is going to be an ally of Thanos in Infinity War I can t decide if Loki s shady ass was pulling tr","0"
"Imagine if there were plum flavored Pop Tarts The Bucky Thor pairing would eclipse Stucky","0"
"remember when loki suggested thor about ruling sakaar with him in ragnarok because that s what he always wanted all along","0"
"Poor Charlie He didn t have a chance His old man has the hammer of Thor for an arm and the athleticism of Uncle R","0"
"RT amp follow for your chance to WIN a exclusive Thor Ragnarok box with Hulk Pop amp Small Tee","0"
"Thor and Loki are the dynamic duo the Space Siblings they fucking love each other okay Loki came back to help h","0"
"peter is easy to impress thor needs to work a little harder to get gamora to fall for him However the second she","0"
"RT amp follow for your chance to WIN a exclusive Thor Ragnarok box with Hulk Pop amp Small Tee","0"
"peter parker uh hey mr thor do you think i can try holding mjolnir for a bit thor mjolnir got destroyed tiny sp","0"
"loki entering the room disheveled and out of breath from running sorry im late father i was busy doing stuff thor enteri","0"
"Workshopping a joke where Thor says my grandfather was named Bor and some random person walking by goes my son is als","0"
"311 Best part on Thor ragnark","0"
"RT amp follow for your chance to WIN a exclusive Thor Ragnarok box with Hulk Pop amp Small Tee","0"
"also that nendo figurine of anime thor true inspo","0"
"This is awesome You just passed up Thor and Hulk as my new fave Avenger sorry and","0"
"Thor Ragnarok","0"
"RT amp follow for your chance to WIN a exclusive Thor Ragnarok box with Hulk Pop amp Small Tee","0"
"Part 1 from 2 i m done here w Now let me come back to Thor Ragnarok and be happy there forever w PS Do not edit crop r","0"
"Listen I need Thor and Peter content to live now this is my life","0"
"tom hiddleston really auditioned for thor s character with his noodle arms thor lmao","0"
"RT amp follow for your chance to WIN a exclusive Thor Ragnarok box with Hulk Pop amp Small Tee","0"
"just got back from watching thor ragnarok and i love loki","0"
"RT amp follow for your chance to WIN a exclusive Thor Ragnarok box with Hulk Pop amp Small Tee","0"
"RT amp follow for your chance to WIN a exclusive Thor Ragnarok box with Hulk Pop amp Small Tee","0"
"thor tries to put his arm against the milano and accidentally crushes something uhhh haha wow typical strongest avenger","0"
"WATCH Thor asks Jasmin if she still loves him WansaJFPSisterlyLove","0"
"thor ragnarok is a cinematic masterpiece","0"
"Patriot45","0"
"RT amp follow for your chance to WIN a exclusive Thor Ragnarok box with Hulk Pop amp Small Tee","0"
"cap hey buddy thor how may I Thor son of Odin God of thunder assist you on this fine faithful day old friend cap uhhhhh","0"
"Part 1 from 2 i m done here w Now let me come back to Thor Ragnarok and be happy there forever w PS Do not edit crop r","0"
"why did taika have to go and jump the standards of cinematography like that thorragnarok thor","0"
"RT amp follow for your chance to WIN a exclusive Thor Ragnarok box with Hulk Pop amp Small Tee","0"
"RT amp follow for your chance to WIN a exclusive Thor Ragnarok box with Hulk Pop amp Small Tee","0"
"thor as usual being the mum friend avengers 58","0"
"Voted for TeamLogan on","0"
"RT amp follow for your chance to WIN a exclusive Thor Ragnarok box with Hulk Pop amp Small Tee","0"
"Thor dies in the justice league","0"
"me irl","0"
"I FEEL LIKE WE PLAY THIS GAME ONCE A SEASON MOISES THE ANSWER IS THOR","0"
"loki entering the room disheveled and out of breath from running sorry im late father i was busy doing stuff thor enteri","0"
"RT amp follow for your chance to WIN a exclusive Thor Ragnarok box with Hulk Pop amp Small Tee","0"
"RT amp follow for your chance to WIN a exclusive Thor Ragnarok box with Hulk Pop amp Small Tee","0"
"loki entering the room disheveled and out of breath from running sorry im late father i was busy doing stuff thor enteri","0"
"drax what do you earthers even look for in a mate peter watchin thor valk and gamora flexin on each other pretty much a","0"
"Loki Loki Laufeyson Experienced RPer Seeking SLs amp Banter MCU Crossovers OC welcomed Bisexual Ship with Chem","0"
"jones guessing bennett gets at least two for this one","0"
"thor tries to put his arm against the milano and accidentally crushes something uhhh haha wow typical strongest avenger","0"
"RT amp follow for your chance to WIN a exclusive Thor Ragnarok box with Hulk Pop amp Small Tee","0"
"King Thor I couldn t help but chuckle about your little mumble but I then resume kissing your tasty lips amp","0"
"Thor is alive","0"
"RT amp follow for your chance to WIN a exclusive Thor Ragnarok box with Hulk Pop amp Small Tee","0"
"Oh man thor concept art with those big visible blue veins that s repulsive","0"
"RT amp follow for your chance to WIN a exclusive Thor Ragnarok box with Hulk Pop amp Small Tee","0"
"iron man finished and my mom turned on the tv and found thor on im emotional loki just figured out he isnt odins son and im crying poor boy","0"
"Patriot45","0"
"Workshopping a joke where Thor says my grandfather was named Bor and some random person walking by goes my son is also named Bor","0"
"RT amp follow for your chance to WIN a exclusive Thor Ragnarok box with Hulk Pop amp Small Tee","0"
"tom hiddleston really auditioned for thor s character with his noodle arms thor lmao","0"
"MaryJaneFlicks Thor ragna toke","0"
"thor BROTHER WATCH THIS smashes a beer can on his forehead and shotguns it THAT WAS FOR YOU loki secretly touched somet","0"
"RT amp follow for your chance to WIN a exclusive Thor Ragnarok box with Hulk Pop amp Small Tee","0"
"thor tries to put his arm against the milano and accidentally crushes something uhhh haha wow typical strongest","0"
"Patriot45","0"
"Loki s so extra that Thor can t help laughing Thor Loki Thorki","0"
"RT amp follow for your chance to WIN a exclusive Thor Ragnarok box with Hulk Pop amp Small Tee","0"
"i roots Babysitting is ThorRagnarok hela thor loki","0"
"RT amp follow for your chance to WIN a exclusive Thor Ragnarok box with Hulk Pop amp Small Tee","0"
"RT amp follow for your chance to WIN a exclusive Thor Ragnarok box with Hulk Pop amp Small Tee","0"
"Patriot45","0"
"Part 1 from 2 i m done here w Now let me come back to Thor Ragnarok and be happy there forever w PS Do not edit crop r","0"
"i roots Babysitting is ThorRagnarok hela thor loki","0"
"Tony Thor where have you been Thor I was out on a quest for the Infinity Stones Tony what did you find Thor Wel","0"
"RT amp follow for your chance to WIN a exclusive Thor Ragnarok box with Hulk Pop amp Small Tee","0"
"thor ragnarok got me thinking about electricity fX and how thor was basically a big buff pikachu","0"
"RT amp follow for your chance to WIN a exclusive Thor Ragnarok box with Hulk Pop amp Small Tee","0"
"this is an art piece I d like to call Thor s Blammer","0"
"Thor 2 The Dark Turd was one of the worst and most joyless movies I have ever seen not even sure how i","0"
"al Thor 19 A Remaster has New visuals along with a New set if Achievements Bring on the Remasters","0"
"RT amp follow for your chance to WIN a exclusive Thor Ragnarok box with Hulk Pop amp Small Tee","0"
"","0"
"RT amp follow for your chance to WIN a exclusive Thor Ragnarok box with Hulk Pop amp Small Tee","0"
"thor ragnarok 2017 oil on canvas","0"
"Patriot45","0"
"RT amp follow for your chance to WIN a exclusive Thor Ragnarok box with Hulk Pop amp Small Tee","0"
"RT amp follow for your chance to WIN a exclusive Thor Ragnarok box with Hulk Pop amp Small Tee","0"
"i had a dream that joe dempsie played thor including the long blonde hair and bc he was swinging thor s hammer i was like gendryaconfirmed","0"
"RT amp follow for your chance to WIN a exclusive Thor Ragnarok box with Hulk Pop amp Small Tee","0"
"loki didn t know that ragnarok needed to happen to rid hela he thought thor was going to be able t","0"
"thor ragnarok is a cinematic masterpiece","0"
"tom hiddleston really auditioned for thor s character with his noodle arms thor lmao","0"
"tom hiddleston really auditioned for thor s character with his noodle arms thor lmao","0"
"RT amp follow for your chance to WIN a exclusive Thor Ragnarok box with Hulk Pop amp Small Tee","0"
"Boring sunday already saw thor ragnarok batman vs superman now I can t decide between captain america WS or civil war","0"
"RT amp follow for your chance to WIN a exclusive Thor Ragnarok box with Hulk Pop amp Small Tee","0"
"I have Ragnarok was a great time Felt more like a Guardians Of The Galaxy than a Thor sequel That s","0"
"Gaming al Thor 19 Bungie removed contents from base D2","0"
"RT amp follow for your chance to WIN a exclusive Thor Ragnarok box with Hulk Pop amp Small Tee","0"
"RT amp follow for your chance to WIN a exclusive Thor Ragnarok box with Hulk Pop amp Small Tee","0"
"RT amp follow for your chance to WIN a exclusive Thor Ragnarok box with Hulk Pop amp Small Tee","0"
"RT amp follow for your chance to WIN a exclusive Thor Ragnarok box with Hulk Pop amp Small Tee","0"
"RT amp follow for your chance to WIN a exclusive Thor Ragnarok box with Hulk Pop amp Small Tee","0"
"tom hiddleston really auditioned for thor s character with his noodle arms thor lmao","0"
"Tony Thor where have you been Thor I was out on a quest for the Infinity Stones Tony what did you find Thor Wel","0"
"RT amp follow for your chance to WIN a exclusive Thor Ragnarok box with Hulk Pop amp Small Tee","0"
"Thor there s only one thing worse than dying Thor pulls back card so board says Loki dying Avengers LOKI Thor No","0"
"RT amp follow for your chance to WIN a exclusive Thor Ragnarok box with Hulk Pop amp Small Tee","0"
"RT amp follow for your chance to WIN a exclusive Thor Ragnarok box with Hulk Pop amp Small Tee","0"
"RT amp follow for your chance to WIN a exclusive Thor Ragnarok box with Hulk Pop amp Small Tee","0"
"Why is she holding Thor s hammer Lol","0"
"my kink is thor going apeshit and shooting lightning everywhere","0"
"RT amp follow for your chance to WIN a exclusive Thor Ragnarok box with Hulk Pop amp Small Tee","0"
"tom hiddleston really auditioned for thor s character with his noodle arms thor lmao","0"
"Browsing the Thor ao3 tag and just found some Thor Loki Hela fic Never change fandom","0"
"tom hiddleston really auditioned for thor s character with his noodle arms thor lmao","0"
"RT amp follow for your chance to WIN a exclusive Thor Ragnarok box with Hulk Pop amp Small Tee","0"
"RT amp follow for your chance to WIN a exclusive Thor Ragnarok box with Hulk Pop amp Small Tee","0"
"Patriot45","0"
"thor ragnarok spoilers old habits die hard","0"
"imagine if loki gave the tesseract to thanos just to protect his brother from evil cuz thanos promised him he wouldn t hurt th","0"
"thor ragnarok is a cinematic masterpiece","0"
"RT amp follow for your chance to WIN a exclusive Thor Ragnarok box with Hulk Pop amp Small Tee","0"
"thor ragnarok 2017 oil on canvas","0"
"The comedy in Thor was too much","0"
"Thor there s only one thing worse than dying Thor pulls back card so board says Loki dying Avengers LOKI Thor No","0"
"RT amp follow for your chance to WIN a exclusive Thor Ragnarok box with Hulk Pop amp Small Tee","0"
"thor ragnarok 2017 oil on canvas","0"
"Because here is the thing about THOR RAGNAROK It is DELIGHTFUL And I love being delighted I m so sick of endless dr","0"
"me when thor turned into a full lightning and thunder god and the camera went to loki smirking in ragnarok","0"
"RT amp follow for your chance to WIN a exclusive Thor Ragnarok box with Hulk Pop amp Small Tee","0"
"Unboxing Thor vs Hulk Funko Contest of Champions via","0"
"tom hiddleston really auditioned for thor s character with his noodle arms thor lmao","0"
"loki entering the room disheveled and out of breath from running sorry im late father i was busy doing stuff thor enteri","0"
"yea sex is cool but have you ever seen the scene in thor ragnarok where the revengers are fighting hela and the color schem","0"
"drax what do you earthers even look for in a mate peter watchin thor valk and gamora flexin on each other pretty much a","0"
"RT amp follow for your chance to WIN a exclusive Thor Ragnarok box with Hulk Pop amp Small Tee","0"
"It s main event time Get your ThorRagnarok tickets NOW","0"
"RT amp follow for your chance to WIN a exclusive Thor Ragnarok box with Hulk Pop amp Small Tee","0"
"WATCH Thor asks Jasmin if she still loves him WansaJFPSisterlyLove","0"
"tom hiddleston really auditioned for thor s character with his noodle arms thor lmao","0"
"RT amp follow for your chance to WIN a exclusive Thor Ragnarok box with Hulk Pop amp Small Tee","0"
"Thor was decent","0"
"RT amp follow for your chance to WIN a exclusive Thor Ragnarok box with Hulk Pop amp Small Tee","0"
"Remasters all day everyday","0"
"RT amp follow for your chance to WIN a exclusive Thor Ragnarok box with Hulk Pop amp Small Tee","0"
"Tony Thor where have you been Thor I was out on a quest for the Infinity Stones Tony what did you find Thor Wel","0"
"RT amp follow for your chance to WIN a exclusive Thor Ragnarok box with Hulk Pop amp Small Tee","0"
"RT amp follow for your chance to WIN a exclusive Thor Ragnarok box with Hulk Pop amp Small Tee","0"
"Omg we had to hear it three times this year GOTG was the best then Spider Man and then Thor","0"
"a concept peter s A flirting skills i e ayesha with thor s charming attempts at flirting i e trying to lean","0"
"RT amp follow for your chance to WIN a exclusive Thor Ragnarok box with Hulk Pop amp Small Tee","0"
"loki entering the room disheveled and out of breath from running sorry im late father i was busy doing stuff thor enteri","0"
"Thor hulk doctor strange and scarlet witch","0"
"God willing I m totally having a ME day tomorrow Thor and Roman Esq tomorrow cuz I said so It s been a lonnnng","0"
"thor 3 grandmaster amp loki amp thor hey sparkles","0"
"Part 1 from 2 i m done here w Now let me come back to Thor Ragnarok and be happy there forever w PS Do not edit crop r","0"
"RT amp follow for your chance to WIN a exclusive Thor Ragnarok box with Hulk Pop amp Small Tee","0"
"RT amp follow for your chance to WIN a exclusive Thor Ragnarok box with Hulk Pop amp Small Tee","0"
"RT amp follow for your chance to WIN a exclusive Thor Ragnarok box with Hulk Pop amp Small Tee","0"
"Patriot45","0"
"tom hiddleston really auditioned for thor s character with his noodle arms thor lmao","0"
"Jasmin x Thor WansaJFPSisterlyLove TONIGHT at 7 45pm","0"
"RT amp follow for your chance to WIN a exclusive Thor Ragnarok box with Hulk Pop amp Small Tee","0"
"RT amp follow for your chance to WIN a exclusive Thor Ragnarok box with Hulk Pop amp Small Tee","0"
"RT amp follow for your chance to WIN a exclusive Thor Ragnarok box with Hulk Pop amp Small Tee","0"
"Baby Thor and baby Loki are so cute omg","0"
"RT amp follow for your chance to WIN a exclusive Thor Ragnarok box with Hulk Pop amp Small Tee","0"
"RT amp follow for your chance to WIN a exclusive Thor Ragnarok box with Hulk Pop amp Small Tee","0"
"Either Simonson s Thor or Lee Ditko Romita Spider man","0"
"Voted for TeamThorRagnarok on i ve seen it 4 times and once it was free","0"
"Thor","0"
"RT amp follow for your chance to WIN a exclusive Thor Ragnarok box with Hulk Pop amp Small Tee","0"
"we missed you today skol","0"
"Thor why do we never hug loki Loki i always think youre gonna throw me some where Thor not true Loki DO YOU","0"
"3rd time seeing thor tonight hahah","0"
"Thor","0"
"I know I m on a twitter break but want to congratulate Jack Morris and his 3 90 career ERA for totally deservedly making","0"
"ShOt twt let s protect each other","0"
"RT amp follow for your chance to WIN a exclusive Thor Ragnarok box with Hulk Pop amp Small Tee","0"
"Patriot45","0"
"Because here is the thing about THOR RAGNAROK It is DELIGHTFUL And I love being delighted I m so sick of endless dr","0"
"thank god taika waititi exists and directed thor ragnarok this is a cinematic masterpiece and one of marvel s best scenes","0"
"RT amp follow for your chance to WIN a exclusive Thor Ragnarok box with Hulk Pop amp Small Tee","0"
"RT amp follow for your chance to WIN a exclusive Thor Ragnarok box with Hulk Pop amp Small Tee","0"
"RT amp follow for your chance to WIN a exclusive Thor Ragnarok box with Hulk Pop amp Small Tee","0"
"RT amp follow for your chance to WIN a exclusive Thor Ragnarok box with Hulk Pop amp Small Tee","0"
"Blu It s getting festive up in here Thor is soooo excited","0"
"Wonder woman e thor","0"
"thor ragnarok","0"
"Thor is on That is all","0"
"Goodmorning from Thor and Jasmin WansaJFPSisterlyLove later fam","0"
"Patriot45","0"
"Patriot45","0"
"Blu It s getting festive up in here Thor is soooo excited","0"
"the split second where thor thinks cap is going to be worthy and lift the hammer is still one of the only good parts about","0"
"My top 5 films of the year Note the last Jedi will most likely be on the list once it comes out idk 1 Logan 2 Get out","0"
"RT amp follow for your chance to WIN a exclusive Thor Ragnarok box with Hulk Pop amp Small Tee","0"
"RT amp follow for your chance to WIN a exclusive Thor Ragnarok box with Hulk Pop amp Small Tee","0"
"Patriot45","0"
"Because here is the thing about THOR RAGNAROK It is DELIGHTFUL And I love being delighted I m so sick of endless dr","0"
"i don t see ragnarok as loki s redemption arc jus marvel finally understanding loki s character he s still the bad guy an","0"
"cmap Don t you people have anything better then Pascal s Wager What if you are wrong about Allah Muhammad","0"
"Patriot45","0"
"Shiny and well kept I m treated like a true god and a friend there by Thor and Loki The rooms are","0"
"RT amp follow for your chance to WIN a exclusive Thor Ragnarok box with Hulk Pop amp Small Tee","0"
"RT amp follow for your chance to WIN a exclusive Thor Ragnarok box with Hulk Pop amp Small Tee","0"
"song of the day InfinityWar Thor GuardiansoftheGalaxy","0"
"RT amp follow for your chance to WIN a exclusive Thor Ragnarok box with Hulk Pop amp Small Tee","0"
"Meet Thor The Bengal Cat With Purrfectly Beautiful Fur","0"
"Patriot45","0"
"WHAT IF LOKI DOESN T EVEN DIE IN THOR S ARMS WHAT IF THOR IS TOO BUSY TO SEE WHAT HAPPENS W LOKI SO WHEN HE FINALLY TR","0"
"RT amp follow for your chance to WIN a exclusive Thor Ragnarok box with Hulk Pop amp Small Tee","0"
"Tony Bruce you re back Bruce Hi Tony Tony where were you Bruce fighting Thors evil sister Tony what Thor has a Br","0"
"RT amp follow for your chance to WIN a exclusive Thor Ragnarok box with Hulk Pop amp Small Tee","0"
"drax what do you earthers even look for in a mate peter watchin thor valk and gamora flexin on each other pretty much a","0"
"drax what do you earthers even look for in a mate peter watchin thor valk and gamora flexin on each other pretty much a","0"
"Thor","0"
"RT amp follow for your chance to WIN a exclusive Thor Ragnarok box with Hulk Pop amp Small Tee","0"
"Thor there s only one thing worse than dying Thor pulls back card so board says Loki dying Avengers LOKI Thor No","0"
"RT amp follow for your chance to WIN a exclusive Thor Ragnarok box with Hulk Pop amp Small Tee","0"
"It s getting festive up in here Thor is soooo excited","0"
"You clearly didn t see Thor 3","0"
"Mano Thor 10 10","0"
"drax what do you earthers even look for in a mate peter watchin thor valk and gamora flexin on each other pret","0"
"Patriot45","0"
"RT amp follow for your chance to WIN a exclusive Thor Ragnarok box with Hulk Pop amp Small Tee","0"
"WHERE S THOR","0"
"teapot where is the Thor fic where it s like The bad news is that Korg has set up a printing press in the engine room and is","0"
"RT amp follow for your chance to WIN a exclusive Thor Ragnarok box with Hulk Pop amp Small Tee","0"
"ShOt Oppa2 yoongi suga wait they gonna change color if I play any bts song at home","0"
"song of the day InfinityWar Thor GuardiansoftheGalaxy","0"
"RT amp follow for your chance to WIN a exclusive Thor Ragnarok box with Hulk Pop amp Small Tee","0"
"Thor gazed at her wide eyed There was no one else in Asgard except Loki who would dare to handl","0"
"THOR RAGNAROK King THOR Concept Art","0"
"Thor is alive","0"
"Voted for TeamThorRagnarok on the third film is one of Marvel s best","0"
"RT amp follow for your chance to WIN a exclusive Thor Ragnarok box with Hulk Pop amp Small Tee","0"
"RT amp follow for your chance to WIN a exclusive Thor Ragnarok box with Hulk Pop amp Small Tee","0"
"RT amp follow for your chance to WIN a exclusive Thor Ragnarok box with Hulk Pop amp Small Tee","0"
"RT amp follow for your chance to WIN a exclusive Thor Ragnarok box with Hulk Pop amp Small Tee","0"
"It s just a shame there isn t enough money for the kids","0"
"Okay Thor happens over the span of like two days wHy are they already making out this doesn t make sENSE","0"
"I would bet money that someone has written nc17 fanfic about Thor and Loki in snake form","0"
"RT amp follow for your chance to WIN a exclusive Thor Ragnarok box with Hulk Pop amp Small Tee","0"
"RT amp follow for your chance to WIN a exclusive Thor Ragnarok box with Hulk Pop amp Small Tee","0"
"Still have yet to see Thor smh","0"
"RT amp follow for your chance to WIN a exclusive Thor Ragnarok box with Hulk Pop amp Small Tee","0"
"every avengers film is basically humans fucking up in some way and thor having to explain it to them","0"
"RT amp follow for your chance to WIN a exclusive Thor Ragnarok box with Hulk Pop amp Small Tee","0"
"thor ragnarok 2017 oil on canvas","0"
"Marvel wants to fuck with both Loki and Thor best believe i ll take them to court","0"
"RT amp follow for your chance to WIN a exclusive Thor Ragnarok box with Hulk Pop amp Small Tee","0"
"RT amp follow for your chance to WIN a exclusive Thor Ragnarok box with Hulk Pop amp Small Tee","0"
"Patriot45","0"
"Tony Thor where have you been Thor I was out on a quest for the Infinity Stones Tony what did you find Thor Wel","0"
"Ya ll know how Loki is going to be an ally of Thanos in Infinity War I can t decide if Loki s shady ass was pulling tr","0"
"Well the only person I have is you I lean over and kiss your law line I toss the blankets over my le","0"
"txt thor dont u ever want to talk abt ur feelings valkyrie no loki i do thor i know loki loki im sad thor i know loki","0"
"RT amp follow for your chance to WIN a exclusive Thor Ragnarok box with Hulk Pop amp Small Tee","0"
"loki entering the room disheveled and out of breath from running sorry im late father i was busy doing stuff thor enteri","0"
"RT amp follow for your chance to WIN a exclusive Thor Ragnarok box with Hulk Pop amp Small Tee","0"
"RT amp follow for your chance to WIN a exclusive Thor Ragnarok box with Hulk Pop amp Small Tee","0"
"thor ragnarok 2017 oil on canvas","0"
"every avengers film is basically humans fucking up in some way and thor having to explain it to them","0"
"THOR TWEET","0"
"Patriot45","0"
"RT amp follow for your chance to WIN a exclusive Thor Ragnarok box with Hulk Pop amp Small Tee","0"
"RT amp follow for your chance to WIN a exclusive Thor Ragnarok box with Hulk Pop amp Small Tee","0"
"Finally watching the first Thor","0"
"Tony Thor where have you been Thor I was out on a quest for the Infinity Stones Tony what did you find Thor Wel","0"
"i don t see ragnarok as loki s redemption arc jus marvel finally understanding loki s character he s still the bad guy an","0"
"For a good Thorsday TomHiddleston ChrisHemsworth Thor Loki","0"
"RT amp follow for your chance to WIN a exclusive Thor Ragnarok box with Hulk Pop amp Small Tee","0"
"So today was my sisters gender reveal party amp when the balloon popped we were confused but then","0"
"me when thor turned into a full lightning and thunder god and the camera went to loki smirking in ragnarok","0"
"RT amp follow for your chance to WIN a exclusive Thor Ragnarok box with Hulk Pop amp Small Tee","0"
"Patriot45","0"
"RT amp follow for your chance to WIN a exclusive Thor Ragnarok box with Hulk Pop amp Small Tee","0"
"they will find something remember thor goaded him into killing those prisoners","0"
"Part 1 from 2 i m done here w Now let me come back to Thor Ragnarok and be happy there forever w PS Do not edit crop r","0"
"RT amp follow for your chance to WIN a exclusive Thor Ragnarok box with Hulk Pop amp Small Tee","0"
"RT amp follow for your chance to WIN a exclusive Thor Ragnarok box with Hulk Pop amp Small Tee","0"
"loki entering the room disheveled and out of breath from running sorry im late father i was busy doing stuff thor enteri","0"
"RT amp follow for your chance to WIN a exclusive Thor Ragnarok box with Hulk Pop amp Small Tee","0"
"i don t see ragnarok as loki s redemption arc jus marvel finally understanding loki s character he s still the bad guy an","0"
"I liked a video Speed Drawing Hulk Thor Ragnorak Marvel Timelapse Artology","0"
"Prepare for Thor Ragnarok with the most adorable Loki fight scene socialstrategy","0"
"RT amp follow for your chance to WIN a exclusive Thor Ragnarok box with Hulk Pop amp Small Tee","0"
"tom hiddleston really auditioned for thor s character with his noodle arms thor lmao","0"
"RT amp follow for your chance to WIN a exclusive Thor Ragnarok box with Hulk Pop amp Small Tee","0"
"RT amp follow for your chance to WIN a exclusive Thor Ragnarok box with Hulk Pop amp Small Tee","0"
"RT amp follow for your chance to WIN a exclusive Thor Ragnarok box with Hulk Pop amp Small Tee","0"
"tom hiddleston really auditioned for thor s character with his noodle arms thor lmao","0"
"oh thor my sweet child im","0"
"RT amp follow for your chance to WIN a exclusive Thor Ragnarok box with Hulk Pop amp Small Tee","0"
"a Z u Giggidy your shed got struck by lighting from thor when he was pounding mia","0"
"Thor Ragnarok 2017","0"
"RT amp follow for your chance to WIN a exclusive Thor Ragnarok box with Hulk Pop amp Small Tee","0"
"RT amp follow for your chance to WIN a exclusive Thor Ragnarok box with Hulk Pop amp Small Tee","0"
"RT amp follow for your chance to WIN a exclusive Thor Ragnarok box with Hulk Pop amp Small Tee","0"
"Also Thor was fucking amazing","0"
"a Z u Giggidy your shed got struck by lighting from thor when he was pounding mia","0"
"thor","0"
"odin what time is it now thor loki from back of the room it s time to give me attention now","0"
"thor ragnarok 2017 oil on canvas","0"
"Finally getting to see Thor","0"
"Voted for TeamWonderWoman on is a groundbreaking feminist epic","0"
"RT amp follow for your chance to WIN a exclusive Thor Ragnarok box with Hulk Pop amp Small Tee","0"
"Patriot45","0"
"RT amp follow for your chance to WIN a exclusive Thor Ragnarok box with Hulk Pop amp Small Tee","0"
"Ya ll know how Loki is going to be an ally of Thanos in Infinity War I can t decide if Loki s shady ass was pulling tr","0"
"RT amp follow for your chance to WIN a exclusive Thor Ragnarok box with Hulk Pop amp Small Tee","0"
"Went and saw Thor today and during previews a little kid next to me called black panther cat man I almost asked them to leave","0"
"RT amp follow for your chance to WIN a exclusive Thor Ragnarok box with Hulk Pop amp Small Tee","0"
"RT amp follow for your chance to WIN a exclusive Thor Ragnarok box with Hulk Pop amp Small Tee","0"
"palmyra","0"
"tom hiddleston really auditioned for thor s character with his noodle arms thor lmao","0"
"1 Is there a Thor who would like to RP","0"
"You will silence yourself on your own accord or I shall do such for you Thor snarls harshly sla","0"
"RT amp follow for your chance to WIN a exclusive Thor Ragnarok box with Hulk Pop amp Small Tee","0"
"me 2 sandwich It s affordable but is it filling If it s filling will it provide me with enough satisfaction What","0"
"Ya ll know how Loki is going to be an ally of Thanos in Infinity War I can t decide if Loki s shady ass was pulling tr","0"
"RT amp follow for your chance to WIN a exclusive Thor Ragnarok box with Hulk Pop amp Small Tee","0"
"loki entering the room disheveled and out of breath from running sorry im late father i was busy doing stuff thor enteri","0"
"CO thor ough TH r Submit adjective complete with regard to every detail not superf","0"
"Top 5 movies of 2017 not in order Star Wars 8 even though I haven t seen it yet but already know Logan Thor Ragnorak Wonder Woman Coco","0"
"thor ragnarok spoilers old habits die hard","0"
"kink is loki s soft smile in ragnarok for thor because he is proud of his brother truly love him amp sincerely want to fix","0"
"Plans for the new year get everyone their copy of Mossy like I should have already done by now small town ghost","0"
"RT amp follow for your chance to WIN a exclusive Thor Ragnarok box with Hulk Pop amp Small Tee","0"
"tom hiddleston really auditioned for thor s character with his noodle arms thor lmao","0"
"this looks like a play version of thor","0"
"RT amp follow for your chance to WIN a exclusive Thor Ragnarok box with Hulk Pop amp Small Tee","0"
"RT amp follow for your chance to WIN a exclusive Thor Ragnarok box with Hulk Pop amp Small Tee","0"
"Is there a Thor who would like to RP","0"
"thor ragnarok 2017 oil on canvas","0"
"however Do Not Forget that i love thor ragnarok dir taika waititi as well as the man himself","0"
"RT amp follow for your chance to WIN a exclusive Thor Ragnarok box with Hulk Pop amp Small Tee","0"
"RT amp follow for your chance to WIN a exclusive Thor Ragnarok box with Hulk Pop amp Small Tee","0"
"Your missing the point There are many examples in the Bible where people did great exploits Then a preacher comes","0"
"tom hiddleston really auditioned for thor s character with his noodle arms thor lmao","0"
"loki entering the room disheveled and out of breath from running sorry im late father i was busy doing stuff thor enteri","0"
"RT amp follow for your chance to WIN a exclusive Thor Ragnarok box with Hulk Pop amp Small Tee","0"
"Let s talk about Joe Gomez Out with back to back year long injuries he s not only fought his way back into contention b","0"
"RT amp follow for your chance to WIN a exclusive Thor Ragnarok box with Hulk Pop amp Small Tee","0"
"What is no My parents never say d at to me India Rose Odinson Baby of Thor and Jane 18 Written by OfCrimson","0"
"You just can t take this away Wait hey Jane Potter Ships w Thor Momma of Written by WickedFo","0"
"Ya ll know how Loki is going to be an ally of Thanos in Infinity War I can t decide if Loki s shady ass was pulling tr","0"
"More nervous around me than usual","0"
"leigh11 Not God zeus or thor Okay I ll play along how did life start according to you","0"
"RT amp follow for your chance to WIN a exclusive Thor Ragnarok box with Hulk Pop amp Small Tee","0"
"tom hiddleston really auditioned for thor s character with his noodle arms thor lmao","0"
"RT amp follow for your chance to WIN a exclusive Thor Ragnarok box with Hulk Pop amp Small Tee","0"
"loki entering the room disheveled and out of breath from running sorry im late father i was busy doing stuff thor enteri","0"
"peter parker uh hey mr thor do you think i can try holding mjolnir for a bit thor mjolnir got destroyed tiny sp","0"
"RT amp follow for your chance to WIN a exclusive Thor Ragnarok box with Hulk Pop amp Small Tee","0"
"tom hiddleston really auditioned for thor s character with his noodle arms thor lmao","0"
"RT amp follow for your chance to WIN a exclusive Thor Ragnarok box with Hulk Pop amp Small Tee","0"
"VFXShow 228 Thor Ragnarok","0"
"Thor Ragnarok","0"
"RT amp follow for your chance to WIN a exclusive Thor Ragnarok box with Hulk Pop amp Small Tee","0"
"I let out a sharp breath as I turn to you your head dropped and cheeks rosy as ever as you speak a","0"
"TeamCap TeamThor Love Cap Love Thor Love our forever","0"
"RT amp follow for your chance to WIN a exclusive Thor Ragnarok box with Hulk Pop amp Small Tee","0"
"RT amp follow for your chance to WIN a exclusive Thor Ragnarok box with Hulk Pop amp Small Tee","0"
"thor ragnarok spoilers old habits die hard","0"
"RT amp follow for your chance to WIN a exclusive Thor Ragnarok box with Hulk Pop amp Small Tee","0"
"RT amp follow for your chance to WIN a exclusive Thor Ragnarok box with Hulk Pop amp Small Tee","0"
"peter parker uh hey mr thor do you think i can try holding mjolnir for a bit thor mjolnir got destroyed tiny sp","0"
"every avengers film is basically humans fucking up in some way and thor having to explain it to them","0"
"RT amp follow for your chance to WIN a exclusive Thor Ragnarok box with Hulk Pop amp Small Tee","0"
"Thor kkkkkkkkkk","0"
"Geek Homeworld Episode 74 Thor Ragnarok Review","0"
"Patriot45","0"
"I DON T SHIP HULK THOR","0"
"RT amp follow for your chance to WIN a exclusive Thor Ragnarok box with Hulk Pop amp Small Tee","0"
"tom hiddleston really auditioned for thor s character with his noodle arms thor lmao","0"
"Just saw the new Thor It was unexpectedly hilarious","0"
"yall are arguing over whether who is stronger hulk or thor n im chillin over here like","0"
"Thor there s only one thing worse than dying Thor pulls back card so board says Loki dying Avengers LOKI Thor No","0"
"RT amp follow for your chance to WIN a exclusive Thor Ragnarok box with Hulk Pop amp Small Tee","0"
"family fashion disaster thor loki","0"
"RT amp follow for your chance to WIN a exclusive Thor Ragnarok box with Hulk Pop amp Small Tee","0"
"RT amp follow for your chance to WIN a exclusive Thor Ragnarok box with Hulk Pop amp Small Tee","0"
"ton I really wish they gave him more of a character to work with in the new Thor movie I","0"
"RT amp follow for your chance to WIN a exclusive Thor Ragnarok box with Hulk Pop amp Small Tee","0"
"thor ragnarok is a cinematic masterpiece","0"
"RT amp follow for your chance to WIN a exclusive Thor Ragnarok box with Hulk Pop amp Small Tee","0"
"RT amp follow for your chance to WIN a exclusive Thor Ragnarok box with Hulk Pop amp Small Tee","0"
"RT amp follow for your chance to WIN a exclusive Thor Ragnarok box with Hulk Pop amp Small Tee","0"
"Ohh my Jasmin and thor are going to cebu Asa dapit Hahahaha WansaJFPSisterlyLove","0"
"RT amp follow for your chance to WIN a exclusive Thor Ragnarok box with Hulk Pop amp Small Tee","0"
"RT amp follow for your chance to WIN a exclusive Thor Ragnarok box with Hulk Pop amp Small Tee","0"
"RT amp follow for your chance to WIN a exclusive Thor Ragnarok box with Hulk Pop amp Small Tee","0"
"Box Office JusticeLeague Treads Behind Disney Pixar s Coco Thor Ragnarok Drops To The Fifth Spot","0"
"THOR hd rt like","0"
"oh thor my sweet child im","0"
"Geek Homeworld Episode 74 Thor Ragnarok Review","0"
"I want to crash out but I want to read I want to read but I want to go see Justice League I want to see Justi","0"
"THOR RAGNAROK is the best movie so far and they should just give the keys to the entire universe","0"
"me when thor turned into a full lightning and thunder god and the camera went to loki smirking in ragnarok","0"
"I liked a video Gofuu Vs Super Thor You Say Run GOES WITH EVERYTHING remix","0"
"Thor Ragnarok 2017","0"
"RT amp follow for your chance to WIN a exclusive Thor Ragnarok box with Hulk Pop amp Small Tee","0"
"I raise from the floor as you do my arm draped over your back to hold your shoulder as I keep you","0"
"RT amp follow for your chance to WIN a exclusive Thor Ragnarok box with Hulk Pop amp Small Tee","0"
"Thor Ragnarok 2017","0"
"RT amp follow for your chance to WIN a exclusive Thor Ragnarok box with Hulk Pop amp Small Tee","0"
"Kennedy offered Taika a SW job So the door is open and Fett is the THOR of the universe","0"
"RT amp follow for your chance to WIN a exclusive Thor Ragnarok box with Hulk Pop amp Small Tee","0"
"Thor The Dark World on tv Loki just died less than 5 min later a joke deep frustrated sigh","0"
"I liked a video Thor Ragnarok Teaser Trailer HD","0"
"loki entering the room disheveled and out of breath from running sorry im late father i was busy doing stuff thor enteri","0"
"loki entering the room disheveled and out of breath from running sorry im late father i was busy doing stuff thor enteri","0"
"Almost thought Thor was coming with the overcast all day Then the sunset that beautiful sunset","0"
"RT amp follow for your chance to WIN a exclusive Thor Ragnarok box with Hulk Pop amp Small Tee","0"
"Patriot45","0"
"RT amp follow for your chance to WIN a exclusive Thor Ragnarok box with Hulk Pop amp Small Tee","0"
"Thor there s only one thing worse than dying Thor pulls back card so board says Loki dying Avengers LOKI Thor No","0"
"Patriot45","0"
"Thor ou Wonder Woman","0"
"Move over Hulk and Thor cartoon hand pushes them away Ash Ketchum is the strongest avenger That s right","0"
"loki entering the room disheveled and out of breath from running sorry im late father i was busy doing stuff thor enteri","0"
"RT amp follow for your chance to WIN a exclusive Thor Ragnarok box with Hulk Pop amp Small Tee","0"
"Part 1 from 2 i m done here w Now let me come back to Thor Ragnarok and be happy there forever w PS Do not edit crop r","0"
"tom hiddleston really auditioned for thor s character with his noodle arms thor lmao","0"
"RT amp follow for your chance to WIN a exclusive Thor Ragnarok box with Hulk Pop amp Small Tee","0"
"for a sunday night 5 weeks or so after release the theatre was quite packed for thor ragnarok","0"
"PKM You ll kill me Evidently there will be a line Loki TomHiddleston Thor ThorTheDarkWorld ThorRagnarok Avengers The","0"
"RT amp follow for your chance to WIN a exclusive Thor Ragnarok box with Hulk Pop amp Small Tee","0"
"Thor is alive","0"
"Patriot45","0"
"RT amp follow for your chance to WIN a exclusive Thor Ragnarok box with Hulk Pop amp Small Tee","0"
"RT amp follow for your chance to WIN a exclusive Thor Ragnarok box with Hulk Pop amp Small Tee","0"
"Patriot45","0"
"RT amp follow for your chance to WIN a exclusive Thor Ragnarok box with Hulk Pop amp Small Tee","0"
"Thor there s only one thing worse than dying Thor pulls back card so board says Loki dying Avengers LOKI Thor No","0"
"RT amp follow for your chance to WIN a exclusive Thor Ragnarok box with Hulk Pop amp Small Tee","0"
"RT amp follow for your chance to WIN a exclusive Thor Ragnarok box with Hulk Pop amp Small Tee","0"
"thor ragnarok is a cinematic masterpiece","0"
"RT amp follow for your chance to WIN a exclusive Thor Ragnarok box with Hulk Pop amp Small Tee","0"
"Part 1 from 2 i m done here w Now let me come back to Thor Ragnarok and be happy there forever w PS Do not edit crop r","0"
"Taika Waititi did not make Thor Ragnarok the highest rated marvel film and get marvel Disney 800 millions dollars and ma","0"
"thor ragnarok 2017 oil on canvas","0"
"RT amp follow for your chance to WIN a exclusive Thor Ragnarok box with Hulk Pop amp Small Tee","0"
"thor","0"
"RT amp follow for your chance to WIN a exclusive Thor Ragnarok box with Hulk Pop amp Small Tee","0"
"Sungjae looks like thor","0"
"Not all of the chickens have come home to roost as more MOC are outed for their transgressions your r","0"
"Ragnarok print is done finally I I hope you enjoyed Thor amp Friends in space bc i sure did","0"
"RT amp follow for your chance to WIN a exclusive Thor Ragnarok box with Hulk Pop amp Small Tee","0"
"RT amp follow for your chance to WIN a exclusive Thor Ragnarok box with Hulk Pop amp Small Tee","0"
"RT amp follow for your chance to WIN a exclusive Thor Ragnarok box with Hulk Pop amp Small Tee","0"
"RT amp follow for your chance to WIN a exclusive Thor Ragnarok box with Hulk Pop amp Small Tee","0"
"RT amp follow for your chance to WIN a exclusive Thor Ragnarok box with Hulk Pop amp Small Tee","0"
"RT amp follow for your chance to WIN a exclusive Thor Ragnarok box with Hulk Pop amp Small Tee","0"
"thor BROTHER WATCH THIS smashes a beer can on his forehead and shotguns it THAT WAS FOR YOU loki secretly touched somet","0"
"RT amp follow for your chance to WIN a exclusive Thor Ragnarok box with Hulk Pop amp Small Tee","0"
"RT amp follow for your chance to WIN a exclusive Thor Ragnarok box with Hulk Pop amp Small Tee","0"
"RT amp follow for your chance to WIN a exclusive Thor Ragnarok box with Hulk Pop amp Small Tee","0"
"RT amp follow for your chance to WIN a exclusive Thor Ragnarok box with Hulk Pop amp Small Tee","0"
"Patriot45","0"
"Patriot45","0"
"RT amp follow for your chance to WIN a exclusive Thor Ragnarok box with Hulk Pop amp Small Tee","0"
"RT amp follow for your chance to WIN a exclusive Thor Ragnarok box with Hulk Pop amp Small Tee","0"
"RT amp follow for your chance to WIN a exclusive Thor Ragnarok box with Hulk Pop amp Small Tee","0"
"Part 1 from 2 i m done here w Now let me come back to Thor Ragnarok and be happy there forever w PS Do not edit crop r","0"
"RT amp follow for your chance to WIN a exclusive Thor Ragnarok box with Hulk Pop amp Small Tee","0"
"I added a video to a playlist Unboxing Thor vs Hulk Funko Contest of Champions","0"
"RT amp follow for your chance to WIN a exclusive Thor Ragnarok box with Hulk Pop amp Small Tee","0"
"RT amp follow for your chance to WIN a exclusive Thor Ragnarok box with Hulk Pop amp Small Tee","0"
"Box Office JusticeLeague Treads Behind Disney Pixar s Coco Thor Ragnarok Drops To The Fifth Spot","0"
"King Thor Loki laughed and shook his head I didn t worry about that I came into your life and t as unexpe","0"
"Thor s Hammers","0"
"RT amp follow for your chance to WIN a exclusive Thor Ragnarok box with Hulk Pop amp Small Tee","0"
"Wait til you watch the new Thor","0"
"Elf Where Eagles Dare Clint Eastwood Richard Burton is the best snow Christmas war film Ok So it s a niche category","0"
"Thor with the short hair","0"
"RT amp follow for your chance to WIN a exclusive Thor Ragnarok box with Hulk Pop amp Small Tee","0"
"thor loki i have to stop paying attention to you for five seconds while i help jane not die from the aether loki","0"
"RT amp follow for your chance to WIN a exclusive Thor Ragnarok box with Hulk Pop amp Small Tee","0"
"RT amp follow for your chance to WIN a exclusive Thor Ragnarok box with Hulk Pop amp Small Tee","0"
"b","0"
"Ya ll know how Loki is going to be an ally of Thanos in Infinity War I can t decide if Loki s shady ass was pulling tr","0"
"al Thor 19 I m probably to late but I could really use that","0"
"That New Thor Movie was Good Thor went through alot in this 1","0"
"991 Some days you feel like Thor Some days you can t even pull the grocery carts apart","0"
"RT amp follow for your chance to WIN a exclusive Thor Ragnarok box with Hulk Pop amp Small Tee","0"
"RT amp follow for your chance to WIN a exclusive Thor Ragnarok box with Hulk Pop amp Small Tee","0"
"RT amp follow for your chance to WIN a exclusive Thor Ragnarok box with Hulk Pop amp Small Tee","0"
"thor BROTHER WATCH THIS smashes a beer can on his forehead and shotguns it THAT WAS FOR YOU loki secretly touched somet","0"
"sometimes i think about my comparison of loki amp thor to the scorpion and the frog and cry again","0"
"RT amp follow for your chance to WIN a exclusive Thor Ragnarok box with Hulk Pop amp Small Tee","0"
"RT amp follow for your chance to WIN a exclusive Thor Ragnarok box with Hulk Pop amp Small Tee","0"
"thor","0"
"Part 1 from 2 i m done here w Now let me come back to Thor Ragnarok and be happy there forever w PS Do not edit crop r","0"
"Wait a second thor amp loki omg LITTLE EMOJIS","0"
"RT amp follow for your chance to WIN a exclusive Thor Ragnarok box with Hulk Pop amp Small Tee","0"
"twitter who s stronger hulk or thor me who cares they be fuckin","0"
"the one where Thor just eats all the other Avengers and calls it a day","0"
"not to be dramatic but no man will ever love me the way thor ragnorak has so","0"
"THOR RAGNAROK is the best movie so far and they should just give the keys to the entire universe","0"
"RT amp follow for your chance to WIN a exclusive Thor Ragnarok box with Hulk Pop amp Small Tee","0"
"RT amp follow for your chance to WIN a exclusive Thor Ragnarok box with Hulk Pop amp Small Tee","0"
"very disappointed that tony stark has never called thor MC Hammer en lieu of any other slightly obnoxious pop culture n","0"
"RT amp follow for your chance to WIN a exclusive Thor Ragnarok box with Hulk Pop amp Small Tee","0"
"RT amp follow for your chance to WIN a exclusive Thor Ragnarok box with Hulk Pop amp Small Tee","0"
"Thor ragnarok","0"
"Thor there s only one thing worse than dying Thor pulls back card so board says Loki dying Avengers LOKI Thor No","0"
"thor ragnarok spoilers old habits die hard","0"
"RT amp follow for your chance to WIN a exclusive Thor Ragnarok box with Hulk Pop amp Small Tee","0"
"THOR COMING DOWN FROM ON HIGH WRAPPED IN LIGHTNING VALKYRIE CASUALLY PACING TOWARDS HER ENEMIES AS FIREWORKS SHOOT OFF","0"
"RT amp follow for your chance to WIN a exclusive Thor Ragnarok box with Hulk Pop amp Small Tee","0"
"RT amp follow for your chance to WIN a exclusive Thor Ragnarok box with Hulk Pop amp Small Tee","0"
"XXII 1 THREAD Decoding QAnon s reference to Thor TLDR Thor Slays the Jotunn Maneaters Witiko Cannibalism https","0"
"eyes Why worship a god who allows so much suffering yet is ment to be all caring Vikings fuckchristians fuckmuslims pag","0"
"loki entering the room disheveled and out of breath from running sorry im late father i was busy doing stuff thor enteri","0"
"Ya ll know how Loki is going to be an ally of Thanos in Infinity War I can t decide if Loki s shady ass was pulling tr","0"
"I do not deny your invite I walk around the frame and crawl into bed beside you I look at you for a","0"
"thor goes full lightening mode with the immigrant song playing in the background me","0"
"RT amp follow for your chance to WIN a exclusive Thor Ragnarok box with Hulk Pop amp Small Tee","0"
"THOR","0"
"RT amp follow for your chance to WIN a exclusive Thor Ragnarok box with Hulk Pop amp Small Tee","0"
"Patriot45","0"
"RT amp follow for your chance to WIN a exclusive Thor Ragnarok box with Hulk Pop amp Small Tee","0"
"Ya ll know how Loki is going to be an ally of Thanos in Infinity War I can t decide if Loki s shady ass was pulling tr","0"
"thor 3 loki amp grandmaster yap orgy ship","0"
"RT amp follow for your chance to WIN a exclusive Thor Ragnarok box with Hulk Pop amp Small Tee","0"
"RT amp follow for your chance to WIN a exclusive Thor Ragnarok box with Hulk Pop amp Small Tee","0"
"RT amp follow for your chance to WIN a exclusive Thor Ragnarok box with Hulk Pop amp Small Tee","0"
"thor 3 loki amp grandmaster","0"
"I m hella mad Lol I m about to smoke eat and maybe go see Thor by myself lol","0"
"And he did want to help Thor just not in the way Thor wanted him to Keeping him on Sakaar was still safer than facing Hela","0"
"RT amp follow for your chance to WIN a exclusive Thor Ragnarok box with Hulk Pop amp Small Tee","0"
"RT amp follow for your chance to WIN a exclusive Thor Ragnarok box with Hulk Pop amp Small Tee","0"
"spotted some truly fantastic Thor fanart at Russo s today","0"
"RT amp follow for your chance to WIN a exclusive Thor Ragnarok box with Hulk Pop amp Small Tee","0"
"RT amp follow for your chance to WIN a exclusive Thor Ragnarok box with Hulk Pop amp Small Tee","0"
"thor","0"
"a happy thor ThorRagnarok","0"
"RT amp follow for your chance to WIN a exclusive Thor Ragnarok box with Hulk Pop amp Small Tee","0"
"Loki at the end of Thor Ragnarok","0"
"RT amp follow for your chance to WIN a exclusive Thor Ragnarok box with Hulk Pop amp Small Tee","0"
"RT amp follow for your chance to WIN a exclusive Thor Ragnarok box with Hulk Pop amp Small Tee","0"
"RT amp follow for your chance to WIN a exclusive Thor Ragnarok box with Hulk Pop amp Small Tee","0"
"Thor Ragnarok 2017","0"
"RT amp follow for your chance to WIN a exclusive Thor Ragnarok box with Hulk Pop amp Small Tee","0"
"RT amp follow for your chance to WIN a exclusive Thor Ragnarok box with Hulk Pop amp Small Tee","0"
"what up movie time thor woo see ya","0"
"me thor as the only avenger who stayed on mission and spent 2 years looking for thanos and the infinity stones whil","0"
"RT amp follow for your chance to WIN a exclusive Thor Ragnarok box with Hulk Pop amp Small Tee","0"
"thor ragnarok spoilers old habits die hard","0"
"RT amp follow for your chance to WIN a exclusive Thor Ragnarok box with Hulk Pop amp Small Tee","0"
"RT amp follow for your chance to WIN a exclusive Thor Ragnarok box with Hulk Pop amp Small Tee","0"
"UUUMMMMM CAN WE TALK ABOUT THE M A J O R CHARACYER DEVELOPMENT FOR HIM AT THE END WHEN THOR IS LIKE IF","0"
"Ya ll know how Loki is going to be an ally of Thanos in Infinity War I can t decide if Loki s shady ass was pulling tr","0"
"RT amp follow for your chance to WIN a exclusive Thor Ragnarok box with Hulk Pop amp Small Tee","0"
"RT amp follow for your chance to WIN a exclusive Thor Ragnarok box with Hulk Pop amp Small Tee","0"
"My top 5 films of the year Note the last Jedi will most likely be on the list once it comes out idk 1 Logan 2","0"
"and here s a square crop of thor and banner thank u everyone who joined the stream","0"
"RT amp follow for your chance to WIN a exclusive Thor Ragnarok box with Hulk Pop amp Small Tee","0"
"RT amp follow for your chance to WIN a exclusive Thor Ragnarok box with Hulk Pop amp Small Tee","0"
"Remes toket gede","0"
"Went to see Thor Ragnarok today and I think I ve finally developed an appreciation of Led Zeppelin","0"
"RT amp follow for your chance to WIN a exclusive Thor Ragnarok box with Hulk Pop amp Small Tee","0"
"RT amp follow for your chance to WIN a exclusive Thor Ragnarok box with Hulk Pop amp Small Tee","0"
"THOR","0"
"RT amp follow for your chance to WIN a exclusive Thor Ragnarok box with Hulk Pop amp Small Tee","0"
"Thor are you the oldest Me yeah Thor you re the superior it s fine","0"
"RT amp follow for your chance to WIN a exclusive Thor Ragnarok box with Hulk Pop amp Small Tee","0"
"Thor","0"
"Voted for TeamThorRagnarok on the third film is one of Marvel s best","0"
"Patriot45","0"
"In fact during the making of the films people call Evans Cap No one calls Hemsworth Thor or Jeremy Renner Hawkeye","0"
"Patriot45","0"
"Thor Who the hell are you guys The Guardians","0"
"Thor there s only one thing worse than dying Thor pulls back card so board says Loki dying Avengers LOKI Thor No","0"
"RT amp follow for your chance to WIN a exclusive Thor Ragnarok box with Hulk Pop amp Small Tee","0"
"tom hiddleston really auditioned for thor s character with his noodle arms thor lmao","0"
"My sweet little Thor","0"
"RT amp follow for your chance to WIN a exclusive Thor Ragnarok box with Hulk Pop amp Small Tee","0"
"RT amp follow for your chance to WIN a exclusive Thor Ragnarok box with Hulk Pop amp Small Tee","0"
"Part 1 from 2 i m done here w Now let me come back to Thor Ragnarok and be happy there forever w PS Do not edit crop r","0"
"RT amp follow for your chance to WIN a exclusive Thor Ragnarok box with Hulk Pop amp Small Tee","0"
"Have faith","0"
"RT amp follow for your chance to WIN a exclusive Thor Ragnarok box with Hulk Pop amp Small Tee","0"
"RT amp follow for your chance to WIN a exclusive Thor Ragnarok box with Hulk Pop amp Small Tee","0"
"This is one of the approved Hela designs I painted up on ThorRagnarok As you know if you watched it she has several loo","0"
"RT amp follow for your chance to WIN a exclusive Thor Ragnarok box with Hulk Pop amp Small Tee","0"
"991 Some days you feel like Thor Some days you can t even pull the grocery carts apart","0"
