"It took me 6 hours after watching Coco to realize why it s called Coco","0"
"Does anyone wanna see coco with me","0"
"There s one thing that Coco taught me Fame fades family is forever","0"
"Me gust un video de Why Coco Is Going To Be Amazing","0"
"RT amp follow for a chance to win a exclusive Coco glow in the dark Miguel Pop","0"
"cutie but coco would probably destroy the hell out of my socks","0"
"RT amp follow for a chance to win a exclusive Coco glow in the dark Miguel Pop","0"
"We re getting shirts made for coco if you would be interested in one hmu","0"
"RT amp follow for a chance to win a exclusive Coco glow in the dark Miguel Pop","0"
"Omg ew I thought this was a Fear Factor ad at first","0"
"Fancy gratuitous transportation and AT EASE COUNTERMEASURE REPRESENTING DANDRUFF Alloy the yolk the olive fuel Man","0"
"RT amp follow for a chance to win a exclusive Coco glow in the dark Miguel Pop","0"
"Here are the next Pixar movies after Coco","0"
"Coco I loved it so much and I feel like not enough people are talking about it","0"
"I miss that day in elementary school where you would come to school in pajamas and they d give you hot coco while you watch","0"
"RT amp follow for a chance to win a exclusive Coco glow in the dark Miguel Pop","0"
"drop69 G night sweet Joe you amp Coco stay warm Biscuit sends hugs me too love","0"
"I just watched coco and I have one thing to say Remember me","0"
"Ya know that feeling you get when you wake up in the middle of a really good dream","0"
"I didn t cry at the end of Coco you cried at the end of Coco","0"
"Me after watched Coco","0"
"drop69 Good morning Nice Joe have a wonderful day sweetheart hi Coco love ya","0"
"RT amp follow for a chance to win a exclusive Coco glow in the dark Miguel Pop","0"
"Healthy mind healthy body Coco is getting in shape as we start filming my next youtube video","0"
"If you didn t cry during coco then you re heartless and are probably lying","0"
"Coco was what I needed in my life","0"
"moni Y u not tryna be w yo bestfriend","0"
"RT amp follow for a chance to win a exclusive Coco glow in the dark Miguel Pop","0"
"BangYongguk BAP 171111 Korea GO Festival GUCCI Coco Capit n logo T shirt White 550 GUCCI Leather belt with","0"
"Coco is SUCHA GOOD MOVIE","0"
"Me after watched Coco","0"
"RT amp follow for a chance to win a exclusive Coco glow in the dark Miguel Pop","0"
"Me after watched Coco","0"
"Me after watched Coco","0"
"Taraji you know ICE T amp COCO interviewed us rite","0"
"COCO in Spanish is waaaaay better","0"
"Me after watched Coco","0"
"Yooooo Coco was sad af","0"
"Me after watched Coco","0"
"Me after watched Coco","0"
"RT amp follow for a chance to win a exclusive Coco glow in the dark Miguel Pop","0"
"We hope your day was nice too deezcoconut likebreakfastandeggs","0"
"RT amp follow for a chance to win a exclusive Coco glow in the dark Miguel Pop","0"
"Coco was such a good movie thanks for hanging out","0"
"Don t miss your chance to enter to win a 20 Amazon GC Giveaway Ends 12 15 giveaway rwm hohohohop","0"
"Yummy coco martin style","0"
"Nicki s poster on the wall in Coco s Azealia Banks room in the movie Love Beats Rhymes","0"
"Finally going to go watch coco tommorow","0"
"RT amp follow for a chance to win a exclusive Coco glow in the dark Miguel Pop","0"
"Im hella skinnyfat Just saw coco and I m always down to sing along to that DP uncomboing lol","0"
"I feel like I m the only one who hasn t seen coco","0"
"RT amp follow for a chance to win a exclusive Coco glow in the dark Miguel Pop","0"
"RT amp follow for a chance to win a Coco Miguel and Hector Dorbz prize pack","0"
"RT amp follow for a chance to win a exclusive Coco glow in the dark Miguel Pop","0"
"RT amp follow for a chance to win a exclusive Coco glow in the dark Miguel Pop","0"
"Saw this really cute hot coco set at target but it was kinda expensive BUT BUT it be perfect when I wanna invite","0"
"RT amp follow for a chance to win a exclusive Coco glow in the dark Miguel Pop","0"
"RT amp follow for a chance to win a exclusive Coco glow in the dark Miguel Pop","0"
"Me after watched Coco","0"
"Me after watched Coco","0"
"Coco is definitely one of the best film ever made","0"
"universe I just had the idea of Miguel taking Hiro to The Land of The Dead to found Tadashi and Hamada Family c Coco BigHero","0"
"Me after watched Coco","0"
"And I m gonna also add Keep it cute or get a girl smacked in her fuckin mouth Mani out","0"
"RT amp follow for a chance to win a exclusive Coco glow in the dark Miguel Pop","0"
"RT amp follow for a chance to win a exclusive Coco glow in the dark Miguel Pop","0"
"RT amp follow for a chance to win a exclusive Coco glow in the dark Miguel Pop","0"
"But why is coco the most iconic movie ever I m bald","0"
"There s one thing that Coco taught me Fame fades family is forever","0"
"Now you can mellow or mallow out with some hot coco enjoy","0"
"coco crunch cocompile","0"
"Watching Coco a second time was even better I cried like a MUTHERFUCKING BABY again","0"
"Coco de Mer releases a raunchy Christmas advert","0"
"RT amp follow for a chance to win a exclusive Coco glow in the dark Miguel Pop","0"
"Y all are ruining my sweet Coco feed Sorry Pixar","0"
"Coco is soo good","0"
"Omg I justed finished watching Coco and I m speechless I love how Disney has been showing love to different cultur","0"
"RT amp follow for a chance to win a exclusive Coco glow in the dark Miguel Pop","0"
"I feel like I m the only one who hasn t seen coco","0"
"RT amp follow for a chance to win a exclusive Coco glow in the dark Miguel Pop","0"
"coco was such a good movie i cry","0"
"for this music is my language and the world es mi familia here s my tribute to the best movie of 2017 Coco CocoPixar","0"
"RT amp follow for a chance to win a exclusive Coco glow in the dark Miguel Pop","0"
"RT amp follow for a chance to win a exclusive Coco glow in the dark Miguel Pop","0"
"RT amp follow for a chance to win a exclusive Coco glow in the dark Miguel Pop","0"
"Coco Secures Lead at Box Office for Three Straight Weeks PixarCoco","0"
"RT amp follow for a chance to win a exclusive Coco glow in the dark Miguel Pop","0"
"I m telling y all Coco is THAT FILM","0"
"coco austin fully naked 3rd degree sex","0"
"ANYWAYS COCO IS THE BEST MOVIE THIS YEAR I CRIED LITERALLY THE WHOLE TIME","0"
"Late night coco JunteADEXPROS2017 Sangr aYChocolate DeSiempre 16A osDandoLata","0"
"I thought of my grandmothers They would ve loved it Coco LongBraids","0"
"RT amp follow for a chance to win a exclusive Coco glow in the dark Miguel Pop","0"
"i hope youngjae is enjoying himself having little coco photoshoots playing with her laughing smiling being happy","0"
"COCO was a great movie must watch","0"
"naav Bro I honestly can t wait to come home to my wife lookin like this w my baby in her belly Ima take off her shoes grab so","0"
"RT amp follow for a chance to win a exclusive Coco glow in the dark Miguel Pop","0"
"Oh okay so apparently anything having to do with D a De Los Muertos makes me weep openly b co of how beautiful","0"
"RT amp follow for a chance to win a exclusive Coco glow in the dark Miguel Pop","0"
"RT amp follow for a chance to win a exclusive Coco glow in the dark Miguel Pop","0"
"Coco was such a good movie I cried soo much","0"
"RT amp follow for a chance to win a exclusive Coco glow in the dark Miguel Pop","0"
"RT amp follow for a chance to win a exclusive Coco glow in the dark Miguel Pop","0"
"If you haven t seen Coco go see it","0"
"So I finally saw Coco and I m really mad it has an 81 on metacritic It s by far one of the best Pixar movies and it sho","0"
"This number 4 within a year its sick","0"
"Showtime2 COCO","0"
"universe I just had the idea of Miguel taking Hiro to The Land of The Dead to found Tadashi and Hamada Family c Coco BigHero","0"
"biggest lesson this year as an introvert in pain it s easy to shut people out because you know how to deal on your","0"
"RT amp follow for a chance to win a exclusive Coco glow in the dark Miguel Pop","0"
"When Disney knows that Mexicans are always late so they play a 21 min Frozen short film before COCO","0"
"I wanna go watch coco again","0"
"We always fuckin with socks on it s very coco dorm","0"
"RT amp follow for a chance to win a exclusive Coco glow in the dark Miguel Pop","0"
"RT amp follow for a chance to win a exclusive Coco glow in the dark Miguel Pop","0"
"free hairy mature porn movies coco nude hd videos","0"
"RT amp follow for a chance to win a exclusive Coco glow in the dark Miguel Pop","0"
"I didn t cry at the end of Coco you cried at the end of Coco","0"
"I feel like I m the only one who hasn t seen coco","0"
"i owe myself an apology for all the shit i let slide","0"
"Coco fluff","0"
"Still haven t watched Coco Still haven t gone to the Festival of Lights","0"
"I ve seen Coco twice The first time I got a frog in my throat and the second time I actually cried","0"
"The coco soundtrack is by far one of the best ones Disney has made","0"
"Dude Coco was so good I legit cried during it Such a good movie","0"
"What happened to coco kiss","0"
"RT amp follow for a chance to win a exclusive Coco glow in the dark Miguel Pop","0"
"Fedde Le Grand CoCo Star Dannic Coco s Miracle Club Mix NowPlaying","0"
"UHV to host Coco book signing Victoria Advocate","0"
"RT amp follow for a chance to win a exclusive Coco glow in the dark Miguel Pop","0"
"Coco is the best movie I ve seen in a long time","0"
"RT amp follow for a chance to win a exclusive Coco glow in the dark Miguel Pop","0"
"wanna watch coco naaa","0"
"Coco is SO good My husband even cried","0"
"Coco was a really good movie but am I the only one that thought it was supppppper similar to Book of Life","0"
"when you sneeze and no one blesses you","0"
"UHV to host Coco book signing Victoria Advocate","0"
"Genre BroBeans Also you re not a scientist becau","0"
"Finally watched Coco and it was so hard not to cry","0"
"COCO MADE ME CRY MY ASS OFF","0"
"I m petty in the most discrete way I only do it if my hand is forced I don t like my hand being forced","0"
"I didn t write remember me for the world Coco","0"
"Went from drinking vodka and beer on a Saturday night to drinking hot coco in my sweat pants binge watching movies Yay for adulting","0"
"The second part lights up the whole thing The revelation The truth Enjoyed it coco","0"
"I need some hot coco","0"
"Bonita I don t fake bash my bd he really ain t shit","0"
"September Did she try to get hold of he victim first","0"
"RT amp follow for a chance to win a exclusive Coco glow in the dark Miguel Pop","0"
"I should just watch coco by myself","0"
"she patting her nose cause she off tha coco","0"
"i just wanna watch coco again","0"
"jealousy","0"
"Still haven t watched Coco Still haven t gone to the Festival of Lights","0"
"There s one thing that Coco taught me Fame fades family is forever","0"
"coco came thru kept me company with my last two glasses of merlot then she paid for my whole bill LAWD","0"
"Warm tea tastes like herbal coco","0"
"I saw the movie Coco today and I LOVED IT It was so cute and wholesome I would 10 10 recommend","0"
"Pixar s Coco has a nearly all Latino cast along with its animators and musicians","0"
"Santa Madre This is a huge family Just like MIGUEL s coco","0"
"I added a video to a playlist recu rdame letra disney pixar s coco","0"
"dude coco is such a beautiful movie","0"
"verenice Delilah s teacher pulled me to the side today amp was like don t worry Delilah isn t in trouble but I just wanted to sa","0"
"RT amp follow for a chance to win a exclusive Coco glow in the dark Miguel Pop","0"
"RT amp follow for a chance to win a exclusive Coco glow in the dark Miguel Pop","0"
"naav Bro I honestly can t wait to come home to my wife lookin like this w my baby in her belly Ima take off her shoes grab so","0"
"I rated Coco 2017 9 10 IMDb Along with Animolisa the standout animated film from the last decade Brimming wit","0"
"Remember Coco This is him now feel old yet","0"
"lowkey debating if i wanna go to college dis summer or just watch south park and eat coco puffs either way im eatin","0"
"Chaz is gone He s probably winning","0"
"Coco was an amazing movie 100 10 go watch it you ll cry of happiness","0"
"RT amp follow for a chance to win a exclusive Coco glow in the dark Miguel Pop","0"
"Wanna watch Coco but too lazy to take a bath","0"
"COCO WAS AMAZING IT HIT ME HARD ITS A MUST WATCH MOVIE","0"
"Coco s anons fucking love me","0"
"CAPRICORN Coco Chanel One of the most high class labels worldwide Chanel s designs are subtly sexy while being complet","0"
"Coco is such a brilliant movie Really showcases Mexican culture and how important family is","0"
"Still haven t watched Coco Still haven t gone to the Festival of Lights","0"
"Nu on air Chris Coco Acoustic Holiday","0"
"Coco was a phenomenal movie I cried so much 10 10 would recommend","0"
"universe I just had the idea of Miguel taking Hiro to The Land of The Dead to found Tadashi and Hamada Family c Coco BigHero","0"
"quorice Know that I m with you the only way that I can be Until you re in my arms again Remember meeee Coco fanart","0"
"Finally Saw the Disney Pixar movie Coco It was amazing CocoPixar Coco Disney movie Amazing","0"
"If you say that Coco didnt make you cry you re lying","0"
"Yeah so I just cried 4 times watching Coco","0"
"When they release Frozen 2 I want a 21 minutes Coco related short in front of it","0"
"i am awake all night doing a double shift someone please entertain me","0"
"RT amp follow for a chance to win a exclusive Coco glow in the dark Miguel Pop","0"
"RT amp follow for a chance to win a exclusive Coco glow in the dark Miguel Pop","0"
"Wonder Coco AWESOME moviemarathon withfriends amp colleagues","0"
"Loved Coco A bit sad but such a lovely story","0"
"coco bats at me with her paw till I pet her precious gremlin","0"
"RT amp follow for a chance to win a exclusive Coco glow in the dark Miguel Pop","0"
"JUST WATCHED COCO WOULD ABSOLUTELY RECOMMEND","0"
"honestly truly","0"
"Coco is easily in my top 5 now Wow","0"
"Coco fluff","0"
"I need my mom","0"
"RT amp follow for a chance to win a Coco Miguel and Hector Dorbz prize pack","0"
"RT amp follow for a chance to win a exclusive Coco glow in the dark Miguel Pop","0"
"This restaurant I was at played the following music HSM Camp Rock Coco whoever made this playlist is bomb af","0"
"RT amp follow for a chance to win a exclusive Coco glow in the dark Miguel Pop","0"
"KookV 171209 WINGS TOUR FINAL in SEOUL amp","0"
"some coco fanart I wanna watch it again too good coco disney fanart","0"
"Goddess is always chic amp on point Goddess Coco s happiness amp luxurious lifestyle is all that","0"
"One cannot deny who was meant to be Lol I am coming Coco","0"
"RT amp follow for a chance to win a exclusive Coco glow in the dark Miguel Pop","0"
"Cocoo thank you coco","0"
"RT amp follow for a chance to win a exclusive Coco glow in the dark Miguel Pop","0"
"Cried like a baby during Coco","0"
"RT amp follow for a chance to win a exclusive Coco glow in the dark Miguel Pop","0"
"Just watched Coco Loved all its colours and warmth Inspired me to make a warm video with colourful footage Colourlovers CocoTheMovie","0"
"COCO IS SO GOOD 12 10 Recommend","0"
"Here are the next Pixar movies after Coco","0"
"RT amp follow for a chance to win a exclusive Coco glow in the dark Miguel Pop","0"
"so nobody s gna tell her sis","0"
"Pixar s Coco has a nearly all Latino cast along with its animators and musicians","0"
"RT amp follow for a chance to win a exclusive Coco glow in the dark Miguel Pop","0"
"RT amp follow for a chance to win a exclusive Coco glow in the dark Miguel Pop","0"
"also her and 5 other girls went to see coco with me which was phenomenal btw and we were driving and she said the","0"
"RT amp follow for a chance to win a exclusive Coco glow in the dark Miguel Pop","0"
"RT amp follow for a chance to win a exclusive Coco glow in the dark Miguel Pop","0"
"Rankin launches VERY raunchy Coco de Mer film for Christmas","0"
"wayne loves in private and hates in public","0"
"like that was my only wut moment with coco disney what is wrong w you 4 real","0"
"HELLO EVERYBODY I HAVE A SPECIAL ANNOUNCEMENT FOR THE LOVE OF ALL THINGS HOLY CAN EVERYONE PLEASE GO WATCH COCO AND GIV","0"
"Thank you God for my warm house my running water lights food in my refrigerator amp the clothes on my back I m tr","0"
"RT amp follow for a chance to win a exclusive Coco glow in the dark Miguel Pop","0"
"RT amp follow for a chance to win a exclusive Coco glow in the dark Miguel Pop","0"
"RT amp follow for a chance to win a exclusive Coco glow in the dark Miguel Pop","0"
"Bout to go watch coco by myself damn near","0"
"finally saw coco and it was so good I cried shocking i know","0"
"Coco the Dogo licked my camra Hahaha Btw I m 11 so I m pretty wierd","0"
"I ve gone to see Coco three times in less than a month and I d go again It is the most beautiful movie I have ever seen an","0"
"Coco wants to be part of the christmas decor cocothegoldendoodle","0"
"September for the ratings","0"
"I STILL REALLY WANT TO WATCH COCO","0"
"RT amp follow for a chance to win a exclusive Coco glow in the dark Miguel Pop","0"
"I m a hoe for a softly lit room while enjoying my own space and a peace of mind","0"
"Que malo el De La Cruz el pinche my mom telling me about how she saw Coco","0"
"Coco fluff","0"
"Coco was the cutest movie of allllll time","0"
"Finally watched Coco and it was so hard not to cry","0"
"disney we need a iconic mexican figure for our movie coco who should it be writer well frida khalo is popular","0"
"Four for you Glen Coco you go Glen Coco Miami University","0"
"Anyone wanna watch coco","0"
"I cried at finding dory so yeah I cried at coco these damn movies","0"
"Coco is the best movie I ve seen in a long time","0"
"In the theatre waiting for Coco to start then the second previews ended I had to pee I was rushing to go when I","0"
"Coco then kissed her on the lips wondering if she d accept the kiss","0"
"I love Larxene","0"
"Review Coco game gamer","0"
"I m not changing my number no more after this","0"
"RT amp follow for a chance to win a exclusive Coco glow in the dark Miguel Pop","0"
"i want to watch Coco","0"
"I didn t cry at the end of Coco you cried at the end of Coco","0"
"RT amp follow for a chance to win a exclusive Coco glow in the dark Miguel Pop","0"
"New Hair New Number New Nick","0"
"i love u but i ain t watchin 20 min of u eating ramen with yo stupid ass friends or making hot coco in ur dorm nobody give a shit","0"
"coco don t love nek nomo","0"
"RT amp follow for a chance to win a exclusive Coco glow in the dark Miguel Pop","0"
"7 year old Coco Princess in Harajuku w Leni amp June coat over a Vivetta shirt The Animals Observatory pants Gucci sneak","0"
"2 Yeah Coco mcm fun","0"
"RT amp follow for a chance to win a Coco Miguel and Hector Dorbz prize pack","0"
"Went to see Disney Pixar s Coco today and carelessly did not anticipate the abundant amount of tears","0"
"pornstar coco brown fun facts about sex","0"
"Watched the movie coco and I cried so hard Huge lump in my throat Loved the movie so much that it reminded me of","0"
"RT amp follow for a chance to win a exclusive Coco glow in the dark Miguel Pop","0"
"CoCo Curry in Tokyo Our thoughts on the blog cococurry cocoichibanya japan japanesefood","0"
"Coco is literally the best movie ever gt","0"
"ANYWAYS COCO IS THE BEST MOVIE THIS YEAR I CRIED LITERALLY THE WHOLE TIME","0"
"Pop up pup Meet Dante when you see PixarCoco in theatres in 3D today Tickets","0"
"Coco made me tear so hard at the end I loved that movie gt V","0"
"Saw Disney s Coco today My heart is still recovering","0"
"RT amp follow for a chance to win a exclusive Coco glow in the dark Miguel Pop","0"
"RT amp follow for a chance to win a exclusive Coco glow in the dark Miguel Pop","0"
"coco I thought amber was the shit but when I had to buy that one because amber was out of stock it had me speaking in tongues","0"
"These Latinx folks went to see Coco and shed A LOT of tears","0"
"RT amp follow for a chance to win a exclusive Coco glow in the dark Miguel Pop","0"
"RT amp follow for a chance to win a exclusive Coco glow in the dark Miguel Pop","0"
"RT amp follow for a chance to win a exclusive Coco glow in the dark Miguel Pop","0"
"Let us lead you to sweet serendipity Funnel Travel Traveldiaries Funneltravels Coco","0"
"Just favorited Play Emotions Podcast 09 12 17 by Cece Coco by Cece Coco World Music on Mixcloud","0"
"You should organize a show with the singers in this movie Coco La Llorona en audio en sus","0"
"RT amp follow for a chance to win a exclusive Coco glow in the dark Miguel Pop","0"
"Miguel from today at the minicomiccon2017 Had a blast running around singing songs","0"
"I can t thank you enough Stories like this are one of the major reasons I m chasing my dreams in the A","0"
"RT amp follow for a chance to win a exclusive Coco glow in the dark Miguel Pop","0"
"RT amp follow for a chance to win a exclusive Coco glow in the dark Miguel Pop","0"
"Yo they got me dfl in here","0"
"RT amp follow for a chance to win a exclusive Coco glow in the dark Miguel Pop","0"
"Coco was a really good movie One of Pixar s better movies to come out recently The story was pretty predictable b","0"
"blonde girl porn videos lil coco tumbir","0"
"Coco had a better plot twist when it came to the Villian than Frozen Ironic that a Frozen short was in front of the film in theaters","0"
"I gotta ask how did Miguel and the Riveras proved Ernesto de la Cruz stole H ctor s songs and poisoned","0"
"Waiting for my baby to get off work","0"
"RT amp follow for a chance to win a exclusive Coco glow in the dark Miguel Pop","0"
"Still haven t watched Coco Still haven t gone to the Festival of Lights","0"
"Just saw Coco Was good","0"
"I did watch the great movie Coco during Thanksgiving Break but it really didn t made me cry I lov","0"
"Coco is my favorite movie tbh","0"
"RT amp follow for a chance to win a exclusive Coco glow in the dark Miguel Pop","0"
"Coco fluff","0"
"RT amp follow for a chance to win a exclusive Coco glow in the dark Miguel Pop","0"
"RT amp follow for a chance to win a exclusive Coco glow in the dark Miguel Pop","0"
"These Latinx folks went to see Coco and shed A LOT of tears","0"
"Bro I m so hyped I m really 20 min away from watching coco I m about to cry","0"
"CoCo legend","0"
"youngjae s love for coco is the cutest thing ever","0"
"I was actually more surprised by the fact that coco made my dad cry and he s the most macho mexican dude I ve met","0"
"RT amp follow for a chance to win a exclusive Coco glow in the dark Miguel Pop","0"
"if u re talking bout coco from cocosori then she went to the unit but didn t pass also her perf wasn t aired","0"
"RT amp follow for a chance to win a exclusive Coco glow in the dark Miguel Pop","0"
"Check out CoCo fam very well done classic","0"
"RT amp follow for a chance to win a exclusive Coco glow in the dark Miguel Pop","0"
"RT amp follow for a chance to win a exclusive Coco glow in the dark Miguel Pop","0"
"Britt n Tay so cute","0"
"I finally got to see Coco that movie hit me right in the fucking feels man","0"
"anyway i spent the past 40 minutes sobbing because of coco it was like a bullet designed to fucking kill me","0"
"RT amp follow for a chance to win a exclusive Coco glow in the dark Miguel Pop","0"
"Fuck yeah I m tryna go to Candy Cane Lane amp sip on some hot coco","0"
"RT amp follow for a chance to win a exclusive Coco glow in the dark Miguel Pop","0"
"RT amp follow for a chance to win a exclusive Coco glow in the dark Miguel Pop","0"
"Coco was great","0"
"RT amp follow for a chance to win a exclusive Coco glow in the dark Miguel Pop","0"
"Stoned Who wants this Sz M","0"
"Bro I m so hyped I m really 20 min away from watching coco I m about to cry","0"
"i just wanna watch coco again","0"
"Ayy this lit I appreciate u coco love u sahn Already","0"
"And Coco","0"
"hey uh pixar what the absolute fuck was coco","0"
"RT amp follow for a chance to win a exclusive Coco glow in the dark Miguel Pop","0"
"I STILL HAVEN T WATCHED COCO WTF","0"
"Just saw Coco I had no idea I could cry that hard in public","0"
"RT amp follow for a chance to win a exclusive Coco glow in the dark Miguel Pop","0"
"finally saw Coco and after being emotionally drained by it i want to see it 1000 more times RepresentationMatters","0"
"I cried watching Coco like a lil bitch","0"
"RT amp follow for a chance to win a exclusive Coco glow in the dark Miguel Pop","0"
"There s one thing that Coco taught me Fame fades family is forever","0"
"Watched coco rn and I m probably gonna be crying in the club tonight","0"
"Watching COCO by","0"
"RT amp follow for a chance to win a exclusive Coco glow in the dark Miguel Pop","0"
"I don t care if Coco is an animated movie That shit REALLY hit the feels","0"
"aye CoCo was so damn cold omg","0"
"There s one thing that Coco taught me Fame fades family is forever","0"
"RT amp follow for a chance to win a exclusive Coco glow in the dark Miguel Pop","0"
"RT amp follow for a chance to win a exclusive Coco glow in the dark Miguel Pop","0"
"HELLO EVERYBODY I HAVE A SPECIAL ANNOUNCEMENT FOR THE LOVE OF ALL THINGS HOLY CAN EVERYONE PLEASE GO WATCH COCO AND GIV","0"
"RT amp follow for a chance to win a exclusive Coco glow in the dark Miguel Pop","0"
"RT amp follow for a chance to win a exclusive Coco glow in the dark Miguel Pop","0"
"I didn t cry at the end of Coco you cried at the end of Coco","0"
"the showing of Coco i took my mom to today did NOT have the frozen short in front of it and honestly honestly blessed","0"
"Everyone needs to go see Coco","0"
"There s one thing that Coco taught me Fame fades family is forever","0"
"and i cried a lot when i watched it COCO","0"
"Guess who touchdown","0"
"This is hot coco Xmas movies amp cuddling weather","0"
"Post Coco thought Instead of drunk calling your exes drunk call your grandparents and tell them how much you miss love them","0"
"Pregnant Chihuahua Has Giant Belly But Goes Into Labor To Reveal An Even Bigger Secret dogs h","0"
"Okay but I really want to go see Coco","0"
"Josh is a fucking dumbass On a real note I haven t seen coco due to the frozen short at the beginning","0"
"RT amp follow for a chance to win a exclusive Coco glow in the dark Miguel Pop","0"
"So these still for sale","0"
"COCO was the shit","0"
"Watching coco and the saddest part of the movie I m cracking up because the girls behind are crying","0"
"Damn coco made me cry It was so good","0"
"RT amp follow for a chance to win a exclusive Coco glow in the dark Miguel Pop","0"
"RT amp follow for a chance to win a exclusive Coco glow in the dark Miguel Pop","0"
"RT amp follow for a chance to win a exclusive Coco glow in the dark Miguel Pop","0"
"RT amp follow for a chance to win a exclusive Coco glow in the dark Miguel Pop","0"
"RT amp follow for a chance to win a exclusive Coco glow in the dark Miguel Pop","0"
"RT amp follow for a chance to win a exclusive Coco glow in the dark Miguel Pop","0"
"Coco pops D tier Awful","0"
"RT amp follow for a chance to win a exclusive Coco glow in the dark Miguel Pop","0"
"In the year and 3 months we ve been dating this is the first time Madisen hasn t slept during a movie Thank you Coco","0"
"HELLO EVERYBODY I HAVE A SPECIAL ANNOUNCEMENT FOR THE LOVE OF ALL THINGS HOLY CAN EVERYONE PLEASE GO WATCH COCO AND GIV","0"
"Meet your newest pup pal Dante when you see PixarCoco in theatres in 3D now Get tickets https","0"
"army xxx picks www coco sex com","0"
"If you didn t like Coco then unfollow and block me because I don t need that type of person in my life","0"
"bitch me and ivana cried watching coco who are we","0"
"Yup coco made me cry","0"
"I miss that day in elementary school where you would come to school in pajamas and they d give you hot coco while you watch P","0"
"RT amp follow for a chance to win a exclusive Coco glow in the dark Miguel Pop","0"
"RT amp follow for a chance to win a exclusive Coco glow in the dark Miguel Pop","0"
"Coco is officially my new favorite Pixar movie Sorry Remy","0"
"Six years ago when I first started making Coco I found this shell on the beach I took it as a sign that I was working on","0"
"RT amp follow for a chance to win a exclusive Coco glow in the dark Miguel Pop","0"
"RT amp follow for a chance to win a exclusive Coco glow in the dark Miguel Pop","0"
"Use strong ideas I imposed black it is still going strong today for black wipes out everything else around Coco Chanel NimbleQuotes","0"
"coco Huddy98 13 775 59 dollars","0"
"coco made me cry then i started sobbing when it reminded me of my tito and when he d play guitar for me when i lived in mexico","0"
"RT amp follow for a chance to win a exclusive Coco glow in the dark Miguel Pop","0"
"RT amp follow for a chance to win a exclusive Coco glow in the dark Miguel Pop","0"
"surprisingly coco was rly good","0"
"Anyone planning on seeing coco I haven t yet but I am hoping too soon PixarCoco pixar","0"
"Now I want hot coco","0"
"I finally watched Coco and it s so fucken beautiful","0"
"Duckling What is the meaning of life","0"
"coco was amazing","0"
"thinking about coco a lot today","0"
"RT amp follow for a chance to win a exclusive Coco glow in the dark Miguel Pop","0"
"HELLO EVERYBODY I HAVE A SPECIAL ANNOUNCEMENT FOR THE LOVE OF ALL THINGS HOLY CAN EVERYONE PLEASE GO WATCH COCO AND GIV","0"
"I ll put my expectation out of my head for Orient Express I had Coco JL and BoS in the past 2 weeks","0"
"I didn t cry at the end of Coco you cried at the end of Coco","0"
"RT amp follow for a chance to win a exclusive Coco glow in the dark Miguel Pop","0"
"RT amp follow for a chance to win a exclusive Coco glow in the dark Miguel Pop","0"
"cried w a single mom named linda from massachusetts coco is an amazing movie","0"
"Happy Hearts Coco Martin in Florence Italy CocoYassInItaly","0"
"If you don t cry during coco you have no heart","0"
"So I finally saw Coco and I m really mad it has an 81 on metacritic It s by far one of the best Pixar movies and","0"
"I STILL HAVEN T WATCHED COCO WTF","0"
"this is professional corporate shade I like it when brands can have a little cheeky humor","0"
"About to watch Coco Later","0"
"I watched coco and fr shed a tear","0"
"RT amp follow for a chance to win a exclusive Coco glow in the dark Miguel Pop","0"
"I wanna see Coco again but I also really wanna see the disaster artist too","0"
"RT amp follow for a chance to win a exclusive Coco glow in the dark Miguel Pop","0"
"COCO is a great movie the story the songs the characters development the pictures the cultures everything is perfec","0"
"Now playing TripleO Real Talk feat Coco Dupree on Salt FM UK","0"
"RT amp follow for a chance to win a exclusive Coco glow in the dark Miguel Pop","0"
"Coco has been my fluffiest but she s still essentially a shorthair It s just too hard to pick I","0"
"CHANEL Shoulder Bag Yellow Multicolor Floral Coco Mark Canvas Ladies Mint 9083","0"
"UHV to host amp 39 Coco amp 39 book signing","0"
"RT amp follow for a chance to win a exclusive Coco glow in the dark Miguel Pop","0"
"dial camren Me while watching Coco","0"
"Just watched coco on cinemas and I cried omg Im so lame","0"
"2 years into college I changed majors from EE to CS and moved onto campus The only computer I","0"
"The usimmocktrial7 casts with NIP Dr Coco Desepsi","0"
"RT amp follow for a chance to win a exclusive Coco glow in the dark Miguel Pop","0"
"RT amp follow for a chance to win a exclusive Coco glow in the dark Miguel Pop","0"
"I m convinced my whole family hates Bc they all watched coco w o me and my mom double hates me Bc she s seen it TWICE","0"
"Coco was so good wtf","0"
"Craving hot coco amp Krispy Kreme","0"
"wow coco left ya boy teary eyed","0"
"Seeing Coco","0"
"FRENS LETS WATCH COCO","0"
"I m gonna go to the movies in the morning and watch coco by myself because treat yo self","0"
"7 year old Coco Princess in Harajuku w Leni amp June coat over a Vivetta shirt The Animals Observatory pants Gucci sneak","0"
"RT amp follow for a chance to win a exclusive Coco glow in the dark Miguel Pop","0"
"coco murder on the orient express smaller and smaller circles and star wars tara g","0"
"RT amp follow for a chance to win a exclusive Coco glow in the dark Miguel Pop","0"
"Guess who s at the bottom of her social life she asked her mom to teman her watch Coco and got rejected","0"
"Anyone watch Coco If so how was it","0"
"I missed my chance at watching Coco huhuhu","0"
"Are you implying that you are hotboxing while listening to the coco soundtrack Cuz if so DOPE","0"
"I forgot to post this picture after episode 311 aired This is where the audition for Coco happened We picked the per","0"
"melissaariana Coco was such a beautiful movie Take me to see it again plz","0"
"It s kids dying rn and this what the mfs with phds are doing","0"
"RT amp follow for a chance to win a exclusive Coco glow in the dark Miguel Pop","0"
"I STILL HAVEN T WATCHED COCO WTF","0"
"so i just watched coco and I AM BALLING LIKE UGLY CRYING IN THE MOVIE THEATRE","0"
"yesterday one of my kids was sitting alone in the cafe with his head down so i go see what s wrong i m like what s going on bu","0"
"Watching COCO made me miss my abuelita","0"
"Was so not ready for COCO I miss my grandparents","0"
"I STILL HAVEN T WATCHED COCO WTF","0"
"iza1 This has a lot of different meanings to me Nice one coco","0"
"HOW DARE COCO MAKE ME CRY PLZ GO WATCH IT I WONT STOP CRYING ALSO IF YOU CAN WATCH IT IN SPANISH ITS SO MUCH MORE FUN","0"
"girl steph Coco was so good","0"
"Okay but I really want to go see Coco","0"
"bathes in coco butter","0"
"I m going to have lots of fun with you Coco said kissing Pacifica on the cheek","0"
"RT amp follow for a chance to win a exclusive Coco glow in the dark Miguel Pop","0"
"If you can t go GET this jiggly cheesecake keep watching and get the recipe to make it at home","0"
"Anyone wanna watch coco","0"
"Wow two for coco so far I may have to suck it up and see it","0"
"I STILL HAVEN T WATCHED COCO WTF","0"
"Alumni Check out this Q amp A with Jesus Martinez M F A 08 who worked as the layout and animation manager on the film","0"
"in eoh virtually all important jojo charas get to b in coco jumbo at some point stand capable of parkour doi","0"
"RT amp follow for a chance to win a exclusive Coco glow in the dark Miguel Pop","0"
"Coco is fucking sad I hate everyone","0"
"RT amp follow for a chance to win a exclusive Coco glow in the dark Miguel Pop","0"
"Coco was surpassed everything I could have wished to see I m so in love with the movie","0"
"single in a relationship it s complicated Saving net neutrality","0"
"RT amp follow for a chance to win a exclusive Coco glow in the dark Miguel Pop","0"
"simplyMahogany When I pay the minimum balance on my credit cards","0"
"Coco is one of the most beautiful movies I ve ever watched I laughed and cried and left the cinema smiling Such a joy","0"
"when she throwing it back but u also circumnavigating new trade routes","0"
"RT amp follow for a chance to win a exclusive Coco glow in the dark Miguel Pop","0"
"Coco was so good","0"
"Coco was such a cute movie","0"
"Still haven t seen Coco and that makes me so sad","0"
"Thrilled that Coco is raising awareness about DiaDeLosMuertos but it s certainly not going to help the Halloween","0"
"Omg Coco is such an amazing movie it had me crying so hard","0"
"Y all needa just stop having kids cause y all are fuccn retarded","0"
"Hot coco with these brownies","0"
"tonight i fucking almost balled during coco and i still feel like it holy shit coco is an amazing piece of art","0"
"RT amp follow for a chance to win a exclusive Coco glow in the dark Miguel Pop","0"
"RT amp follow for a chance to win a exclusive Coco glow in the dark Miguel Pop","0"
"it s almost 2018 yall know better","0"
"Call me by your name and Coco","0"
"RT amp follow for a chance to win a exclusive Coco glow in the dark Miguel Pop","0"
"It be your own uterus","0"
"Nw coco","0"
"I run a young black owned wholesale company I sell fragrance essential and body oils Black soap shea and coco butte","0"
"Thanks for seeing Coco in the theater","0"
"RT amp follow for a chance to win a exclusive Coco glow in the dark Miguel Pop","0"
"salma I JUST WATCHED COCO 10 10 WILL MAKE YOU CRY","0"
"If you didn t like Coco then unfollow and block me because I don t need that type of person in my life","0"
"Remember Me Lullaby From Coco Audio Only via","0"
"RT amp follow for a chance to win a exclusive Coco glow in the dark Miguel Pop","0"
"RT amp follow for a chance to win a exclusive Coco glow in the dark Miguel Pop","0"
"According to his own aides Trump watches 4 8 hours of TV every day regularly fails to show up for work by 9 930 even afte","0"
"coco is such an amazing movie i just wanna talk about it forebears now","0"
"Coco made me and my little sister cry","0"
"RT amp follow for a chance to win a exclusive Coco glow in the dark Miguel Pop","0"
"RT amp follow for a chance to win a exclusive Coco glow in the dark Miguel Pop","0"
"RT amp follow for a chance to win a exclusive Coco glow in the dark Miguel Pop","0"
"nicole coco pussy sexy amateur chubby girls","0"
"Coco Bongo tonight was one of the biggest spectacles I ve ever experienced Highly suggest","0"
"RT amp follow for a chance to win a exclusive Coco glow in the dark Miguel Pop","0"
"RT amp follow for a chance to win a exclusive Coco glow in the dark Miguel Pop","0"
"Goddess is always chic amp on point Goddess Coco s happiness amp luxurious lifestyle is all that","0"
"Coco was so good","0"
"Still haven t watched Coco Still haven t gone to the Festival of Lights","0"
"RT amp follow for a chance to win a exclusive Coco glow in the dark Miguel Pop","0"
"RT amp follow for a chance to win a exclusive Coco glow in the dark Miguel Pop","0"
"in eoh virtually all important jojo charas get to b in coco jumbo at some point stand capable of parko","0"
"Coco was fucking amazing","0"
"Still want to go watch coco","0"
"RT amp follow for a chance to win a exclusive Coco glow in the dark Miguel Pop","0"
"RT amp follow for a chance to win a exclusive Coco glow in the dark Miguel Pop","0"
"it s so disappointing when you re cool with a white person but then see them using the n word","0"
"saw coco for the 2x","0"
"RT amp follow for a chance to win a exclusive Coco glow in the dark Miguel Pop","0"
"Saw Coco again with the fam fuck it s so good","0"
"I run a young black owned wholesale company I sell fragrance essential and body oils Black soap shea and coco butte","0"
"Coco is such a beautiful movie omg Definitely recommend watching it Btw I cried So be prepared for tears if you watch it","0"
"I didn t cry at the end of Coco you cried at the end of Coco","0"
"RT amp follow for a chance to win a exclusive Coco glow in the dark Miguel Pop","0"
"dial camren Me while watching Coco","0"
"RT amp follow for a chance to win a exclusive Coco glow in the dark Miguel Pop","0"
"Don t eat this shit","0"
"RT amp follow for a chance to win a exclusive Coco glow in the dark Miguel Pop","0"
"4PM Coco then 7PM Justice League","0"
"I can t wait to finally see Coco these reviews are amazing","0"
"cries listening to the Coco soundtrack","0"
"Any of my child free buddies suddenly worried about who s gonna put us on the ofrenda coco","0"
"I mean it is Coco after all","0"
"Reciprocate my fucking energy and I ll suck your soul from your dick You get what you give","0"
"If you haven t watched Coco well you need to I cried like 5 different times","0"
"My head is killing me","0"
"Finally seeing Coco with","0"
"lol do you not sleep","0"
"RT amp follow for a chance to win a exclusive Coco glow in the dark Miguel Pop","0"
"Santa Madre This is a huge family Just like MIGUEL s coco","0"
"RT amp follow for a chance to win a exclusive Coco glow in the dark Miguel Pop","0"
"I m sleepy","0"
"RT amp follow for a chance to win a exclusive Coco glow in the dark Miguel Pop","0"
"coco was such a good movie omg","0"
"The movie Coco made me sooo sad","0"
"RT amp follow for a chance to win a exclusive Coco glow in the dark Miguel Pop","0"
"I still haven t seen Coco","0"
"RT amp follow for a chance to win a exclusive Coco glow in the dark Miguel Pop","0"
"Ugh I m hearing so many good things about coco but I also keep hearing it s a happy sad and I don t","0"
"i hope youngjae is enjoying himself having little coco photoshoots playing with her laughing smiling being happy","0"
"Kix are just alt right coco puffs","0"
"RT amp follow for a chance to win a exclusive Coco glow in the dark Miguel Pop","0"
"Watched Coco and Thor Ragnarok Both are good movies","0"
"These Latinx folks went to see Coco and shed A LOT of tears","0"
"RT amp follow for a chance to win a exclusive Coco glow in the dark Miguel Pop","0"
"PixarCoco is the 1 movie in the nation 2 weeks in a row See the film that everyone is talking about this weekend in thea","0"
"RT amp follow for a chance to win a exclusive Coco glow in the dark Miguel Pop","0"
"RT amp follow for a chance to win a exclusive Coco glow in the dark Miguel Pop","0"
"Finally saw COCO Remember when Pixar s people were all weird automatons","0"
"TheHamster NAMINE THIS PERSON IS TRYING TO RAPE ME D","0"
"seen coco and it only made me more sad than I already was","0"
"coco gave me motivation to make a pixar tumblr blog alskdjdhgjdk i ve always wanted to do it but i don t know if i","0"
"Lmao tell me why Andrea amp I cried our hearts out to Coco So good","0"
"RT amp follow for a chance to win a exclusive Coco glow in the dark Miguel Pop","0"
"RT amp follow for a chance to win a exclusive Coco glow in the dark Miguel Pop","0"
"Coco is the best movie I ve seen in a long time","0"
"RT amp follow for a chance to win a exclusive Coco glow in the dark Miguel Pop","0"
"we re watching coco yuh that way","0"
"coco was such a great movie by far one of disney s best 10 10 on the successful capturing of hispanic culture","0"
"I finally watched coco today and I probably cried like 5 different times thinking about my tatas","0"
"RT amp follow for a chance to win a exclusive Coco glow in the dark Miguel Pop","0"
"RT amp follow for a chance to win a exclusive Coco glow in the dark Miguel Pop","0"
"You should do Fallout Amino OC rants Tons of shit characters And you should review one of mine on FA","0"
"ballin I m like the only one who hasn t seen coco yet","0"
"RT amp follow for a chance to win a exclusive Coco glow in the dark Miguel Pop","0"
"Still haven t seen Coco and that makes me so sad","0"
"deadass i was like sobbing during coco like help","0"
"It was so hard not to cry during Coco","0"
"i hella want to watch coco","0"
"RT amp follow for a chance to win a exclusive Coco glow in the dark Miguel Pop","0"
"New sale My vids are lit CoCo Dahlia Straddle s Daddy and FUCKS Get yours here","0"
"Does Coco Jumbo Count If You Can Do Parkour On The Furniture Inside Of Him the greatest thread in the hist","0"
"Remember Coco This is him now feel old yet","0"
"Just saw Coco I had no idea I could cry that hard in public","0"
"ballin I m like the only one who hasn t seen coco yet","0"
"RT amp follow for a chance to win a exclusive Coco glow in the dark Miguel Pop","0"
"RT amp follow for a chance to win a exclusive Coco glow in the dark Miguel Pop","0"
"Lol typical these Aldi coco pops taste dodgy stitched","0"
"Friday BoxOffice estimates Coco 4 27m 2 623m JusticeLeague 2 545m https","0"
"Coco was really good and I only had to stop myself from violently bursting into tears like 4 or 5 times","0"
"teenage parent aus where ur fav finds a baby and adopts them or is forced w the kid gt gt gt a pwp fic that says you can use coco butter as lube","0"
"I still haven t seen Coco","0"
"I just wanna go watch coco","0"
"I didn t cry at the end of Coco you cried at the end of Coco","0"
"Coco Secures Lead at Box Office for Three Straight Weeks PixarCoco","0"
"RT amp follow for a chance to win a exclusive Coco glow in the dark Miguel Pop","0"
"Does Coco Jumbo Count If You Can Do Parkour On The Furniture Inside Of Him the greatest thread in","0"
"Hot coco and polar express movie night with your husband can t get much better","0"
"Coco fluff","0"
"RT amp follow for a chance to win a exclusive Coco glow in the dark Miguel Pop","0"
"Coco fluff","0"
"I haven t figured out if this is a strength or a weakness of mine but I will always be there for people No matter wha","0"
"Watching coco at 3","0"
"dial camren Me while watching Coco","0"
"Omg Coco bro that movie was 20 10 If you re gonna watch one movie this year make it that one","0"
"Coco got me wanting to build a shrine for my family and shit","0"
"RT amp follow for a chance to win a exclusive Coco glow in the dark Miguel Pop","0"
"Coco was such a good movie Two big thumbs up","0"
"I forgot to post this picture after episode 311 aired This is where the audition for Coco happened We picked the per","0"
"I didn t write remember me for the world Coco","0"
"PixarCoco hits 100 million in China","0"
"RT amp follow for a chance to win a exclusive Coco glow in the dark Miguel Pop","0"
"coco is one of the best movies disney has ever put out","0"
"If you didn t like Coco then unfollow and block me because I don t need that type of person in my life","0"
"Coco But I haven t seen CMBYN yet","0"
"RT amp follow for a chance to win a exclusive Coco glow in the dark Miguel Pop","0"
"RT amp follow for a chance to win a exclusive Coco glow in the dark Miguel Pop","0"
"RT amp follow for a chance to win a exclusive Coco glow in the dark Miguel Pop","0"
"bejarano Coco was such an amazing movie","0"
"universe I just had the idea of Miguel taking Hiro to The Land of The Dead to found Tadashi and Hamada Family c Coco BigHero","0"
"ID WEEK IN REVIEW Coco WonderTheMovie Score 9 10 Vote","0"
"coco was so fucking cute I m still sobbing","0"
"RT amp follow for a chance to win a exclusive Coco glow in the dark Miguel Pop","0"
"RT amp follow for a chance to win a exclusive Coco glow in the dark Miguel Pop","0"
"RT amp follow for a chance to win a exclusive Coco glow in the dark Miguel Pop","0"
"COCO HAD YA BOY ABOUT TO STRAIGHT BAWL OUT CRYING IT TOOK EVERYTHING NOT TO CRY HYSTERICALLY","0"
"GIVE COCO ALL THE AWARDS","0"
"RT amp follow for a chance to win a exclusive Coco glow in the dark Miguel Pop","0"
"i say chocolate in person but coco on the internet","0"
"Beauty begins the moment you decide to be yourself Coco Chanel","0"
"I miss that day in elementary school where you would come to school in pajamas and they d give you hot coco while you watch P","0"
"i owe myself an apology for all the shit i let slide","0"
"I still haven t seen Coco","0"
"okay but i need the new version of love galore that sza just performed","0"
"Making coconut rice for dinner Arroz de coco with some Korma Chicken","0"
"We took my grandma to see coco in spanish and we asked her if she s ever been to the movies she was like si en San","0"
"There s one thing that Coco taught me Fame fades family is forever","0"
"r Coco is such a cute movie","0"
"Really excited to see Pixar s Coco tomorrow hypedd","0"
"COCO IS SO GOOOOOOOOOOOOOOOOOOOOD","0"
"I didn t cry at the end of Coco you cried at the end of Coco","0"
"When Miguelito in coco was showing off his one dimple I was like","0"
"I REALLY WANT TO WATCH COCO Waaahhhh","0"
"RT amp follow for a chance to win a exclusive Coco glow in the dark Miguel Pop","0"
"I wanna watch Coco while drinking coco lol","0"
"Box Office Coco Stays Number 1 In Weekend Before Star Wars","0"
"Offic Coco hit home so so so hard brought back so many feelings and memories","0"
"They should play im in love with the coco during the after credits of the new movie Coco","0"
"I cried watching coco","0"
"We love you coco","0"
"RT amp follow for a chance to win a exclusive Coco glow in the dark Miguel Pop","0"
"The movie Coco though 10 10","0"
"She didn t have to do her that bad home girl need help She obviously has a mental illness","0"
"i forgot did coco even pass auditions for mixnine lmao did she even go","0"
"see lou None of those are gimmicky Lady Bird is a coming of age comedy Shape of Water is a fantasy romance","0"
"let s watch coco","0"
"Vice Ganda denies rift with Coco Martin","0"
"uh who wants to go on a date with me to see coco","0"
"Gemini aren t going to judge you for being who you are They are capable of seeing the beauty in imperfection","0"
"kinda want my tiddies sucked on rn gt","0"
"my last two brain cells watching coco for the 3rd time now that i know all of the songs","0"
"RT amp follow for a chance to win a exclusive Coco glow in the dark Miguel Pop","0"
"I love coco","0"
"I ll just leave this here I love this song so much Gracias Coco Recuerdame","0"
"Coco was amazing Those twists though","0"
"Bro listen today was a great day","0"
"RT amp follow for a chance to win a exclusive Coco glow in the dark Miguel Pop","0"
"RT amp follow for a chance to win a exclusive Coco glow in the dark Miguel Pop","0"
"Me after watching Coco Remember meeeeeee Coco","0"
"If you didn t like Coco then unfollow and block me because I don t need that type of person in my life","0"
"RT amp follow for a chance to win a exclusive Coco glow in the dark Miguel Pop","0"
"Coco fluff","0"
"The best hurt though There were SO many messages in it that I so badly needed rn Lost my da","0"
"Wms l","0"
"Full offense but coco saved my life","0"
"Coco fluff","0"
"I wanna see Coco at least 100393738 more times","0"
"Still haven t watched Coco Still haven t gone to the Festival of Lights","0"
"RT amp follow for a chance to win a exclusive Coco glow in the dark Miguel Pop","0"
"it is december 10th and i have yet to cuddle up with some hot coco and watch the polar express what is this MADNESS","0"
"RT amp follow for a chance to win a exclusive Coco glow in the dark Miguel Pop","0"
"I just want some cuddles and a gooooddddd cup of hot coco is that to much to ask","0"
"I m a happy big kid COCO","0"
"Finally watched Coco and loved it so much So good","0"
"Man honestly","0"
"LadyCoCo1 Hello my dear CoCo Please stay warm so as not to catch a cold Happy weekend amp blessed Sunday fou you and yo","0"
"RT amp follow for a chance to win a exclusive Coco glow in the dark Miguel Pop","0"
"Saw coco for the second time Just as good the second time around","0"
"two geminis arguing isn t going to end good We are literally pettiest Remy came with all the receipts","0"
"Hey everyone I just wanted to let y all know that my mom and I are selling tacos for 1 25 each on the corner of Ashla","0"
"Still want to go watch coco","0"
"RT amp follow for a chance to win a exclusive Coco glow in the dark Miguel Pop","0"
"Coco was cool at least way better than Richie","0"
"RT amp follow for a chance to win a exclusive Coco glow in the dark Miguel Pop","0"
"RT amp follow for a chance to win a exclusive Coco glow in the dark Miguel Pop","0"
"I saw Coco today They did not play the Frozen deal It was so beautiful the film itself was gorgeous and the","0"
"RT amp follow for a chance to win a exclusive Coco glow in the dark Miguel Pop","0"
"RT amp follow for a chance to win a exclusive Coco glow in the dark Miguel Pop","0"
"Coco was the cutest most heart wrenching Disney movie I ve ever watched","0"
"RT amp follow for a chance to win a exclusive Coco glow in the dark Miguel Pop","0"
"Still haven t watched Coco Still haven t gone to the Festival of Lights","0"
"yailyneb I think I m the only one who hasn t seen coco and that makes me sad","0"
"Finally watched Coco","0"
"I just want someone to look at me and just think she s worth everything","0"
"ballin I m like the only one who hasn t seen coco yet","0"
"I didn t cry at the end of Coco you cried at the end of Coco","0"
"RT amp follow for a chance to win a exclusive Coco glow in the dark Miguel Pop","0"
"Finally watched Coco with Vinny and omg","0"
"Cried my eyes out watching Coco I love it","0"
"To lose somebody you love and they not dead","0"
"Coco What a fabulous concept So very Indian A person does not die as long as s he is remembered Just loved it","0"
"RT amp follow for a chance to win a exclusive Coco glow in the dark Miguel Pop","0"
"Coco was a great movie","0"
"Youth is something very new twenty years ago no one mentioned it Gabriel Coco Chanel","0"
"people think i m being dramatic when I tell them I cried all three times I saw coco","0"
"RT amp follow for a chance to win a exclusive Coco glow in the dark Miguel Pop","0"
"i finally got to see Coco but when the Incredibles trailer came on the first thing it reminds me of was Carlos iruegas8","0"
"nadiaa Coco was SO GOOD","0"
"Star Wars Coco the Greatest Showman time to take my money","0"
"Okay I almost cried Coco","0"
"RT amp follow for a chance to win a exclusive Coco glow in the dark Miguel Pop","0"
"I didn t cry at the end of Coco you cried at the end of Coco","0"
"I m not gonna lie but Coco is suchhh a good movie","0"
"RT amp follow for a chance to win a exclusive Coco glow in the dark Miguel Pop","0"
"Nicki s poster on the wall in Coco s Azealia Banks room in the movie Love Beats Rhymes","0"
"Wms l","0"
"RT amp follow for a chance to win a exclusive Coco glow in the dark Miguel Pop","0"
"Coco had me emotional AMAZING MOVIE","0"
"Remember Me from Coco keeps playing in my head and I m not mad about it","0"
"RT amp follow for a chance to win a exclusive Coco glow in the dark Miguel Pop","0"
"Coco is pure Mexican magic After being beat up so much it was what my heart needed Our cultur","0"
"RT amp follow for a chance to win a exclusive Coco glow in the dark Miguel Pop","0"
"naav Bro I honestly can t wait to come home to my wife lookin like this w my baby in her belly Ima take off her shoes grab so","0"
"Coco made me sob like an absolutely uncontrollable baby it was so good","0"
"Just watched coco and I haven t stopped crying 10 10 good movie","0"
"i be tryna change a mfs life but they be playing like always","0"
"Coco fluff","0"
"after watching coco i was really inspired to draw somethin like this so here s sombra and gabe playing guitar together ht","0"
"after watching coco i was really inspired to draw somethin like this so here s sombra and gabe playing guitar together ht","0"
"I just wanna go watch coco","0"
"Still haven t watched Coco Still haven t gone to the Festival of Lights","0"
"Everyone in my house has seen coco but me how tffff","0"
"r Coco is such a cute movie","0"
"me irl","0"
"RT amp follow for a chance to win a exclusive Coco glow in the dark Miguel Pop","0"
"cellec in 2015 there wasn t that many Buddies to defend GFriend now it s coming to the end of 2017 GFriend have the most powe","0"
"RT amp follow for a chance to win a exclusive Coco glow in the dark Miguel Pop","0"
"Just got back from seeing Coco and it was absolutely amazing Go see and support this movie","0"
"Blackpink are gonna start 2018 right Blinks are no longer to be 5 songs stan soon","0"
"RT amp follow for a chance to win a exclusive Coco glow in the dark Miguel Pop","0"
"RT amp follow for a chance to win a exclusive Coco glow in the dark Miguel Pop","0"
"idc what age you are buht when you get the chance watch Coco you ll come out of the movies loving your family more than ever","0"
"Shades of delights Coco Hue Rich as the night Afro Blue","0"
"dial camren Me while watching Coco","0"
"RT amp follow for a chance to win a exclusive Coco glow in the dark Miguel Pop","0"
"Fanart blackpinkhouse Blackpinktv Rose Jennie Lisa Jisoo BLACKPINK blackpinkfanart Fanart mayko proc","0"
"I don t think y all understand how amazing the movie coco was I wanna see it again","0"
"LadyCoCo1 Hello my dear CoCo Please stay warm so as not to catch a cold Happy weekend amp blessed Sunday fou you and yo","0"
"The movie Coco 10 10","0"
"I didn t cry at the end of Coco so you re not the only one","0"
"and now time to see Coco","0"
"Anyway I got a livestream to catch at 2 am so I m going to sleep I hope yj and coco sleep well later today","0"
"CHANEL opened up The Coco Club an exclusive spot just for women in NYC and we need to go ASAP","0"
"IG 10122017 Appa Youngjae s IG Update with Princess CoCo youngjae coco GOT7","0"
"RT amp follow for a chance to win a exclusive Coco glow in the dark Miguel Pop","0"
"SILVALLY WATCH YOUR LANGUAGE","0"
"Okay y all I finally watched Coco","0"
"Learn the power of using your head Since everything is in our heads we had better not lose them Coco Chanel NimbleQuotes","0"
"Kamthe Coco nut water","0"
"coco was such a good movie im cryingggggggg","0"
"Coco true winner at the box office in its 3rd week again debuts as the topper superb","0"
"RT amp follow for a chance to win a exclusive Coco glow in the dark Miguel Pop","0"
"Coco is pure Mexican magic After being beat up so much it was what my heart needed Our","0"
"RT amp follow for a chance to win a exclusive Coco glow in the dark Miguel Pop","0"
"RT amp follow for a chance to win a exclusive Coco glow in the dark Miguel Pop","0"
"I didn t cry at the end of Coco you cried at the end of Coco","0"
"If a theater near you isn t playing a subtitled or dubbed version of Coco you can download an app and audio track before h","0"
"r Coco is such a cute movie","0"
"I need someone who wants to go and look at Christmas lights make ginger bread houses and lay in bed watching hallmark","0"
"Fingers cross in 2018 Thalaivi will have 5 movie releases as the main lead Nayan is working so hard to complete this","0"
"RT amp follow for a chance to win a exclusive Coco glow in the dark Miguel Pop","0"
"Watches coco I m not crying I m faded","0"
"Remembering Where We Come From Edward James Olmos Interview PixarCocoEvent via","0"
"Ophelia was watching Coco very intently She loves animated films and science fiction t","0"
"RT amp follow for a chance to win a exclusive Coco glow in the dark Miguel Pop","0"
"14 I love you coco","0"
"I saw Coco tonight Enjoyed it very much Here s my spoiler free review","0"
"RT amp follow for a chance to win a exclusive Coco glow in the dark Miguel Pop","0"
"I run a young black owned wholesale company I sell fragrance essential and body oils Black soap shea and coco butte","0"
"RT amp follow for a chance to win a exclusive Coco glow in the dark Miguel Pop","0"
"Net Today s MeTooRallyNYC will bring together sexual harassment survivors by Coco Pug via htt","0"
"It s late but I m gonna watch coco today with my friend","0"
"RT amp follow for a chance to win a exclusive Coco glow in the dark Miguel Pop","0"
"RT amp follow for a chance to win a exclusive Coco glow in the dark Miguel Pop","0"
"little coco nude sex in flowers","0"
"I made Nathan watch coco and he was so mad","0"
"I can t stop thinking about coco","0"
"Coco How Frida Kahlo s hilarious inspiring cameo happened","0"
"someone be clutch and bring me hot coco","0"
"they say no manches in the movie Coco I LOVE IT HAHA","0"
"Coco 70 100 It was always on the move but it never got to a reveal before it was completely obvious Far too slapstick not enough tears","0"
"Coco was so good ugh","0"
"Coco was too fucking cute wow my whole heart","0"
"RT amp follow for a chance to win a exclusive Coco glow in the dark Miguel Pop","0"
"Coco had everyone crying their eyes out in the theater","0"
"RT amp follow for a chance to win a exclusive Coco glow in the dark Miguel Pop","0"
"I just saw Coco in theatres last night and woah Its officially one of my new favorite animated movies from both P","0"
"Coco is such a good movie It made me miss my grandpa so much","0"
"Coco Nuts on sale now boxtera dailydeal","0"
"RT amp follow for a chance to win a exclusive Coco glow in the dark Miguel Pop","0"
"RT amp follow for a chance to win a exclusive Coco glow in the dark Miguel Pop","0"
"14 I love you coco","0"
"Coco puffs milk Nigga you mean chocolate milk","0"
"Finally saw Coco and I don t think there was a dry eye in the entire theatre People were SOBBING and shockingly it wasn t only me","0"
"Coco is sooo good but it made me cry","0"
"RT amp follow for a chance to win a exclusive Coco glow in the dark Miguel Pop","0"
"When it s almost 2018 and you re still single","0"
"OMG my parents brought my dog Coco over too","0"
"Coco so good Un Poco Loco will be stuck in my head forever","0"
"Coco is so good 10 10 coco","0"
"RT amp follow for a chance to win a exclusive Coco glow in the dark Miguel Pop","0"
"TheHamster What are you doing Where s Namine","0"
"There s one thing that Coco taught me Fame fades family is forever","0"
"RT amp follow for a chance to win a exclusive Coco glow in the dark Miguel Pop","0"
"Coco was so good was not prepared for the ugly cries Was probably my 2nd favorite movie of the year bumping down","0"
"If you say hot coco instead of hot chocolate I m gonna assume that you have a wide set vagina","0"
"RT amp follow for a chance to win a exclusive Coco glow in the dark Miguel Pop","0"
"Fan Art Coco Disney Pixar by Indiana Zordan","0"
"I just watched coco it s such a good movie","0"
"RT amp follow for a chance to win a exclusive Coco glow in the dark Miguel Pop","0"
"nadiaa Coco was SO GOOD","0"
"RT amp follow for a chance to win a exclusive Coco glow in the dark Miguel Pop","0"
"RT amp follow for a chance to win a exclusive Coco glow in the dark Miguel Pop","0"
"watch coco","0"
"My fearless rambunctious outgoing 6yo nephew cried at Coco as did his auntie","0"
"RT amp follow for a chance to win a exclusive Coco glow in the dark Miguel Pop","0"
"PixarCoco hits 100 million in China","0"
"RT amp follow for a chance to win a exclusive Coco glow in the dark Miguel Pop","0"
"Went to see Coco with the gf I found our seats while she went to the bathroom Note to self Never enter a kids movies unaccompanied","0"
"RT amp follow for a chance to win a exclusive Coco glow in the dark Miguel Pop","0"
"Coco just makes me wanna go give me Grandma a big hug","0"
"Remembering Where We Come From Edward James Olmos Interview PixarCocoEvent via","0"
"RT amp follow for a chance to win a exclusive Coco glow in the dark Miguel Pop","0"
"There s one thing that Coco taught me Fame fades family is forever","0"
"I m just trying to watch Elf and drink hot coco","0"
"RT amp follow for a chance to win a exclusive Coco glow in the dark Miguel Pop","0"
"RT amp follow for a chance to win a exclusive Coco glow in the dark Miguel Pop","0"
"after watching coco i was really inspired to draw somethin like this so here s sombra and gabe playing guitar together ht","0"
"Join us at TONIGHT for DINNER BEFORE or AFTER the Coco MOVIE at or or","0"
"LadyCoCo1 Hello my dear CoCo Please stay warm so as not to catch a cold Happy weekend amp blessed Sunday fou you and yo","0"
"RT amp follow for a chance to win a exclusive Coco glow in the dark Miguel Pop","0"
"Watched coco with out Jacob and now he won t speak to me","0"
"My momma and I loved Coco My heart","0"
"Coco was an amazing movie I loved it","0"
"STOP WORRYING BOUT ME","0"
"flight17 since your talking about disney have you seen coco great pixar movie to the already great list they have","0"
"RT amp follow for a chance to win a exclusive Coco glow in the dark Miguel Pop","0"
"Coco is GOODDDDDD movie Definitely one of my new favorites","0"
"Poco Loco is the coldest song from Coco","0"
"Box Office Coco Stays Number 1 In Weekend Before Star Wars","0"
"RT amp follow for a chance to win a exclusive Coco glow in the dark Miguel Pop","0"
"Me after watching Coco Remember meeeeeee Coco","0"
"I watched Coco today and omg it was excellent Pixar never disappoints One of my fav Pixar movies ever It was 100","0"
"RT amp follow for a chance to win a exclusive Coco glow in the dark Miguel Pop","0"
"On TV an ad for that Frozen short that aired before Coco stating it ll air on TV soon SO not only did they a","0"
"RT amp follow for a chance to win a exclusive Coco glow in the dark Miguel Pop","0"
"As someone completely unfamiliar with Mexican culture Coco was one of the best movies animated or otherwise tha","0"
"According to Naver GOT7 s brand reputation index in November 1 605 683 GOT7 s brand reputation index in December 6 337 43","0"
"Me tooo i love hector too love mama coco too love mama imelda too wkwkwk","0"
"Just been to see Coco IT S SO GOOD Best Pixar in AGEEEEES","0"
"Remembering Where We Come From Edward James Olmos Interview PixarCocoEvent via","0"
"Does the world deserve coconut oil coco","0"
"Hot CoCo Time","0"
"Duckling Glomp","0"
"Thank you very much stay tuned deezcoconut likebreakfastandeggs","0"
"I just ugly cried watching Coco","0"
"2 2 mother Baby Driver Big Sick Downsizing Kedi Coco Disaster Artist Last Flag Flying Detroit Spid","0"
"Coco Secures Lead at Box Office for Three Straight Weeks PixarCoco","0"
"RT amp follow for a chance to win a exclusive Coco glow in the dark Miguel Pop","0"
"I also want to write a COCO au fic","0"
"When Hector sings Remember me to Coco he can like get it cause that shit had me like","0"
"Coco had me emotional AMAZING MOVIE","0"
"RT or Like if you need makeup I m gonna surprise people through out the day","0"
"RT amp follow for a chance to win a exclusive Coco glow in the dark Miguel Pop","0"
"RT amp follow for a chance to win a exclusive Coco glow in the dark Miguel Pop","0"
"7 year old Coco Princess in Harajuku w Leni amp June coat over a Vivetta shirt The Animals Observatory pants Gucci sneak","0"
"RT amp follow for a chance to win a exclusive Coco glow in the dark Miguel Pop","0"
"im going to see coco and celebrate my friends bday tomorrow so i only have 4 days to finish 1 month worth of con pr","0"
"Coco fluff","0"
"RT amp follow for a chance to win a exclusive Coco glow in the dark Miguel Pop","0"
"RT amp follow for a chance to win a exclusive Coco glow in the dark Miguel Pop","0"
"I m about to make hot coco Hopefully the scalding water chocolate powder mixture will be hot enough to melt my insides","0"
"RT amp follow for a chance to win a exclusive Coco glow in the dark Miguel Pop","0"
"Coco is so much more than your average box office hit","0"
"GIVE COCO ALL THE AWARDS","0"
"There s one thing that Coco taught me Fame fades family is forever","0"
"RT amp follow for a chance to win a exclusive Coco glow in the dark Miguel Pop","0"
"RT amp follow for a chance to win a exclusive Coco glow in the dark Miguel Pop","0"
"Hot coco cookies and bluntss with ma boo","0"
"Sorry for my fucked up looking post Coco eyes","0"
"I was wondering why everyone was so cranky about the Olaf s Frozen Adventure not so short that ran before Coco and then I saw it","0"
"Coco is such a fashion icon Constantly serving us looks for the books","0"
"RT amp follow for a chance to win a exclusive Coco glow in the dark Miguel Pop","0"
"RT amp follow for a chance to win a exclusive Coco glow in the dark Miguel Pop","0"
"RT amp follow for a chance to win a exclusive Coco glow in the dark Miguel Pop","0"
"RT amp follow for a chance to win a exclusive Coco glow in the dark Miguel Pop","0"
"RT amp follow for a chance to win a exclusive Coco glow in the dark Miguel Pop","0"
"I ve gone to see Coco three times in less than a month and I d go again It is the most beautiful movie I have ever","0"
"I told em we wanted CoCo Puffs not PoPo cuffs","0"
"Okay then we can go see Coco because I think I m going to cry with that one too","0"
"There s one thing that Coco taught me Fame fades family is forever","0"
"RT amp follow for a chance to win a exclusive Coco glow in the dark Miguel Pop","0"
"Tickets for Coco has been published at Tixtore","0"
"Fuck can t stop crying bc Coco","0"
"RT amp follow for a chance to win a exclusive Coco glow in the dark Miguel Pop","0"
"RT amp follow for a chance to win a exclusive Coco glow in the dark Miguel Pop","0"
"RT amp follow for a chance to win a exclusive Coco glow in the dark Miguel Pop","0"
"RT amp follow for a chance to win a exclusive Coco glow in the dark Miguel Pop","0"
"Coco was so nice","0"
"These Latinx folks went to see Coco and shed A LOT of tears","0"
"Coco Fashion Black Zip Down Short Dress with 3 4 Sleeves","0"
"Still haven t watched Coco Still haven t gone to the Festival of Lights","0"
"OK Looks like you decided to stay up you chow down on your Coco Puffs","0"
"Coco Couture ALL THE WAY Coco wraps up the last race at Tatura","0"
"IG 10122017 Appa Youngjae s IG Update with Princess CoCo youngjae coco GOT7","0"
"RT amp follow for a chance to win a exclusive Coco glow in the dark Miguel Pop","0"
"22 If you didn t cry at the end of coco you actually don t have a heart","0"
"i m watching coco it s so cute","0"
"Family over everything I m fuckin tellin you Watch coco","0"
"Remembering Where We Come From Edward James Olmos Interview PixarCocoEvent via","0"
"itzelyazmin I wanna go see coco","0"
"RT amp follow for a chance to win a exclusive Coco glow in the dark Miguel Pop","0"
"RT amp follow for a chance to win a exclusive Coco glow in the dark Miguel Pop","0"
"Love your blanket Coco My mama took a Christmas picture of me with a snowman","0"
"I want to watch Coco again","0"
"RT amp follow for a chance to win a exclusive Coco glow in the dark Miguel Pop","0"
"Coco bout to win a Oscar aye","0"
"RT amp follow for a chance to win a exclusive Coco glow in the dark Miguel Pop","0"
"I was the only person who laughed when Miguel talks back to his grandma coco oops deadinside","0"
"About to see Coco","0"
"RT amp follow for a chance to win a exclusive Coco glow in the dark Miguel Pop","0"
"Hot bottom","0"
"RT amp follow for a chance to win a exclusive Coco glow in the dark Miguel Pop","0"
"Just saw Coco I had no idea I could cry that hard in public","0"
"Anyone who thinks Coco has it in the bag is declaring victory too soon LovingVincent amp TheBreadwinner will make","0"
"There s one thing that Coco taught me Fame fades family is forever","0"
"Nicki s poster on the wall in Coco s Azealia Banks room in the movie Love Beats Rhymes","0"
"COCO HAD YA BOY ABOUT TO STRAIGHT BAWL OUT CRYING IT TOOK EVERYTHING NOT TO CRY HYSTERICALLY","0"
"I m tryna watch coco","0"
"COCO FINALLY","0"
"Such beautiful music Coco","0"
"Always funny when dudes who are cheating curve girls as publicly as possible for cool points","0"
"god DAMN COCO WAS THE BEST MF MOVIE I VE EVER SEEN","0"
"my kink people saying coco is an amazing movie and that it made them emotional","0"
"Coco really tugs at the heartstrings What a sweet movie lt 3","0"
"I didn t cry at the end of Coco you cried at the end of Coco","0"
"The most courageous act is still to think for yourself Aloud Coco Chanel courage Women4Women YouAre htt","0"
"RT amp follow for a chance to win a exclusive Coco glow in the dark Miguel Pop","0"
"Coco is one of the best movies I ve seen in a while If anyone wants to go see it again I m down","0"
"Cried during coco","0"
"Happy Birthday my love nkeiru God has favoured you and I m proud of the woman you are becoming Keep doing exploits You re phenomenal","0"
"I liked a video Anthony Gonzalez amp Sean Oliu Cover Coco s Un Poco Loco Oh My Disney","0"
"Meet your newest pup pal Dante when you see PixarCoco in theatres in 3D now Get tickets https","0"
"Coco made me cry my fake lashes right off my face","0"
"RT amp follow for a chance to win a exclusive Coco glow in the dark Miguel Pop","0"
"GOING TO GO SEE COCO WAS A MISTAKE It was a great movie but it felt so close to my heart and reminded me on how I","0"
"BangYongguk BAP 171111 Korea GO Festival GUCCI Coco Capit n logo T shirt White 550 GUCCI Leather belt with","0"
"RT amp follow for a chance to win a exclusive Coco glow in the dark Miguel Pop","0"
"Six years ago when I first started making Coco I found this shell on the beach I took it as a sign that I was working on","0"
"Look how happy Spencer is in his natural habitat","0"
"Still need and want to go watch Coco","0"
"Yo coco is an amazing movie","0"
"On some real levels Coco gt Boss Baby","0"
"Just saw Coco and it was so good that I had to resurrect my twitter to let everyone know how much I LOVE it criedlikeabab","0"
"RT amp follow for a chance to win a exclusive Coco glow in the dark Miguel Pop","0"
"I wanna see Coco at least 100393738 more times","0"
"IG Update 101117 coco GOT7 Ars YOUNGJAE YouAre Ars Vita","0"
"On some real levels Coco gt Boss Baby","0"
"About to see Coco","0"
"RT amp follow for a chance to win a exclusive Coco glow in the dark Miguel Pop","0"
"I didn t cry at the end of Coco you cried at the end of Coco","0"
"Coco is a masterpiece","0"
"RT amp follow for a chance to win a exclusive Coco glow in the dark Miguel Pop","0"
"Loved Coco but could have done without the extra long short film of Olaf at the start It went for so long I tho","0"
"remember when my faves mentioned my fave","0"
"I want to watch Coco again","0"
"RT amp follow for a chance to win a exclusive Coco glow in the dark Miguel Pop","0"
"Me after finals","0"
"your man used to be a hoe okay so did i","0"
"RT amp follow for a chance to win a exclusive Coco glow in the dark Miguel Pop","0"
"Them niggas killed my uncle mane","0"
"I luv Dem dem","0"
"I wanna see Coco at least 100393738 more times","0"
"i just watched coco and wow","0"
"universe Separated pictures PixarCoco Coco CocoLaPelicula CocoTheMovie Recuerdame RememberMe digitalart http","0"
"Twas a nice movie coco","0"
