"BEYONC FOUND DEAD ok now that i got your attention text RESIST to 50409 to save net neutrality","0"
"Gimple on talking dead ifs a no from me","0"
"Kev FINALLY u admit it Kirk has tanked on this team and every game now is a showcase of it we can","0"
"Dead","0"
"Estoy viendo The Walking Dead 8x08 How It s Gotta Be TWD trakt","0"
"This town is like a magnet drawin criminals from the rest of the Indian and Oklahoma Territory here like they was bits","0"
"People literally hand me the scisscor to cut them off Then when I do they looking for life support bitch your DEAD to","0"
"Contrary to popular belief the yalu102 KPP bypass is not dead after 10 3 One of the strategies used doesn t work anymo","0"
"damn robin williams actually dead","0"
"OK SO THE GUY WHO PLAYS EZEKIAL IS GONNA BE ON TALKING DEAD SO HE COULD DIE","0"
"Y all know that walking dead isn t a reality show right Right","0"
"niyyy I ain t no sucka ass bitch If I m wrong I ll apologize about it and make it right if I can but I m most definitely not gon","0"
"GTFO get the fuck out STFU shut the fuck up MKMKOMFGSFD miss keisha miss keisha oh my fuckin god she fuckin dead","0"
"I wish the walking dead was still interesting","0"
"2 sentence tragedy Thought it was a stray nug It was a dead mouse","0"
"Why did Tweedledee and Tweedledumbass drive the truck into the Sanctuary if they weren t going to ACTUALLY make sur","0"
"The Walking Dead S08E07 Time for After tvtime","0"
"Dead","0"
"One thing that blows my mind is that we never see anyone on the Walking Dead eating or worrying about water I mea","0"
"if twitter not funny to you bib you lame af the shit on here be having me dead","0"
"Apparently tonight s episode of The Walking Dead will have people talking for DAYS I would have preferred a season","0"
"The dead fish celebration while christian is screaming is one of my top 5 fears","0"
"It s all fun and games till I dead ass stop fucking with you","0"
"Walking Dead Finale tonight TheWalkingDead","0"
"I liked a video The Walking Dead Season 2 Alt Skins for Kenny Sarita and Walter","0"
"6 dead 25 injured after mini bus plunges to gorge Jammu and Kashmir News via","0"
"CALI TheWalkingDead Making a list for Daryl of everyone whose dead because he didn t follow the plan","0"
"I reached my life goal With my dead Microsoft Band 2 which i connect with my dead Microsoft Windows Phone I control my mu","0"
"justin jung jung and the new one cheng cheng i AM NOT DEAD","0"
"SERENITY INCIDENT Experience the epic fantasy darkfantasy bookdiscovery ebook","0"
"CALI TheWalkingDead Making a list for Daryl of everyone whose dead because he didn t follow the plan","0"
"But no matter what we find in tonight s MSF I know we ll be okay Because this is how we survive We tell ourselves","0"
"He really did the FIFA dead fish celebration","0"
"Book Of The Week Talking to the Dead by George Noory and Rosemary Ellen Guiley Paranormal Afterlife","0"
"Dead","0"
"Dead","0"
"RT AbbsWinston Israeli Occupiers murdered 4 Palestinians in Gaza on Friday shooting dead 2 and bombing dead 2 Ap","0"
"CALI TheWalkingDead Making a list for Daryl of everyone whose dead because he didn t follow the plan","0"
"honestly im just gonna delete the whole app so I ll be dead till further notice but me if f x breathe so or disba d or whatever","0"
"Dead","0"
"we all dead","0"
"Chris Moore with the FIFA Dead Fish Celebration NFLCelebrations","0"
"CALI TheWalkingDead Making a list for Daryl of everyone whose dead because he didn t follow the plan","0"
"me self diagnosing myself on WebMD and finding out I m already dead","0"
"Band Filming the music video for the next single off the new album Generation Dead EvilOnes","0"
"After a while you get to DAMN OLD for certain goofy shit like dead ass","0"
"He really did the FIFA dead fish celebration","0"
"Birdie is so god damn brain dead huhuhuhuh full screen safe on block armor huhuhu","0"
"I m dead if i post anything embarrassing from now on","0"
"Officially dead to me","0"
"Your polar bear tweet was dead on Your detractors completely miss the fact that human ca","0"
"GTFO get the fuck out STFU shut the fuck up MKMKOMFGSFD miss keisha miss keisha oh my fuckin god she fuckin dead","0"
"One person dead after shooting in east Columbus NBC4","0"
"post those be having me dead","0"
"I am terrified to watch this episode of The Walking Dead","0"
"Michonne to Judith I ll be back and i ll bring your daddy with me How she gonna bring Shane back from the dead TheWa","0"
"IM DEAD","0"
"Anchorage police reported the city s 34th homicide of the year today which means the city has now matched the hom","0"
"Ma bitch really was dubbin ma shit back in da day like I m not one a dem guys I should dead dis bitch now I m salty lmao","0"
"im dead scared to get a frontal but im going to do it anyway now i got to find somewhere to get good one from","0"
"Angela from Twilight is actually in The Walking Dead now ICYMI","0"
"93 DEAD we gon live forever vol ii Photographer Waseem Noordien persons Imaan Abrahams Justin February amp TK M","0"
"malcolmson I m dead","0"
"H8 PLZ Silverman disrespected the flag Your right But I haven t seen Silverman BURN the flag","0"
"Jerry rolling out of the truck was about the funniest thing I ve seen on The Walking Dead TWD","0"
"I didn t realise the walking dead was on and casually got on twitter while waiting in a store","0"
"It s a nice world where everyone gets to rest and recover the clones are g","0"
"CALI TheWalkingDead Making a list for Daryl of everyone whose dead because he didn t follow the plan","0"
"I m A Liberal And I Agree With Sean Hannity That U S Journalism Is Dead I couldn t Un See the bias Welcome A corrup","0"
"when me and the boys see a bucket of dead mackerel","0"
"BLACK LIGHTNING COLD DEAD HANDS 1 Black Lightning is back and things are not the same In his hometown of Cleveland","0"
"Needed to take a break from studying to watch the walking dead And im hella glad I did Negan and the saviors finally get to wreck","0"
"When Kirby doesn t want to watch the walking dead","0"
"If the saviors arc does not wrap up soon and Negan ends up dead so we can get on with our fucking lives I think","0"
"So Judith is dead guys TheWalkingDead","0"
"Why isn t it being done Everyday there is something new that Clinton did and yet the story goes dead","0"
"niyyy I ain t no sucka ass bitch If I m wrong I ll apologize about it and make it right if I can but I m most definitely not gon","0"
"kellyguo Postponed cancelled UCSB students are just gonna experience the dead week struggle pt2 in January then take finals agai","0"
"Watchin The Walking Dead On Amc Nitie Yaw TheWalkingDead AndrewLincoln NormanReedus","0"
"I woke up out of a dead sleep at 3 a m and couldn t go back to bed until I added that Nelly song to my playlist","0"
"You know what This better take a quick turn I went through an entire season of them standing on the necks of my w","0"
"I m not having a threesome period TF Niggas really BEGGING their girl to do it like noooo cus now I m dead bout to brea","0"
"The walking dead","0"
"GTFO get the fuck out STFU shut the fuck up MKMKOMFGSFD miss keisha miss keisha oh my fuckin god she fuckin dead","0"
"All of Negan s people are pretty much dead so how are they in charge Eugene I hate you TheWalkingDead","0"
"LMFAOOO THIS IS SPOT ON IM DEAD","0"
"AMC yo dead fucking ass","0"
"Tokido isn t dead yet","0"
"CNN s credibility is dead but don t let that distract you from the fact that in 1998 the Undertaker threw Mankind off Hel","0"
"breaking Missing 17 year old found dead in wooded area near area of Braeburn Court in Bethesda MCP investigating https","0"
"For an eighteen year old lady she s drop dead gorgeous MORxOneMusicFanFestAtEK","0"
"I can t beef with him be dead","0"
"If large pores are a concern try an alpha hydroxy acid AHA product AHAs remove dead skin cells and hardened oil plugs","0"
"Chris Moore with the FIFA Dead Fish Celebration NFLCelebrations","0"
"CALI TheWalkingDead Making a list for Daryl of everyone whose dead because he didn t follow the plan","0"
"If large pores are a concern try an alpha hydroxy acid AHA product AHAs remove dead skin cells and hardened oil plugs","0"
"The Walking Dead fandom right now","0"
"Tonight Jewish teenagers hide in the basement of the Gothenburg synagogue after firebombs are thrown at the building I","0"
"GTFO get the fuck out STFU shut the fuck up MKMKOMFGSFD miss keisha miss keisha oh my fuckin god she fuckin dead","0"
"Dead Woman Walking by Sharon Bolton hot air balloon ride to disaster Suspense Crime","0"
"i need more mutual RT if you stan Pierce the Veil Palaye Royale Sleeping with Sirens Crown the Empire Tonight Aliv","0"
"The joy of positivity The love and encouragement And most importantly of all the fact that there s no Summer because s","0"
"Let s do a mash up of The Walking Dead and The Lord of the rings and call it The Walking Tree s TheWalkingDead","0"
"The wslking dead","0"
"karl found dead in a ditch","0"
"Dead You ll get love and bacon wrapped hot dogs","0"
"I ve just watched episode S08E07 of The Walking Dead tvtime","0"
"GTFO get the fuck out STFU shut the fuck up MKMKOMFGSFD miss keisha miss keisha oh my fuckin god she fuckin dead","0"
"I ain t proving myself to nobody anymore man that shit dead as fuck","0"
"You look like my fucking dad and he s been dead for 14 years","0"
"GTFO get the fuck out STFU shut the fuck up MKMKOMFGSFD miss keisha miss keisha oh my fuckin god she fuckin dead","0"
"i dead ass will ruin your life don t fucking try me hoe i m the devil","0"
"CALI TheWalkingDead Making a list for Daryl of everyone whose dead because he didn t follow the plan","0"
"Michonne to Judith I ll be back and i ll bring your daddy with me How she gonna bring Shane back from the dead TheWa","0"
"just realized that the dog who gave an oscar worthy performance in how the grinch stole christmas is probably dead so il","0"
"CALI TheWalkingDead Making a list for Daryl of everyone whose dead because he didn t follow the plan","0"
"A ver the walking dead","0"
"THE WALKING DEAD HOW IS THIS A WAY TO CELEBRATE CHRISTMAS H O W TWDMidSeasonFinale","0"
"GTFO get the fuck out STFU shut the fuck up MKMKOMFGSFD miss keisha miss keisha oh my fuckin god she fuckin dead","0"
"Did you know the polls were almost dead on balls accurate","0"
"Me Smthn I m dead af","0"
"SHOCKING What Do A Cessna In The Pacific Ocean An Islamic Cult A Chicago Family amp A Soviet Spy Ring All Hve In Common","0"
"watching a movie Me how d that kill him Kyle the door go and it hit him in the tummy and it breaks hims EV","0"
"Carlson i think all your brain cells are dead","0"
"Open borders have been tried it s an empirical fact that terrorism increases How many dead babies are worth it so you can","0"
"idk why tf i try to talk to people or just try in general because not one person actually cares about me like can i","0"
"Open borders have been tried it s an empirical fact that terrorism increases How many dead babies are worth it so you can","0"
"A self explanatory bandwagon I ll do 3 5 IC things for each person for reference and I ll do them in the morning","0"
"CALI TheWalkingDead Making a list for Daryl of everyone whose dead because he didn t follow the plan","0"
"It s all fun and games till I dead ass stop fucking with you","0"
"He really did the FIFA dead fish celebration","0"
"i was found dead","0"
"Hey KeatonJones Just saw your video about the tough time you re going through Not sure if you re a Walking Dead fan but","0"
"The Liberals were dead wrong not to pursue electoral reform Like the Conservatives they are scare","0"
"HER LEGS HER BOOTS HER OUTFIT OK I M DEAD","0"
"CNN s credibility is dead but don t let that distract you from the fact that in 1998 the Undertaker threw Mankind off Hel","0"
"TheWalkingDead enjoy your last spoonful of pudding Carl","0"
"Too bad his parents are dead","0"
"When you try to sing all the parts I m dead","0"
"Claims CLAIMS I m dead","0"
"CALI TheWalkingDead Making a list for Daryl of everyone whose dead because he didn t follow the plan","0"
"ICYMI TheWalkingDead comics Does CarlGrimes die in the books","0"
"HAHAHA Sky has just been hit by a bus Sky is dead IM CRYING","0"
"No molestar The Walking Dead","0"
"Crazyfact 888 Eating 20 Tacos a day is more healthy for you than being dead TheMoreYouKnow","0"
"Mahmoud Al Masri was shot dead by Israeli occupation forces at border protest over Trump s Jerusalem decision","0"
"The Walking Dead is driving m nuts lovehurts","0"
"Chris Moore with the FIFA Dead Fish Celebration NFLCelebrations","0"
"Saw my dads side of the family today Didn t have the time for some bullshit They re dead to me anyways","0"
"CALI TheWalkingDead Making a list for Daryl of everyone whose dead because he didn t follow the plan","0"
"He really did the FIFA dead fish celebration","0"
"It s all fun and games till I dead ass stop fucking with you","0"
"BEYONC FOUND DEAD ok now that i got your attention text RESIST to 50409 to save net neutrality","0"
"The Walking Dead is probably not the best show for me to watch when I have such bad anxiety","0"
"THE WALKING DEAD MID SEASON FINALE CALLLENSE","0"
"I m highkey getting tired of the walking dead","0"
"I M DEAD","0"
"Just so we are aware everything happening on The Walking Dead right now is because Daryl is an asshole KillDaryl TheWalkingDead","0"
"Giampietrino The Dead of Cleopatra 1520","0"
"Great Barrier Reef will be dead by 2100 says David Attenborough","0"
"Great Barrier Reef will be dead by 2100 says David Attenborough s Blue Planet II via","0"
"I will protect the baby Shpees at all costs I m gonna go Heavy and no matter what I WILL PROTEC he s dead","0"
"GTFO get the fuck out STFU shut the fuck up MKMKOMFGSFD miss keisha miss keisha oh my fuckin god she fuckin dead","0"
"LUN tse was my favourite base metal co Then they took 2 weeks to disclose wall collapse in one of their mines","0"
"He s dead how brave of her to come out with this now","0"
"The walking dead","0"
"Dead","0"
"This has been the worst season of The Walkimg Dead Ugh All of these episodes suck I keep watching though because I m invested","0"
"The amount of sass I m dead","0"
"Day Of The Dead Bloodline","0"
"CALI TheWalkingDead Making a list for Daryl of everyone whose dead because he didn t follow the plan","0"
"vine 2 miss keisha is no longer dead jared learned how to read raven can now swim rebecca still won t hesitat","0"
"TheWalkingDead OMG when your watching the walking dead and they make noise","0"
"2 Now you re positive it wasn t the Democratic Party or CNN or anything right Because it might resemble a dead mouse","0"
"maggie and glenn the walking dead","0"
"im dead","0"
"When you try to sing all the parts of Bohemian Raphsody","0"
"So this is just people about to die and people killing dead people my friend Jen Petrie truthbombing The Walking Dead","0"
"sousa Dead as fuck","0"
"BREAKING FOUR People KILLED 12 MORE INJURED Media DEAD SILENT Denuded Media via","0"
"I m old enough to remember when I didn t watch THE WALKING DEAD for light relief from the real world","0"
"i m so dead sksk","0"
"Angela from Twilight is actually in The Walking Dead now ICYMI","0"
"Cool your jets illegals A prerequisite to get hired is drug testing People making the most noise must be dirty I do not","0"
"dead inside and it feels so good","0"
"dead","0"
"im dead actually","0"
"Chillychill Murderer Make one more move and you re dead Me","0"
"dead inside and it feels so good","0"
"CALI TheWalkingDead Making a list for Daryl of everyone whose dead because he didn t follow the plan","0"
"i remember when i used to keep my genuine opinions and feelings to myself in fear of losing that person but that s dead","0"
"CALI TheWalkingDead Making a list for Daryl of everyone whose dead because he didn t follow the plan","0"
"DEAD","0"
"Today we lost a groundbreaking journalist a civil rights icon and a true American hero Simeon Booker devoted his life s","0"
"niyyy I ain t no sucka ass bitch If I m wrong I ll apologize about it and make it right if I can but I m most definitely not gon","0"
"CNN s credibility is dead but don t let that distract you from the fact that in 1998 the Undertaker threw Mankind off Hel","0"
"martini wouldn t stop whining for no reason and my dad explained that he s just anxious for the walking dead lmao","0"
"I swear the intensity of The Walking Dead is turning me into a drunk every Sunday night TheWalkingDead TWD","0"
"Time fly when the walking dead come on","0"
"wish I never broke my 7 plus this 5s some shit amp it go dead too quick","0"
"i need more mutual RT if you stan Pierce the Veil Palaye Royale Sleeping with Sirens Crown the Empire Tonight Aliv","0"
"Out of all the options the one thing that makes The Walking Dead so unrealistic it s how slow people drive on wide open roads","0"
"Exom stan hi Exok stans stop trying to be edgy you only like exom bc they re dead and everyone bandwagons them to feel uni","0"
"This walking dead shit stressing me tf out","0"
"Rex3 there was no doubt that Reagan s somewhat controversial work led to an amazing eco","0"
"Currently watching The Walking Dead and I feel stressed out Neganisout","0"
"oN mY dEaD hOmIe yOu ThE oNlY oNe stfu for i dig him up amp ask","0"
"We don t speak Of the dead","0"
"real dead you true Versus Wars Jurassic Lord Independance Armagedon Saving Hawk Man Twilight Potter The The","0"
"Mueller witch hunt is a national embarrassment now","0"
"ARMY","0"
"He really did the FIFA dead fish celebration","0"
"GTFO get the fuck out STFU shut the fuck up MKMKOMFGSFD miss keisha miss keisha oh my fuckin god she fuckin dead","0"
"CALI TheWalkingDead Making a list for Daryl of everyone whose dead because he didn t follow the plan","0"
"HELLO ME AND MY BEST FRIEND WROTE A SONG also peep my voice in the background vocals even though I can t sing also","0"
"promise ian tripping ab nun of my PAST niggas ts a dead case","0"
"Jordan Henderson just might be the most talentless player to ever wear the captain s armband He has zero footballing abili","0"
"lo fi is officially dead burn your home demo tapes book studio time with Howard Benson","0"
"Going to watch Gintama tmrw dead","0"
"I m dead Game night was SOOO funny Nothing beats a fiery board game night family friends","0"
"GTFO get the fuck out STFU shut the fuck up MKMKOMFGSFD miss keisha miss keisha oh my fuckin god she fuckin dead","0"
"CALI TheWalkingDead Making a list for Daryl of everyone whose dead because he didn t follow the plan","0"
"Plus I ve fucked close to 70 women so far different age groups cu","0"
"Dead","0"
"IM DEAD","0"
"CALI TheWalkingDead Making a list for Daryl of everyone whose dead because he didn t follow the plan","0"
"CALI TheWalkingDead Making a list for Daryl of everyone whose dead because he didn t follow the plan","0"
"I want a goth gf R u sure it ready for one R u sure R u rly sure Having a goth gf is going to target standing in the","0"
"I m dead","0"
"Michonne to Judith I ll be back and i ll bring your daddy with me How she gonna bring Shane back from the dead TheWa","0"
"Bitch I m dead","0"
"Why do you cover your hair that s weird Why do you drag dead trees into your living room and light up their corpses I","0"
"Yo dead ass tho Every day","0"
"And I didn t go to bed till 2 so I was super dead","0"
"anixbrands instagram story SEOHYUN FROM GIRLS GENERATION IM DEAD seohyun","0"
"Michonne to Judith I ll be back and i ll bring your daddy with me How she gonna bring Shane back from the dead TheWa","0"
"The operation was a complete success Wonderful Can I see my husband now No he s dead But the operation w","0"
"The Walking Dead Season 2 Alt Skins for Kenny Sarita and Walter via","0"
"When glen died in the walking dead I felt that in my heart","0"
"pr Overkill s The Walking Dead finally gets a game trailer D","0"
"says dead dad joke","0"
"Ew the walking dead is pissing me off","0"
"Nah dead ass don t wanna look up having an organism and he looks like the grim reaper","0"
"CNN s credibility is dead but don t let that distract you from the fact that in 1998 the Undertaker threw Mankind off Hel","0"
"this was me had an entire session felt like the walking dead","0"
"I can t watch the walking dead no more without u on there bc the walking dead will be nothing withou","0"
"DEAD ok But seriously Let s Stop letting insecure men w tiny peckers make ANY decisions in our arena K Good htt","0"
"Hey news making me wait in a queue to be told to wait in another queue for an hour and still no help is NO","0"
"Bukowski This is where I am I thought it d be 4 3 cuz I thought Hundley would be better but 7 wins was the drop dea","0"
"5 days straight 12 hour shifts I feel dead","0"
"Open borders have been tried it s an empirical fact that terrorism increases How many dead babies are worth it so you can","0"
"BITCH WHEN HE STARTED FUCKING LAUGHING BYE I WAS FOUND DEAD","0"
"a dead possum on the side of the road","0"
"dead inside and it feels so good","0"
"If large pores are a concern try an alpha hydroxy acid AHA product AHAs remove dead skin cells and hardened oil plugs","0"
"Female bio s The Love Of My Life is Tyrone He my one and only Tyrone bio Free all my men RIP to all my dead men I do th","0"
"He really did the FIFA dead fish celebration","0"
"Marquei como visto The Walking Dead 8x8 How It s Gotta Be bancodeseries","0"
"beatsbynav I m a very what s the problem so we can fix it type That silent treatment shit is dead Grow up and learn how to commun","0"
"I rarely do dark makeup Because I think it makes me look dead And I m pale zombie as is lol But I m making a goth vid","0"
"Just take a knee Nick The NFL is dead","0"
"To celebrate the mid season finale of TWD we will have another GIVEAWAY Retweet and like to get a chance to win a spec","0"
"CALI TheWalkingDead Making a list for Daryl of everyone whose dead because he didn t follow the plan","0"
"peacock Dead Me","0"
"He really did the FIFA dead fish celebration","0"
"I thought you were dead I told you I would never leave you again JamieandClaire OutlanderFinale","0"
"Hey Isis This ain t the glass spine Obama military Welcome to the Trump card military Wake up You re DEAD h","0"
"Dead","0"
"Khan Do you know Zeid how its difficult when some one collect the dead bodies of their loved ones Pakistan Army abducting","0"
"NowPlaying Madison Square Garden New York NY 9 16 90 Grateful Dead","0"
"in the dead of morning comes the living","0"
"Confusion I thought Nabila was dead During the Kingdom massacre Whatttt Theee Funkkkk","0"
"The Walking Dead Game Official Reveal Trailer New FPS Zombie Game 2018 via","0"
"i dreamt that i was kissing a dead turtle goodbye like first of all did that dead turtle in pangkor came to haunt me or what","0"
"Lilac Fire At Least 46 Horses Dead Others Missing From San Diego County Training Facility","0"
"Imagine walking home from a local Melbourne pub on a Saturday night and getting chopped up by 6 Africans with machete","0"
"Walking Dead is just It s just too much bro What in the actual fuck","0"
"He really did the FIFA dead fish celebration","0"
"will gt Kidnap and torture white disabled boy No prison gt Kill innocent woman as an illegal alien Acquitted gt Execute young fat","0"
"I want them all dead","0"
"Wow they re going after dead guys now No one is safe","0"
"RJ Name Lalit Jagwani Mobile 9829276672 Landline 0141 2634184 Rajasthan Jaipur Landli","0"
"One person dead after shooting in east Columbus NBC4","0"
"I M DEAD","0"
"He really did the FIFA dead fish celebration","0"
"DEAD","0"
"reedus HQ","0"
"Hannibal Burress was BEING ARRESTED and one of the cops said he was being difficult after he was cracking jokes and Hanni","0"
"STOP PICKING UP DEAD BIRDS","0"
"Overkill s TheWalkingDead game looks absolutely epic in every way","0"
"G Herbo All My Friends Are Dead","0"
"Jus a few ppl link me pan a regular fi ask if me good but if me dead tomorrow ya go hear how much good friend me have T","0"
"Yep Gonna be one of those Walking Dead episodes Facepalm award goes to Daryl amp Tara Way to suck guys TheWalking","0"
"Over 100k viewers but the game is dead right","0"
"SF is bad Marvel is dead DBFZ will die in months Tekken takes years to load up GG got a boring patch SC6 is gonna be gar","0"
"Dead have tears lmaaoooo","0"
"He really did the FIFA dead fish celebration","0"
"Omg y all i can t deal with the walking dead right now","0"
"I m fucking dead omg","0"
"I M DEAD","0"
"Still can t believe Morgan is going to Fear The Walking Dead","0"
"Fox amp Friends Weekend is one of those straightforward no frills productions that shoots directly to the dead true point PraiseFOX","0"
"we all dead","0"
"I guess u r entitled to your wrong opinion but it would save everyone a lot of time and trouble if u","0"
"I m not having a threesome period TF Niggas really BEGGING their girl to do it like noooo cus now I m dead bout to brea","0"
"oN mY dEaD hOmIe yOu ThE oNlY oNe stfu for i dig him up amp ask","0"
"CALI TheWalkingDead Making a list for Daryl of everyone whose dead because he didn t follow the plan","0"
"Carlson i think all your brain cells are dead","0"
"Why use dead day to study when you can use it to drink","0"
"RIP Sunny Murray Thanks for all that you gave us","0"
"niyyy I ain t no sucka ass bitch If I m wrong I ll apologize about it and make it right if I can but I m most definitely not gon","0"
"hollen Write about a funeral from a dead person s viewpoint I did this for my character s dead mother and learned a lot about","0"
"Let your mind take flight Read the phenomenon QUANTUM HEIGHTS darkfantasy scififantasy","0"
"ok i m dead","0"
"CALI TheWalkingDead Making a list for Daryl of everyone whose dead because he didn t follow the plan","0"
"Chris Moore with the FIFA Dead Fish Celebration NFLCelebrations","0"
"The Grateful Dead Shakedown Street","0"
"THE WALKING DEAD TWD8NaFOX","0"
"Going through my Vidme videos amp I realized how little the vidme community cared about over everything e","0"
"roe This shit used to have me so dead yo","0"
"CALI TheWalkingDead Making a list for Daryl of everyone whose dead because he didn t follow the plan","0"
"niyyy I ain t no sucka ass bitch If I m wrong I ll apologize about it and make it right if I can but I m most definitely not gon","0"
"Negan s whistle got everyone shivering TheWalkingDead twd TWDFamily TWDMidSeasonFinale","0"
"That shit dead happen every fuckin time lol","0"
"1400 FECKING YEARS YELLING THE SAME IGNORANT SHIT KILL THE JEWS MEDIA SILENT FOR ALL 1400 YEARS THEY SCREACH","0"
"Dead","0"
"GTFO get the fuck out STFU shut the fuck up MKMKOMFGSFD miss keisha miss keisha oh my fuckin god she fuckin dead","0"
"I m DEAD OFFICiALLY DEAD But before I go Did I hear this right Vikas sirf pao rehgaya raat mein aaj k","0"
"b tejada I m dead","0"
"I can t beef with him be dead","0"
"Over my dead body","0"
"niyyy I ain t no sucka ass bitch If I m wrong I ll apologize about it and make it right if I can but I m most definitely not gon","0"
"CALI TheWalkingDead Making a list for Daryl of everyone whose dead because he didn t follow the plan","0"
"Someone important going to die tonight on the walking dead again","0"
"The walking dead blowing me","0"
"Guys I can t believe Mahiru is dead","0"
"someone already exposed him and his family for having confederate flags on IG I m dead","0"
"The only man that ever fired me and he was dead wrong is coming thru for NYE and the Black Jesus in me is the onl","0"
"Do people still watch the walking dead","0"
"Brain dead opinion","0"
"All of you were whining about shut up because Hillary would have us in World War III already and we d all be dead","0"
"What the fuck Aren t you dead yet ThingsIYellWhileWatching TheWalkingDead","0"
"CALI TheWalkingDead Making a list for Daryl of everyone whose dead because he didn t follow the plan","0"
"tell me why my anxious ass reads ahead on what happens on old shows i m watching on netflix then i dead ass sit the","0"
"CALI TheWalkingDead Making a list for Daryl of everyone whose dead because he didn t follow the plan","0"
"well don the walking dead is just BS new","0"
"GTFO get the fuck out STFU shut the fuck up MKMKOMFGSFD miss keisha miss keisha oh my fuckin god she fuckin dead","0"
"SQUEEZABLE SOUR CREAM dead","0"
"The logic behind the walking dead is so bad lol the saviors had enough ammo resources and manpower to kill thou","0"
"I m dead","0"
"taylor Cult of the Climate Change Polar Bear Knut is Dead Long Live Knut","0"
"Cutting my hair short feels like cutting off dead weight","0"
"GTFO get the fuck out STFU shut the fuck up MKMKOMFGSFD miss keisha miss keisha oh my fuckin god she fuckin dead","0"
"reedus","0"
"AA Carmack amp Doom is totally 25 next year amp I am going to ebay my shareware floppies for charity Th","0"
"Haha it s okay everyone i just got 500 on the walking dead s reward club","0"
"How you gonna name yourself after the devil amp or write 666 on your twitter page like you the devil s homie Don t you kno","0"
"He really did the FIFA dead fish celebration","0"
"someone already exposed him and his family for having confederate flags on IG I m dead","0"
"CALI TheWalkingDead Making a list for Daryl of everyone whose dead because he didn t follow the plan","0"
"Ma bitch really was dubbin ma shit back in da day like I m not one a dem guys I should dead dis bitch now I m salty lmao","0"
"back from the dead by unpopular demand OC Rebooted Descriptive H P","0"
"niyyy I ain t no sucka ass bitch If I m wrong I ll apologize about it and make it right if I can but I m most definitely not gon","0"
"GTFO get the fuck out STFU shut the fuck up MKMKOMFGSFD miss keisha miss keisha oh my fuckin god she fuckin dead","0"
"niyyy I ain t no sucka ass bitch If I m wrong I ll apologize about it and make it right if I can but I m most definitely not gon","0"
"He really did the FIFA dead fish celebration","0"
"When your dead asleep but your song comes on","0"
"CALI TheWalkingDead Making a list for Daryl of everyone whose dead because he didn t follow the plan","0"
"NEW brief media in Bethesda after conducting investigation into missing man found dead near Braeburn Ct","0"
"CALI TheWalkingDead Making a list for Daryl of everyone whose dead because he didn t follow the plan","0"
"Today we lost a groundbreaking journalist a civil rights icon and a true American hero Simeon Booker devoted his life s","0"
"CALI TheWalkingDead Making a list for Daryl of everyone whose dead because he didn t follow the plan","0"
"Watching The Walking Dead K amp J s Red room in Boston MA w","0"
"Dead to me","0"
"I m dead","0"
"Happy Walking Dead day RT if you ll be watching the 90 MINUTE Mid Season finale tonight","0"
"i m highkey dead from twitter but i got s attention so like it was worth being shook","0"
"i dead ass will ruin your life don t fucking try me hoe i m the devil","0"
"I M DEAD","0"
"I have the worst anxiety Walking Dead","0"
"That is dead ass not a boyfriend It took me almost a year to realize I was giving my all to a nigga that would disappear","0"
"Se viene The Walking Dead","0"
"Yep Gonna be one of those Walking Dead episodes Facepalm award goes to Daryl amp Tara Way to suck guys TheWalking","0"
"The walking dead be blowing me","0"
"Not only is the king dead he was also a bad poet","0"
"He really did the FIFA dead fish celebration","0"
"CALI TheWalkingDead Making a list for Daryl of everyone whose dead because he didn t follow the plan","0"
"CALI TheWalkingDead Making a list for Daryl of everyone whose dead because he didn t follow the plan","0"
"2 2 The suspect 55 was being sought by police since the incident at Bobby s Bar Plum Road which left Savitri Narine","0"
"Open borders have been tried it s an empirical fact that terrorism increases How many dead babies are worth it so you can","0"
"boy danny23 I would have been dead by now","0"
"He really did the FIFA dead fish celebration","0"
"He really did the FIFA dead fish celebration","0"
"If large pores are a concern try an alpha hydroxy acid AHA product AHAs remove dead skin cells and hardened oil plugs","0"
"Who watches The Walking Dead anymore","0"
"BLOOD POP 5th DROPPED Dog shot dead by Midland police officer","0"
"dead","0"
"The Walking Dead Season 2 Alt Skins for Kenny Sarita and Walter via","0"
"Prezdent no love for DB s","0"
"This may be the last season of The Walking Dead I watch","0"
"Ruru sang Heart Like Yours Anuna Dead","0"
"hope the fuck you do you gonna be a dead son of a bitch i ll tell you that","0"
"Everyone always asks me if I know a certain song or band and always get shocked when I dont know them Dead ass all I re","0"
"CALI TheWalkingDead Making a list for Daryl of everyone whose dead because he didn t follow the plan","0"
"Bro really thinks someone cares if they are followed by him I m dead","0"
"He really did the FIFA dead fish celebration","0"
"and feel dead DNSKDN bc me","0"
"BEYONC FOUND DEAD ok now that i got your attention text RESIST to 50409 to save net neutrality","0"
"CALI TheWalkingDead Making a list for Daryl of everyone whose dead because he didn t follow the plan","0"
"i need more mutual RT if you stan Pierce the Veil Palaye Royale Sleeping with Sirens Crown the Empire Tonight Aliv","0"
"Day of the Dead Bloodline Red Band Trailer 2018","0"
"HER LEGS HER BOOTS HER OUTFIT OK I M DEAD","0"
"Red dead redemption hype for the new one ft deadfred via","0"
"One of my favorites Could almost recite it for a time Kinda sad now that it s a movie contemporar","0"
"It repeats after talking dead i just wait","0"
"Dead ass she sound just like her","0"
"want to dance iv of spades want to fall in love ben amp ben want the rnb chill james reid want to feel happy the ransom co","0"
"CALI TheWalkingDead Making a list for Daryl of everyone whose dead because he didn t follow the plan","0"
"Today we lost a groundbreaking journalist a civil rights icon and a true American hero Simeon Booker devoted his life s","0"
"He really did the FIFA dead fish celebration","0"
"Too bad his parents are dead","0"
"Lmfao deb always fighting I m dead Shameless","0"
"Too bad his parents are dead","0"
"Dead","0"
"CALI TheWalkingDead Making a list for Daryl of everyone whose dead because he didn t follow the plan","0"
"y all i ve truly been dead on here i ve been so busy i m so sorry","0"
"ERICS DEAD 7","0"
"i hate when you SLEEP WRONG and you wake up with a dead shoulder and a broken jaw like could i possibly fuck up any ha","0"
"i remade mine and just go on casually and its p nice but i also only follow a handful of","0"
"Violent ANTIFA Protest Dead Woman s Memorial","0"
"It s happening TheWalkingDead Mid Season Finale airs TONIGHT Get ever more hyped by watching the trailer","0"
"Bitch I m dead","0"
"G Herbo All My Friends Are Dead","0"
"The Great Barrier Reef will be dead by 2100 due to human maltreatment of the oceans says David Attenborough","0"
"But no matter what we find in tonight s MSF I know we ll be okay Because this is how we survive We tell ourselves","0"
"TheWalkingDead Really a Hijab during the apocalypse Dead is getting PC","0"
"I ain t proving myself to nobody anymore man that shit dead as fuck","0"
"I hate losing in fantasy so much that if throws 4 touchdowns tomorrow night I ll get his face tattooed on me","0"
"GTFO get the fuck out STFU shut the fuck up MKMKOMFGSFD miss keisha miss keisha oh my fuckin god she fuckin dead","0"
"AIRPORT FOLLOWING ROBBERS NAILED N3 MARLBORO OFFRAMP 1 SHOT DEAD 2 ARRESTED 2 UNLICENCED FIREARMS amp ML SEIZED h","0"
"CALI TheWalkingDead Making a list for Daryl of everyone whose dead because he didn t follow the plan","0"
"tejada I m dead","0"
"He really did the FIFA dead fish celebration","0"
"The walking dead","0"
"Ae hora de The Walking Dead","0"
"GTFO get the fuck out STFU shut the fuck up MKMKOMFGSFD miss keisha miss keisha oh my fuckin god she fuckin dead","0"
"It s not normal how the walking dead affects me My heart rate is elevated sweaty palms nausea","0"
"I ve just watched episode S08E07 of The Walking Dead tvtime","0"
"BTW I live in Calif","0"
"Well The Walking Dead never fails to make me angry","0"
"nowplaying Dead Eyes Opened Tuans Day goth gothic radio","0"
"People who think neat is a cool word are timberwolf forget me nots are darkolivegreen Espi is dead and so on","0"
"GTFO get the fuck out STFU shut the fuck up MKMKOMFGSFD miss keisha miss keisha oh my fuckin god she fuckin dead","0"
"DEAD I M SO DEAD HOW AM I SUPPOSED TO LIVE NINE MONTH WITHOUT THIS TWO OutlanderFinale","0"
"You do not speak for the children who died in the Middle East but you are the dead children If yo","0"
"I m so lazy that if I were an actor I would only audition for roles of dead people","0"
"Katrina Kaif looks drop dead GORGEOUS for the Lux Golden Rose Awards","0"
"Tbh I m such a mess I seem happy but inside I m dead Breathe in the smoke and exhale Maybe it s just temporary","0"
"CALI TheWalkingDead Making a list for Daryl of everyone whose dead because he didn t follow the plan","0"
"I m A Liberal And I Agree With Sean Hannity That U S Journalism Is Dead I couldn t Un See the bias Welcome A corrup","0"
"In suicide pact 2 class eight girls jump off building in Tamil Nadu One survives","0"
"I m dead DUUUUVVVVAAALLLLL","0"
"It s all fun and games till I dead ass stop fucking with you","0"
"The walking dead is giving me a fucking heart attack right now man I cannot take it","0"
"niyyy You ain t gotta die to be dead to me","0"
"Lincoln had been dead for over a year when the 14th amendment passed Congress Who knows if he would ha","0"
"That s it he s dead","0"
"It s all fun and games till I dead ass stop fucking with you","0"
"It s all fun and games till I dead ass stop fucking with you","0"
"CALI TheWalkingDead Making a list for Daryl of everyone whose dead because he didn t follow the plan","0"
"It s all fun and games till I dead ass stop fucking with you","0"
"CALI TheWalkingDead Making a list for Daryl of everyone whose dead because he didn t follow the plan","0"
"CALI TheWalkingDead Making a list for Daryl of everyone whose dead because he didn t follow the plan","0"
"Michonne to Judith I ll be back and i ll bring your daddy with me How she gonna bring Shane back from the dead TheWa","0"
"Me I m done with u I swear to God This will be the last text I send Ur dead to me Them Wym Me","0"
"someone already exposed him and his family for having confederate flags on IG I m dead","0"
"Friends do check out the big Walking Dead program tonight It s a monumental one lots of folks worked very hard on it","0"
"It s all fun and games till I dead ass stop fucking with you","0"
"footage provided to the ABC appears to show Papua New Guinea locals possibly drunk coming to their new accommodation and thr","0"
"Man killed in suspected machete attack on suburban street","0"
"You know what is the downside to having Sara Lance on Legends and Laurel Lance dead No more Alex Kingston as their mother","0"
"Walking dead is crazy tonight","0"
"This Morgue Worker Had Sex With A Dead Body And Got Pregnant porn","0"
"THE WALKING DEAD EU TE AMO PORRA","0"
"Let s find MUTUALS RT if you like Teen Wolf The100 Pretty Little Liars The Vampire Diaries TheOriginals Reign Agents Of Shi","0"
"CALI TheWalkingDead Making a list for Daryl of everyone whose dead because he didn t follow the plan","0"
"Believed to be dead","0"
"This Morgue Worker Had Sex With A Dead Body And Got Pregnant porn","0"
"CALI TheWalkingDead Making a list for Daryl of everyone whose dead because he didn t follow the plan","0"
"The Walking Dead is stressing me","0"
"Im so Rooting For TeamRick to kick the saviors ass and let Negan see all of them dead","0"
"Wisdom from Tom Stoppard s 1967 play Rosencrantz amp Guildenstern Are Dead","0"
"CALI TheWalkingDead Making a list for Daryl of everyone whose dead because he didn t follow the plan","0"
"CALI TheWalkingDead Making a list for Daryl of everyone whose dead because he didn t follow the plan","0"
"He really did the FIFA dead fish celebration","0"
"There was a school shooting on Thursday that left two students dead and I missed it entirely These incidents used to be the","0"
"eh vontade de ver the walking dead mesmo","0"
"ICYMI How Negan assaulted Alexandria in TheWalkingDead comics","0"
"He really did the FIFA dead fish celebration","0"
"You re dead meat Locals threaten Manus Island asylum seekers via","0"
"I m dead","0"
"muddy lullabies on the way droppin dead men on the 21st","0"
"The Walking Dead fandom right now","0"
"It s all fun and games till I dead ass stop fucking with you","0"
"BREAKING At least 1 dead after small plane crashes near Miami Executive Airport","0"
"niyyy You ain t gotta die to be dead to me","0"
"I mean what did they think was going to happen You can t declare war on people then go home and watch Netflix until","0"
"It s all fun and games till I dead ass stop fucking with you","0"
"i love waking up from a dead sleep bc nicole s sims are either fucking or laughing","0"
"CALI TheWalkingDead Making a list for Daryl of everyone whose dead because he didn t follow the plan","0"
"Open borders have been tried it s an empirical fact that terrorism increases How many dead babies are worth it so you can","0"
"edddyt 1 Shit got me dead asf","0"
"It s all fun and games till I dead ass stop fucking with you","0"
"y all still watch the walking dead","0"
"Clothes are tropical rain forest peach blossoms beside olivedrab sugar always was depressed and hot and dead hot fa","0"
"whew ok lets fuckin go first one by popular demand akio ichikawa dead and depressed but doing his best disas","0"
"jesus is dead along with the billions of ppl the death cult known as christianity has murdered and ruined the lives","0"
"CALI TheWalkingDead Making a list for Daryl of everyone whose dead because he didn t follow the plan","0"
"CALI TheWalkingDead Making a list for Daryl of everyone whose dead because he didn t follow the plan","0"
"It s all fun and games till I dead ass stop fucking with you","0"
"If there s something I ve learned in the past three years is don t water a dead plant Relationships with people in you","0"
"Stares at the fucking Xmas tree The Good the Bad and the Ugly theme song plays Cut to the tree Cut to me","0"
"Dead","0"
"It s all fun and games till I dead ass stop fucking with you","0"
"He really did the FIFA dead fish celebration","0"
"If Miami drivers are like this when the sun is shining god forbid it ever snows in this bitch we all dead","0"
"When the school shooter leaves you with the dead hot girl","0"
"It s all fun and games till I dead ass stop fucking with you","0"
"HER LEGS HER BOOTS HER OUTFIT OK I M DEAD","0"
"Every dead body that is not exterminated becomes one of them It gets up and kills The people it kills get up and kill","0"
"I ve just watched episode S08E07 of The Walking Dead lt 3 tvtime","0"
"Me I m done with u I swear to God This will be the last text I send Ur dead to me Them Wym Me","0"
"This walking dead mid season finale is stressing me tf out","0"
"We will be long dead before that happens Not going anywhere soon I think I d be ok with my Brown","0"
"BITCH I HOPE THE FUCK YOU DO YOU D BE A DEAD SON OF A BITCH I TELL U THAT","0"
"Tonight Jewish teenagers hide in the basement of the Gothenburg synagogue after firebombs are thrown at the building I","0"
"ZombieApocalypse comedy bookreview drop dead funny This wasn t just a book for me","0"
"It s all fun and games till I dead ass stop fucking with you","0"
"When The Walking Dead references the Freshman 15 TWD TheWalkingDead","0"
"He really did the FIFA dead fish celebration","0"
"Chris Moore with the FIFA Dead Fish Celebration NFLCelebrations","0"
"we all dead","0"
"I need the Kingdom dead finite Over their shit TheWalkingDead","0"
"All my friends are dead","0"
"CALI TheWalkingDead Making a list for Daryl of everyone whose dead because he didn t follow the plan","0"
"You were dead on for that move","0"
"A couple of things If I were those reporters I would not have moved when told them to get away from Quint","0"
"Me and you should just make out in our pajamies I m dead literally and figuratively","0"
"FUCKKKKKKKK NVM HE IS DEAD IM SO PISSED","0"
"I call BS on this episode of Walking Dead No way the tables turned this quick WalkingDead TheWalkingDead","0"
"What s the more iconic lyric 1 I m doing better than I ever was 2 if a man talks shit then I owe him nothing 3 Th","0"
"It s all fun and games till I dead ass stop fucking with you","0"
"CALI TheWalkingDead Making a list for Daryl of everyone whose dead because he didn t follow the plan","0"
"Coroner IDs Woman Found Dead in Bay in Sunnyvale via","0"
"CALI TheWalkingDead Making a list for Daryl of everyone whose dead because he didn t follow the plan","0"
"Tesla Or rather a dead one","0"
"It s all fun and games till I dead ass stop fucking with you","0"
"Dead","0"
"Late pornstar August Ames shared her struggles with depression and ostracization from her own family after she was rap","0"
"n to preparada pro novo ep de the walking dead","0"
"It s all fun and games till I dead ass stop fucking with you","0"
"He shoulda been dead since like 3 seasons ah","0"
"I want a goth gf R u sure it ready for one R u sure R u rly sure Having a goth gf is going to target standing in the","0"
"your twitter name I m dead asf","0"
"if the mouth of hell must be crammed to choking with this struggle s dead let us cram it swiftly and put an end to the endeavour","0"
"All he did was pull his pants up and they shot him till he was dead police are supposed to protect us not put us I","0"
"It s all fun and games till I dead ass stop fucking with you","0"
"beatsbynav I m a very what s the problem so we can fix it type That silent treatment shit is dead Grow up and learn how to commun","0"
"CALI TheWalkingDead Making a list for Daryl of everyone whose dead because he didn t follow the plan","0"
"He really did the FIFA dead fish celebration","0"
"REPORT Let s see how many dead people vote and how many unregistered illegals vote that s how dems get","0"
"It s all fun and games till I dead ass stop fucking with you","0"
"CALI TheWalkingDead Making a list for Daryl of everyone whose dead because he didn t follow the plan","0"
"It s come back from the dead","0"
"It s all fun and games till I dead ass stop fucking with you","0"
"When The Walking Dead references the Freshman 15 TWD TheWalkingDead","0"
"I don t care if McCarron starts or not I want to go 5 11 get a high pick a new coach and get on wit","0"
"I M DEAD","0"
"Watching The Walking Dead","0"
"Here we go Watching The Walking Dead twd thewalkingdead tv amc","0"
"RIP ucsb students We ain t dead We just gotta study for finals over break","0"
"dom and zelda are a couple even in the game lil dead and river stalking tyson whats new","0"
"irby im fuckin dead dude noooo","0"
"Don t act like you ain t get leveled before Halloween decorations you was dead at the door","0"
"can someone pls link me to the walking dead tonight help me out","0"
"I m sorry to report that The Walking Dead jumped the shark about 10 episodes back wasteoftime","0"
"It s all fun and games till I dead ass stop fucking with you","0"
"oN mY dEaD hOmIe yOu ThE oNlY oNe stfu for i dig him up amp ask","0"
"G Herbo All My Friends Are Dead","0"
"That is dead ass not a boyfriend It took me almost a year to realize I was giving my all to a nigga that would disappear","0"
"Dead","0"
"GTFO get the fuck out STFU shut the fuck up MKMKOMFGSFD miss keisha miss keisha oh my fuckin god she fuckin dead","0"
"I m writing a paper dismantling the heroic myth amp masculinity in America so all the while that I m watching The Walking Dea","0"
"anthony Walking dead the best show idgaf don t me","0"
"i hate when you SLEEP WRONG and you wake up with a dead shoulder and a broken jaw like could i possibly fuck up any ha","0"
"CALI TheWalkingDead Making a list for Daryl of everyone whose dead because he didn t follow the plan","0"
"It s all fun and games till I dead ass stop fucking with you","0"
"Madison Beer Dead Lyric Video via","0"
"will I cry over this episode of the walking dead it is very likely","0"
"The Walking Dead got me like","0"
"Dick Nacos and Love lmfaooo dead","0"
"sparks When a fictional situation gives you anxiety TheWalkingDead","0"
"Two can keep a secret if one of them is dead","0"
"It s all fun and games till I dead ass stop fucking with you","0"
"TheWalkingDead Mid Season Finale airs in TWO HOURS Watch this exclusive scene to hold you over","0"
"It s all fun and games till I dead ass stop fucking with you","0"
"Open borders have been tried it s an empirical fact that terrorism increases How many dead babies are worth it so you can","0"
"Lmao frfr thats why i madr a new on ts dead","0"
"Dead","0"
"If you are English You are dead Because that is Londinium I defeated you at Stirling","0"
"Open borders have been tried it s an empirical fact that terrorism increases How many dead babies are worth it so you can","0"
"CALI TheWalkingDead Making a list for Daryl of everyone whose dead because he didn t follow the plan","0"
"Open borders have been tried it s an empirical fact that terrorism increases How many dead babies are worth it so you can","0"
"It s all fun and games till I dead ass stop fucking with you","0"
"CALI TheWalkingDead Making a list for Daryl of everyone whose dead because he didn t follow the plan","0"
"Probably doesn t realize he s dead","0"
"VEM THE WALKING DEAD","0"
"Me and you should just make out in our pajamies I m dead literally and figuratively","0"
"That s it he s dead","0"
"Don t hit me when you see me flourishing Especially when you left me for dead when I was trying to figure it out A word","0"
"You can t fix what s already dead","0"
"ATTENTION please will you make publicly available the audio and or video of Don s May 29 2003 interview with","0"
"Back to this bullshit come on walking dead","0"
"Heed not my words ye lass my kin Heed not the things I said For now ye lay amongst the roses And slumber","0"
"When The Walking Dead references the Freshman 15 TWD TheWalkingDead","0"
"Dead","0"
"Aaron Hernandez s brain shows why no one should play football Ever","0"
"He really did the FIFA dead fish celebration","0"
"Bruh they continually get their asses whooped on the walking dead and it s annoying","0"
"i dead ass will ruin your life don t fucking try me hoe i m the devil","0"
"alguem assiste the walking dead em 2017","0"
"RIP to everyone in the walking dead","0"
"He really did the FIFA dead fish celebration","0"
"Pleading for his life trying to comply shot dead anyway Enough","0"
"CALI TheWalkingDead Making a list for Daryl of everyone whose dead because he didn t follow the plan","0"
"Pleading for his life trying to comply shot dead anyway Enough","0"
"It s all fun and games till I dead ass stop fucking with you","0"
"niyyy You ain t gotta die to be dead to me","0"
"This episode better end with Neegan dead or I m done with it TheWalkingDead","0"
"The walking dead is playing with my emotions How the fuck did these mafuckas get out I expected a couple but all","0"
"This whole season of the walking dead could have avoided if they would have killed Megan on the first episode but n","0"
"All my friends are dead","0"
"CNN s credibility is dead but don t let that distract you from the fact that in 1998 the Undertaker threw Mankind off Hel","0"
"It s all fun and games till I dead ass stop fucking with you","0"
"Dead","0"
"Since I am dead I can take off my head to recite Shakespearean quotations Jack Skellington bookmarks","0"
"For an eighteen year old lady she s drop dead gorgeous MORxOneMusicFanFestAtEK","0"
"i cant even call the cops to report astro for the heart stopping attacks today bc they are the police officers themselves im","0"
"yixing wants me dead","0"
"It s all fun and games till I dead ass stop fucking with you","0"
"I m incredulous to understand the existing fake outrage toward Russia by FakeStreamMedia MSM FSM","0"
"G Herbo All My Friends Are Dead","0"
"back from the dead by unpopular demand OC Rebooted Descriptive H P","0"
"I really do hate him At least right now We may make up later but I want him dead rn","0"
"Had dinner at in Anderson tonight Place was dead Totally forgot Anderson is dry on Sundays here in 2017","0"
"Are your sales people motivated producing top producers dead weight non productive costing you money a valuab","0"
"It s all fun and games till I dead ass stop fucking with you","0"
"CALI TheWalkingDead Making a list for Daryl of everyone whose dead because he didn t follow the plan","0"
"Great Barrier Reef will be dead by 2100 says David Attenborough s Blue Planet II via","0"
"He really did the FIFA dead fish celebration","0"
"CALI TheWalkingDead Making a list for Daryl of everyone whose dead because he didn t follow the plan","0"
"So definitely dead","0"
"CALI TheWalkingDead Making a list for Daryl of everyone whose dead because he didn t follow the plan","0"
"Walking Dead rn I m shook TheWalkingDead","0"
"If your dad would have said A DICTATOR he would have been dead right","0"
"Can t stop won t stop Kurlzz make the booty drop Can t stop won t stop Funny make the booty drop Can t stop won t s","0"
"CALI TheWalkingDead Making a list for Daryl of everyone whose dead because he didn t follow the plan","0"
"CALI TheWalkingDead Making a list for Daryl of everyone whose dead because he didn t follow the plan","0"
"He really did the FIFA dead fish celebration","0"
"CALI TheWalkingDead Making a list for Daryl of everyone whose dead because he didn t follow the plan","0"
"Pathetic","0"
"I love this day so much the leather jacket the polka dot shirt why does he want me dead so bad","0"
"CALI TheWalkingDead Making a list for Daryl of everyone whose dead because he didn t follow the plan","0"
"Evolution of banker outlook on bitcoin 2013 Bitcoin is a joke 2014 Bitcoin is dead 2015 Blockchains not Bi","0"
"My study buddy said yeah he s buying me food he s also my ride in several different ways I m dead y all","0"
"Getting dressed in the dead of winter is no easy Need to stay warm and look cool Yet we offer you this cool winte","0"
"Would you drive 4 hours to go back to DC to find your dead grandma s glove that you misplaced dropped somewhere ev","0"
"But there s still gonna be Walking Dead The Return of H A K","0"
"Like how me Sal and Clare are all going to get matching tattoos this month as if it s a dead cute planner thing but","0"
"Stop comparing dead rappers to alive rappers period it s fucking disrespectful to me","0"
"He really did the FIFA dead fish celebration","0"
"Two things everyone slept on this year The Chargers and We ain t dead bitches Protein MVP Bolts","0"
"CALI TheWalkingDead Making a list for Daryl of everyone whose dead because he didn t follow the plan","0"
"niyyy I ain t no sucka ass bitch If I m wrong I ll apologize about it and make it right if I can but I m most definitely not gon","0"
"CALI TheWalkingDead Making a list for Daryl of everyone whose dead because he didn t follow the plan","0"
"reedus Punisher Walking Dead Crossover LOL","0"
"Dead ass yo they be having on flip flops n all","0"
"The alleged incident happened in Buffalo But I d be you talk out your ass so much you","0"
"Kiss Me When I m Dead Dominic Piper A new unique take on the classic noir detective story","0"
"The same God who can make dry bones live can revive even a dead consumerist back to his glory and praise","0"
"The Peacock Katydid resembles a dead leaf when its wings are closed But its eye spots and vivid colors are displayed whe","0"
"Dead","0"
"Journey into a world of undead QUANTUM HEIGHTS thelivingdead underworldbloodwars","0"
"A new The Walking Dead game is in the works from Overkill View TheWalkingDead","0"
"Michonne to Judith I ll be back and i ll bring your daddy with me How she gonna bring Shane back from the dead TheWa","0"
"DEC 11 2017 03 30 I AM STILL DEAD","0"
"This Morgue Worker Had Sex With A Dead Body And Got Pregnant porn","0"
"They Keep Killing off My Favorite Characters from Talking Dead TheWalkingDead WalkingDead TWD","0"
"CALI TheWalkingDead Making a list for Daryl of everyone whose dead because he didn t follow the plan","0"
"Zelda Zonk Guys imagine the possibilities of Vine 2 Did Kyle step the fuck up Can Raven swim Did Jared ever learn how to read","0"
"maybe life doesn t end until we re dead so we gotta settle with happy moments instead of happy endings","0"
"This Morgue Worker Had Sex With A Dead Body And Got Pregnant porn","0"
"Michonne to Judith I ll be back and i ll bring your daddy with me How she gonna bring Shane back from the dead TheWa","0"
"Aaron and Enid better convince Cyndie to get over her feelings over her dead grandma and side with them fast if they can TheWalkingDead","0"
"CALI TheWalkingDead Making a list for Daryl of everyone whose dead because he didn t follow the plan","0"
"Dead","0"
"HunterDixon When you re in the womb but it s the mid season finale of the walking dead thewalkingdead","0"
"This walking dead episode has my anxiety high Cmon save the kingdom from these ass hats trusttheking","0"
"GTFO get the fuck out STFU shut the fuck up MKMKOMFGSFD miss keisha miss keisha oh my fuckin god she fuckin dead","0"
"Honestly I don t know if I can watch The Walking Dead anymore All they do is take L s every episode","0"
"Y all dead wrong for this","0"
"I m watching The Walking Dead 8x08 How It s Gotta Be TWD trakt","0"
"ARMY","0"
"Assistir aquele the walking dead suuuussegadin","0"
"the reason ms keisha is dead","0"
"Michonne to Judith I ll be back and i ll bring your daddy with me How she gonna bring Shane back from the dead TheWa","0"
"Girl Dead ass","0"
"ONE OF THE KIDS I M BABYSITTING JUST YELLED Free Shavacado AND I M DEAD","0"
"No like dead as karma is REAL","0"
"When your dead asleep but your song comes on","0"
"Today we lost a groundbreaking journalist a civil rights icon and a true American hero Simeon Booker devoted his life s","0"
"Hannibal Burress was BEING ARRESTED and one of the cops said he was being difficult after he was cracking jokes and Hanni","0"
"cut him off act like he dead amp it s killing him","0"
"niyyy You ain t gotta die to be dead to me","0"
"Find out my kid got clocked in the face rather then read his school just got shot up and he s dead","0"
"I want a goth gf R u sure it ready for one R u sure R u rly sure Having a goth gf is going to target standing in the","0"
"CALI TheWalkingDead Making a list for Daryl of everyone whose dead because he didn t follow the plan","0"
"I m really dead lmaoo","0"
"He really did the FIFA dead fish celebration","0"
"Dead","0"
"I am going to crawl out of my skin watching Walking Dead TWDMidSeasonFinale TalkingDead","0"
"It s like Night of the Living Dead and Mariah keeps coming back MarriedToMedicine","0"
"CALI TheWalkingDead Making a list for Daryl of everyone whose dead because he didn t follow the plan","0"
"LOOOOOOOOOOOOOL IM DEAD","0"
"millander I thought you were dead I told you i d never leave you again soulmates outlanderfinale STARZ https","0"
"I mean what did they think was going to happen You can t declare war on people then go home and watch Netflix un","0"
"CALI TheWalkingDead Making a list for Daryl of everyone whose dead because he didn t follow the plan","0"
"Dead","0"
"Round Not sure which was better the catch Keenan made on the flea flicker or him playing dead at the one yard line Both w","0"
"Dead","0"
"madawg15 pop punk is not dead","0"
"Someone tell me what this song is been looking since I saw his sc ages ago so dead","0"
"Open borders have been tried it s an empirical fact that terrorism increases How many dead babies are worth it so you can","0"
"watching The Walking Dead amp just when did it get so lammmeeeess","0"
"They have thrice the taste buds of humans and are capable of controlling their brain chemistry to imitate other anima","0"
"IM DEAD","0"
"GTFO get the fuck out STFU shut the fuck up MKMKOMFGSFD miss keisha miss keisha oh my fuckin god she fuckin dead","0"
"Oh he dead","0"
"HOLY crap the Walking Dead just got REAL Can t breathe can t watch heart pounding out of my chest all you","0"
"He really did the FIFA dead fish celebration","0"
"IM DEAD","0"
"This walking dead episode is absolutely incredible so far","0"
"He really did the FIFA dead fish celebration","0"
"I m so dead college got us fucked up","0"
"Friends do check out the big Walking Dead program tonight It s a monumental one lots of folks worked very hard on it","0"
"CALI TheWalkingDead Making a list for Daryl of everyone whose dead because he didn t follow the plan","0"
"sprinkles Bakloosh Appreciation Post Depsite having the social capabilities of a dead TV remote I am fortunate enough to have","0"
"DeaD","0"
"People think because they can read do basic arithmetic and can hold a basic conversation they believe that they aren t","0"
"TWD The Walking Dead better not kill someone and then leave me on a freaking Cliffhanger without giving me any hope","0"
"I M DEAD","0"
"IM DEAD","0"
"Ppl still watch walking dead apparently","0"
"THE WALKING DEAD S NEGAN Offers To Have A Chat With Anyone Bothering KEATON JONES","0"
"Rev 1 18 I am he that liveth and was dead and behold I am alive forevermore Amen and have the keys of hell and of","0"
"Yep Gonna be one of those Walking Dead episodes Facepalm award goes to Daryl amp Tara Way to suck guys TheWalking","0"
"After a while you get to DAMN OLD for certain goofy shit like dead ass","0"
"He gonna get everyone killed lmao I swear Carl should ve been dead seasons ago Always getting hi","0"
"Playing catch up on the walking dead tonight Walking the dog took longer than I planned TWD","0"
"net neutrality net neutrality","0"
"im talkin bout Walking Dead bae lol","0"
"Jon Snow went to the wall and became Lord Commander 2013 Foles Murdered by his own men Went to Kc with Reid and ros","0"
"BEYONC FOUND DEAD ok now that i got your attention text RESIST to 50409 to save net neutrality","0"
"i am dead","0"
"Me trying to stay calm during the walking dead season finale AMC thewalkingdead TWD","0"
"Dead assss though","0"
"SHOCKING Violent ANTIFA Protest Dead Woman s Memorial via IT IS PAST TIME THAT EVERY","0"
"THEGREAT The End Has me DEAD","0"
"At this rate the d will be dead on their feet by the next drive RavensFlock","0"
"AMC LAST chance to unlock a NEW walker with the TWDEncounter app Scan the ad in tonight s TWD finale at 9","0"
"CALI TheWalkingDead Making a list for Daryl of everyone whose dead because he didn t follow the plan","0"
"Mckenna 17 Tiffany Pollard The Queen HBIC Orchestrated the greatest pop","0"
"Dead","0"
"someone already exposed him and his family for having confederate flags on IG I m dead","0"
"All my phones be dead","0"
"Walking Dead already got me on edge","0"
"","0"
"I liked a video DG Dead Island Tease","0"
"Walking dead the best show idgaf don t me","0"
"jassssy being faithful really IS NOT hard Idc what anybody says that whole we re to young shit is dead asf don t get into a f","0"
"GTFO get the fuck out STFU shut the fuck up MKMKOMFGSFD miss keisha miss keisha oh my fuckin god she fuckin dead","0"
"No one killed PareshMesta says Karnataka police he fell into a lake and died they say next the","0"
"Negan should ve been dead like they keep bitching them and I m not here for it","0"
"Dead","0"
"GTFO get the fuck out STFU shut the fuck up MKMKOMFGSFD miss keisha miss keisha oh my fuckin god she fuckin dead","0"
"Walking dead is killing me with anxiety rn","0"
"not bouta chase nobody for a relationship that s dead","0"
"Nanii oN mY dEaD hOmIe yOu ThE oNlY oNe stfu for i dig him up amp ask","0"
"Madonna found dead in Malawi","0"
"Dead They end up dead","0"
"CALI TheWalkingDead Making a list for Daryl of everyone whose dead because he didn t follow the plan","0"
"There has to be SOME tragedy Rumor has it they aren t dead They are lost and actually end up on an island somewh","0"
"Open borders have been tried it s an empirical fact that terrorism increases How many dead babies are worth it so you can","0"
"GTFO get the fuck out STFU shut the fuck up MKMKOMFGSFD miss keisha miss keisha oh my fuckin god she fuckin dead","0"
"CALI TheWalkingDead Making a list for Daryl of everyone whose dead because he didn t follow the plan","0"
"Chris Moore with the FIFA Dead Fish Celebration NFLCelebrations","0"
"GTFO get the fuck out STFU shut the fuck up MKMKOMFGSFD miss keisha miss keisha oh my fuckin god she fuckin dead","0"
"He really did the FIFA dead fish celebration","0"
"Instead he gave him a list of confusing demands that if told to anyone you me anyone we would ve en","0"
"BEYONC FOUND DEAD ok now that i got your attention text RESIST to 50409 to save net neutrality","0"
"We are not repeating the same shit over and over and over again with the same souls in 2018 Dead that","0"
"ya think I m playing but I m dead ass","0"
"Hey KeatonJones Just saw your video about the tough time you re going through Not sure if you re a Walking Dead fan but","0"
"CALI TheWalkingDead Making a list for Daryl of everyone whose dead because he didn t follow the plan","0"
"vine 2 miss keisha is no longer dead jared learned how to read raven can now swim rebecca still won t hesitat","0"
"this acc is dead mas vou tentar reviver","0"
"Welp the walking Dead has officially jumped the shark for me Hopefully has different writers I m so pi","0"
"ME adelee 158 im dead","0"
"lacey simbaaa Robins Dead ahh lying on me neega","0"
"BEYONC FOUND DEAD ok now that i got your attention text RESIST to 50409 to save net neutrality","0"
"Watching season 2 of Stranger Things So Jonathan how was the pullout I m dead","0"
"CALI TheWalkingDead Making a list for Daryl of everyone whose dead because he didn t follow the plan","0"
"my timeline is dead I m going to sleep and I didn t do any of my homework idgaf","0"
"Just sad Gimple will be able to kill fear the walking dead like he killed this show And Fear was a bette","0"
"CALI TheWalkingDead Making a list for Daryl of everyone whose dead because he didn t follow the plan","0"
"CALI TheWalkingDead Making a list for Daryl of everyone whose dead because he didn t follow the plan","0"
"Chris Moore with the FIFA Dead Fish Celebration NFLCelebrations","0"
"AMC I hope we won t say The king is dead Not Jerry","0"
"Dead","0"
"CALI TheWalkingDead Making a list for Daryl of everyone whose dead because he didn t follow the plan","0"
"I M DEAD","0"
"CALI TheWalkingDead Making a list for Daryl of everyone whose dead because he didn t follow the plan","0"
"Agora vou ver the walking dead","0"
"He really did the FIFA dead fish celebration","0"
"CALI TheWalkingDead Making a list for Daryl of everyone whose dead because he didn t follow the plan","0"
"He really did the FIFA dead fish celebration","0"
"niyyy I ain t no sucka ass bitch If I m wrong I ll apologize about it and make it right if I can but I m most definitely not gon","0"
"CALI TheWalkingDead Making a list for Daryl of everyone whose dead because he didn t follow the plan","0"
"The Dead Sea Scrolls confirm the accuracy of the most popular accurate reliable","0"
"All my plants are dead push me to the edge","0"
"CALI TheWalkingDead Making a list for Daryl of everyone whose dead because he didn t follow the plan","0"
"PLEASE IF YOU ARENT WATCHING THE WALLING DEAD TONIGHT STAY OF TWIITER I WILL SPOIL IT FOR YOU","0"
"Sometimes I wish there was a week of the Walking Dead where the worst thing that happened was Rick forgot to put th","0"
"Kiss Me When I m Dead Dominic Piper Part mystery part int","0"
"Today we lost a groundbreaking journalist a civil rights icon and a true American hero Simeon Booker devoted his life s","0"
"CALI TheWalkingDead Making a list for Daryl of everyone whose dead because he didn t follow the plan","0"
"Yeah Is she a Fear the Walking Dead or The Walking Dead fan ANSWER IMPORTANT QUESTIONS","0"
"ACTUALLY FOUR YEARS AGO DAN BROWN DESCRIBED MANILA IN HIS NOVEL INFERNO AS THE GATES OF HELL","0"
"Dead inside til yuh","0"
"I m already dead inside","0"
"Late pornstar August Ames shared her struggles with depression and ostracization from her own family after she was rap","0"
"Love Possibly yes Marriage That s all the way dead Health I ll take good health","0"
"genuine Alr bet mf ig im dead then","0"
"dead it lmao pls it was a question he answered won t even no need for an argument to be starting","0"
"yung lobo IM DEAD BRB","0"
"AMC uh what the fuck happened weren t the saviors dead TheWalkingDead","0"
"This girl dead has a new bestfriend every week amp straight talks shit about me but in the halls will be like OMG KENZ HII I LOVE UUU foh","0"
"CALI TheWalkingDead Making a list for Daryl of everyone whose dead because he didn t follow the plan","0"
"I let the phone die before I let the music go then I be stuck with a dead phone and no music","0"
"When The Walking Dead references the Freshman 15 TWD TheWalkingDead","0"
"oN mY dEaD hOmIe yOu ThE oNlY oNe stfu for i dig him up amp ask","0"
"Michonne to Judith I ll be back and i ll bring your daddy with me How she gonna bring Shane back from the dead TheWa","0"
"I m saying it possibly could have been avoided entirely whi","0"
"Wow they re going after dead guys now No one is safe","0"
"Things that will drop probably after I m dead Jojo part 5 Kingdom Hearts 3 a stable berserk chapter release schedule Robb","0"
"My work dead ass just called me cowboy bebop green day boy","0"
"Let s stop with The Walking Dead spoilers","0"
"niyyy You ain t gotta die to be dead to me","0"
"Yow mi dead","0"
"Destiny is dead since they released D2","0"
"CNN s credibility is dead but don t let that distract you from the fact that in 1998 the Undertaker threw Mankind off Hel","0"
"niyyy You ain t gotta die to be dead to me","0"
"Daryl is the Vegeta of Walking Dead now His hubris and actions made everything infinitely worse TheWalkingDead","0"
"I ain t no sucka ass bitch If I m wrong I ll apologize about it amp make it right if I can but I m most definitely not g","0"
"How It s Gotta Be Watching The Walking Dead twd thewalkingdead tv","0"
"Australian Pelican sitting on a dead tree in Belvoir Park Lake in Wodonga Australia Stormhour ThePhotoHour","0"
"i want negan to drop dead and im not exaggerating he s such a shitty character he has no reedeming qualities idgi rlly","0"
"GTFO get the fuck out STFU shut the fuck up MKMKOMFGSFD miss keisha miss keisha oh my fuckin god she fuckin dead","0"
"Giampietrino The Dead of Cleopatra 1520","0"
"Is it just me or are there more commercials during the walking dead then there used to be Really annoying","0"
"Phone was dead all day Not sure if I can do that again RIP snap streaks too","0"
"The Walking Dead could benefit from shortened seasons That way they wouldn t have week after week of filler with t","0"
"Dead","0"
"The Walking Dead Community s anger at Daryl right now TWD TheWalkingDead","0"
"Pleading for his life trying to comply shot dead anyway Enough","0"
"CALI TheWalkingDead Making a list for Daryl of everyone whose dead because he didn t follow the plan","0"
"Regime change advocates were dead wrong about Syria Me and in","0"
"tate And I m off to The Walking Dead Have a great night","0"
"I have tired to stick by Rick and company on The Walking Dead NOW I M DONE They deserve to lose They do the dumb","0"
"Chris Moore with the FIFA Dead Fish Celebration NFLCelebrations","0"
"footage provided to the ABC appears to show Papua New Guinea locals possibly drunk coming to their new accommodation and thr","0"
"2 Bangladeshis shot dead by Indian BSF along Rajshahi border","0"
"Utah Hit by National Hepatitis Outbreak That Has Left 41 Dead in California and Michigan","0"
"Consider running your class so that none of your students are compelled to tell you about private challenges or make them up","0"
"oN mY dEaD hOmIe yOu ThE oNlY oNe stfu for i dig him up amp ask","0"
"GTFO get the fuck out STFU shut the fuck up MKMKOMFGSFD miss keisha miss keisha oh my fuckin god she fuckin dead","0"
"Pretty rad that she agreed to stay with me till I m dead No one tell her that I m not that cool","0"
"CALI TheWalkingDead Making a list for Daryl of everyone whose dead because he didn t follow the plan","0"
"TheWalkingDead Mid Season Finale airs in TWO HOURS Watch this exclusive scene to hold you over","0"
"kailssss I m dead at you capitalizing your like you used the right word","0"
"GTFO get the fuck out STFU shut the fuck up MKMKOMFGSFD miss keisha miss keisha oh my fuckin god she fuckin dead","0"
"Dead","0"
"Pretty Much Dead Already Made to Suffer Too Far Gone Coda Start to Finish Hearts Still Beating How It s Gotta Be Mid S","0"
"net neutrality net neutrality","0"
"5 dead and counting","0"
"xanax is not a toy exstacy is not a toy promethazine is not a toy adderal is not a toy percocet is not a toy","0"
"GTFO get the fuck out STFU shut the fuck up MKMKOMFGSFD miss keisha miss keisha oh my fuckin god she fuckin dead","0"
"yooong Awesome BetweenUs needs to be appreciated more It rocks u off ur feet Yonghwa composed this song to fuse rock elements","0"
"Nanii oN mY dEaD hOmIe yOu ThE oNlY oNe stfu for i dig him up amp ask","0"
"TV Im a walking dead fan when u promise 90 min special i want 90 min done with all these damn commercials","0"
"GTFO get the fuck out STFU shut the fuck up MKMKOMFGSFD miss keisha miss keisha oh my fuckin god she fuckin dead","0"
"This is my show headass you re dead TheWalkingDead","0"
"dead","0"
"The Action Comedy is Dead Long live the Political Comedy","0"
"GTFO get the fuck out STFU shut the fuck up MKMKOMFGSFD miss keisha miss keisha oh my fuckin god she fuckin dead","0"
"I guess democracy is officially dead in Venezuela","0"
"I m really dead lmaoo","0"
"He really did the FIFA dead fish celebration","0"
"CNN s credibility is dead but don t let that distract you from the fact that in 1998 the Undertaker threw Mankind off Hel","0"
"CALI TheWalkingDead Making a list for Daryl of everyone whose dead because he didn t follow the plan","0"
"Dead","0"
"Shits dead","0"
"Michonne to Judith I ll be back and i ll bring your daddy with me How she gonna bring Shane back from the dead TheWa","0"
"West Dear Lord Today cut off those extra branches around me that constantly bare no fruit cut out the dead weight in my lif","0"
"CALI TheWalkingDead Making a list for Daryl of everyone whose dead because he didn t follow the plan","0"
"The walking dead mid season finale is already giving me heart attacks","0"
"CALI TheWalkingDead Making a list for Daryl of everyone whose dead because he didn t follow the plan","0"
"If large pores are a concern try an alpha hydroxy acid AHA product AHAs remove dead skin cells and hardened oil plugs","0"
"Open borders have been tried it s an empirical fact that terrorism increases How many dead babies are worth it so you can","0"
"BEYONC FOUND DEAD ok now that i got your attention text RESIST to 50409 to save net neutrality","0"
"Im pretty sure Ezekiel is a goner He s story arc is dead He s no longer a king and his army is all dead","0"
"FOR THE HATERS FBI Officially Confirms True Pundit s DNC Hacking Story Is Dead On Democrats Refused Federal Agen","0"
"I am going to crawl out of my skin watching Walking Dead TWDMidSeasonFinale TalkingDead","0"
"CALI TheWalkingDead Making a list for Daryl of everyone whose dead because he didn t follow the plan","0"
"According to the comics Ezekiel DEAD Morgan DEAD Father Gabrial DEAD","0"
"If Zayn could have dinner with anyone dead or alive it would be Michael Jackson","0"
"GTFO get the fuck out STFU shut the fuck up MKMKOMFGSFD miss keisha miss keisha oh my fuckin god she fuckin dead","0"
"I m dead","0"
"He really did the FIFA dead fish celebration","0"
"NOAA would have you believe the mass mortality event of Sea Lions was caused by poor immune systems Apparently these a ho","0"
"Can t stop won t stop Charlie make the booty drop Can t stop won t stop Johnny make the booty drop Can t stop wo","0"
"I m dead at you capitalizing your like you used the right word","0"
"He really did the FIFA dead fish celebration","0"
"I m back from the dead people And I m back to pleasure all my cuties openrp lewdrp","0"
"Alec Raeshawn Smith age 26 was found dead in his apartment on June 27 He was rationing his insulin after he aged out of h","0"
"He really did the FIFA dead fish celebration","0"
"I EXPECT AT LEAST ONE THING IN TEN MINUTES MY MUTUALS WANT ME TO DROP DEAD","0"
"niyyy I ain t no sucka ass bitch If I m wrong I ll apologize about it and make it right if I can but I m most definitely not gon","0"
"The Walking Dead fandom right now","0"
"The walking dead is getting so fucking crazy I can t do this","0"
"Friends do check out the big Walking Dead program tonight It s a monumental one lots of folks worked very hard on it","0"
"CALI TheWalkingDead Making a list for Daryl of everyone whose dead because he didn t follow the plan","0"
"Dead","0"
"Two things everyone slept on this year The Chargers and We ain t dead bitches Protein MVP Bolts","0"
"Dead","0"
"And they say romance is dead","0"
"Dead","0"
"Life is not about waiting for the storm to pass It is about learning to dance in the rain Dead The acquired dan","0"
"Dead","0"
"The Walking Dead is waaaaaay too much tonight I m getting sick Like REALLY sick walkingdead thewalkingdead amc","0"
"someone already exposed him and his family for having confederate flags on IG I m dead","0"
"Dead","0"
"When the church is dead silent in prayer and your throat starts itching with a cough","0"
"vine 2 miss keisha is no longer dead jared learned how to read raven can now swim rebecca still won t hesitat","0"
"This Walking Dead episode is horse shit so far TheWalkingDead","0"
"CALI TheWalkingDead Making a list for Daryl of everyone whose dead because he didn t follow the plan","0"
"simon looked so g d i hate him i want him dead i don t like simon","0"
"The first trailer for Overkill s TheWalkingDead is finally here OverkillTWD","0"
"CALI TheWalkingDead Making a list for Daryl of everyone whose dead because he didn t follow the plan","0"
"The walking dead is really pissing me off right now AMC WalkingDead","0"
"CNN s credibility is dead but don t let that distract you from the fact that in 1998 the Undertaker threw Mankind off Hel","0"
"13 But I m truly done tho I m actually dead","0"
"Yooo that tweet was dead on tho","0"
"oN mY dEaD hOmIe yOu ThE oNlY oNe stfu for i dig him up amp ask","0"
"Chris Moore with the FIFA Dead Fish Celebration NFLCelebrations","0"
"GTFO get the fuck out STFU shut the fuck up MKMKOMFGSFD miss keisha miss keisha oh my fuckin god she fuckin dead","0"
"Too bad his parents are dead","0"
"neighbor We re lost in the forest We need to find a place where trees are dead so we can hide out there Night will fall soon","0"
"When your ex say they wish you were dead but you already dead on the inside","0"
"I never get what I want dead ass lol at this point idc","0"
"CALI TheWalkingDead Making a list for Daryl of everyone whose dead because he didn t follow the plan","0"
"Starting TheWalkingDead now hoping Daryl finally bites the dust Doubt it but Eugene is for sure dead as hell","0"
"All my plants are dead push me to the edge","0"
"this walking dead mid season finale is killing me omg someone is going to die","0"
"Then y promote dead jew worship among other cultures This is wanting to have ur cake amp eat it too Now","0"
"Im Sothy you will be missed ImSothy Im Sothy rip","0"
"CALI TheWalkingDead Making a list for Daryl of everyone whose dead because he didn t follow the plan","0"
"CALI TheWalkingDead Making a list for Daryl of everyone whose dead because he didn t follow the plan","0"
"CALI TheWalkingDead Making a list for Daryl of everyone whose dead because he didn t follow the plan","0"
"If amc doesn t give the good guys a narrative win in the walking dead then they clearly don t mind losing viewers","0"
"I ve watched every minute of the Walking Dead and yet I have absolutely zero clue what s going on That s solid writing","0"
"Jarvis Mann PI IN ANOTHER SPINE TINGLING ADVENTURE Read Free with Kindle Unlimited Dead","0"
"CALI TheWalkingDead Making a list for Daryl of everyone whose dead because he didn t follow the plan","0"
"GTFO get the fuck out STFU shut the fuck up MKMKOMFGSFD miss keisha miss keisha oh my fuckin god she fuckin dead","0"
"When The Walking Dead references the Freshman 15 TWD TheWalkingDead","0"
"Then took off at a dead sprint across the road","0"
"Vinny I m dead","0"
"He really did the FIFA dead fish celebration","0"
"CALI TheWalkingDead Making a list for Daryl of everyone whose dead because he didn t follow the plan","0"
"CNN s credibility is dead but don t let that distract you from the fact that in 1998 the Undertaker threw Mankind off Hel","0"
