"cbelive com click here Holdover Films Chug Away at the Box Office as Last Jedi Looms","0"
"Other DC films mentioned besides Wonder Woman 2 during CCXP17 panel include Suicide Squad 2 Batgirl","0"
"Latest Coco Justice League repeat box office with nothing new MovieNews MovieTVTechGee","0"
"Latest Coco Justice League repeat box office with nothing new MovieNews MovieTVTechGee","0"
"Latest Coco Justice League repeat box office with nothing new MovieNews MovieTVTechGee","0"
"Latest Coco Justice League repeat box office with nothing new MovieNews MovieTVTechGee","0"
"Latest Coco Justice League repeat box office with nothing new MovieNews MovieTVTechGee","0"
"Latest Coco Justice League repeat box office with nothing new MovieNews MovieTVTechGee","0"
"It s next on my list Already saw Justice League Thor and Murder on the Orient Express","0"
"Latest Coco Justice League repeat box office with nothing new MovieNews MovieTVTechGee","0"
"Finally saw the new Justice League Wow its a train wreck There was some good and so much bad Those were not an opening or ending","0"
"Latest Coco Justice League repeat box office with nothing new MovieNews MovieTVTechGee","0"
"Latest Coco Justice League repeat box office with nothing new MovieNews MovieTVTechGee","0"
"Latest Coco Justice League repeat box office with nothing new MovieNews MovieTVTechGee","0"
"Latest Coco Justice League repeat box office with nothing new MovieNews MovieTVTechGee","0"
"Latest Coco Justice League repeat box office with nothing new MovieNews MovieTVTechGee","0"
"Latest Coco Justice League repeat box office with nothing new MovieNews MovieTVTechGee","0"
"Experience the Justice League Red Carpet in Hollywood the Fan Trenches A Battle to get an Autograph or a Selfie","0"
"Box Office Justice League Hits 600 Million Worldwide 10th Biggest Movie Of 2017","0"
"Latest Coco Justice League repeat box office with nothing new MovieNews MovieTVTechGee","0"
"Latest Coco Justice League repeat box office with nothing new MovieNews MovieTVTechGee","0"
"Latest Coco Justice League repeat box office with nothing new MovieNews MovieTVTechGee","0"
"JUSTICE LEAGUE IS SO GOOD OML","0"
"becca film me being bullied so I can get an invitation to justice league","0"
"Latest Coco Justice League repeat box office with nothing new MovieNews MovieTVTechGee","0"
"The Monster Scifi Show Podcast Justice League","0"
"Latest Coco Justice League repeat box office with nothing new MovieNews MovieTVTechGee","0"
"I really want yo go see Justice League again Half of it is so that I can get a ticket that says the title instead","0"
"Latest Coco Justice League repeat box office with nothing new MovieNews MovieTVTechGee","0"
"Latest Coco Justice League repeat box office with nothing new MovieNews MovieTVTechGee","0"
"Justice League vs The Avengers Batty can really throw dat ass back","0"
"Justice League vs The Avengers Batty can really throw dat ass back","0"
"Latest Coco Justice League repeat box office with nothing new MovieNews MovieTVTechGee","0"
"Justice League a quota 600 milioni Ciaran Hinds vuole la director s cut","0"
"Latest Coco Justice League repeat box office with nothing new MovieNews MovieTVTechGee","0"
"Latest Coco Justice League repeat box office with nothing new MovieNews MovieTVTechGee","0"
"Warner Bros Becomes First Major Studio To Cross 2 Billion This Year At Domestic B O Propelled By Wonder Woman It http","0"
"Latest Coco Justice League repeat box office with nothing new MovieNews MovieTVTechGee","0"
"Latest Coco Justice League repeat box office with nothing new MovieNews MovieTVTechGee","0"
"Latest Coco Justice League repeat box office with nothing new MovieNews MovieTVTechGee","0"
"Latest Coco Justice League repeat box office with nothing new MovieNews MovieTVTechGee","0"
"Box Office Justice League Hits 600 Million Worldwide 10th Biggest Movie Of 2017","0"
"Latest Coco Justice League repeat box office with nothing new MovieNews MovieTVTechGee","0"
"Latest Coco Justice League repeat box office with nothing new MovieNews MovieTVTechGee","0"
"Justice League vs The Avengers Batty can really throw dat ass back","0"
"still upset i havent seen justice league tho ive been waiting for this for 2 years smfh","0"
"justice league","0"
"Box Office Justice League Hits 600 Million Worldwide 10th Biggest Movie Of 2017","0"
"Latest Coco Justice League repeat box office with nothing new MovieNews MovieTVTechGee","0"
"Warner Bros Becomes First Major Studio To Cross 2 Billion This Year At Domestic B O Propelled By Wonder Woman It http","0"
"Latest Coco Justice League repeat box office with nothing new MovieNews MovieTVTechGee","0"
"Latest Coco Justice League repeat box office with nothing new MovieNews MovieTVTechGee","0"
"Latest Coco Justice League repeat box office with nothing new MovieNews MovieTVTechGee","0"
"Latest Coco Justice League repeat box office with nothing new MovieNews MovieTVTechGee","0"
"JUSTICE LEAGUE DARK 2019","0"
"Latest Coco Justice League repeat box office with nothing new MovieNews MovieTVTechGee","0"
"Latest Coco Justice League repeat box office with nothing new MovieNews MovieTVTechGee","0"
"I liked a video Martian Manhunter vs Etrigan the Demon Justice League vs Morgaine le Fey","0"
"Latest Coco Justice League repeat box office with nothing new MovieNews MovieTVTechGee","0"
"Latest Coco Justice League repeat box office with nothing new MovieNews MovieTVTechGee","0"
"Justice League vs The Avengers Batty can really throw dat ass back","0"
"Latest Coco Justice League repeat box office with nothing new MovieNews MovieTVTechGee","0"
"JUSTICE LEAGUE WAS SO FUCKING GOOD","0"
"Justice League vs The Avengers Batty can really throw dat ass back","0"
"Justice league was type fye","0"
"Latest Coco Justice League repeat box office with nothing new MovieNews MovieTVTechGee","0"
"Ain t the type to murder you more the type to plan it may be one of Drake s truest lines It s from Empire by","0"
"Latest Coco Justice League repeat box office with nothing new MovieNews MovieTVTechGee","0"
"Holdover Films Chug Away at the Box Office as Last Jedi Looms by BROOKS BARNES via NYT","0"
"Holdover Films Chug Away at the Box Office as Last Jedi Looms by BROOKS BARNES via NYT","0"
"RT Ivy League Schools Caught Giving Social Justice Propaganda For Students To Harass Parents https","0"
"Justice League meets little Justice League","0"
"Holdover Films Chug Away at the Box Office as Last Jedi Looms by BROOKS BARNES via NYT","0"
"Thor amp Justice League was dope af I can watch those movies more than twice","0"
"Johns Justice League just seemed to be an obvious attempt to be like The Avengers except it didn t flow together well","0"
"Latest Coco Justice League repeat box office with nothing new MovieNews MovieTVTechGee","0"
"Experience the Justice League Red Carpet in Hollywood the Fan Trenches A Battle to get an Autograph or a Selfie","0"
"Latest Coco Justice League repeat box office with nothing new MovieNews MovieTVTechGee","0"
"Latest Coco Justice League repeat box office with nothing new MovieNews MovieTVTechGee","0"
"Justice League vs The Avengers Batty can really throw dat ass back","0"
"Latest Coco Justice League repeat box office with nothing new MovieNews MovieTVTechGee","0"
"Latest Coco Justice League repeat box office with nothing new MovieNews MovieTVTechGee","0"
"Justice League vs The Avengers Batty can really throw dat ass back","0"
"Latest Coco Justice League repeat box office with nothing new MovieNews MovieTVTechGee","0"
"I just watched league of justice with my sis and omg it was so good i WASN T a huge dc fan BUT NOW I AM OMFG IT WAS SO GOOOOOD","0"
"The Justice League","0"
"i still love ezra miller but i m broke and I hate superhero films so I can t justify going to see justice league","0"
"Justice League Officially A Bomb Is Ben Affleck Out As Batman","0"
"Latest Coco Justice League repeat box office with nothing new MovieNews MovieTVTechGee","0"
"Netflix shady for taking justice league amp young justice off Smh it really be ya own ppl","0"
"Justice League vs The Avengers Batty can really throw dat ass back","0"
"Latest Coco Justice League repeat box office with nothing new MovieNews MovieTVTechGee","0"
"Justice league prin","0"
"I still want to see justice league","0"
"Latest Coco Justice League repeat box office with nothing new MovieNews MovieTVTechGee","0"
"Entertainment Holdover Films Chug Away at the Box Office as Last Jedi Looms In ano","0"
"Justice League vs The Avengers Batty can really throw dat ass back","0"
"Latest Coco Justice League repeat box office with nothing new MovieNews MovieTVTechGee","0"
"Review JUSTICE LEAGUE 34 by Priest Woods amp Shu review by comics Justice","0"
"Not saying I want this to happen I don t I didn t like SS and JL was just enjoyably okay but how","0"
"Latest Coco Justice League repeat box office with nothing new MovieNews MovieTVTechGee","0"
"Latest Coco Justice League repeat box office with nothing new MovieNews MovieTVTechGee","0"
"Justice League vs The Avengers Batty can really throw dat ass back","0"
"Holdover Films Chug Away at the Box Office as Last Jedi Looms by BROOKS BARNES via NYT","0"
"A thor wonder justice league coco daddy s home 2","0"
"Latest Coco Justice League repeat box office with nothing new MovieNews MovieTVTechGee","0"
"Justice League vs The Avengers Batty can really throw dat ass back","0"
"I liked a video DC Metal Justice League Vs Evil Batmen Pt1 Rebirth Complete Story","0"
"the flashpoint movie is a TERRIBLE idea holy shit why are they still doing it justice league wasnt even as big as they expec","0"
"Justice League vs The Avengers Batty can really throw dat ass back","0"
"Justice League Sesh R Rated Spoiler Movie Review Discussion Breakdown 86 minutes of spoiler goodne","0"
"Batman here from the Justice League","0"
"Latest Coco Justice League repeat box office with nothing new MovieNews MovieTVTechGee","0"
"Latest Coco Justice League repeat box office with nothing new MovieNews MovieTVTechGee","0"
"When WB is reaching for you money when justice league comes out on DVD But your not having it because is not the Snyd","0"
"Justice League vs The Avengers Batty can really throw dat ass back","0"
"seeing justice league with my mum is gonna be interesting djkfgn","0"
"My full review of Justice League for","0"
"Holdover Films Chug Away at the Box Office as Last Jedi Looms by BROOKS BARNES via NYT","0"
"Justice League vs The Avengers Batty can really throw dat ass back","0"
"Speaking of them two they made me think of the Justice League That team is more corrupted than I am And that","0"
"That article was hilariously wrong The budget for Justice League swelled to at least 3","0"
"Justice League vs The Avengers Batty can really throw dat ass back","0"
"justice league","0"
"the flashpoint movie is a TERRIBLE idea holy shit why are they still doing it justice league wasnt even as big as they expec","0"
"Review JUSTICE LEAGUE 34 by Priest Woods amp Shu review by comics","0"
"Will Lobo ever get his own movie Or do we have to wait for all the Justice League stuff to be done first Would love to see that happen","0"
"I HAVEN T SEEN COCO AVENGERS THOR DUNKIRK OR JUSTICE LEAGUE I M PRESSED","0"
"Girl my mom bought me these tall ass justice league action figures for Christmas in 06 i wish i still had them","0"
"I added a video to a playlist SUPERHERO Avengers Justice League Lollipop Ups Ironman Captain","0"
"It s like a Marvel comic come to life where Trump is the ultimate villain and We the People must be our own","0"
"The Monster Scifi Show Podcast Justice League","0"
"Justice League vs The Avengers Batty can really throw dat ass back","0"
"Experience the Justice League Red Carpet in Hollywood the Fan Trenches A Battle to get an Autograph or a Selfie","0"
"I get some really cool swag at conventions This set of Justice League pins was a gift from S","0"
"Di CCXP17 Brazil kemarin kabarnya DC Films ngereveal upcoming projects mereka Ada sekuel Wonder Woman Aquaman Batgir","0"
"When WB is reaching for you money when justice league comes out on DVD But your not having it because is not the Snyd","0"
"The kid should decline and say he wants to go to the next Justice League premiere","0"
"The Monster Scifi Show Podcast Justice League via","0"
"Hoping me and bae get to go see Justice League soon NXT week Fingers crossed frfr lol Happy I got someone to be a","0"
"I still want to see justice league","0"
"Justice League passed the 600M global mark this weekend Internationally the film grossed an estimated 15 40M this week","0"
"Experience the Justice League Red Carpet in Hollywood the Fan Trenches A Battle to get an Autograph or a Selfie","0"
"Despite a mediocre showing from Justice League Warner Bros is having one of its best years on record It s pass","0"
"LMAO i take it you didn t like justice league","0"
"The Monster Scifi Show Podcast Justice League","0"
"Justice League vs The Avengers Batty can really throw dat ass back","0"
"DCEU Box Office Updated Man Of Steel 668M Batman v Superman 873M Suicide Squad 745M Wonder Woman 821M Justice Leag","0"
"JUSTICE LEAGUE Official Trailer HD humanity life","0"
"When WB is reaching for you money when justice league comes out on DVD But your not having it because is not the Snyd","0"
"Justice League meets little Justice League","0"
"JusticeLeague Reaches 600 Million","0"
"Here we go again with the Justice League shots This episode about to be nuts DemDeadz TheWalkingDead TWD","0"
"Dear bullies Time and time again The Avengers aren t on your side Neither is the Justice League Maybe your best","0"
"I liked a video Vigilante Justice League GTA 5 Online Freeroam","0"
"I m just using this thread for WIP reports by now Paneling done Gonna have quick breakfast then run back to thi","0"
"The DCEU has only one well received movie and it s Avengers equivalent Justice League flopped and won t even","0"
"Justice League 2017","0"
"supposed to be hanging with my old best friend tomorrow but i don t want to see justice league again lol","0"
"Ok but I still want to see Justice League","0"
"DCEU fans have been the harshest ones on Justice League and what it was done to it Really shows you that we truly care for","0"
"I didn t like Justice League But that doesn t mean I m gonna openly talk shit about it because of kids like this This is","0"
"Justice League Trailer 1 2017 Movieclips Trailers","0"
"Justice League vs The Avengers Batty can really throw dat ass back","0"
"Box Office JusticeLeague Treads Behind Disney Pixar s Coco Thor Ragnarok Drops To The Fifth Spot","0"
"When your husband arrives early from work without telling before amp in Justice Leag","0"
"When WB is reaching for you money when justice league comes out on DVD But your not having it because is not the Snyd","0"
"Wanna see Justice League just for Wonder Woman","0"
"Latest Coco Justice League repeat box office with nothing new MovieNews MovieTVTechGee","0"
"After finishing Justice League best parts were Gal Gadot amp BlackPink playing in Barry s place","0"
"Di CCXP17 Brazil kemarin kabarnya DC Films ngereveal upcoming projects mereka Ada sekuel Wonder Woman Aquaman Batgir","0"
"Chase away your Monday blues with the heart pounding action of JUSTICE LEAGUE now showing in select IMAX 2D prese","0"
"Join our Voxer Restorative Justice League Voxer Group to cont the convo RestorativeJustice RJL","0"
"Latest Coco Justice League repeat box office with nothing new MovieNews MovieTVTechGee","0"
"WhatIWantSantaToBringMe JUSTICE LEAGUE The Zack Snyder Director s Cut","0"
"Justice League was disappointing Batfleck is still meh Flash is too corny CGI villain looked awful Gal Gadot","0"
"Box Office Justice League Hits 600 Million Worldwide 10th Biggest Movie Of 2017","0"
"I m not afraid I m angry Dawn of Justice Justice League Seeking mains SL s Open to crossovers Not new to","0"
"DCEU Box Office Updated Man Of Steel 668M Batman v Superman 873M Suicide Squad 745M Wonder Woman 821M Justice Leag","0"
"Latest Coco Justice League repeat box office with nothing new MovieNews MovieTVTechGee","0"
"Latest Coco Justice League repeat box office with nothing new MovieNews MovieTVTechGee","0"
"Latest Coco Justice League repeat box office with nothing new MovieNews MovieTVTechGee","0"
"Justice League vs The Avengers Batty can really throw dat ass back","0"
"Join our Voxer Restorative Justice League Voxer Group to cont the convo RestorativeJustice RJL","0"
"Ok but I still want to see Justice League","0"
"LI Comic Con Justice League cast members help close 3 day event Nassau Coliseum was filled with","0"
"laborde colored my justice league dark piece Got check out his stuff justiceleague","0"
"Join our Voxer Restorative Justice League Voxer Group to cont the convo RestorativeJustice RJLeagueChat","0"
"I liked a video The Justice League Reunites to Put a Stop to Brainiacs Invasion INJUSTICE 2","0"
"Justice League vs The Avengers Batty can really throw dat ass back","0"
"Di CCXP17 Brazil kemarin kabarnya DC Films ngereveal upcoming projects mereka Ada sekuel Wonder Woman Aquaman","0"
"I liked a video the Flash Justice League cosplay Helmet","0"
"Justice League vs The Avengers Batty can really throw dat ass back","0"
"I still need to see Thor and Justice League","0"
"Justice League 2017","0"
"the flashpoint movie is a TERRIBLE idea holy shit why are they still doing it justice league wasnt even as big as they expec","0"
"watching justice league dark Hey now","0"
"I did not too busy to do much besides work and watch kids I missed JUSTICE LEAGUE for example Wi","0"
"When WB is reaching for you money when justice league comes out on DVD But your not having it because is not the Snyd","0"
"The Justice League","0"
"jr hey how was justice league me it was great did you actually pay attention to anything other than ezra miller and jason","0"
"connection Justice League A Gay XXX Parody Part 2 with amp as Aquaman and The Green Lantern by","0"
"Justice League meets little Justice League","0"
"Jeremy Irons had no trouble speaking against BvS when it was released can he do the same for Justice League Finis","0"
"Latest Coco Justice League repeat box office with nothing new MovieNews MovieTVTechGee","0"
"Haha I can understand ur jealousy especially since your Justice league has barely made some money","0"
"Watching Justice League at Home Sweet Home","0"
"the flashpoint movie is a TERRIBLE idea holy shit why are they still doing it justice league wasnt even as big as they expec","0"
"xxx porn viet nam justice league porn pictures","0"
"Literally waiting to see Justice League until gets home and I m so excited","0"
"Latest Coco Justice League repeat box office with nothing new MovieNews MovieTVTechGee","0"
"I get some really cool swag at conventions This set of Justice League pins was a gift from S","0"
"Justice League vs The Avengers Batty can really throw dat ass back","0"
"Latest Coco Justice League repeat box office with nothing new MovieNews MovieTVTechGee","0"
"Latest Coco Justice League repeat box office with nothing new MovieNews MovieTVTechGee","0"
"Am MFR I agree Just get a great story script and director and do it please I loved","0"
"Justice League vs The Avengers Batty can really throw dat ass back","0"
"Latest Coco Justice League repeat box office with nothing new MovieNews MovieTVTechGee","0"
"JUSTICE LEAGUE WAS EVERYTHING","0"
"Justice league","0"
"When WB is reaching for you money when justice league comes out on DVD But your not having it because is not the Snyd","0"
"Justice League vs The Avengers Batty can really throw dat ass back","0"
"When WB is reaching for you money when justice league comes out on DVD But your not having it because is not the Snyd","0"
"I didn t like Justice League But that doesn t mean I m gonna openly talk shit about it because of kids like this This is","0"
"I liked a video UNBOX AND BUILD LEGO DC COMICS JUSTICE LEAGUE SUPERHEROS BATMAN NIGHT CRAWLER","0"
"ram Joss Whedon s Justice League vs Zack Snyder s Justice league","0"
"i want to watch justice league today and i will","0"
"My very late Justice League review","0"
"Latest Coco Justice League repeat box office with nothing new MovieNews MovieTVTechGee","0"
"Thor dies in the justice league","0"
"B for Justice League","0"
"Saw it with my eyes Warner confirmed on the official DC movie roster Wonder Woman 2 Aquaman Shazam GL Corps","0"
"RT Ivy League Schools Caught Giving Social Justice Propaganda For Students To Harass Parents https","0"
"Justice League vs The Avengers Batty can really throw dat ass back","0"
"the flashpoint movie is a TERRIBLE idea holy shit why are they still doing it justice league wasnt even as big as they expec","0"
"Justice League round 2","0"
"I liked a video This 250 Justice League Batmobile Literally Vapes Up At Noon Live","0"
"Mood con justice league","0"
"When WB is reaching for you money when justice league comes out on DVD But your not having it because is not the Snyd","0"
"Justice League vs The Avengers Batty can really throw dat ass back","0"
"Justice League meets little Justice League","0"
"Am MFR Justice league Dark is probably out and swapped with Nightwing I imagine we c","0"
"Black Green lantern is the coolest justice league member","0"
"My wife looked super hot in Justice League","0"
"My face when someone says Justice League sucked","0"
"Justice League round 2","0"
"JusticeLeague Reaches 600 Million","0"
"Experience the Justice League Red Carpet in Hollywood the Fan Trenches A Battle to get an Autograph or a Selfie","0"
"Justice League A Gay XXX Parody","0"
"Latest Coco Justice League repeat box office with nothing new MovieNews MovieTVTechGee","0"
"I m wearing a Justice League shirt My Son That s Flash and Aquaman and Wonder Woman and Superman and Batman and","0"
"When WB is reaching for you money when justice league comes out on DVD But your not having it because is not the Snyd","0"
"Joker me after the 2nd justice league post credit scene","0"
"So uhhhhhhhh why didn t anyone tell me how freakin hot Aquaman is in the new Justice League","0"
"Happy birthday The Justice League looks so fab with balloons I hope you have a wonderful day filled with","0"
"RT Ivy League Schools Caught Giving Social Justice Propaganda For Students To Harass Parents https","0"
"Latest Coco Justice League repeat box office with nothing new MovieNews MovieTVTechGee","0"
"RT Ivy League Schools Caught Giving Social Justice Propaganda For Students To Harass Parents https","0"
"In the last few years I ve been robbed of Zack Snyder s Justice League and The Amazing Spider Man 3","0"
"i dont hate them i just cant ship diana w men at all they were ok in bvs and significantly less ok in justice league","0"
"RT Ivy League Schools Caught Giving Social Justice Propaganda For Students To Harass Parents https","0"
"me after the 2nd justice league post credit scene","0"
"There s a perversely weird thing about solar LED holiday lighting It s not on the grid which is awesome But it s","0"
"Latest Coco Justice League repeat box office with nothing new MovieNews MovieTVTechGee","0"
"Latest Coco Justice League repeat box office with nothing new MovieNews MovieTVTechGee","0"
"Latest Coco Justice League repeat box office with nothing new MovieNews MovieTVTechGee","0"
"RT Ivy League Schools Caught Giving Social Justice Propaganda For Students To Harass Parents https","0"
"Fucking JUMANJI has a higher rating than Justice League","0"
"the dceu needs to start being patient amp focus on making good solos like WW instead of adapting crazy ass storylines that won","0"
"the flashpoint movie is a TERRIBLE idea holy shit why are they still doing it justice league wasnt even as big as they expec","0"
"Justice League vs The Avengers Batty can really throw dat ass back","0"
"Latest Coco Justice League repeat box office with nothing new MovieNews MovieTVTechGee","0"
"Latest Coco Justice League repeat box office with nothing new MovieNews MovieTVTechGee","0"
"Saw it with my eyes Warner confirmed on the official DC movie roster Wonder Woman 2 Aquaman Shazam GL Corps","0"
"Latest Coco Justice League repeat box office with nothing new MovieNews MovieTVTechGee","0"
"Latest Coco Justice League repeat box office with nothing new MovieNews","0"
"Latest Coco Justice League repeat box office with nothing new MovieNews MovieTVTechGee","0"
"Latest Coco Justice League repeat box office with nothing new MovieNews MovieTVTechGee","0"
"Sounds like this brave young man needs some help from the Justice League","0"
"Justice League vs The Avengers Batty can really throw dat ass back","0"
"Justice League vs The Avengers Batty can really throw dat ass back","0"
"Congrats to everyone that met the Justice League cast today","0"
"Exclusive Preview JUSTICE LEAGUE OF AMERICA 20 by Orlando Petrus Hi Fi amp Cowles comi","0"
"Latest Coco Justice League repeat box office with nothing new MovieNews MovieTVTechGee","0"
"Latest Coco Justice League repeat box office with nothing new MovieNews MovieTVTechGee","0"
"Latest Coco Justice League repeat box office with nothing new MovieNews MovieTVTechGee","0"
"im fez when justice league came out","0"
"Box Office JusticeLeague Finally Tops 600 Million Worldwide via by h","0"
"Justice League vs The Avengers Batty can really throw dat ass back","0"
"Latest Coco Justice League repeat box office with nothing new MovieNews MovieTVTechGee","0"
"Latest Coco Justice League repeat box office with nothing new MovieNews MovieTVTechGee","0"
"JUSTICE LEAGUE RAY FISHER Shares New CYBORG Behind The Scenes Photo","0"
"PSA anyone from the justice league cast can kick my ass","0"
"ICYMI JusticeLeague Sequel Among Films Missing From New DCFilms Slate DCEU DCComics","0"
"Exclusive Preview JUSTICE LEAGUE OF AMERICA 20 by Orlando Petrus Hi Fi amp Cowles comi","0"
"Justice League vs The Avengers Batty can really throw dat ass back","0"
"the flashpoint movie is a TERRIBLE idea holy shit why are they still doing it justice league wasnt even as big as they expec","0"
"Latest Coco Justice League repeat box office with nothing new MovieNews MovieTVTechGee","0"
"Warner Bros is planning a shake up and restructuring of its DC Films operation after JusticeLeague disappointed","0"
"Justice League Officially A Bomb Is Ben Affleck Out As Batman","0"
"Justice League vs The Avengers Batty can really throw dat ass back","0"
"Justice League vs The Avengers Batty can really throw dat ass back","0"
"so the new Justice League movie has a k pop song amp it made my entire weekend as if it s your last by BLACKPINK is a true bop","0"
"Need to watch Justice League ASAP","0"
"ICYMI JUSTICE LEAGUE Sequel Among Films Missing From New DC FILMS Slate","0"
"Latest Coco Justice League repeat box office with nothing new MovieNews MovieTVTechGee","0"
"Y Justice League Dark importante","0"
"JUSTICE LEAGUE Sequel Among Films Missing From New DC FILMS Slate","0"
"Latest Coco Justice League repeat box office with nothing new MovieNews MovieTVTechGee","0"
"Latest Coco Justice League repeat box office with nothing new MovieNews MovieTVTechGee","0"
"Fucking JUMANJI has a higher rating than Justice League","0"
"The Ombudsman Graft Busters face the DOJ Justice Boosters on December 10 2017 at the Olivarez Sports Complex for the eliminat","0"
"Latest Coco Justice League repeat box office with nothing new MovieNews MovieTVTechGee","0"
"Justice League vs Steppenwolf by Jose Luis arts","0"
"Latest Coco Justice League repeat box office with nothing new MovieNews MovieTVTechGee","0"
"The fact that the actors villain stunt doubles extras all say they want Zack s version of Justice League says a lo","0"
"Latest Coco Justice League repeat box office with nothing new MovieNews MovieTVTechGee","0"
"Coco chrisye justice league murder Yha","0"
"Justice League vs The Avengers Batty can really throw dat ass back","0"
"Latest Coco Justice League repeat box office with nothing new MovieNews MovieTVTechGee","0"
"Exclusive Preview JUSTICE LEAGUE OF AMERICA 20 by Orlando Petrus Hi Fi amp Cowles comi","0"
"Justice League vs The Avengers Batty can really throw dat ass back","0"
"Latest Coco Justice League repeat box office with nothing new MovieNews MovieTVTechGee","0"
"I m seeing justice league again today","0"
"Just got out from watching Justice League It was good stuff","0"
"You re absolutely sure they didn t accidentally show Justice League","0"
"Latest Coco Justice League repeat box office with nothing new MovieNews MovieTVTechGee","0"
"Justice League Postmortem Was it Good","0"
"Successful Justice League filled day Round2 Ace Comic Con","0"
"Latest Coco Justice League repeat box office with nothing new MovieNews MovieTVTechGee","0"
"ICYMI JusticeLeague Sequel Among Films Missing From New DCFilms Slate DCEU DCComics","0"
"Avengers Infinity War Come Together this video proves that Justice League s music suits better on the Avengers","0"
"Latest Coco Justice League repeat box office with nothing new MovieNews MovieTVTechGee","0"
"Justice League when I was younger","0"
"But for now Justice League continues to battle on even though they have already lost the war sigh","0"
"If you want this Justice League to come back keep posting asking to make it happen with the hashtag JLReunio","0"
"justice league","0"
"Coco atau Murder on the Orient Express atau Justice League","0"
"Big grats to Justice League As of this weekend it finally outsold Batman amp Robin Gotta make DC and WB proud","0"
"Justice League vs The Avengers Batty can really throw dat ass back","0"
"Justice League vs Steppenwolf by Jose Luis arts","0"
"the dceu needs to start being patient amp focus on making good solos like WW instead of adapting crazy ass storylines that won","0"
"the flashpoint movie is a TERRIBLE idea holy shit why are they still doing it justice league wasnt even as big as they expec","0"
"I added a video to a playlist Justice League Flash Effect Tutorial Film Learnin","0"
"ICYMI JusticeLeague Sequel Among Films Missing From New DCFilms Slate DCEU DCComics","0"
"Justice League vs The Avengers Batty can really throw dat ass back","0"
"VIDEO BLACKPINK As If It s Your Last M V was shown on Justice League Batman Exclusive First Look","0"
"Tried to have a relaxing time watching Justice League the couple who brought 3 crying toddlers into the theatre tho","0"
"The Avengers vs The Justice League via","0"
"Justice League was valid y all tripping lmao","0"
"Justice League s sales are going slow Maybe because the movie we got is forgettable uninspiring an","0"
"Justice League actor Jason Momoa wants to stay away from criticism","0"
"Justice League vs The Avengers Batty can really throw dat ass back","0"
"Justice League was butt notgood","0"
"I DON T CARE WHAT NOBODY SAY JUSTICE LEAGUE WAS FANTASTIC","0"
"ICYMI JUSTICE LEAGUE Sequel Among Films Missing From New DC FILMS Slate","0"
"Check out NEW Funko Mystery Minis Justice League DC 2017 Aquaman Mera","0"
"Justice League vs The Avengers Batty can really throw dat ass back","0"
"This would ha e been good","0"
"After the reception to Justice League should WB reboot or rebuild the DCEU","0"
"The boys see a trailer for the Justice League movie you could do a little plush skit here and de","0"
"Geek Homeworld Episode 77 Justice League Review","0"
"Saw it with my eyes Warner confirmed on the official DC movie roster Wonder Woman 2 Aquaman Shazam GL Corps","0"
"Fucking JUMANJI has a higher rating than Justice League","0"
"Justice League vs The Avengers Batty can really throw dat ass back","0"
"The Ombudsman Graft Busters face the DOJ Justice Boosters on December 10 2017 at the Olivarez Sports Complex for t","0"
"Latest Coco Justice League repeat box office with nothing new MovieNews MovieTVTechGee","0"
"Latest Coco Justice League repeat box office with nothing new MovieNews MovieTVTechGee","0"
"asvines justice league a summary","0"
"Box Office JusticeLeague Treads Behind Disney Pixar s Coco Thor Ragnarok Drops To The Fifth Spot","0"
"Justice League vs The Avengers Batty can really throw dat ass back","0"
"The Justice League","0"
"Warner Bros Doesn t Adjust Film Slate in Response to Justice League","0"
"the flashpoint movie is a TERRIBLE idea holy shit why are they still doing it justice league wasnt even as big as they expec","0"
"I want to crash out but I want to read I want to read but I want to go see Justice League I want to see Justi","0"
"Warner Bros is planning a shake up and restructuring of its DC Films operation after JusticeLeague disappointed","0"
"Latest Coco Justice League repeat box office with nothing new MovieNews MovieTVTechGee","0"
"Geek Homeworld Episode 77 Justice League Review","0"
"Latest Coco Justice League repeat box office with nothing new MovieNews MovieTVTechGee","0"
"JusticeLeague Reaches 600 Million","0"
"Justice League vs The Avengers Batty can really throw dat ass back","0"
"Justice League vs The Avengers Batty can really throw dat ass back","0"
"Me everyday to Geoff Johns apologist out there Every time I hear something new about Justice League cuts","0"
"Latest Coco Justice League repeat box office with nothing new MovieNews MovieTVTechGee","0"
"I hated Justice League here s why","0"
"Latest Coco Justice League repeat box office with nothing new MovieNews MovieTVTechGee","0"
"Latest Coco Justice League repeat box office with nothing new MovieNews MovieTVTechGee","0"
"Latest Coco Justice League repeat box office with nothing new MovieNews MovieTVTechGee","0"
"Latest Coco Justice League repeat box office with nothing new MovieNews MovieTVTechGee","0"
"Box Office Justice League Hits 600 Million Worldwide 10th Biggest Movie Of 2017","0"
"Justice league full of booty chins","0"
"Latest Coco Justice League repeat box office with nothing new MovieNews MovieTVTechGee","0"
"Latest Coco Justice League repeat box office with nothing new MovieNews MovieTVTechGee","0"
"Latest Coco Justice League repeat box office with nothing new MovieNews MovieTVTechGee","0"
"Latest Coco Justice League repeat box office with nothing new MovieNews MovieTVTechGee","0"
"Latest Coco Justice League repeat box office with nothing new MovieNews MovieTVTechGee","0"
"Justice League vs The Avengers Batty can really throw dat ass back","0"
"Justice League vs The Avengers Batty can really throw dat ass back","0"
"Saw it with my eyes Warner confirmed on the official DC movie roster Wonder Woman 2 Aquaman Shazam GL Corps","0"
"Latest Coco Justice League repeat box office with nothing new MovieNews MovieTVTechGee","0"
"I liked a video Family Guy Justice League Compilation","0"
"i saw justice league cyborg said booyah so it was good","0"
"The Disaster Artist had a very strong weekend taking in 6 4 million in relatively limited release","0"
"I m here for Justice League Dark though","0"
"somebody take me to see justice league plz","0"
"There was so much hype for BvS amp it showed in its opening weekend numbers Hype was strong But it all was gone by","0"
"Cyborg Justice League Warm Winter Beanie Hat Cap Cuff Pom DC Comics Ch Xmas","0"
"Latest Coco Justice League repeat box office with nothing new MovieNews MovieTVTechGee","0"
"So dc revealed it s confirmed slate of movies at Brazil Comicon Aquaman WW2 Flashpoint Justice league Dark suprised thi","0"
"Justice League passed more than 600mio now in box office chart incld Domestic amp Foreign I am happy for this as I feel b","0"
"Latest Coco Justice League repeat box office with nothing new MovieNews MovieTVTechGee","0"
"Latest Coco Justice League repeat box office with nothing new MovieNews MovieTVTechGee","0"
"I liked a video This LEAKED Justice League Script is Crazy News Dump","0"
"Justice League vs The Avengers Batty can really throw dat ass back","0"
"Dem justice league","0"
"geoff johns watching wb s cut of justice league for the first time","0"
"Latest Coco Justice League repeat box office with nothing new MovieNews MovieTVTechGee","0"
"I loved the Pet Semetary references in Justice League","0"
"SuperHero Concept Art Cyborg Justice League","0"
"Latest Coco Justice League repeat box office with nothing new MovieNews MovieTVTechGee","0"
"Superman in the new Justice League movie Daddy","0"
"Latest Coco Justice League repeat box office with nothing new MovieNews MovieTVTechGee","0"
"FWIW Saw Justice League tonight and was pretty unimpressed Though it wasn t terrible I can t think of a single M","0"
"Latest Coco Justice League repeat box office with nothing new MovieNews MovieTVTechGee","0"
"Inyo It s a shame that a 2 minute Avengers trailer was better than a 2hr Justice League movie","0"
"So ok Guardians 2 has no problem making Kurt Russell s whole face young but Justice League can t get rid of a musta","0"
"Latest Coco Justice League repeat box office with nothing new MovieNews MovieTVTechGee","0"
"Box Office JusticeLeague Treads Behind Disney Pixar s Coco Thor Ragnarok Drops To The Fifth Spot","0"
"Latest Coco Justice League repeat box office with nothing new MovieNews MovieTVTechGee","0"
"Latest Coco Justice League repeat box office with nothing new MovieNews MovieTVTechGee","0"
"Justice league is the reason why every product needs a good marketinh strategy","0"
"Listen to Ep 01 Indie Marvel DC comic talk and Justice League Review by Heroes Garage np on SoundCloud podernfamily htt","0"
"Justice League 2017","0"
"It s a shame that a 2 minute Avengers trailer was better than a 2hr Justice League movie","0"
"Experience the Justice League Red Carpet in Hollywood the Fan Trenches A Battle to get an Autograph or a Selfie","0"
"Spotlight Podcast Justice League 34 dccomics justiceleague comics comicbooks batman sup","0"
"Justice League vs The Avengers Batty can really throw dat ass back","0"
"Latest Coco Justice League repeat box office with nothing new MovieNews MovieTVTechGee","0"
"Latest Coco Justice League repeat box office with nothing new MovieNews MovieTVTechGee","0"
"Latest Coco Justice League repeat box office with nothing new MovieNews MovieTVTechGee","0"
"Latest Coco Justice League repeat box office with nothing new MovieNews MovieTVTechGee","0"
"VIDEO BLACKPINK As If It s Your Last M V was shown on Justice League Batman Exclusive First Look","0"
"Latest Coco Justice League repeat box office with nothing new MovieNews MovieTVTechGee","0"
"NEWS Actor Ezra Miller The Flash said that he likes BLACKPINK during Justice League V APP Live KIMJ1WON","0"
"Experience the Justice League Red Carpet in Hollywood the Fan Trenches A Battle to get an Autograph or a Selfie","0"
"Confirmed Barry Allen is a Blackpink stan It s canon now At least JusticeLeague gave us this moment","0"
"Justice League Action Good Cop Bat Cop Episode 4","0"
"Latest Coco Justice League repeat box office with nothing new MovieNews MovieTVTechGee","0"
"Fucking JUMANJI has a higher rating than Justice League","0"
"Latest Coco Justice League repeat box office with nothing new MovieNews MovieTVTechGee","0"
"Latest Coco Justice League repeat box office with nothing new MovieNews MovieTVTechGee","0"
"That s me and it s crazy because I love the Justice League and those characters","0"
"Justice League was awesome","0"
"Fucking JUMANJI has a higher rating than Justice League","0"
"Latest Coco Justice League repeat box office with nothing new MovieNews MovieTVTechGee","0"
"Latest Coco Justice League repeat box office with nothing new MovieNews MovieTVTechGee","0"
"Box Office Justice League Hits 600 Million Worldwide 10th Biggest Movie Of 2017","0"
"Justice League passed more than 600mio now in box office chart incld Domestic amp Foreign I am happy for this as I","0"
"Latest Coco Justice League repeat box office with nothing new MovieNews MovieTVTechGee","0"
"Latest Coco Justice League repeat box office with nothing new MovieNews MovieTVTechGee","0"
"Latest Coco Justice League repeat box office with nothing new MovieNews MovieTVTechGee","0"
"Frakes There was a baby in my showing of IT opening night And then in Justice League","0"
"Justice League vs The Avengers Batty can really throw dat ass back","0"
"Justice League vs The Avengers Batty can really throw dat ass back","0"
"Latest Coco Justice League repeat box office with nothing new MovieNews MovieTVTechGee","0"
"the flashpoint movie is a TERRIBLE idea holy shit why are they still doing it justice league wasnt even as big as they expec","0"
"ChristopherM I have a bad feeling about this one I think the performance of Justice League has proven that today","0"
"Latest Coco Justice League repeat box office with nothing new MovieNews MovieTVTechGee","0"
"Experience the Justice League Red Carpet in Hollywood the Fan Trenches A Battle to get an Autograph or a Selfie","0"
"I liked a video Justice League Animated Movie Reunion","0"
"Fucking JUMANJI has a higher rating than Justice League","0"
"Stick with Batman and All Star Batman for sure Those continue to be amazing I liked Wonder Woman too I","0"
"A Gentleman s C review JusticeLeague","0"
"Latest Coco Justice League repeat box office with nothing new MovieNews MovieTVTechGee","0"
"Other DC films mentioned besides Wonder Woman 2 during CCXP17 panel include Suicide Squad 2 Batgirl","0"
"Latest Coco Justice League repeat box office with nothing new MovieNews MovieTVTechGee","0"
"Latest Coco Justice League repeat box office with nothing new MovieNews MovieTVTechGee","0"
"Fucking JUMANJI has a higher rating than Justice League","0"
"i just watched Justice League and As If It s Your Last was playing lool","0"
"Latest Coco Justice League repeat box office with nothing new MovieNews MovieTVTechGee","0"
"Nah but easily the best Justice League thats seen live action","0"
"CYBORG 1 Victor was kept alive by merging flesh with advanced technology Today he is the Justice League co founder ca","0"
"Latest Coco Justice League repeat box office with nothing new MovieNews MovieTVTechGee","0"
"Cyborg is the best in the Justice League","0"
"Latest Coco Justice League repeat box office with nothing new MovieNews MovieTVTechGee","0"
"Latest Coco Justice League repeat box office with nothing new MovieNews MovieTVTechGee","0"
"Dunno how people can say Justice League is better than Batman V Superman It s so much worse","0"
"Latest Coco Justice League repeat box office with nothing new MovieNews MovieTVTechGee","0"
"Check out my spoiler review of Justice League","0"
"Latest Coco Justice League repeat box office with nothing new MovieNews MovieTVTechGee","0"
"Justice League was so good Who knew I would be into all these movies and actually know what s going on lol","0"
"I was so hype for this movie and it did not disappoint Road to 300 3 Justice League HYPED NON SPOILER REVIEW","0"
"Latest Coco Justice League repeat box office with nothing new MovieNews MovieTVTechGee","0"
"the flashpoint movie is a TERRIBLE idea holy shit why are they still doing it justice league wasnt even as big as they expec","0"
"Hes an actor was in hbo show true blood was just in justice league in final post credits scene as deathstroke","0"
"Experience the Justice League Red Carpet in Hollywood the Fan Trenches A Battle to get an Autograph or a Selfie","0"
"Latest Coco Justice League repeat box office with nothing new MovieNews MovieTVTechGee","0"
"ICYMI JusticeLeague Sequel Among Films Missing From New DCFilms Slate DCEU DCComics","0"
"Latest Coco Justice League repeat box office with nothing new MovieNews MovieTVTechGee","0"
"DECEMBER 15 Aquaman Superman GreenLantern Batman","0"
"Latest Coco Justice League repeat box office with nothing new MovieNews MovieTVTechGee","0"
"Latest Coco Justice League repeat box office with nothing new MovieNews MovieTVTechGee","0"
"The Disaster Artist had a very strong weekend taking in 6 4 million in relatively limited release","0"
"Justice League Classic Cinemas 18 for Justice League in Saint Charles IL","0"
"Dear Justice League was decent but it could have been great If the 2 hour time limit mandate is true","0"
"justice league was a great movie and henry cavill n jason mamoa are great men really really great men","0"
"the flashpoint movie is a TERRIBLE idea holy shit why are they still doing it justice league wasnt even as big as they expec","0"
"Latest Coco Justice League repeat box office with nothing new MovieNews MovieTVTechGee","0"
"Latest Coco Justice League repeat box office with nothing new MovieNews MovieTVTechGee","0"
"Latest Coco Justice League repeat box office with nothing new MovieNews MovieTVTechGee","0"
"Justice League vs The Avengers Batty can really throw dat ass back","0"
"Latest Coco Justice League repeat box office with nothing new MovieNews MovieTVTechGee","0"
"Latest Coco Justice League repeat box office with nothing new MovieNews MovieTVTechGee","0"
"Justice League won on film but lost out in the North American box office The latest installment in the Warner Brother s DC","0"
"JUSTICE LEAGUE 9 59M Weekend Est 3 508 Screens 2 735 Avg Weekend 4 42 Change 212 0M Total North America Jus","0"
"Latest Coco Justice League repeat box office with nothing new MovieNews MovieTVTechGee","0"
"Justice League meets little Justice League","0"
"Experience the Justice League Red Carpet in Hollywood the Fan Trenches A Battle to get an Autograph or a Selfie","0"
"Latest Coco Justice League repeat box office with nothing new MovieNews MovieTVTechGee","0"
"Latest Coco Justice League repeat box office with nothing new MovieNews MovieTVTechGee","0"
"Justice League vs The Avengers Batty can really throw dat ass back","0"
"Justice League Officially A Bomb Is Ben Affleck Out As Batman","0"
"Like compare this to Justice League","0"
"JusticeLeague Reaches 600 Million","0"
"Justice League vs The Avengers Batty can really throw dat ass back","0"
"I added a video to a playlist Update Luego De Justice League","0"
"Latest Coco Justice League repeat box office with nothing new MovieNews MovieTVTechGee","0"
"JUSTICE LEAGUE","0"
"Latest Coco Justice League repeat box office with nothing new MovieNews MovieTVTechGee","0"
"Justice League vs The Avengers Batty can really throw dat ass back","0"
"Justice League vs The Avengers Batty can really throw dat ass back","0"
"i just watched justice league barry allen really is my boyfriend","0"
"When WB is reaching for you money when justice league comes out on DVD But your not having it because is not the S","0"
"We worship glory and friendship Join alliance JUSTICE LEAGUE on server S08 UTC 0 and fight with us","0"
"JusticeLeague Reaches 600 Million","0"
"I liked a video Justice League The Worst Movie of 2017","0"
"Latest Coco Justice League repeat box office with nothing new MovieNews MovieTVTechGee","0"
"Justice League vs The Avengers Batty can really throw dat ass back","0"
"passed more than 600mio now in box office chart incld Domestic amp Foreign I am happy for this a","0"
"Latest Coco Justice League repeat box office with nothing new MovieNews MovieTVTechGee","0"
"Latest Coco Justice League repeat box office with nothing new MovieNews MovieTVTechGee","0"
"DC Films title cards shown on screen at CCXP17 Aquaman Flashpoint Justice League Dark Wonder Woman 2 Su","0"
"MENnew Batman Robin and Alfred are up next Don t miss amp in Justice League","0"
"JusticeLeague Reaches 600 Million","0"
"JusticeLeague Reaches 600 Million","0"
"Latest Coco Justice League repeat box office with nothing new MovieNews MovieTVTechGee","0"
"Latest Coco Justice League repeat box office with nothing new MovieNews MovieTVTechGee","0"
"Latest Coco Justice League repeat box office with nothing new MovieNews MovieTVTechGee","0"
"DC film slate showed off at Brazil Comic Con Wonder Woman 2 Aquaman Flashpoint Justice League Dark Suicide Squad 2 Batg","0"
"Latest Coco Justice League repeat box office with nothing new MovieNews MovieTVTechGee","0"
"Latest Coco Justice League repeat box office with nothing new MovieNews MovieTVTechGee","0"
"Latest Coco Justice League repeat box office with nothing new MovieNews MovieTVTechGee","0"
"Latest Coco Justice League repeat box office with nothing new MovieNews MovieTVTechGee","0"
"Superfriends Justice League Mashup Justice League The Super Friends superfriends","0"
"Oh know i am still She looks at his grin and wonders what he is up to I have not found the justice league hero s","0"
"Latest Coco Justice League repeat box office with nothing new MovieNews MovieTVTechGee","0"
"Latest Coco Justice League repeat box office with nothing new MovieNews MovieTVTechGee","0"
"Latest Coco Justice League repeat box office with nothing new MovieNews MovieTVTechGee","0"
"Mann Go see Justice League ppl superman HenryCavill wonderwoman batman aquaman flash cyborg https","0"
"Latest Coco Justice League repeat box office with nothing new MovieNews MovieTVTechGee","0"
"Justice League vs The Avengers Batty can really throw dat ass back","0"
"I get some really cool swag at conventions This set of Justice League pins was a gift from S","0"
"Joss Whedon will step in and direct Justice League","0"
"Experience the Justice League Red Carpet in Hollywood the Fan Trenches A Battle to get an Autograph or a Selfie","0"
"Weekend box office w Coco 1 18 3M for 3 weeks amp Jedi out on Friday it is an extended Disney 1 streak I sus","0"
"In the last few years I ve been robbed of Zack Snyder s Justice League and The Amazing Spider Man 3","0"
"I think the two minute Infinity War trailer is better than the entire Justice League movie","0"
"Justice League was amazinggg","0"
"Justice League vs The Avengers Batty can really throw dat ass back","0"
"I liked a video JUSTICE LEAGUE NINJA KIDZ","0"
"Justice League Failure Leads to DC Movies Shake Up","0"
"Box Office JusticeLeague Finally Tops 600 Million Worldwide via by h","0"
"justice league 2017","0"
"DECEMBER 15 Aquaman Superman GreenLantern Batman","0"
"Justice League vs The Avengers Batty can really throw dat ass back","0"
"If you want this Justice League to come back keep posting asking to make it happen with the hashtag JLReunio","0"
"It s a good sign Meaning things haven t change for this movies they are still coming regardless of","0"
"listen I want my justice league back JLReunion","0"
"SuperHero Concept Art Cyborg Justice League","0"
"Stormtroopers clone troopers and battle droids are easily recognizable Grey armies from Avengers or","0"
"Justice League meets little Justice League","0"
"Justice League vs The Avengers Batty can really throw dat ass back","0"
"I liked a video This LEAKED Justice League Script is Crazy News Dump","0"
"Box Office Justice League Finally Tops 600 Million Worldwide","0"
"justice league 2017","0"
"watched justice league with arcee poor audio quality no subs but i Thoroughly enjoyed it","0"
"Can you two convince WB to put out the ZS cut of Justice League on Blu Ray Thanks","0"
"Justice League vs The Avengers Batty can really throw dat ass back","0"
"Justice League meets little Justice League","0"
"I wanna see Justice League again","0"
"Justice League vs The Avengers Batty can really throw dat ass back","0"
"MENnew Aquaman comes to The Green Lantern s rescue in Justice League A Gay XXX Parody Part 2 featuring and","0"
"JUSTICE LEAGUE movie review theater benaffleck aquaman wonderwoman batman superman","0"
"Fucking fools at managed to make a Justice League movie fail so they wanna try their hand at Justice Le","0"
"ICYMI JusticeLeague Sequel Among Films Missing From New DCFilms Slate DCEU DCComics","0"
"Justice League A Gay XXX Parody","0"
"Box Office JusticeLeague Finally Tops 600 Million Worldwide via by h","0"
"Justice League vs Steppenwolf by Jose Luis arts","0"
"Aquaman YES WW2 YES Flashpoint No way amp they re dumb for trying Suicide Squad 2 I can see why they d do it","0"
"Justice League meets little Justice League","0"
"Critique Justice League de Zack Snyder","0"
"Justice League A Gay XXX Parody","0"
"BvS was a mess but it got better with each viewing Justice League had too","0"
"im fez when justice league came out","0"
"The fact that the WB probably fucked over Justice League is because of the anti nazi elements in it an","0"
"JUSTICE LEAGUE movie review moviereview filmreview movies films opinion critique rating","0"
"I hope Justice League is good","0"
"Justice League vs The Avengers Batty can really throw dat ass back","0"
"MENnew Batman Robin and Alfred are up next Don t miss amp in Justice League","0"
"I get some really cool swag at conventions This set of Justice League pins was a gift from S","0"
"Wouldn t he great that all the superhero actors let this kid know he is loved unite the league of ave","0"
"DC film slate showed off at Brazil Comic Con Wonder Woman 2 Aquaman Flashpoint Justice League Dark Suicide Squad","0"
"Justice League A Gay XXX Parody","0"
"Justice League vs The Avengers Batty can really throw dat ass back","0"
"Experience the Justice League Red Carpet in Hollywood the Fan Trenches A Battle to get an Autograph or a Selfie","0"
"Zack Snyder May Have Originally Wanted To Stay On Justice League comics powered by","0"
"Justice League vs The Avengers Batty can really throw dat ass back","0"
"A New Fan Petition Asks Warner Bros To Release An All Joss Whedon Cut Of JUSTICE LEAGUE Seriously music","0"
"Box Office Justice League Hits 600 Million Worldwide 10th Biggest Movie Of 2017","0"
"Today s giveaway was 60 passes to the movie Justice League We will see you at the movie","0"
"Warner Bros Showcases Justice League amp It VR Games trending powered by","0"
"Justice League A Gay XXX Parody","0"
"Why did the editors for Justice League think the movie title appearing like a flag would look good","0"
"Why Was Justice League Mostly Marketed Without Superman combat Grow your followers wi","0"
"Civil War gt gt gt Justice League","0"
"So dc revealed it s confirmed slate of movies at Brazil Comicon Aquaman WW2 Flashpoint Justice league Dark suprised thi","0"
"Latest Coco Justice League repeat box office with nothing new MovieNews","0"
"Don t look at me I thought BvS was good and that Joss Whedon didn t improve Justice League","0"
"Repost from drearoyan The Justice League","0"
"Saw this before I went in to see Justice League","0"
"Join Actor Connie Nielsen Wonder Woman Justice League in the fight to end family homelessness in San Francisco Compassi","0"
"Spotlight Podcast Justice League 34 dccomics justiceleague comics comicbooks batman sup","0"
"We worship glory and friendship Join alliance JUSTICE LEAGUE on server S02 UTC 0 and fight with us","0"
"Coco Justice League repeat box office with nothing new Movie News MovieTVTechGeeks http","0"
"Justice League vs The Avengers Batty can really throw dat ass back","0"
"Justice League vs The Avengers Batty can really throw dat ass back","0"
"Don t forget about Nightwing Black Adam Gotham City Sirens Man Of Steel 2 Deathstroke Deadshot Justice Le","0"
"I wonder if Warner Bros is having second thoughts on the whole DC universe lineup Just saw Just","0"
"My Justice League mug justiceleague tea","0"
"So justice league was hella enjoyable","0"
"gal gadot Amazing first day at ACE Comic Con So so happy I got to meet so many of you guys yesterday And I Fin","0"
"The Disaster Artist had a very strong weekend taking in 6 4 million in relatively limited release","0"
"Batman v Superman and Man of Steel made more than JL and their BluRay sales exponentially outpace JLs non existent demand","0"
"Justice League","0"
"Bruce you begat upon me a son so beautiful And even as this world was dying you made me the happiest woman in it The J","0"
"Lmao Skip justice league and save that for a day you feeling like wasting","0"
"Justice League vs The Avengers Batty can really throw dat ass back","0"
"JusticeLeague sound editor says he worked on a 3 hour cut of the movie","0"
"1 REQUESTED RT for Justice League LIKE for Avengers","0"
"Aquaman YES WW2 YES Flashpoint No way amp they re dumb for trying Suicide Squad 2 I can see why they d do it","0"
"I get some really cool swag at conventions This set of Justice League pins was a gift from S","0"
"gonna go see justice league in about half an hour","0"
"The Justice League","0"
"BATGIRL AQUAMAN AND JUSTICE LEAGUE DARK OMGGGG","0"
"Warner Bros Confirms DC Film Lineup Including Justice League Dark","0"
"Same Every Xmas I watched his Xmas movie and I literally cry with Jersey Girl every time but now","0"
"Experience the Justice League Red Carpet in Hollywood the Fan Trenches A Battle to get an Autograph or a Selfie","0"
"The comics that you re reading are flips switch on machine a bunch of clinks and clangs oc","0"
"the most unrealistic scene of justice league was the one where the cop protects the muslim family from the white guy","0"
"Spotlight Podcast Justice League 34 dccomics justiceleague comics comicbooks batman sup","0"
"Nerdette When there flms have been smashing the box office the only film to under perform is currently Justice League","0"
"Experience the Justice League Red Carpet in Hollywood the Fan Trenches A Battle to get an Autograph or a Selfie","0"
"Box Office JusticeLeague Treads Behind Disney Pixar s Coco Thor Ragnarok Drops To The Fifth Spot","0"
"Warner Bros Becomes First Major Studio To Cross 2 Billion This Year At Domestic B O Propelled By Wonder Woman It http","0"
"Box Office JusticeLeague Treads Behind Disney Pixar s Coco Thor Ragnarok Drops To The Fifth Spot","0"
"Box Office JusticeLeague Treads Behind Disney Pixar s Coco Thor Ragnarok Drops To The Fifth Spot","0"
"Entonces 2019 Shazam Suicide Squad 2 Wonder Woman 2 2020 Batgirl Flashpoint The Batman 2021 Man o","0"
"My mom wants me to see Justice League with her tomorrow idk if I can handle sitting through that shit","0"
"zkx Batman returns again Justice League A Gay XXX Parody Part 3 and","0"
"the most unrealistic scene of justice league was the one where the cop protects the muslim family from the white guy","0"
"I understand from Justice League that mustaches are very tough to CGI roguedames","0"
"Hope justice league is a good movie","0"
"Holdover Films Chug Away at the Box Office as Last Jedi Looms NYT","0"
"ICYMI JUSTICE LEAGUE Sequel Among Films Missing From New DC FILMS Slate","0"
"Mamba Justice league with the fam","0"
"I hope to see the new titans series connected to the arrowverse Wally And Rose Wilson would be greAt And imagine","0"
"Justice League vs The Avengers Batty can really throw dat ass back","0"
"No justice league 2 cyborg man of steel 2 disappointing","0"
"The Sigrid Justice League version seems appropriate for this as well","0"
"Box Office JusticeLeague Treads Behind Disney Pixar s Coco Thor Ragnarok Drops To The Fifth Spot","0"
"Cumming Soon Green Lantern Fucks Aquaman in Justice League A Gay XXX Parody Part 2 GayPorn","0"
"I liked a video NEW All scenes of The Flash in Justice League and Cameos 1080p Full HD","0"
"Box Office Justice League Hits 600 Million Worldwide 10th Biggest Movie Of 2017","0"
"ICYMI JusticeLeague Sequel Among Films Missing From New DCFilms Slate DCEU DCComics","0"
"Justice League vs The Avengers Batty can really throw dat ass back","0"
"Coco tops box office while Star Wars The Last Jedi looms large JusticeLeague via","0"
"CYBORG 1 Victor was kept alive by merging flesh with advanced technology Today he is the Justice League co founder ca","0"
"with Sofie Lotus the little girl that dressed as WonderWoman in the photoshoot of Justice League Kids ACE","0"
"the cast wants it and so do the fans Give us animated Justice league JLReunion","0"
"Warner Bros Crosses 2 Billion at the Box Office but with Zack Snyder Cut Could It Be 3 Billion Warner Bros has broke","0"
"When that justice league vs avengers movie come out","0"
"so i went to see the justice league movie and i found out the flash is a nerdy teenage boy who likes kpop","0"
"SuperHero Concept Art Cyborg Justice League","0"
"I liked a video DARKSEID CONFIRMED IN SNYDER CUT JUSTICE LEAGUE","0"
"JusticeLeagueAction Episode Review S01E47 Watchtower Tours","0"
"Justice League vs The Avengers Batty can really throw dat ass back","0"
"FIGHT THE FORCES OF EVIL WITH FreeSpins New JusticeLeague Slot out now See it here gt","0"
"ICYMI JusticeLeague Sequel Among Films Missing From New DCFilms Slate DCEU DCComics","0"
"I liked a video JUSTICE LEAGUE Movie Clip Batman Meets Flash 2017 DC Superhero Movie HD","0"
"Range time Remember patriots The isn t worth your time Watch paint dry Or leaves fall from tree There s bett","0"
"the flashpoint movie is a TERRIBLE idea holy shit why are they still doing it justice league wasnt even as big as they expec","0"
"Justice League","0"
"Nothing but respect for MY justice league","0"
"Experience the Justice League Red Carpet in Hollywood the Fan Trenches A Battle to get an Autograph or a Selfie","0"
"I added a video to a playlist Batman amp The Justice League Become Green Lanterns DC Elseworlds In","0"
"Warner Bros is Looking To Change The Future of the DCEU After Justice League","0"
"Experience the Justice League Red Carpet in Hollywood the Fan Trenches A Battle to get an Autograph or a Selfie","0"
"Justice League Cast Panel at the Ace Comic Con Long Island acecomiccon acecomicconli comiccon","0"
"Warner Bros Crosses 2 Billion at the Box Office but with Zack Snyder Cut Could It Be 3 Billion Warner Bros has broke","0"
"Justice League vs The Avengers Batty can really throw dat ass back","0"
"Kiko Btw Justice League was good asf y all need to go see that","0"
"ICYMI JusticeLeague Sequel Among Films Missing From New DCFilms Slate DCEU DCComics","0"
"Nothing but respect for MY justice league","0"
"BATGIRL AQUAMAN AND JUSTICE LEAGUE DARK OMGGGG","0"
"I m now the Duke of Regal Cinemas Edgmont Square 10 on Yelp Seeing Justice League","0"
"Warner Bros Crosses 2 Billion at the Box Office but with Zack Snyder Cut Could It Be 3 Billion Warner Bros","0"
"That s what I had to do for Justice League went to theater day it came out and bought a ticket at 12PM for a 7PM s","0"
"We worship glory and friendship Join alliance JUSTICE LEAGUE on server S02 UTC 0 and fight with us","0"
"ICYMI JusticeLeague Sequel Among Films Missing From New DCFilms Slate DCEU DCComics","0"
"I m ready for the next Justice League already","0"
"ICYMI JusticeLeague Sequel Among Films Missing From New DCFilms Slate DCEU DCComics","0"
"BATGIRL AQUAMAN AND JUSTICE LEAGUE DARK OMGGGG","0"
"Stansfield Snow","0"
"MaryJaneFlicks Justice League is way better high","0"
"RUMOR DC to Release Justice League Extended Cut in Superman Trilogy","0"
"barry allen from the justice league","0"
"Wonder Woman I m a believer We just saw Justice League Reminder You don t have to be Wonder","0"
"went to search for a Hanukkah themed story in the Justice League of America 188 comic by","0"
"BATGIRL AQUAMAN AND JUSTICE LEAGUE DARK OMGGGG","0"
"ICYMI JusticeLeague Sequel Among Films Missing From New DCFilms Slate DCEU DCComics","0"
"ICYMI JusticeLeague Sequel Among Films Missing From New DCFilms Slate DCEU DCComics","0"
"ICYMI JusticeLeague Sequel Among Films Missing From New DCFilms Slate DCEU DCComics","0"
"Justice League vs The Avengers Batty can really throw dat ass back","0"
"Justice League vs The Avengers Batty can really throw dat ass back","0"
"ICYMI JusticeLeague Sequel Among Films Missing From New DCFilms Slate DCEU DCComics","0"
"I liked a video Justice League Action The Goddess Must Be Crazy Episode 20","0"
"Justice League vs The Avengers Batty can really throw dat ass back","0"
"Im home 3 got to leave early so i watched justice league instead 3 was alright i guess lol","0"
"Polyphians sounds like it could have been one of the races that those boxes from the Justice League were entrusted","0"
"I liked a video Avengers Infinity War Vs Justice League Numbers amp Expectations","0"
"Other DC films mentioned besides Wonder Woman 2 during CCXP17 panel include Suicide Squad 2 Batgirl","0"
"Experience the Justice League Red Carpet in Hollywood the Fan Trenches A Battle to get an Autograph or a Selfie","0"
"Justice League vs Steppenwolf by Jose Luis arts","0"
"Team building exercise Justice League Spoilers","0"
"So dc revealed it s confirmed slate of movies at Brazil Comicon Aquaman WW2 Flashpoint Justice league Dark suprised thi","0"
"UNTVNewsRescue RT RT UNTVCup 1st QUARTER The Ombudsman Graft Busters face the DOJ Justice Boosters on December","0"
"Coco Justice League repeat box office with nothing new Movie News MovieTVTechGeeks","0"
"the dceu needs to start being patient amp focus on making good solos like WW instead of adapting crazy ass storylines that won","0"
"the flashpoint movie is a TERRIBLE idea holy shit why are they still doing it justice league wasnt even as big as they expec","0"
"SuperHero Concept Art Cyborg Justice League","0"
"Justice League vs The Avengers Batty can really throw dat ass back","0"
"Justice League vs The Avengers Batty can really throw dat ass back","0"
"I resent the fact that it feels like I HAVE to go see Justice League again instead of WANTING to go see Justice Lea","0"
"Box Office Justice League Finally Tops 600 Million Worldwide via","0"
"Bout to see Justice League for the second time","0"
"Then we have Vulko Well we had considering that WB and Whedon decided to cut his","0"
"Justice league dark would that be zack s JL cut Lol","0"
"It s not great to be spurned by your old teammates but Batman still warns the Justice League about Amazo s antics What did","0"
"Let s start with the women of color that were deleted from the movie to make space for some jokes l","0"
"Justice League Henry Cavill On Seeing Eye To Eye With Joss Whedon On Superman","0"
"krieg Gleason J","0"
"Whedon reshot some bits of the ending to show them all smiling I am fucking disgusted can you spe","0"
"UNTVNewsRescue RT RT UNTVCup 1st QUARTER The Ombudsman Graft Busters face the DOJ Justice Boosters on December 1","0"
"Justice League Dark","0"
"ICYMI JUSTICE LEAGUE Sequel Among Films Missing From New DC FILMS Slate","0"
"YESSS JusticeLeague XXX is officially the 1 Adult movie in the country Watch it HERE","0"
"Justice League vs The Avengers Batty can really throw dat ass back","0"
"WhatIWantSantaToBringMe JUSTICE LEAGUE The Zack Snyder Director s Cut","0"
"Legion Does Justice League XXX An Parody have some better story elements than the real Justice League movie","0"
"Other DC films mentioned besides Wonder Woman 2 during CCXP17 panel include Suicide Squad 2 Batgirl","0"
"Kinda like Batman taking out the rest of the Justice League","0"
"CRIES ill suck it up n go if he wants hes brought it up a few times already so ig im watching justice league","0"
"Justice League was utterly joyless and I couldn t even properly hate watch divorced dad Affleck and Free P","0"
"avengers infinity war talking to the justice league","0"
"Spotlight Podcast Justice League 34 dccomics justiceleague comics comicbooks batman sup","0"
"I m pretty pissed that they didn t market Justice League as a huge event film or treat it like one either Now it feels","0"
"I liked a video Before Justice League Batman v Superman touched my heart","0"
"I added a video to a playlist Justice League 60ish Sec Review Spoiler Free","0"
"DID I MENTION JUSTICE LEAGUE IS V GOOD","0"
"1st QUARTER The Ombudsman Graft Busters face the DOJ Justice Boosters on December 10 2017 at the Olivarez Sports Complex fo","0"
"I didn t like Justice League But that doesn t mean I m gonna openly talk shit about it because of kids like this This is","0"
"Legends of Tomorrow 8 Reasons They re Better Than The Justice League And 7 Why They re Not","0"
"1st QUARTER The Ombudsman Graft Busters face the DOJ Justice Boosters on December 10 2017 at the Olivarez Sports Complex fo","0"
"ICYMI JUSTICE LEAGUE Sequel Among Films Missing From New DC FILMS Slate","0"
"Justice League vs The Avengers Batty can really throw dat ass back","0"
"Justice League vs The Avengers Batty can really throw dat ass back","0"
"CYBORG 1 Victor was kept alive by merging flesh with advanced technology Today he is the Justice League co founder ca","0"
"1st QUARTER The Ombudsman Graft Busters face the DOJ Justice Boosters on December 10 2017 at the Olivarez Sports","0"
"Experience the Justice League Red Carpet in Hollywood the Fan Trenches A Battle to get an Autograph or a Selfie","0"
"Experience the Justice League Red Carpet in Hollywood the Fan Trenches A Battle to get an Autograph or a Selfie","0"
"Morning after fire incident last night at site Me and my supervisors about to enter naka formation pa sudd","0"
"Justice League Review","0"
"Justice League sound editor says he worked on a 3 hour cut of the movie via","0"
"Just watched batman v superman cut and it s just proves to me that cut of justice league would be sooooo much better","0"
"Justice League vs The Avengers Batty can really throw dat ass back","0"
"dad have you seen justice league yet me no dad do you want to me","0"
"I liked a video The Hulk s Weakness is Hilariously Adorable Thor Ragnarok vs Justice League","0"
"The Avengers vs The Justice League via","0"
"JusticeLeague brought superhero filming to UK","0"
"Box Office Justice League Hits 600 Million Worldwide 10th Biggest Movie Of 2017","0"
"I ve been told the Eagles are currently like The Justice League without Superman","0"
"I hate ultimate editions but I ll take Whedon s cut of Justice League over Snyder s any day of the week","0"
"My Latest As long as the NFL has effectively banned Colin Kaepernick from the league for standing against injustice EVERY","0"
"Legends of Tomorrow 8 Reasons They re Better Than The Justice League And 7 Why They re Not","0"
"Justice League 2017 Diana Prince Wonder Woman","0"
"justice league","0"
"avengers o justice league JoelTweetSpree","0"
"Justice League vs Steppenwolf by Jose Luis arts","0"
"Justice league was a pretty good movie","0"
"ICYMI JUSTICE LEAGUE Sequel Among Films Missing From New DC FILMS Slate","0"
"Happy Birthday Izzy Hard to believe she s already Celebrating with The Justice League Great","0"
"ICYMI JUSTICE LEAGUE Sequel Among Films Missing From New DC FILMS Slate","0"
"Justice League vs The Avengers Batty can really throw dat ass back","0"
"Henry Cavill and Ezra Miller are re acting this scene from justice league with the JL kids","0"
"Justice League 2017","0"
"Justice League 2017","0"
"Diana Prince or Wonder Woman From Justice League","0"
"Box Office Justice League Hits 600 Million Worldwide 10th Biggest Movie Of 2017","0"
"Justice League Dark Tower Daddy s home 2 Birth of a dragon JigSaw Thor Jeepers Creepers3 Cars 3 a lot of stuff","0"
"The Justice League","0"
"Experience the Justice League Red Carpet in Hollywood the Fan Trenches A Battle to get an Autograph or a Selfie","0"
"Justice League is the very definition of a meh movie JusticeLeague","0"
"Justice league was sick aff","0"
"I don t know how anybody thought the man responsible for age of ultron would fix justice league btw","0"
"Experience the Justice League Red Carpet in Hollywood the Fan Trenches A Battle to get an Autograph or a Selfie","0"
"the flashpoint movie is a TERRIBLE idea holy shit why are they still doing it justice league wasnt even as big as they expec","0"
"Henry Cavill and Ezra Miller are re acting this scene from justice league with the JL kids","0"
"krieg Gleason","0"
"Justice League vs The Avengers Batty can really throw dat ass back","0"
"justice league sucked","0"
"Is Marvel paying critics to write bad reviews of Justice League Every person I know that has seen it including my","0"
"Justice League Sequel Among Movies Missing From DC Films Slate","0"
"The DCEU s slate includes The updated DCEU slate Aquaman Wonder Woman 2 Suicide Squad 2 Flashpoint Justice league","0"
"JUSTICE LEAGUE 9 59M Weekend Est 3 508 Screens 2 735 Avg Weekend 4 42 Change 212 0M Total North America Jus","0"
"ICYMI JUSTICE LEAGUE Sequel Among Films Missing From New DC FILMS Slate","0"
"I just saw the Justice League movie and I know it has been trashed but I love it and the nod to the Fourth World an","0"
"releasing justice league dark before introducing majority of the members individually is a shit move and it will en","0"
"ICYMI JUSTICE LEAGUE Sequel Among Films Missing From New DC FILMS Slate","0"
"ICYMI JUSTICE LEAGUE Sequel Among Films Missing From New DC FILMS Slate","0"
"Dear we don t believe you You can t say you care about social justice while you ve banned Colin Kaepernick from","0"
"pizza n justice league","0"
"ICYMI JUSTICE LEAGUE Sequel Among Films Missing From New DC FILMS Slate","0"
"We can see justice League together And cuddle And wipe each other s drool","0"
"It s not great to be spurned by your old teammates but Batman still warns the Justice League about Amazo s antics What did","0"
"With 212 million Justice League FINALLY passes the opening week total of Batman V Superman Dawn Of Justice","0"
"This isn t accurate batgirl and justice league dark have already been scr","0"
"Experience the Justice League Red Carpet in Hollywood the Fan Trenches A Battle to get an Autograph or a Selfie","0"
"So dc revealed it s confirmed slate of movies at Brazil Comicon Aquaman WW2 Flashpoint Justice league Dark suprised thi","0"
"Just seen Justice League","0"
"Vi justice league","0"
"MY JUSTICE LEAGUE CONVERSE SHOES JUST GOT DELIVERED","0"
"JusticeLeague brought superhero filming to UK","0"
"JusticeLeague brought superhero filming to UK","0"
"JusticeLeague brought superhero filming to UK","0"
"In the last few years I ve been robbed of Zack Snyder s Justice League and The Amazing Spider Man 3","0"
"SuperHero Concept Art Cyborg Justice League","0"
"Justice League vs The Avengers Batty can really throw dat ass back","0"
"Justice League meets little Justice League","0"
"JusticeLeague brought superhero filming to UK","0"
"Btw Justice League was good asf y all need to go see that","0"
"the flashpoint movie is a TERRIBLE idea holy shit why are they still doing it justice league wasnt even as big as they expec","0"
"with Sofie Lotus the little girl that dressed as WonderWoman in the photoshoot of Justice League Kids","0"
"Henry Cavill and Ezra Miller are re acting this scene from justice league with the JL kids","0"
"I think the problem with Justice League is they released it too soon They should have released more origin stories f","0"
"Justice league with the fam","0"
"Justice league","0"
"Experience the Justice League Red Carpet in Hollywood the Fan Trenches A Battle to get an Autograph or a Selfie","0"
"WhatIWantSantaToBringMe JUSTICE LEAGUE The Zack Snyder Director s Cut","0"
"Justice League vs The Avengers Batty can really throw dat ass back","0"
"ang blackpink nasa justice league WHAT","0"
"The Disaster Artist had a very strong weekend taking in 6 4 million in relatively limited release","0"
"Not a doubt in my mind that if Marvel Studios were in charge of Justice League there would have been a fight scene","0"
"Experience the Justice League Red Carpet in Hollywood the Fan Trenches A Battle to get an Autograph or a Selfie","0"
"Warner Bros Becomes First Major Studio To Cross 2 Billion This Year At Domestic B O Propelled By Wonder Woman It http","0"
"Steppenwolf actor Ciaran Hinds reportedly unhappy with theatrical cut of Justice League https","0"
"Justice League vs The Avengers Batty can really throw dat ass back","0"
"have you seen justice league JoelTweetSpree","0"
"Justice League was lit fam","0"
"Thor was cool Justice League was trash","0"
"Justice League vs The Avengers Batty can really throw dat ass back","0"
"JusticeLeague Surpasses 600 Million Worldwide","0"
"And Justice League","0"
"Experience the Justice League Red Carpet in Hollywood the Fan Trenches A Battle to get an Autograph or a Selfie","0"
"Actually I m more of a Justice league fan","0"
"I liked a video Jason Momoa Aquaman Justice League 2017","0"
"Box Office Coco stays strong with 55 million at international box office","0"
"Pretty sure there were episodes of both Smallville and Justice League Unlimited featuring the Legion","0"
"So I went to buy my niece s birthday gift and I found EVERYTHING from Justice League and only these from Ragnarok ba","0"
"Saw it with my eyes Warner confirmed on the official DC movie roster Wonder Woman 2 Aquaman Shazam GL Corps","0"
"JusticeLeagueAction Episode Review S01E47 Watchtower Tours","0"
"Warner Bros is planning a shake up and restructuring of its DC Films operation after JusticeLeague disappointed","0"
"Justice League is one horrible ass movie smh","0"
"Justice League round 2","0"
"Justice League round 1","0"
"Every Justice League meme is a sad reminder of what happened to the Batman brand since the glory days of the Nolan","0"
"Coco Sweet With 390M Global Scores China Hat Trick Justice League Tops 600M WW International Box Office","0"
"The JUSTICE LEAGUE score was so bland and generic that almost every scene sounds better with music from other movies","0"
"What s your favorite movie right now Mine is Justice League JoelTweetSpree","0"
"All of the GIFs of that scene","0"
"JUSTICE LEAGUE 9 59M Weekend Est 3 508 Screens 2 735 Avg Weekend 4 42 Change 212 0M Total North America Jus","0"
"Spoiler alert Every member of the Justice League s mom is named Martha","0"
"So I went to buy my niece s birthday gift and I found EVERYTHING from Justice League and only these from Ragnarok","0"
"Justice league A thread","0"
"I think the two minute Infinity War trailer is better than the entire Justice League movie","0"
"Xmas media to consume Paul Simon Steve Martin s version of Silver Bells s Christmas Shoes ro","0"
"justice league porn videos virgin girl pics","0"
"SuperHero Concept Art Cyborg Justice League","0"
"Justice League vs The Avengers Batty can really throw dat ass back","0"
"My very late Justice League review","0"
"Justice League Officially A Bomb Is Ben Affleck Out As Batman","0"
"It s just arthouse pretentious crap man Think it s about a struggling writer on a trip to see his","0"
"MENnew Batman Robin and Alfred are up next Don t miss amp in Justice League","0"
"The Justice League","0"
"ram Joss Whedon s Justice League vs Zack Snyder s Justice league","0"
"Justice League Henry Cavill On Seeing Eye To Eye With Joss Whedon On Superman","0"
"Justice League will probably go down as the biggest grossing flop of all time thanks to budget reception a","0"
"Justice League Barry Allen","0"
"Justice League vs The Avengers Batty can really throw dat ass back","0"
"The Justice League","0"
"justice league sex party cove nude","0"
"The JUSTICE LEAGUE score was so bland and generic that almost every scene sounds better with music from other movie","0"
"If you choose to see The Disaster Artist instead of Justice League this weekend you are my fucking friend We are mutual","0"
"Don t understand the hate about Justice League I liked it and thought it was really good Fuck all the DC haters m","0"
"I still have to watch Suicide Squad Wonder Woman and Justice League Also and more importantly I still have to watch Thor 3","0"
"Experience the Justice League Red Carpet in Hollywood the Fan Trenches A Battle to get an Autograph or a Selfie","0"
"i just watched justice league and i want to marry gal gadot","0"
"First Wonder Woman scene in Justice League Gaje says to me She just did the Dez X and killed a guy","0"
"Im actually interested in JUSTICE LEAGUE DARK I d take 3 of those over Batgirl and effing Suicide Squad 2","0"
"Justice League Comic Con Sneak Peek HD","0"
"Justice League vs The Avengers Batty can really throw dat ass back","0"
"I HAVEN T SEEN COCO AVENGERS THOR DUNKIRK OR JUSTICE LEAGUE I M PRESSED","0"
"Justice League vs The Avengers Batty can really throw dat ass back","0"
"Experience the Justice League Red Carpet in Hollywood the Fan Trenches A Battle to get an Autograph or a Selfie","0"
"Justice league","0"
"What Future DC Movies Are Actually Coming Out","0"
"I think the two minute Infinity War trailer is better than the entire Justice League movie","0"
"First Justice League now My Birds Fuck 2017","0"
"Saw Justice League Don t know what everybody else thought but it certainly pulled me in","0"
"It s not great to be spurned by your old teammates but Batman still warns the Justice League about Amazo s antics What did","0"
"Justice League meets little Justice League","0"
"omg i mean Justice League","0"
"I HAVEN T SEEN COCO AVENGERS THOR DUNKIRK OR JUSTICE LEAGUE I M PRESSED","0"
"JusticeLeague Reaches 600 Million","0"
"Justice League vs The Avengers Batty can really throw dat ass back","0"
"Watch the Live JusticeLeague Panel from","0"
"Justice League vs The Avengers Batty can really throw dat ass back","0"
"All the main cast members from Justice League should just have a round table With plenty of chairs","0"
"favorite justice league member JoelTweetSpree","0"
"Other DC films mentioned besides Wonder Woman 2 during CCXP17 panel include Suicide Squad 2 Batgirl","0"
"Justice League bombed because Joss Whedon made a mess out of Sydner s work Plain and simple Even Man of Steel and","0"
"Warner Bros Becomes First Major Studio To Cross 2 Billion This Year At Domestic B O Propelled By Wonder Woman It http","0"
"I still want to see justice league","0"
"Justice League 2017","0"
"Could have done without superman in Justice League","0"
"Starting off with going to see Justice League JusticeLeague","0"
"DC just announced their new movie slate and Justice League 2 was very much not in it Do you think","0"
"Justice League premiere","0"
"Justice League vs The Avengers Batty can really throw dat ass back","0"
"I HAVEN T SEEN COCO AVENGERS THOR DUNKIRK OR JUSTICE LEAGUE I M PRESSED","0"
"I wouldn t use that term They speak of you in the Justice League tower they say that you co","0"
"Just watched Justice league and my ovaries exploded everytime Jason Momoa was on screen","0"
"Justice League of America","0"
"kjh the cam mutual full time emo at her finest loves tsundere and dark jonghyun justice league","0"
"Also if they did go stand alone they can still do justice league but make justice le","0"
"I m at Regal Cinemas Union Square 14 for Justice League in New York NY","0"
"Henry Cavill and Ezra Miller are re acting this scene from justice league with the JL kids","0"
"Still haven t seen Thor or Justice League","0"
"Experience the Justice League Red Carpet in Hollywood the Fan Trenches A Battle to get an Autograph or a Selfie","0"
"JusticeLeague Sequel Among Films Missing From New DCFilms Slate DCEU DCComics","0"
"Justice League vs Steppenwolf by Jose Luis arts","0"
"the flashpoint movie is a TERRIBLE idea holy shit why are they still doing it justice league wasnt even as big as they expec","0"
"1 REQUESTED RT for Justice League LIKE for Avengers","0"
"Justice League vs The Avengers Batty can really throw dat ass back","0"
"Between the Panels DC Comics Needs to Save the Justice League IGN","0"
"Between the Panels DC Comics Needs to Save the Justice League IGN","0"
"Between the Panels DC Comics Needs to Save the Justice League IGN","0"
"Between the Panels DC Comics Needs to Save the Justice League IGN","0"
"Between the Panels DC Comics Needs to Save the Justice League IGN","0"
"Between the Panels DC Comics Needs to Save the Justice League IGN","0"
"Henry Cavill and Ezra Miller are re acting this scene from justice league with the JL kids","0"
"finally watched Justice League","0"
"the flashpoint movie is a TERRIBLE idea holy shit why are they still doing it justice league wasnt even as big as they expec","0"
"Justice league was definitely better the second time I slept through it the first time","0"
"Yes to Aquaman Wonder Woman 2 and Justice League Dark The rest are ok but these are my favorites","0"
"I liked a video KEVIN SMITH REVIEWS JUSTICE LEAGUE","0"
"Justice League vs The Avengers Batty can really throw dat ass back","0"
"i can t believe the justice league movie actually dragged me into the d c universe i was happy being on the edge w flash and cw dc but God","0"
"the flashpoint movie is a TERRIBLE idea holy shit why are they still doing it justice league wasnt even as big as they expec","0"
"Justice League Comic Con Sneak Peek REACTION","0"
"Powerbank Probox 7800 mAh Justice lea","0"
"I could see Justice League at 4 15 or I could remove all my toenails with an ice pick Hmmmm","0"
"Check out my Justice League Jesus awesome design project on","0"
"Box Office Justice League Hits 600 Million Worldwide 10th Biggest Movie Of 2017","0"
"I have been watching the series all day between family stuff Ready for the Last Jedi I stil","0"
"why i love comics Justice League of America 261 Last Stand 1987 written by J M DeMatteis art","0"
"Justice League vs The Avengers Batty can really throw dat ass back","0"
"Coco Sweet With 390M Global Scores China Hat Trick Justice League Tops 600M WW International Box Office","0"
"Justice League vs The Avengers Batty can really throw dat ass back","0"
"DECEMBER 15 Aquaman Superman GreenLantern Batman","0"
"WB Producer Accidentally Predicted Justice League s Production Woes professional Grow","0"
