"According to a poll 98 3 of college basketball fans feel that every Duke loss is like Christmas Thanksgiving and t","0"
"Y all really be out here looking half dead just walking bones but talking about the next smh like go eat a thanks","0"
"if we re talking about setlists this is the one i made on thanksgiving and i think isn t too far off from what","0"
"Pitts Hope everyone had a great Thanksgiving break Time to get back out on the road to find your next great Blue Tigers Excited","0"
"Thanksgiving at the beach yesterday with my mama she s taking the picture that s why she s not in it lol","0"
"phillips Happy Thanksgiving blessedbeyondmeasure","0"
"A WHOLE FUCKING THANKSGIVING MEAL","0"
"college student timeline thanksgiving pure fucking chaos christmas","0"
"The fandom used to feel like a nice family dinner where everyone actually liked each other Now it feels like that awkwar","0"
"HAPPY THANKSGIVING Nation Family","0"
"Is It Christmas But You Looking Like A Whole Thanksgiving Day Lord Have All The Mercy Please","0"
"Yo i know im late on she s gotta have it but why fam walk into thanksgiving with his back out","0"
"gherbos thanksgiving from last year still funny as fuck to me","0"
"ProfoundGratitude Thanksgiving gives you the salvation of God","0"
"Philippians Uncommon Joy and Thanksgiving Part 4 Pastor James Miller Jr via","0"
"g me brining one bag of ice for thanksgiving while everyone else made actual food","0"
"Thanksgiving has passed its getting colder and the sun is setting earlier which means one thing it s time for my favo","0"
"Happy Thanksgiving","0"
"What part of Thanksgiving are you looking forward to","0"
"happy thanksgiving","0"
"my family is damn fake as hell how they eating pancit right now didn t make any for thanksgiving and we always go","0"
"Thanksgiving Sunday Dressed up to get my praise on thanksgiving sunday dressedup praise","0"
"you had all of thanksgiving to do your homework","0"
"Wouldn t be Thanksgiving without a little stuffing filling right up bareback gayporn po","0"
"Oh Give thanks to the Lord for He is Good and His Love endures forever Our Thanksgiving Service is online You","0"
"Thanksgiving Service today God has brought us through the whole year","0"
"Things Just here to say that we hope Will and Joyce and Jonathan are having a very nice Thanksgiving dinner","0"
"I texted my son s family on Thanksgiving you guys make me grateful Next day I saw autocorrect had","0"
"Nothing like stuffing on Thanksgiving Dallas and his two friends are making sure every hole is full in this hot three","0"
"Happy Thanksgiving","0"
"Happy Thanksgiving I m thankful for all my followers and my family today I WANT TO FOLLOW A LOT OF YOU TO SHOW YOU","0"
"According to a poll 98 3 of college basketball fans feel that every Duke loss is like Christmas Thanksgiving and t","0"
"Just had the most fucked up night of my life Think Thanksgiving x10 AND I M SOBER Seriously considering never se","0"
"Favorite Aquarius Thanksgiving moment Convincing everyone to try a new kind of bread which is really just something","0"
"thanksgiving message to y all thank you for making me a meme ily","0"
"you look like a turkey on thanksgiving","0"
"Before and after from an extremely gloomy Thanksgiving day involving a soothing drive through the forest and some heartfelt","0"
"Enter His gates with thanksgiving And His courts with praise Give thanks to Him bless His name For the LORD is good Hi","0"
"schnapp Happy Thanksgiving Grateful for so many things this year I don t know where to begin My family and friends know my list","0"
"For all of you fuckers that say climate change isn t real It s been fucking snowing in south Texas for two days National Gra","0"
"We re celebrating Thanksgiving at Getty House hosting formerly homeless Angelenos for food music and friendship https","0"
"I just realized I ve never been on a date I ve never brought someone home for thanksgiving I ve never had a valentine","0"
"Things Big Thanksgiving mood","0"
"Today my itinerary join me for my annual Thanksgiving a brief stop by at the Arena for Sensation","0"
"Please support us Chorus Vocales Philippines on our Thanksgiving Concert to be held on December 22 2017 Mandal","0"
"you get passed around more than stuffing at a thanksgiving dinner","0"
"You had all of thanksgiving to do your homework","0"
"college student timeline thanksgiving pure fucking chaos christmas","0"
"Appreciation is application for more Thanksgiving","0"
"Happy Thanksgiving from the Team at My Live Map We hope you all have a fun and safe holiday visiting with friends and family","0"
"xxox happy thanksgiving everyone i m thankful for my family friends and ALL OF YOU thank you for your endless support and l","0"
"Every summer break thanksgiving break and Christmas break","0"
"Happy thanksgiving to this woman only","0"
"Addy s 1st thanksgiving thanksgiving2017","0"
"Happy Thanksgiving Everyone amp Stay safe out there travelers God Bless amp Protect all y all","0"
"college student timeline thanksgiving pure fucking chaos christmas","0"
"Anyone else s office feeling too quiet right now Lots of people leaving early for the Thanksgiving rush","0"
"sabrina at macy s thanksgiving day parade talent rehearsals at macy s herald square in nyc","0"
"How bout when the Goo Goo dolls were listed as Classic Rock","0"
"saturdaysatrachels RACHEL DO YOU REMEMBER MY JOKE where does christmas come before thanksgiving","0"
"Most churches having her annual Thanksgiving today","0"
"Welcome to Thanksgiving Service It is going to be an Experience with an impact GetRefined2BRelevant RefinedService HappyThanksgiving","0"
"Guys I baked this extra pie for Thanksgiving and it has been missing ever since Just now found it tonight stuffe","0"
"My grandma passed away a few weeks before Thanksgiving She wanted to stay wanted to see my siblings amp I whole but ran out o","0"
"gherbos thanksgiving from last year still funny as fuck to me","0"
"Hopefully my mom comes to KC for Christmas I don t really wanna spend my vacation out of town I spent nearly my","0"
"Thanksgiving silence your enemies forever Bishop David Oyedepo Thanksgivingservice ANewDawn","0"
"xxox happy thanksgiving everyone i m thankful for my family friends and ALL OF YOU thank you for your endless support and l","0"
"On Thanksgiving Day 2014 Lacy was doing some routine traffic stops and happened to pull Korinne over Korinne tried to","0"
"I liked a video Thanksgiving Livestream","0"
"I liked a video How to ruin Thanksgiving","0"
"I m gonna take you out to eat and stuff you up and I m gonna eat you like a turkey on thanksgiving TresLechesGang","0"
"You gain access to His presence through thanksgiving May everything murmuring and complaining in your life die tonig","0"
"The Thanksgiving menu from my family s restaurant circa 1963","0"
"Can t wait for thanksgiving I just love telling all my family members I still don t know what I m doing with my life","0"
"Can t wait for thanksgiving I just love telling all my family members I still don t know what I m doing with my life","0"
"Before and after from an extremely gloomy Thanksgiving day involving a soothing drive through the forest and some heartfelt","0"
"A Little Top Civil Rights Organizations Urge Media Not to Use Washington NFL Team s R word Name on Thanksgiving Native News Onl","0"
"Can t wait for thanksgiving I just love telling all my family members I still don t know what I m doing with my life","0"
"Can t wait for thanksgiving I just love telling all my family members I still don t know what I m doing with my life","0"
"saturdaysatrachels DO YOU REMEMBER MY JOKE where does christmas come before thanksgiving","0"
"Watch on Periscope Shiloh 2017 Thanksgiving Service 121017","0"
"Ravioli buffet thanksgiving carb conventions","0"
"Thanksgiving multiplies our blessings John 6 11 Bishop David Oyedepo Thanksgivingservice ANewDawn","0"
"That kind of talk has gotten me dis invited to all family gatherings I said a prayer over Thanksgiving some years","0"
"Join us for our Shiloh 2017 thanksgiving services this morning Services times 7am 8 45am amp 10 30am at 506","0"
"Enter His gates with thanksgiving And His courts with praise Give thanks to Him bless His name For the LORD is good Hi","0"
"Thanksgiving perfect blessings Luke 17 15 Bishop David Oyedepo Thanksgivingservice ANewDawn","0"
"nguyen Thankful for YouTube connecting me to all you weird and wonderful people Happy Thanksgiving","0"
"Rotimi Amaechi celebrates 10 years of Supreme court verdict with a Thanksgiving","0"
"We re celebrating Thanksgiving at Getty House hosting formerly homeless Angelenos for food music and friendship https","0"
"EmmaEsme Ruth says working on supernatural has changed her life She went to Kim s for Thanksgiving She loves Rowena the crew etc","0"
"Thanksgiving preserves blessing Mal 2 2 Bishop David Oyedepo Thanksgivingservice ANewDawn","0"
"My Thanksgiving post vs my boyfriend s Thanksgiving post","0"
"Hope everyone is having a great thanksgiving","0"
"Oh Thanksgiving You are but a sweaty hallucination to me now When my partner Lance brought me my phone 2 days o","0"
"Tell me why my family threw a 70 s themed thanksgiving dinner","0"
"May thanksgiving become your way of life in Jesus name Bishop David Oyedepo Thanksgivingservice ANewDawn","0"
"Late post but thanksgiving with the favs","0"
"I awoke this morning with devout thanksgiving for my friends the old and new Ralph Waldo Emerson ALDUBPagAsaAtTiwaLa","0"
"Me walking into the kitchen on Thanksgiving","0"
"When he wants you to stuff him like a Happy Thanksgiving freaks","0"
"Can t Make This Stuff Up Facepalm Planned Parenthood Releases Guide to Dealing With Difficult Pro L","0"
"Gossip girl thanksgiving What an experience","0"
"Me walking into the kitchen on Thanksgiving","0"
"For every creature of God is good and nothing to be refused if it be received with thanksgiving 1 Tim 4 4 MCGIWeekl","0"
"Being a responsible corporate citizen is very important to us as a business Donal Cavanagh","0"
"Me When I Get The First Plate On Thanksgiving","0"
"Annual Thanksgiving service is a time of celebration recognizing the love provision and gift of life from God that we have","0"
"saturdaysatrachels do you remember my joke where does christmas come before thanksgiving","0"
"Shiloh 2017 Thanksgiving Service 121017","0"
"Did you invite a Backhoe to your family s Thanksgiving dinner","0"
"When You Mad Before ThanksGiving Dinner Lil Johnny","0"
"James When Hispanic Girls don t know what to wear for Thanksgiving TeamLeJuan","0"
"Me walking into the kitchen on Thanksgiving","0"
"We took family photos over Thanksgiving and they turned out so cute","0"
"I did watch the great movie Coco during Thanksgiving Break but it really didn t made me cry I lov","0"
"Now that thanksgiving is over with it s official time for","0"
"college student timeline thanksgiving pure fucking chaos christmas","0"
"Me walking into the kitchen on Thanksgiving","0"
"saturdaysatrachels do you remember my joke where does christmas come before thanksgiving","0"
"Welcome to Shiloh thanksgiving service PstDavidIshaya spiritualitysecuresdestinyandeternity","0"
"Her I found even MORE Thanksgiving leftover recipes online isn t that exciting Me starts ejaculating","0"
"Taking the Thanksgiving family football game very seriously","0"
"Me after thanksgiving","0"
"Taking the Thanksgiving family football game very seriously","0"
"Lady Gaga dressed as a condom while singing with RuPaul for a children s Thanksgiving special 2013","0"
"savethanksgiving It s pretty sad that I m over the Christmas commercials already and it s not even Thanksgiving savethanksgiving","0"
"Me walking into the kitchen on Thanksgiving","0"
"Houston VillasBunkerHill Happy Thanksgiving Everyone","0"
"MY DM S ARE FULL IM SO SORRY IM TRYING TO KEEP UP BUT IM LOSING THIS BATTLE IM STILL ANSWERING HAPPY THANKSGIVING D","0"
"Somehow Bier Market was my first stop when I came home on Thanksgiving Eve and tonight it was my last stop before f","0"
"If Someone Complains About Lumpy Gravy Today Remind Them Of Our Deployed Troops Who d Love To Have A Triple Portion Of","0"
"Taking the Thanksgiving family football game very seriously","0"
"As requested 2017 Kindergarten Thanksgiving Cookbook enjoy","0"
"I showed up at my Ex s for Thanksgiving Dinner Check out my new YouTube video","0"
"Fuck all ya ll the veggie stroganoff I made for Thanksgiving was dope","0"
"saturdaysatrachels lets see if you remember my joke where does christmas come before thanksgiving","0"
"MarNigo may close up sa sexy prod ni and sa Thanksgiving Concert Check out","0"
"kn LMAO why is this true tho but I love green bean casserole and thanksgiving so","0"
"Happy Thanksgiving","0"
"Can t Make This Stuff Up Facepalm Planned Parenthood Releases Guide to Dealing With Difficult Pro L","0"
"You alone deserve our thanksgiving Father You alone deserve our worship Jehovah Most","0"
"TY I made dinner for 16 at Thanksgiving not sure if you saw it Food was BEAUTIFUL Everyone happ","0"
"According to a poll 98 3 of college basketball fans feel that every Duke loss is like Christmas Thanksgiving and t","0"
"xxox happy thanksgiving everyone i m thankful for my family friends and ALL OF YOU thank you for your endless support and l","0"
"The week before thanksgiving i fell apart Life went downhill fast as fuck I lost my job was technically homeless","0"
"Could you remind me what happened the Saturday after thanksgiving this year","0"
"We re celebrating Thanksgiving at Getty House hosting formerly homeless Angelenos for food music and friendship https","0"
"Lady Gaga dressed as a condom while singing with RuPaul for a children s Thanksgiving special 2013","0"
"chanbaek in roommate looked like chanyeol brought baekhyun to his family s thanksgiving table","0"
"posting this in honor of thanksgiving","0"
"happy thanksgiving","0"
"My man and I can t get no respect outside of the OR Merry Thanksgiving you filthy animals TheGoodDoctor","0"
"I m John Wayne at the first Thanksgiving Pilgrims Happy Thanksgiving Pilgrims","0"
"Here are my flareon4 challenge 1 4 write ups I should be filling in the rest over the thanksgiving break","0"
"Happy thanksgiving Can t wait to try my first fried turkey","0"
"If Someone Complains About Lumpy Gravy Today Remind Them Of Our Deployed Troops Who d Love To Have A Triple Portion Of","0"
"Can t Make This Stuff Up Facepalm Planned Parenthood Releases Guide to Dealing With Difficult Pro L","0"
"Pre Thanksgiving Feastn Freakn Dinner Dessert DiveIntoDeliciousness creamycombo","0"
"solares Hi I don t know you but week 14 was thanksgiving break so we didn t have to tweet Sorry you wast","0"
"xxox happy thanksgiving everyone i m thankful for my family friends and ALL OF YOU thank you for your endless support and l","0"
"House smells like Thanksgiving again Isa s using frozen bones and drippings from our turkey to make a base for cur","0"
"xxox happy thanksgiving everyone i m thankful for my family friends and ALL OF YOU thank you for your endless support and l","0"
"When did u order it Mine still hasn t arrived and I ordered it on thanksgiving","0"
"When he wants you to stuff him like a Happy Thanksgiving freaks","0"
"Lord we come before Your holy throne with humility and submission We say this is the day that you have made we shall rejoice","0"
"Oh my gosh you re so close to me You just missed him at the Miami Book Fair the weekend before thanksgi","0"
"Amen Blessings Glory Power Might Honour Wisdom amp Thanksgiving Belong To YHWH Forever amp","0"
"Please RT interiordesign decoration architecture home My Thanksgiving Detour amp Fried Turkey","0"
"Trump touts leadership during military call Clown in Chief","0"
"Have you gotten it yet I ordered mine on thanksgiving and I still don t have it","0"
"I liked a video Donald Trump pardons Drumstick his first Thanksgiving turkey","0"
"Read about how my family celebrated Thanksgiving in rural Arkansas at the end of WW2","0"
"Being a responsible corporate citizen is very important to us as a business Donal Cavanagh","0"
"Colossians 2 7 TLB Let your roots grow down into him and draw up nourishment from him See that you go on growing in the Lo","0"
"Dommes like her are what give us a bad rep and I can t fucking stand it Almost as bad as t","0"
"Photographers want to be featured in a national TV commercial fineartamerica","0"
"According to a poll 98 3 of college basketball fans feel that every Duke loss is like Christmas Thanksgiving and t","0"
"Happy Thanksgiving","0"
"Now that thanksgiving is over with it s official time for","0"
"When he wants you to stuff him like a Happy Thanksgiving freaks","0"
"The two turkeys Drumstick and Wishbone participating in this year s National Thanksgiving Turkey Pardoning Ceremony have","0"
"Thanksgiving Always have an attitude of gratitude Happy Thanksgiving everyone Enjoy your food football family amp friends","0"
"HAPPY THANKSGIVING","0"
"We wish you all a blessed safe and HAPPY THANKSGIVING Americans have a lot to be thankful for this year WATCH","0"
"TIPS TO SURVIVE A WHITE FAMILY THANKSGIVING","0"
"Unique McCoy Ceramic Pitcher olive green Turkey Motif Thanksgiving or Etsy MccoyPottery","0"
"Happy Thanksgiving to all American friends and guests of Memory Lane Campground and RV Park May your turkey be tender a","0"
"lk BLOOD AND SAND is SO great I finished it over Thanksgiving","0"
"Styles Probably not on thanksgiving Have a good dayyyyyy","0"
"It s our Annual Thanksgiving Celebration today with our Man of God Pst Preston Idoro today by 9am P","0"
"Happy Thanksgiving everyone","0"
"From the Obama family to yours we wish you a Happy Thanksgiving full of joy and gratitude","0"
"For all of you fuckers that say climate change isn t real It s been fucking snowing in south Texas for two days National Gra","0"
"You had all of thanksgiving to do your homework","0"
"Do not be anxious about anything but in everything by prayer and petition with thanksgiving present your requests to","0"
"HOUR OF VISITATION Second session by God s servant Bishop David Abioye Topic The Force of Thanksgiving and Praise a","0"
"Countenance changes with thanksgiving and praise Bishop David Abioye Shiloh2017 ANewDawn","0"
"Thanksgiving is not just what you do when you are awake it s something that you do even while sleeping Bishop Davi","0"
"Please RT recipes food cooking delicious cook recipe Thanksgiving Stuffed Mushrooms","0"
"Hey guys my friends uncle has been missing since thanksgiving please help retweet it to share around He s from Houston an","0"
"Happy Thanksgiving HappyThankgiving Thanksgiving WhiteFamiliesAreMagic WhiteBeauty ThankWhitePeople Thanksgivin","0"
"It s Thanksgiving day A garment of gratitude will increase your altitude and improve your attitude any day","0"
"I ve seen my brother in law put ketchup on a flesh slice of Thanksgiving turkey breast","0"
"Media of thanksgiving and praise 1 Clapping of our hands 2 Shouting 3 Our testimonies Ps 92 1 2 4 Singing 5","0"
"Adams Christmas music is for real a genre we play between Thanksgiving and New Years Day then we abandon again until the next yea","0"
"What is Thanksgiving 1 Acknowledgement of God s act or God s works in our lives Mal 2 2 2 Appreciation in anticip","0"
"76 Turkey is for Thanksgiving","0"
"Now that thanksgiving is over with it s official time for","0"
"Join us for our Shiloh 2017 thanksgiving services this morning Services times 7am 8 45am amp 10 30am","0"
"Praise is not just what we do it is how we live Thanksgiving is not just what we do but an attitude that we express","0"
"You alone deserve our thanksgiving Father You alone deserve our worship Jehovah Most","0"
"OOOOOO OMG ITS SO BEAUTIFUL TY SO MUCH but btw that was the Thanksgiving session but its ok though","0"
"Mi Preparo con Voi THANKSGIVING DAY","0"
"xxox happy thanksgiving everyone i m thankful for my family friends and ALL OF YOU thank you for your endless support and l","0"
"this happened to me during thanksgiving dinner when my cousin asked me and i told her i wanna die","0"
"xxox happy thanksgiving everyone i m thankful for my family friends and ALL OF YOU thank you for your endless support and l","0"
"thanksgiving next week IglesiaNiCristo","0"
"If your Puerto Rican like me then u already know what time it is Pasteles amp Coquito for Thanksgiving and Navidad","0"
"This thanksgiving I m thankful to Christopher Columbus for being a shitty navigator and finding America insteas of Indi","0"
"remember that time you FORCED YOURSELF to stay up til 5a doing hair the day before your thanksgiving flight dont d","0"
"college student timeline thanksgiving pure fucking chaos christmas","0"
"xxox happy thanksgiving everyone i m thankful for my family friends and ALL OF YOU thank you for your endless support and l","0"
"One of my freshman PE students Louisville Male was diagnosed with Hodgkin s Lymphoma over Thanksgiving These wristbands","0"
"college student timeline thanksgiving pure fucking chaos christmas","0"
"On Thanksgiving Day 2014 Lacy was doing some routine traffic stops and happened to pull Korinne over Korinne tried to","0"
"Trust POTUS for ruining turducken for me It isn t every year that you celebrate Thanksgiving while working a","0"
"Do not be anxious about anything but in everything by prayer and petition with thanksgiving present your requests to","0"
"The fandom used to feel like a nice family dinner where everyone actually liked each other Now it feels like that awkwar","0"
"now that thanksgiving is over","0"
"xxox happy thanksgiving everyone i m thankful for my family friends and ALL OF YOU thank you for your endless support and l","0"
"On Thanksgiving Day 2014 Lacy was doing some routine traffic stops and happened to pull Korinne over Korinne tried to","0"
"When is thanksgiving service today please","0"
"lynn7 on Thanksgiving","0"
"Feldman Prayers of victory and Thanksgiving","0"
"As requested 2017 Kindergarten Thanksgiving Cookbook enjoy","0"
"That s where we are celebrating them buying Ankara for Thanksgiving engaging over 30 lawyers for case","0"
"Mom The little kids and cousins are eating first for thanksgiving tomorrow Me","0"
"Happy thanksgiving This is one of about 20 I will post today Hope y all are having a great day thanks to the","0"
"su25 fried chicken Mac amp cheese cabbage amp corn bread I start thinking it s thanksgiving","0"
"Girl You are not a SNACC you re the whole damn thanksgiving meal and don t let anyone tell you otherwise","0"
"I just realized I ve never been on a date I ve never brought someone home for thanksgiving I ve never had a valentine","0"
"You alone deserve our thanksgiving Father You alone deserve our worship Jehovah Most","0"
"My Thanksgiving vacation","0"
"Do not be anxious about anything but in everything by prayer and petition with thanksgiving present your request","0"
"college student timeline thanksgiving pure fucking chaos christmas","0"
"well I ll donate to the one you posted and keep searching I m in tears rememberi","0"
"We wish you safe travels on Thanksgiving Have a wonder holiday","0"
"The two stages of cooking for Thanksgiving at the Herring homestead in pictures","0"
"Here are my flareon4 challenge 1 4 write ups I should be filling in the rest over the thanksgiving break","0"
"Omg I work at a liquor store again and it was crazier than thanksgiving like seriously I see you every day don t try and play","0"
"wow deeper amp deeper I m concerned about Woolsey He s been to the dance with Mueller then had a meal with donTheCon","0"
"Happy Thanksgiving everybody","0"
"cops are just normal people like you and me choke a deer on thanksgiving and draw a gun on it thats just thursday for","0"
"decided to pick a random house again to make me a thanksgiving plate some people are really rude man","0"
"Football game played in the future to get him picked out on his way home from Thanksgiving","0"
"matt n i literally spent half an hour on thanksgiving trying to get a cork out with no bottle opener i agree","0"
"Otter A lil sketch turns out it s way harder to walk by the time your belly starts beating the ground each time you take a step","0"
"You gain access to His presence through thanksgiving May everything murmuring and complaining in your life die tonig","0"
"Idc about the date but I ll show up for thanksgiving tho","0"
"NBA on Christmas gt NFL on thanksgiving","0"
"his thanksgiving one is my fave","0"
"Thanksgiving break messed up my studying groove I have no right feeling like I m on vacation when my finals are only a few days away","0"
"According to a poll 98 3 of college basketball fans feel that every Duke loss is like Christmas Thanksgiving and t","0"
"is the thanksgiving day parade canon are we to believe that garfield would allow himself to float around and be yanked around wi","0"
"Goodnight Family And Friends Pray You Had A Great Thanksgiving","0"
"Styles Happy Thanksgiving to everyone celebrating today All the love","0"
"As requested 2017 Kindergarten Thanksgiving Cookbook enjoy","0"
"Lmfao all black people at their white significant others house on thanksgiving","0"
"You get a whole month for winter break That s not fair Me We only got Thursday for Thanksgiving And we","0"
"Otter A lil sketch turns out it s way harder to walk by the time your belly starts beating the ground each time you take a step","0"
"Thanksgiving 2017 with my 2nd family","0"
"Taking the Thanksgiving family football game very seriously","0"
"This HotOnes episode from w amp is one of the most entertaining in a long","0"
"Happy Thanksgiving errrbody","0"
"Rohrabacher tweeted about Hungary out of the blue on Thanksgiving Day of all days Notorious Dutc","0"
"i was worried for thanksgiving bc we were spending it w our landlord s family amp her niece is rly int","0"
"Taking the Thanksgiving family football game very seriously","0"
"Haven t had a drop of alcohol since Thanksgiving","0"
"HAPPY THANKSGIVING TO ALL EAT GOOD PARTY HARD LOL ENJOY YOUR FAMILY amp FRIENDS PRICELESS BE BLESSED","0"
"Here are my flareon4 challenge 1 4 write ups I should be filling in the rest over the thanksgiving break","0"
"MESSAGE 2 ALL HATERS no i didn t quit making smoke trick vids my mom just took away my vape cause i was using it at th","0"
"it got to the point where he didn t even care about me or how i was feeling literally on thanksgiving he was waiti","0"
"I just realized I ve never been on a date I ve never brought someone home for thanksgiving I ve never had a valentine","0"
"me now that thanksgiving is over","0"
"Family Thanksgiving A time for my aunts and cousins to announce they re having another hellion tistheseason","0"
"I added a video to a playlist Pepper s Thanksgiving","0"
"I liked a video Pepper s Thanksgiving","0"
"NBA Christmas gt NFL Thanksgiving You crazy If you think otherwise","0"
"Happy thanksgiving","0"
"Happy thanksgiving","0"
"According to a poll 98 3 of college basketball fans feel that every Duke loss is like Christmas Thanksgiving and t","0"
"Happy thanksgiving to this woman only","0"
"Hey guys my friends uncle has been missing since thanksgiving please help retweet it to share around He s from Houston an","0"
"For Thanksgiving I m posting this pmv to show how thankful I am that all these beautiful porn stars and starlets put","0"
"Stout","0"
"Never forget that Charlie Brown had Franklin sitting alone on his own side of the table for Thanksgiving","0"
"Thanksgiving 1994 down in Cuero at the cousins Cuero Texas","0"
"Now that thanksgiving is over with it s official time for","0"
"Eliza back around Thanksgiving but it isn t something we ve told the world yet so no Did Did","0"
"xxox happy thanksgiving everyone i m thankful for my family friends and ALL OF YOU thank you for your endless support and l","0"
"THANKSGIVING","0"
"Texas and Texas Tech should have an annual Thanksgiving game","0"
"Dear I tried to send you the note attached through your website but the 2000 character limit didn t let me","0"
"Just realized I forgot to share my why aren t you married story from thanksgiving with the fam 1 2","0"
"Happy Thanksgiving","0"
"Happy Second Thanksgiving everyone","0"
"For Thanksgiving I m posting this pmv to show how thankful I am that all these beautiful porn starlets put their sel","0"
"On Thanksgiving Day 2014 Lacy was doing some routine traffic stops and happened to pull Korinne over Korinne tried to","0"
"Wishing you all a warm cozy Thanksgiving And lots and lots of pie","0"
"Now that thanksgiving is over with it s official time for","0"
"According to a poll 98 3 of college basketball fans feel that every Duke loss is like Christmas Thanksgiving and t","0"
"As requested 2017 Kindergarten Thanksgiving Cookbook enjoy","0"
"I liked a video Thanksgiving Day VLOG Movies Home Decor Tour Family amp FOOD","0"
"MESSAGE 2 ALL HATERS no i didn t quit making smoke trick vids my mom just took away my vape cause i was using it at th","0"
"The Delirious Thanksgiving Insanity Sale Runs through Midnight tomorrow night Don t be left out on these great deals","0"
"Here are my flareon4 challenge 1 4 write ups I should be filling in the rest over the thanksgiving break","0"
"My post Thanksgiving workout is me walking upstairs to change from jeans to yoga pants","0"
"This is just the best time of year for you isn t it Thanksgiving two weeks ago TXHSFB playoffs in the st","0"
"Christmas Thanksgiving Birthdays Celebrations All the times my family and friends are together with goodfood m","0"
"Me with pneumomia cooks entire Thanksgiving dinner Husband with the sniffles finds just enough strength to get out","0"
"Thanksgiving","0"
"I know I m late on it but here s the thread on thanksgiving this is for educational purposes only","0"
"Happy Thanksgiving even though today was 93 F in LA and it made no sense whatsoever I m writing a letter to Mothe","0"
"For Today s service our church is having Family Thanksgiving redeeming of firstborns prayer for each family Iyo ni kutoka church 5","0"
"Happy Thanksgiving Enjoy your day with the people who matter the most to you","0"
"According to a poll 98 3 of college basketball fans feel that every Duke loss is like Christmas Thanksgiving and t","0"
"Made it to thanksgiving maybe we can make it to Christmas","0"
"Bob s Burgers has the best Thanksgiving episodes never me","0"
"It s Thanksgiving","0"
"Practice waking up each day with an expectation of good with a wonderful feeling of thanksgiving for life itself","0"
"Thanksgiving is soon so you know what that means","0"
"i got my apple watch on Thanksgiving and it s already cracked","0"
"I just realized I ve never been on a date I ve never brought someone home for thanksgiving I ve never had a vale","0"
"38 Festive Vegan Thanksgiving Recipes","0"
"Thanksgiving a sensitive time for me cuz growing up ppl said I look like a yam","0"
"golden when u finally get to sit at the grown up table on Thanksgiving and you re introduced to a whole new gossip","0"
"Once we lost on thanksgiving this was exactly my approach Season been dull anyways","0"
"Sunday A day of reverence of rememberence of thanksgiving acknowledgement Most importantly","0"
"RT","0"
"tv Happy Thanksgiving Visit me at for dessert","0"
"Hey guys my friends uncle has been missing since thanksgiving please help retweet it to share around He s from Houston an","0"
"Thanksgiving evening late small kitten showed up on doorstep Couldn t turn him away He s now li","0"
"Happy Thanksgiving","0"
"After Thanksgiving I want to shoot some content for my website Who should I shoot with LA or Las Vegas location amp","0"
"Hey guys my friends uncle has been missing since thanksgiving please help retweet it to share around He s from Houston an","0"
"According to a poll 98 3 of college basketball fans feel that every Duke loss is like Christmas Thanksgiving and t","0"
"And how do you participate in 2 parades at once With blow up Shelldon of course Big Shell at the Palm Coast Holiday","0"
"happy thanksgiving to the people i should thank the most","0"
"Here are my flareon4 challenge 1 4 write ups I should be filling in the rest over the thanksgiving break","0"
"Blessed IfeanyiChukwu Akabobogu Thanksgiving Time Latest 2017 Nigerian Gospel Music","0"
"CyVe F Before and adyer thanksgiving","0"
"Blessed IfeanyiChukwu Akabobogu Thanksgiving Time Latest 2017 Nigerian Gospel Music","0"
"Please RT interiordesign decoration architecture home My Thanksgiving Detour amp Fried Turkey","0"
"I hope you had a wonderful and blessed Thanksgiving with your family Thank you for every tweet like amp retweet I ve gotten from you","0"
"Nola really has all 3 of her niggas at thanksgiving dinner dancing with each other happy as ever I am really dead","0"
"Bob s Burgers has the best Thanksgiving episodes never me","0"
"On Thanksgiving Day 2014 Lacy was doing some routine traffic stops and happened to pull Korinne over Korinne tried to","0"
"From the Ball fam to yours Happy Thanksgiving","0"
"9 DURING THANKSGIVING BREAK AND I MESSED AROUND WITHA DISPOSABLE CAMERA AND HERE ARE SOME OF THE BEST RESULTS PT","0"
"Help friends amp family have a healthier Thanksgiving this year by revamping your buffet table","0"
"Thrilling fantasy adventures in the world of Nardva l my sole authored books are currently available for 99c US each","0"
"happy thanksgiving","0"
"Happy Thanksgiving","0"
"I m missing my boo so these are from thanksgiving one sober the other not so much","0"
"I went to that thanksgiving memorial mass As we gathered under a canopy made of freshly cut palm fronds a rebel","0"
"Thanksgiving amp Gratitude ClickToCliqueWithNadine","0"
"PH Where would you rather be this Sunday Join us for a wonderful time in God s presence as we celebrate the One who is King of th","0"
"TEACHER SHOW WOOOO ALL THE INFO IS IN THE PICTURE Also Like If you haven t seen Nuclear Thanksgiving Check her out","0"
"Here are my flareon4 challenge 1 4 write ups I should be filling in the rest over the thanksgiving break","0"
"stoner thanksgiving","0"
"foursquare church thanksgiving","0"
"Be anxious for nothing but in everything by prayer and supplication with thanksgiving let your requests be made","0"
"Now that Thanksgiving is over","0"
"just found out that em bright traps and makes sure her fam celebrates her december 9th bday on thanksgiving so she","0"
"This is the kinda hotbox I need before Thanksgiving Dinner","0"
"Have you ever been so drunk you become a pilgrim on thanksgiving Because I am Jordan Bairos","0"
"xxox happy thanksgiving everyone i m thankful for my family friends and ALL OF YOU thank you for your endless support and l","0"
"Go easy on leftists The period between Thanksgiving amp Christmas is HARD for them because it encompasses everything they","0"
"TBT to last Thanksgiving","0"
"Please RT interiordesign decoration architecture home My Thanksgiving Detour amp Fried Turkey","0"
"xxox happy thanksgiving everyone i m thankful for my family friends and ALL OF YOU thank you for your endless support and l","0"
"xxox happy thanksgiving everyone i m thankful for my family friends and ALL OF YOU thank you for your endless support and l","0"
"How can we trust her She lied on air saying that her Thanksgiving was great but her turkey was still a lit","0"
"On Thanksgiving Day 2014 Lacy was doing some routine traffic stops and happened to pull Korinne over Korinne tried to","0"
"imagine that would make for an awkward Thanksgiving as well","0"
"I ve got it pegged as more of a Thanksgiving movie I d say The Big Short is more the Christmas movie","0"
"Happy thanksgiving","0"
"I swear like i seriously haven t been studying because I m thinking if i fail my exams I ll still pass the clas","0"
"Here are my flareon4 challenge 1 4 write ups I should be filling in the rest over the thanksgiving break","0"
"GiantsPride on Thanksgiving night in ONE HOUR","0"
"Hope you have a safe and Happy Thanksgiving","0"
"According to a poll 98 3 of college basketball fans feel that every Duke loss is like Christmas Thanksgiving and t","0"
"I ve never had to do all this till the week after thanksgiving","0"
"golden when u finally get to sit at the grown up table on Thanksgiving and you re introduced to a whole new gossip","0"
"you get passed around more than stuffing at a thanksgiving dinner","0"
"Please RT interiordesign decoration architecture home My Thanksgiving Detour amp Fried Turkey","0"
"Happy Thanksgiving via","0"
"xxox happy thanksgiving everyone i m thankful for my family friends and ALL OF YOU thank you for your endless support and l","0"
"Yesterday and today s early snowfall was such a delight This year since Thanksgiving has truly felt like Christmas yearofthanks day338","0"
"Please RT interiordesign decoration architecture home My Thanksgiving Detour amp Fried Turkey","0"
"Happy Thanksgiving time to start making the stuffing and the salad","0"
"On Thanksgiving Day 2014 Lacy was doing some routine traffic stops and happened to pull Korinne over Korinne tried to","0"
"Two case studies help illustrate the impact of opening early on Thanksgiving Day for holiday retail foot traffic","0"
"golden when u finally get to sit at the grown up table on Thanksgiving and you re introduced to a whole new gossip","0"
"Tomorrow all of our apps will be marked down to 99 Happy Thanksgiving everyone","0"
"According to a poll 98 3 of college basketball fans feel that every Duke loss is like Christmas Thanksgiving and t","0"
"riley Is that worse than Casey missing thanksgiving","0"
"As soon as I read that thanksgiving backshot air tweet my life went to shambles","0"
"costell Happy belated Halloween Thanksgiving black Fridays early Christmas new ye","0"
"xxox happy thanksgiving everyone i m thankful for my family friends and ALL OF YOU thank you for your endless support and l","0"
"We wholeheartedly invite you to attend our weekly Thanksgiving of God s People celebration December 10 2017 Sunday Th","0"
"Styles Happy Thanksgiving everyone Hope you re having a lovely one H","0"
"Me walking into the kitchen on Thanksgiving","0"
"Like the week of thanksgiving lol","0"
"anter Twitter I need you to do your thing My dog Chase ran away on Thanksgiving in NC specifically the Elkin Traphill area","0"
"a twist on holiday classic from my sista try these Thanksgiving Samosas from GuysRanchKitchen","0"
"Here are my flareon4 challenge 1 4 write ups I should be filling in the rest over the thanksgiving break","0"
"Hey guys my friends uncle has been missing since thanksgiving please help retweet it to share around He s from Houston an","0"
"This dude on my cousin at Thanksgiving dinner now","0"
"Please RT interiordesign decoration architecture home My Thanksgiving Detour amp Fried Turkey","0"
"Read about how my family celebrated Thanksgiving in rural Arkansas at the end of WW2 ASMSG IART","0"
"This is the kind of stupid joke someones drunk racist uncle makes at thanksgiving","0"
"HAPPY THANKSGIVING","0"
"The expression of a grateful heart Pepper them gang Sunday Worship Thanksgiving Joy Grateful","0"
"We re well past Thanksgiving but I wanted their smiling faces on my feed I miss our TimeTeam","0"
"i was banned from taking any home at thanksgiving by the family bc i had a mini mountain of my aunt s homemade m","0"
"On Thanksgiving Day 2014 Lacy was doing some routine traffic stops and happened to pull Korinne over Korinne tried to","0"
"My thanksgiving with michael","0"
"I CANT BREATHE THIS VIDEO MAKES ME WEEP ME WHEN I WAS LIKE 11 ON THANKSGIVING","0"
"Love that city Feel the same way Was Thanksgiving 2007 for me","0"
"My brother just told me not to worry about getting him a Christmas present because having me home for thanksgiving","0"
"Thanksgiving I have so much to be grateful for","0"
"According to a poll 98 3 of college basketball fans feel that every Duke loss is like Christmas Thanksgiving and t","0"
"concept a restaurant that serves different variations of thanksgiving dinners so we don t need some fake ass holiday to eat Good","0"
"a very gaga thanksgiving foi vergonhoso","0"
"what s our culture thanksgiving dont fucking me","0"
"Now that Thanksgiving is over","0"
"Olsen BE healed in Jesus name The Panhers cnt be w o you has a Bone Nutr","0"
"ok so thanksgiving is over and it s time to workout n get in shape again so i can sell my soul to christmas food","0"
"Christmas Thanksgiving Birthdays Celebrations All the times my family and friends are together with goodfood m","0"
"On Thanksgiving Day 2014 Lacy was doing some routine traffic stops and happened to pull Korinne over Korinne tried to","0"
"Feeling unhealthy post Thanksgiving feast Here are 5 quick workout videos by Black women who are snatched and kill","0"
"Hoping you ll love this Catfish Makeup Tutorial Thanksgiving Edition","0"
"I know my body is spiteful because I told my sister at Thanksgiving about how I almost never have periods on Depo","0"
"According to a poll 98 3 of college basketball fans feel that every Duke loss is like Christmas Thanksgiving and t","0"
"Enter His gates with thanksgiving And His courts with praise Give thanks to Him bless His name For the LORD is good Hi","0"
"Large Retro CORNUCOPIA Shape Mold Thanksgiving Anodized AmazingFunVintage RetroKitschMcm","0"
"Right There was a police chase on my street the day before thanksgiving now this I wonder if they re related","0"
"According to a poll 98 3 of college basketball fans feel that every Duke loss is like Christmas Thanksgiving and t","0"
"Now that thanksgiving is over with it s official time for","0"
"Starbucks is the fucking worst they don t give a shit about their partners I worked at one of t","0"
"Kindly share with us your message of thanksgiving via the WhatsApp number 0277606070 and let the whole world know how","0"
"Kindly share with us your message of thanksgiving via the WhatsApp number 0277606070 and let the whole world know how","0"
"Kindly share with us your message of thanksgiving via the WhatsApp number 0277606070 and let the whole world know how","0"
"Kindly share with us your message of thanksgiving via the WhatsApp number 0277606070 and let the whole world know how","0"
"Kindly share with us your message of thanksgiving via the WhatsApp number 0277606070 and let the whole world know how","0"
"Kindly share with us your message of thanksgiving via the WhatsApp number 0277606070 and let the whole world know how","0"
"xxox happy thanksgiving everyone i m thankful for my family friends and ALL OF YOU thank you for your endless support and l","0"
"My thanksgiving every year consists of random drinking games Life goals right there","0"
"Kindly share with us your message of thanksgiving via the WhatsApp number 0277606070 and let the whole world know h","0"
"Kindly share with us your message of thanksgiving via the WhatsApp number 0277606070 and let the whole world know h","0"
"Taking the Thanksgiving family football game very seriously","0"
"smyles Happy Thanksgiving y all from Texas One love","0"
"Here are my flareon4 challenge 1 4 write ups I should be filling in the rest over the thanksgiving break","0"
"Happy Thanksgiving everybody","0"
"The fandom used to feel like a nice family dinner where everyone actually liked each other Now it feels like that awkwar","0"
"Thanksgiving Canned Food Drive with NHS 11 5","0"
"posting this in honor of thanksgiving","0"
"Happy Thanksgiving everyone","0"
"it s stupid that it s more acceptable for a toddler to have a public temper tantrum than it is for a college studen","0"
"I was telling about having to wrestle a curious alligator over Thanksgiving Actually not that interesting h","0"
"While my sis brags at Thanksgiving about getting her PHD in quantitative microbiology I m gonna be thinkin about this ti","0"
"analyst She normally charge 20k How many racks would you spend on the bitch if it was thanksgiving day","0"
"Uma Thurman Finally Addresses Harvey Weinstein And Dismisses Him In The Most Perfect Way Remember On Thanksgiving afternoon Thurman took","0"
"Ready for my bffssss to come home Only got to see them once for Thanksgiving Break","0"
"just heating up some thanksgiving leftovers","0"
"Fun fact on Thanksgiving me and my friend watched The Office for 6 hours straight","0"
"Here are my flareon4 challenge 1 4 write ups I should be filling in the rest over the thanksgiving break","0"
"EXO K amp EXO M wish everyone a HAPPY THANKSGIVING and want to say THANK YOU for your continuous love amp support http","0"
"Me with pneumomia cooks entire Thanksgiving dinner Husband with the sniffles finds just enough strength to get out","0"
"Happy Thanksgiving","0"
"marty PSA THE HUMANE SOCIETY IS ALLOWING ALL DOGS and other pets TO BE ADOPTED FOR FREE THIS WEEKEND AS PART OF A THANKSGIVI","0"
"Thanksgiving Luke 17 11 18 1 Thessalonians 5 18 1 Why thanksgiving 1 1 is the will of","0"
"THANKSGIVING IS NEXT WEEK BUT NOVEMBER JUST STARTED A DAY AGO WHAT THE FUCK","0"
"Shop The Best Of Ivory Ella Charity Collection fall holidays ivoryella sales style thanksgiving","0"
"a girl i knew died in a drunk driving accident on the night before thanksgiving this year","0"
"I don t own a full one and I got in only at thanksgiving when it was about 9k Maybe I can wait and get more out of it","0"
"Lord we come before Your holy throne with humility and submission We say this is the day that you have made we shall rejoice","0"
"Some positive thoughts on Thanksgiving musk futurism","0"
"As requested 2017 Kindergarten Thanksgiving Cookbook enjoy","0"
"We know it s not even Thanksgiving yet but getting ready for Xmas early with our Jingle Balls Cockrings Available in","0"
"I haven t seen my friends since thanksgiving lmao they hella miss me","0"
"Like even recently on thanksgiving sam was commenting cute things on Brandon s Instagram pics They must be really low key","0"
"Otter A lil sketch turns out it s way harder to walk by the time your belly starts beating the ground each time you take a step","0"
"As we enter the holiday season did you know that JingleBells written in 1857 by James Lord Pierpont was originally inte","0"
"Now that Thanksgiving is over","0"
"can it be thanksgiving again","0"
"On Thanksgiving Day 2014 Lacy was doing some routine traffic stops and happened to pull Korinne over Korinne tried to","0"
"Memes Cowboys fans leaving their Thanksgiving dinner parties like","0"
"Great show My parents couldn t wait to show me this ad when I was home for Thanksgiving Sounde","0"
"Read about how my family celebrated Thanksgiving in rural Arkansas at the end of WW2 ASMSG IART","0"
"How about a group step family date that takes place at a fancy buffet restaurant for thanksgiving and a handsome fo","0"
"Everybody Eats amp his Defensive Line give back this Thanksgiving WildDogsSackHunger WeAre https","0"
"just in case anyone wasn t sure abuse isn t being mean once its a constant system made to break the will of the p","0"
"me now that thanksgiving is over","0"
"okay actually i ve purchased ONE gift and i got it before thanksgiving so that doesn t really count","0"
"There s always something to be thankful for Thanksgiving GoodFriends CA Santa Rosa","0"
"I m watching The Nightmare Before Christmas for the first time and here are my immediate thoughts I need to move t","0"
"A Psychology Message Blends With Christmas Thanksgiving Victoria","0"
"A Psychology Message Blends With Christmas Thanksgiving Victoria","0"
"On Thanksgiving Day 2014 Lacy was doing some routine traffic stops and happened to pull Korinne over Korinne tried to","0"
"It s Thanksgiving already Where did my year go Happy Thanksgiving to all my friends and family south of the board USA Love ya all","0"
"I ve texted you and snap chatted you since thanksgiving I get you work but if you can tweet you can send me a quick text","0"
"The happy thanksgiving song by Miranda has its lyrics written on genius BIG WHEEZE","0"
"xxox happy thanksgiving everyone i m thankful for my family friends and ALL OF YOU thank you for your endless support and l","0"
"My grandma passed away a few weeks before Thanksgiving She wanted to stay wanted to see my siblings amp I whole but ran out o","0"
"Hey guys my friends uncle has been missing since thanksgiving please help retweet it to share around He s from Houston an","0"
"Thanksgiving break is such a tease","0"
"xxox happy thanksgiving everyone i m thankful for my family friends and ALL OF YOU thank you for your endless support and l","0"
"Bambie I feel I am very lucky How Americans let alone rural Georgians can say in the same calendar year they had Thanksgiving i","0"
"tb to thanksgiving","0"
"xxox happy thanksgiving everyone i m thankful for my family friends and ALL OF YOU thank you for your endless support and l","0"
"Couldn t be anymore proud of this video and everyone involved Happy thanksgiving","0"
"So good ang Thanksgiving ko with this exclusive whole chicken from KFCDeliveryThanksgiving","0"
"According to a poll 98 3 of college basketball fans feel that every Duke loss is like Christmas Thanksgiving and t","0"
"Lord we come before Your holy throne with humility and submission We say this is the day that you have made we sha","0"
"From the Obama family to yours we wish you a Happy Thanksgiving full of joy and gratitude","0"
"As requested 2017 Kindergarten Thanksgiving Cookbook enjoy","0"
"I feel I am very lucky How Americans let alone rural Georgians can say in the same calendar year they had Thanksg","0"
"RT DEAL GA to kick off the start of my thanksgiving break follow ALL rules to join mbf QRT this tweet tag me and use","0"
"After having to retire at 60 from a public service job at FEMA and was home bound alone my former cowork","0"
"I liked a video Outside The NBA Most Disrespectful Dunks and ThanksGiving amp More","0"
"On Thanksgiving Day 2014 Lacy was doing some routine traffic stops and happened to pull Korinne over Korinne tried to","0"
"Gatto Happy thanksgiving to all of you I m thankful for the love you show me and allowing me to be part of your lives to provide","0"
"I added a video to a playlist People Try Thanksgiving Meal Pringles","0"
"Happy Thanksgiving Suns fans","0"
"Happy Thanksgiving everybody","0"
"Happy Thanksgiving to you all Especially thinking about EVERYONE EVERYWHERE having many hardships of all kinds To some","0"
"Macy s Thanksgiving Day Parade makes spirits bright","0"
"Macy s Thanksgiving Day Parade makes spirits bright","0"
"The dead uncle I just talked about in my Thanksgiving story would have been a better president and he s underground","0"
"Werewolf doodle done up while flying over the Thanksgiving holiday","0"
"Mother Holy Spirit has hidden the face of G d because of all the curses in the land let praise and thanksgiving arise and see Him move","0"
"Anyone got some Thanksgiving leftovers I can have","0"
"So JSimonee said that dressing is stuffing We already covered this on Thanksgiving but since the holidays are c","0"
"chanbaek in roommate looked like chanyeol brought baekhyun to his family s thanksgiving table","0"
"Happy Thanksgiving of God s People brethren MCGIWeeklyThanksgiving","0"
"I will offer to thee the sacrifice of thanksgiving and will call upon the name of the LORD Psalms 116 17 MCGIWeeklyTh","0"
"Cabello yaaahhh that s what happens to me when I eat too many tamales aka thanksgiving and xmas","0"
"Thanksgiving","0"
"Is that the sister that didn t want you at her house for Thanksgiving","0"
"Honestly I don t care about the NFL I use to in the 90s Thanksgiving Day the day I rather watch tennis than football","0"
"Happy Thanksgiving from Confrontational Clothing","0"
"taygeta valv h2","0"
"Happy Thanksgiving to All may your day be filled with Family Love Festive Food and Happiness","0"
"Me when i see girls wearing heels at a Thanksgiving dinner relax the food is free","0"
"now that thanksgiving is over","0"
"According to a poll 98 3 of college basketball fans feel that every Duke loss is like Christmas Thanksgiving and t","0"
"In God we boast all the day long and praise thy name for ever Selah Psalm 44 8 KJV What s your reason of thanksgivin","0"
"Thanksgiving","0"
"My bd wormy ass took his girlfriend out to dinner the old me would ve sent her these screenshots of him asking to","0"
"Happy Thanksgiving Guys","0"
"At Thanksgiving we set an extra place at the table in remembrance of those no longer with us or for","0"
"Well I guess it was smart not to go to the thanksgiving party","0"
"My cousin got me a Himalayan salt lamp when she was here for Thanksgiving I asked her what the","0"
"Otter A lil sketch turns out it s way harder to walk by the time your belly starts beating the ground each time you take a step","0"
"For every creature of God is good and nothing to be refused if it be received with thanksgiving 1 Tim 4 4 MCGIWeekl","0"
"Happy thanksgiving from your favorite chocolate baby","0"
"Happy Thanksgiving Hit Like if you re enjoying great food family and music","0"
"Birthday Thanksgiving","0"
"Thanksgiving the EP June","0"
"New PLL Next Generation From the Beginning chapter Holidays Thanksgiving with Spoby Spence","0"
"We ve been watching hallmark movies since after thanksgiving amp tonight my grandpa looks at my grandma amp says there s my hallmark girl","0"
"On Thanksgiving Day 2014 Lacy was doing some routine traffic stops and happened to pull Korinne over Korinne tried to","0"
"On Thanksgiving Day 2014 Lacy was doing some routine traffic stops and happened to pull Korinne over Korinne tried to","0"
"I only recall a few things May Graduation Aug Hurricane Harvey Oct Won World Series Nov Thanksgi","0"
"mom dad meet my gf record scratch mom ur gf is dad president donald j trump walking on sunshine starts p","0"
"Now that the holiday season has begun you ll be hearing a lot about joy and gratitude But what if you re feeling more","0"
"For every creature of God is good and nothing to be refused if it be received with thanksgiving 1 Tim 4 4 MCGIWeekl","0"
"May we never forget as is written in I John 4 19 We love because He loved us first Happy Thanksgiving of God s People","0"
"Prepare your thanksgiving offering most importantly give your dance to God rejoice Your future is guaranteed it is going","0"
"Fuck all ya ll the veggie stroganoff I made for Thanksgiving was dope","0"
"Enter His gates with thanksgiving And His courts with praise Give thanks to Him bless His name For the LORD is good Hi","0"
"My grandma passed away a few weeks before Thanksgiving She wanted to stay wanted to see my siblings amp I whole but ran out o","0"
"Otter A lil sketch turns out it s way harder to walk by the time your belly starts beating the ground each time you take a step","0"
"the beers they are good smuggled it back from alabama when we were there during Thanksgiving","0"
"Crisp air hot apple cider and warm family gatherings coming soon Thanksgiving homedecor etsy family SO https","0"
"I showed up at my Ex s for Thanksgiving Dinner Check out my new YouTube video","0"
"On Thanksgiving Day 2014 Lacy was doing some routine traffic stops and happened to pull Korinne over Korinne tried to","0"
"Set the table Enjoy the Feast etsyshop floral centerpiece Thanksgiving HostessGift ht","0"
"Otter A lil sketch turns out it s way harder to walk by the time your belly starts beating the ground each time you take a step","0"
"Join us for an unusual annual Thanksgiving service tomorrow morning by 8am at the Church Auditorium God has done us well","0"
"Today s Thanksgiving to do list 1 Give thanks to everyone who means something to you 2 Go one day without complaining","0"
"I added a video to a playlist Quints did a 5K But Ryder still hates Thanksgiving","0"
"anter Twitter I need you to do your thing My dog Chase ran away on Thanksgiving in NC specifically the Elkin Traphill area","0"
"Introduced my family to license plate songs over thanksgiving Apparently they were a big hit Particularly 9","0"
"From the Obama family to yours we wish you a Happy Thanksgiving full of joy and gratitude","0"
"A Manly Thanksgiving part 1 What is Thanksgiving","0"
"Happy Thanksgiving of God s People to all MCGIWeeklyThanksgiving","0"
"Thanksgiving Podcast for Men A Manly Thanksgiving part 2","0"
"According to a poll 98 3 of college basketball fans feel that every Duke loss is like Christmas Thanksgiving and t","0"
"A Manly Thanksgiving part 1 What is Thanksgiving","0"
"A Manly Thanksgiving part 1 What is Thanksgiving","0"
"Thanks Giving Podcast for Men A Manly Thanksgiving part 3","0"
"Thanks Giving Podcast for Men A Manly Thanksgiving part 3","0"
"You can send in your message of thanksgiving to the WhatsApp line 0277606070 and let the world know who good the Lord","0"
"You can send in your message of thanksgiving to the WhatsApp line 0277606070 and let the world know who good the Lord","0"
"You can send in your message of thanksgiving to the WhatsApp line 0277606070 and let the world know who good the Lord","0"
"You can send in your message of thanksgiving to the WhatsApp line 0277606070 and let the world know who good the Lord","0"
"You can send in your message of thanksgiving to the WhatsApp line 0277606070 and let the world know who good the Lord","0"
"You can send in your message of thanksgiving to the WhatsApp line 0277606070 and let the world know who good the Lord","0"
"Thanksgiving Podcast for Men A Manly Thanksgiving part 2","0"
"Thanksgiving Podcast for Men A Manly Thanksgiving part 1","0"
"Happy Thanksgiving Makeup and Beauty Blog","0"
"Otter A lil sketch turns out it s way harder to walk by the time your belly starts beating the ground each time you take a step","0"
"Were you unable to join us Thanksgiving Day Head to to view the Special Video rebroadcast of P","0"
"xxox happy thanksgiving everyone i m thankful for my family friends and ALL OF YOU thank you for your endless support and l","0"
"xxox happy thanksgiving everyone i m thankful for my family friends and ALL OF YOU thank you for your endless support and l","0"
"xxox happy thanksgiving everyone i m thankful for my family friends and ALL OF YOU thank you for your endless support and l","0"
"Here are my flareon4 challenge 1 4 write ups I should be filling in the rest over the thanksgiving break","0"
"2007 black friday starts 6 am friday 2012 black friday starts 6pm on thanksgiving 2017 black friday starts monday 202","0"
"You can send in your message of thanksgiving to the WhatsApp line 0277606070 and let the world know who good the Lo","0"
"You can send in your message of thanksgiving to the WhatsApp line 0277606070 and let the world know who good the Lo","0"
"I went there after Thanksgiving and it was everything I remembered it to be delicious","0"
"Otter A lil sketch turns out it s way harder to walk by the time your belly starts beating the ground each time you take a step","0"
"I ve never met an actual person offended by being wished Merry Christmas Since I can remember al","0"
"Happy Thanksgiving I am so thankful for all of you for supporting me and lifting me up when I needed it this year Lots","0"
"9 DURING THANKSGIVING BREAK AND I MESSED AROUND WITHA DISPOSABLE CAMERA AND HERE ARE SOME OF THE BEST RESULTS PT","0"
"Ghost Right after Thanksgiving every single year champs get comfortable amp lazy the broke amp hungry guys","0"
"Have a very Happy Thanksgiving and take good care of yourself family and friends","0"
"I can remember when I was in first grade and it was some thanksgiving day or something at","0"
"tot14 Happy Thanksgiving","0"
"Pray with thanksgiving 10 10 06 Rushism","0"
"Why Greer come to Thanksgiving dressed like Prince","0"
"Sitting in bed in just my undies and fuzzy grip socks eating leftover pecan pie from thanksgiving I know why I m single how bout you","0"
"It s our Thanksgiving day Join us at 9 00am There will be praises dance joy liberty giving and a whole lot of hallelujah See you","0"
"Avoided Talking About Politics At Thanksgiving","0"
"I m Donald Who Art in The White House Bigly Be My Praise My Orders Come My Will be Done Happy Thanksgiv","0"
"DURING THANKSGIVING BREAK AND I MESSED AROUND WITHA DISPOSABLE CAMERA AND HERE ARE SOME OF THE BEST RES","0"
"Thanksgiving day this year I m standing with my hand over heart I m a lawyer The NFL can sue the","0"
"I liked a video Thanksgiving Guest SNL","0"
"Check out Gorilla Tape for a chance to with 250","0"
"22 Well y all better enjoy y all lil campus girlfriends and boyfriends for this last week because next week thanksgiving br","0"
"not that cause I literally was just at home thanksgiving lol i m tired of school","0"
"According to a poll 98 3 of college basketball fans feel that every Duke loss is like Christmas Thanksgiving and t","0"
"My grandma passed away a few weeks before Thanksgiving She wanted to stay wanted to see my siblings amp I whole but ran out o","0"
"Father I come to you with Thanksgiving on my heart Thanking you for this day that has never been seen or promised","0"
"ok so thanksgiving is over and it s time to workout n get in shape again so i can sell my soul to christmas food","0"
"The fandom used to feel like a nice family dinner where everyone actually liked each other Now it feels like that awkwar","0"
"Since thanksgiving ive copped Win like 82 11s Off white hyperdunks Obj uptowns Rocafella uptowns Just don uptowns","0"
"We re celebrating Thanksgiving at Getty House hosting formerly homeless Angelenos for food music and friendship https","0"
"Ah Thanksgiving The family The friends The food The Turkey Circle The lucky few who enter the Turkey Circle The","0"
"Most heartfelt pride ever Display of Courage Discipline Loyalty American Spirit and Honor beyond words Watching this ch","0"
"Happy thanksgiving everyone findom cashmaster","0"
"Have something to get off my chest this Thanksgiving Hope everyone has a Happy Thanksgiving","0"
"From the Obama family to yours we wish you a Happy Thanksgiving full of joy and gratitude","0"
"ok so thanksgiving is over and it s time to workout n get in shape again so i can sell my soul to christmas food","0"
"If you re a republican having thanksgiving dinner with your democrat family as you go around the table saying what yo","0"
"Thanksgiving VintageDishes Orange amp Gold","0"
"According to a poll 98 3 of college basketball fans feel that every Duke loss is like Christmas Thanksgiving and t","0"
"xxox happy thanksgiving everyone i m thankful for my family friends and ALL OF YOU thank you for your endless support and l","0"
"nasty How i wanna be on Thanksgiving","0"
"ok so thanksgiving is over and it s time to workout n get in shape again so i can sell my soul to christmas food","0"
"HUGE Thanks to a once in a lifetime boyfriend My life wouldn t be complete without you Thank you for everything you ve","0"
"Finally cried and lost a best friend bet You got me at 2 and the cheese wrapped hot dogs","0"
"xxox happy thanksgiving everyone i m thankful for my family friends and ALL OF YOU thank you for your endless support and l","0"
"Also some more wholesome Thanksgiving content","0"
"Happy Thanksgiving to all of u Twitter peeps","0"
"I was supposed to start my diet after thanksgiving but I lied to myself lol","0"
"My grandma passed away a few weeks before Thanksgiving She wanted to stay wanted to see my siblings amp I whole but ran out o","0"
"On Thanksgiving Day 2014 Lacy was doing some routine traffic stops and happened to pull Korinne over Korinne tried to","0"
"Read about how my family celebrated Thanksgiving in rural Arkansas at the end of WW2 ASMSG IART","0"
"idk what s wrong with me i thought that that s a thanksgiving turkey for a second","0"
"5 Vegan Thanksgiving Pie Recipes To Get You Through The Holidays Diet Scmiet The Vegan Banana","0"
"Happy Thanksgiving guys LetsGoPens","0"
"fuhh a thanksgiving meal i rather have youuuu","0"
"Taking the Thanksgiving family football game very seriously","0"
"I liked a video THANKSGIVING IN A CAN W RHETT amp LINK","0"
"Tapos na thanksgiving e","0"
"men smoke weed on snapchat post fit pics on the gram wake up at 2 30pm regularly boys don t even smoke big gas p","0"
"The best Thanksgiving line ever As god is my witness I thought turkeys could fly WKRP in Cincinnati","0"
"Thanksgiving 2017 with my 2nd family","0"
"Omg my moms been playing parang since thanksgiving","0"
"For all of you fuckers that say climate change isn t real It s been fucking snowing in south Texas for two days National Gra","0"
"After uncle George was transported the rest of the family came to my godmother s and we finish our Thanksgiving party","0"
"Styles Probably not on thanksgiving Have a good dayyyyyy","0"
"Taking the Thanksgiving family football game very seriously","0"
"Read about how my family celebrated Thanksgiving in rural Arkansas at the end of WW2 ASMSG IART","0"
"No nigga we not skipping Christmas that s like Thanksgiving pt 2 ft Gifts","0"
"On my way home for Thanksgiving and a trumpster dumpster showed up at my gate I pulled o","0"
"Take me back to thanksgiving break please","0"
"May we be filled with praise and thanksgiving to God for the wonder of the empty tomb","0"
"When they re telling a story at Thanksgiving dinner and you know they lying so you sit there like","0"
"I stg bc I slipped up a couple of times during thanksgiving break","0"
"Remember I was jacking this last thanksgiving last year and niggas was saying critch cold lol","0"
"REPORT why does continue to promote according to sources nonsense like this over thanksgiving","0"
"FreakyFridays are the best SpyfamOfficial","0"
"college student timeline thanksgiving pure fucking chaos christmas","0"
"Got this text during thanksgiving break","0"
"Happy Thanksgiving everybody","0"
"Christmas or thanksgiving","0"
"Unique McCoy Ceramic Pitcher olive green Turkey Motif Thanksgiving or Etsy MccoyPottery","0"
"minn Hope your thanksgiving weekend was as great as mine","0"
"On Thanksgiving Day 2014 Lacy was doing some routine traffic stops and happened to pull Korinne over Korinne tried to","0"
"So we the millennials take all the food to my godmother s house The rest stick around because my uncle s caregiv","0"
"As frustrating as my roomies can be they did make me dinner and a cute welcome home sign when I came back from thanksgiving","0"
"Sad to say I won t be having another thanksgiving again","0"
"22 Well y all better enjoy y all lil campus girlfriends and boyfriends for this last week because next week thanksgiving br","0"
"my old drug dealer just texted me saying to have a great thanksgiving it s december 8th and i love him","0"
"When U Fuckin The Mac N Cheese On Thanksgiving","0"
"stoner thanksgiving","0"
"Messi signing for Chelsea I know it s thanksgiving somewhere didn t know it was April fools too","0"
"You had all of thanksgiving to do your homework","0"
"golden when u finally get to sit at the grown up table on Thanksgiving and you re introduced to a whole new gossip","0"
"We re celebrating Thanksgiving at Getty House hosting formerly homeless Angelenos for food music and friendship https","0"
"xxox happy thanksgiving everyone i m thankful for my family friends and ALL OF YOU thank you for your endless support and l","0"
"Wishing everyone a very happy Thanksgiving Enjoy the day with family and friends","0"
"Thanksgiving Giveaway We re giving away the Spaz Rank to 2 lucky players Retweet like and be verified to win Win","0"
"Happy thanksgiving discoverthebook","0"
"3rd year now with Norton I buy during the thanksgiving sale has protected my computers so far","0"
"What a great God Shiloh thanksgiving service I am empowered for 2018 My New Dawn has arrived","0"
"I added a video to a playlist Tia Mowry s Thanksgiving Side Dish Mac and Cheese Recipe Quick Fix","0"
"First a crash on thanksgiving night almost died and another accident last night I gotta say I m blessed And don t","0"
"college student timeline thanksgiving pure chaos christmas","0"
"Otter A lil sketch turns out it s way harder to walk by the time your belly starts beating the ground each time you take a step","0"
"Suggested rule for Thanksgiving meal those who insist on discussing politics or social issues at the table must be sent to e","0"
"golden when u finally get to sit at the grown up table on Thanksgiving and you re introduced to a whole new gossip","0"
"xxox happy thanksgiving everyone i m thankful for my family friends and ALL OF YOU thank you for your endless support and l","0"
"xxox happy thanksgiving everyone i m thankful for my family friends and ALL OF YOU thank you for your endless support and l","0"
"Stuffing my face during Thanksgiving","0"
"Phil 4 6 Do not be anxious about anything but in everything by prayer and petition with thanksgiving present your","0"
"talia I feel like it s impossible I had three on thanksgiving and felt like I was gonna throw up","0"
"Thanksgiving Sunset Oakland California","0"
"Me walking into the kitchen on Thanksgiving","0"
"As requested 2017 Kindergarten Thanksgiving Cookbook enjoy","0"
"Taking the Thanksgiving family football game very seriously","0"
"Hope you had a good late thanksgiving lt 3 haven t dropped In a while and wanted to see how you were","0"
"On She s Gotta Have It when Nola invited all her niggaz over for Thanksgiving I thought she was tryna get the train poppin","0"
"My grandma passed away a few weeks before Thanksgiving She wanted to stay wanted to see my siblings amp I whole but ran out o","0"
"posting this in honor of thanksgiving","0"
"Styles Happy Thanksgiving everyone Hope you re having a lovely one H","0"
"teeRAWaf Me on thanksgiving","0"
"ok so thanksgiving is over and it s time to workout n get in shape again so i can sell my soul to christmas food","0"
"One of my residents said he was warming up Thanksgiving leftovers and I just","0"
"My coworker buddy is making me cry he amp his family cook extra for thanksgiving to bring to a local park to feed ho","0"
"Nick Lachey s employee who was shot on Thanksgiving speaks out after suspect caught I can t change what happened","0"
"According to a poll 98 3 of college basketball fans feel that every Duke loss is like Christmas Thanksgiving and t","0"
"Last thanksgiving to this thanksgiving","0"
"Bonus Whole damn Obama family making it to church almost every Sunday Bonus Spending Christmas amp","0"
"As requested 2017 Kindergarten Thanksgiving Cookbook enjoy","0"
"I haven t been this hungry since I starved myself on thanksgiving eve","0"
"Happy thanksgiving","0"
"Me walking into the kitchen on Thanksgiving","0"
"Thanksgiving times man gotta love the family","0"
"Enjoy GoodMorning amp Happy ThanksGiving Enjoy","0"
"My husband s company had it the week before Thanksgiving Not very festive at all I hope you had fun","0"
"Read about how my family celebrated Thanksgiving in rural Arkansas at the end of WW2","0"
"Thanksgiving might have mashed potatoes but Christmas has THIS ChristmasDinner","0"
"RT DEAL GA to kick off the start of my thanksgiving break follow ALL rules to join mbf QRT this tweet tag me and use","0"
"ThingsThatJustDontGoTogether Thanksgiving and No political debates","0"
"Love them so so much rooftopbar familytime thanksgiving thankful california venice","0"
"Thoughts on Thanksgiving from Andy Rooney","0"
"alaud She came back for thanksgiving and has been with me since","0"
"lovelymallari some thanksgiving selfies","0"
"Philippians 4 6 7 Do not be anxious about anything but in every situation by prayer and petition with thanksgiving","0"
"i did delete him from my life after thanksgiving idk i don t have any hard feelings towards him which is weird for me","0"
"Thanksgiving was fun again this year at my house","0"
"Me walking into the kitchen on Thanksgiving","0"
"It was also his birthday He was born and died on Thanksgiving","0"
"Otter A lil sketch turns out it s way harder to walk by the time your belly starts beating the ground each time you take a step","0"
"Things that did not exist on Thanksgiving 10 years ago Uber Airbnb Instagram Snapchat Bitcoin iPad Kickstarter Pinteres","0"
"Celebrate Family this Festive Season XL Purple Grape Wreath flowers Thanksgiving FamilyHoliday etsy decor rt h","0"
"pace idgaf if feeding polar bears is illegal i would have brought him a damn thanksgiving meal","0"
"Just finished eating sushi and my grandma invited us to a thanksgiving dinner","0"
"I know will appreciate my Thanksgiving kicks I call these Cranberry Suace","0"
"Really great reflection on the importance of gratitude The book is full of small stuff the tiny stuff we forget","0"
"Laser curls step down is a choice possibility representing community who include abdicable locks and hope for dimin","0"
"Thanksgiving Wishes marketing","0"
"Now that Thanksgiving is over","0"
"TaeDatNigga Smashing Thanksgiving leftovers lol","0"
"When U Fuckin The Mac N Cheese On Thanksgiving","0"
"Christmas is around the corner but the spirit of Thanksgiving never left because the yams are still out","0"
"We re celebrating Thanksgiving at Getty House hosting formerly homeless Angelenos for food music and friendship https","0"
"Happy Thanksgiving Recipes 17 in all from turkey to dessert","0"
"Let lord your love lead Let men be serviced in today s service Sunday MyFathersDay Thanksgiving Onyeoma SonOfGrace","0"
"Happy Thanksgiving","0"
"my addiction for water recently came back during thanksgiving break Thank God","0"
"On Thanksgiving Day 2014 Lacy was doing some routine traffic stops and happened to pull Korinne over Korinne tried to","0"
"Otter A lil sketch turns out it s way harder to walk by the time your belly starts beating the ground each time you take a step","0"
"Your MCM might be a snack but just like a snack he s only temporary fulfillment I m thanksgiving dinner baby","0"
"Pedosta You are at the kids table Come back to the grownups","0"
"A Brand New Kitchen Video Hey guys time to start getting in the Holiday mood Make Henry s Traditional Thanksgiving Day Jell","0"
"MESSAGE 2 ALL HATERS no i didn t quit making smoke trick vids my mom just took away my vape cause i was using it at th","0"
"Damn I haven t gotten a drunk call since thanksgiving What s life Smh I m trash","0"
"goldensweetcrust Happy thanksgiving everyone I wanted a honey ham this year but it looks like thats not happen","0"
"yankee As we count our blessings on Thanksgiving don t forget what Puerto Rico is still facing Families need help to rebuild","0"
"Me walking into the kitchen on Thanksgiving","0"
"A Psychology Message Blends With Christmas Thanksgiving Victoria Advocate","0"
"A Psychology Message Blends With Christmas Thanksgiving Victoria Advocate","0"
"A Psychology Message Blends With Christmas Thanksgiving Victoria Advocate","0"
"masito","0"
"Being enriched in every thing to all bountifulness which causes through us thanksgiving to God 2Corinthians 10 1","0"
"Ha just brought my tree home today a week late for me but I did put my lights on the house the day after Thanksgiving","0"
"bout to fuck up these thanksgiving leftovers","0"
"Death dark true story I was reading an Onion article with people dying around the holidays and remembered my unc","0"
"Taking the Thanksgiving family football game very seriously","0"
"Family is in town and I am wearing my feast mode shirt so basically I just ate a thanksgiving dinner part 2 and my","0"
"2017 334 SR 71 Blackbird Early last week while my parents were in town for Thanksgiving we","0"
"Otter A lil sketch turns out it s way harder to walk by the time your belly starts beating the ground each time you take a step","0"
"YALL NIGGAS EATING TURKEY FOR THANKSGIVING MY UNCLE WENT FISHING A CAUGHT A DINOSAUR WE EATING A BABY T REX TONIGHT http","0"
"recreated your thanksgiving look on thanksgiving","0"
"Jesus that groaning old Bing Crosby has found his way into my space White Xmas like Miracle on 47th Street is lik","0"
"xxox happy thanksgiving everyone i m thankful for my family friends and ALL OF YOU thank you for your endless support and l","0"
"thanksgiving table s","0"
"Yum for more than thanksgiving Great for all the Winter holidays as well","0"
"One week away I m including some Puerto Rican flavors in my Thanksgiving meal this year Ina Garten Bobby Flay and 7 top che","0"
"Another great Thanksgiving alone via","0"
"xxox happy thanksgiving everyone i m thankful for my family friends and ALL OF YOU thank you for your endless support and l","0"
"Now that Thanksgiving is over","0"
"Speaking of criples let s do a holiday season recap Thanksgiving day my mom is outside filling a hole my dog dug","0"
"Wish i can go back to thanksgiving everyday smh it was allll so good","0"
"xxox happy thanksgiving everyone i m thankful for my family friends and ALL OF YOU thank you for your endless support and l","0"
"I m not even going to complain about the lil 2 inches of snow we got today because last year we already had 8 inche","0"
"Aerial footage shows bumper to bumper traffic in Los Angeles as Americans get a head start on Thanksgiving travel","0"
"Speaking of criples let s do a holiday season recap Thanksgiving day my mom is outside filling a hole my dog dug","0"
"Omg my Australian friend who visited over thanksgiving really took to the eagles fight song and is now getting eagle","0"
"So special was the 7th December we ar","0"
"Problem Solvers Thanksgiving with amp Puerto Rico puppy rescue adoptable puppies","0"
"golden when u finally get to sit at the grown up table on Thanksgiving and you re introduced to a whole new gossip","0"
"YALL NIGGAS EATING TURKEY FOR THANKSGIVING MY UNCLE WENT FISHING A CAUGHT A DINOSAUR WE EATING A BABY T REX TONIGHT http","0"
"Year End CWS Thanksgiving 2017 PNKTalabaUNO CTTO","0"
"Start to prepare thanksgiving dinner for 23 guest or invite her dom over to fuck her good to start her mini vacation h","0"
"We re celebrating Thanksgiving at Getty House hosting formerly homeless Angelenos for food music and friendship https","0"
"God s Grace Is Sufficient Just Receive It With Thanksgiving Dr Francis","0"
"Watching Elf is a Thanksgiving tradition for us","0"
"content on the Titans Snapchat right now Players WAGs and coaches all contributing Thanksgiving dinner snaps TitanUp","0"
"Thanksgiving in our house is a glorious non stop car accident set to the music of cocaine","0"
"anter Twitter I need you to do your thing My dog Chase ran away on Thanksgiving in NC specifically the Elkin Traphill area","0"
"RT","0"
"If you are still eating Thanksgiving leftovers you need to check yourself","0"
"My grandma passed away a few weeks before Thanksgiving She wanted to stay wanted to see my siblings amp I whole but ran out o","0"
"Finna smash these Thanksgiving leftovers","0"
"fuhh a thanksgiving meal i rather have youuuu","0"
"golden when u finally get to sit at the grown up table on Thanksgiving and you re introduced to a whole new gossip","0"
"The Hump loves thanksgiving and Kanye suck on these baby balls","0"
"NEWSMAKER Franklin Regional senior marches in Macy s Thanksgiving Day Parade","0"
"Otter A lil sketch turns out it s way harder to walk by the time your belly starts beating the ground each time you take a step","0"
"Migos handing out Thanksgiving Turkeys for the culture","0"
"dude i watched that whole thing drunk during thanksgiving break","0"
"Otter A lil sketch turns out it s way harder to walk by the time your belly starts beating the ground each time you take a step","0"
"LOL Thanksgiving with This is an actual home video via","0"
"Christmas is around the corner but the spirit of Thanksgiving never left because the yams are still out","0"
"RT","0"
"My mom will be here next weekend I m at peace knowing she won t spend Christmas or New Years alone not like she did on Thanksgiving","0"
"Wow what a great expectation for us to be gratuitous towards God in Thanksgiving there are no more days to go it","0"
"wow deeper amp deeper I m concerned about Woolsey He s been to the dance with Mueller then had a meal with donTheCon","0"
"Annual renewal Got the electronic copy right before Thanksgiving","0"
"I liked a video OUR THANKSGIVING BREAKDOWN","0"
"Thanksgiving the EP June","0"
"wow deeper amp deeper I m concerned about Woolsey He s been to the dance with Mueller then had a meal with donTheCon","0"
"golden when u finally get to sit at the grown up table on Thanksgiving and you re introduced to a whole new gossip","0"
"Happy thanksgiving Don t forget the stuffing","0"
"Gotta sous vide and am already a big fan of s running column","0"
"Enter His gates with thanksgiving And His courts with praise Give thanks to Him bless His name For the LORD is good Hi","0"
"knows Lanham college student timeline thanksgiving pure fucking chaos christmas","0"
"LOL Thanksgiving with This is an actual home video via","0"
"p Not even Thanksgiving or Christmas or Easter etc gay much","0"
"Happy Thanksgiving everybody","0"
"In honor of thanksgiving it s only right to bring this gem back","0"
"ihtzKati She has like 4 dudes she s messing w amp at the end of the movie for Thanksgiving she invites them all ove","0"
"Me walking into the kitchen on Thanksgiving","0"
"President Trump launches Thanksgiving eve Twitter tirade","0"
"Happy Thanksgiving everybody","0"
"15 PRIZE GIVE AWAY 12 24 on FACEBOOK LIVE the THANKSGIVING give away went very well so said i can d","0"
"There s just two words we want to share with you this Thanksgiving thank you","0"
"VanDyke On this Thanksgiving Day I remember my friend American journalist James Foley who was kidnapped in Syria on Thanksgivi","0"
"Good Night Sweet Dreams May You Heart Be Filled With Thanksgiving","0"
"Shiloh 2017 Thanksgiving Service","0"
"I spent thanksgiving with my favorite person on the planet and I couldn t be more thankful","0"
"Happy Thanksgiving a holiday we re a bunch of old fake friends text you happy fakesgiving and you and your family com","0"
"I have a feeling that he would try to be understanding but I think he d be angry first After Thanksgiving I h","0"
"We re celebrating Thanksgiving at Getty House hosting formerly homeless Angelenos for food music and friendship https","0"
"chanbaek in roommate looked like chanyeol brought baekhyun to his family s thanksgiving table","0"
"My grandma passed away a few weeks before Thanksgiving She wanted to stay wanted to see my siblings amp I whole but","0"
"Enter His gates with thanksgiving And His courts with praise Give thanks to Him bless His name For the LORD is good Hi","0"
"HF Happy thanksgiving I m thankful for","0"
"My family s BIG Christmas combined with Thanksgiving dinner was today We got snow I straightened my hair for the","0"
"To those celebrating as you stuff yourself with a dead turkey spare a thought for the indigenous Americans and their 500 yea","0"
"Forever grateful for you all Happy Thanksgiving","0"
"I liked a video Irish People Taste Test Weird Thanksgiving Food","0"
"Happy Thanksgiving CSGOGIVEAWAY To Enter RT amp Follow Tag 2 Friends Use my Code 24 Hours","0"
"I liked a video Drunk Irish People Explain The Story Of Thanksgiving","0"
"A lesson we need to learn","0"
"According to a poll 98 3 of college basketball fans feel that every Duke loss is like Christmas Thanksgiving and t","0"
"Otter A lil sketch turns out it s way harder to walk by the time your belly starts beating the ground each time you take a step","0"
"Me walking into the kitchen on Thanksgiving","0"
"Bringing in 42 in prayer and thanksgiving Thank you JESUS for another one","0"
"I think it s more like war on Halloween or war on Thanksgiving","0"
"Greer showing up to thanksgiving ShesGottaHaveIt","0"
"hits the streets to find out just how much people know about Thanksgiving","0"
"Just in time for Thanksgiving RT amp Follow for a chance to win these World of Warcraft and Hear","0"
"Gotta sous vide and am already a big fan of s running column","0"
"Spice up your pre Christmas celebration with some fairy fun","0"
"golden when u finally get to sit at the grown up table on Thanksgiving and you re introduced to a whole new gossip","0"
"I always wondered what the Macy s Thanksgiving Day Parade would look like if directed by Leni Riefenstahl","0"
"happy thanksgiving","0"
"IllNeverSee the Oscar Meyer Weiner mobile unless i m at the Macy s Thanksgiving Day Parade","0"
"I m thankful for a lot this thanksgiving including a president who doesn t put up with liberal bs","0"
"American as P iTunes","0"
"According to a poll 98 3 of college basketball fans feel that every Duke loss is like Christmas Thanksgiving and t","0"
"According to a poll 98 3 of college basketball fans feel that every Duke loss is like Christmas Thanksgiving and t","0"
"As requested 2017 Kindergarten Thanksgiving Cookbook enjoy","0"
"Me walking into the kitchen on Thanksgiving","0"
"First they host a vegan thanksgiving now they StandWithKeaton Titans woke af and my new fav nfl team","0"
"xxox happy thanksgiving everyone i m thankful for my family friends and ALL OF YOU thank you for your endless support and l","0"
"xxox happy thanksgiving everyone i m thankful for my family friends and ALL OF YOU thank you for your endless support and l","0"
"Peggy Kennedy I avoid absolutes Not every immigrant from v","0"
"xxox happy thanksgiving everyone i m thankful for my family friends and ALL OF YOU thank you for your endless support and l","0"
"xxox happy thanksgiving everyone i m thankful for my family friends and ALL OF YOU thank you for your endless support and l","0"
"xxox happy thanksgiving everyone i m thankful for my family friends and ALL OF YOU thank you for your endless support and l","0"
"xxox happy thanksgiving everyone i m thankful for my family friends and ALL OF YOU thank you for your endless support and l","0"
"In this episode of AllAccess we saw an exclusive screening of s hosted a Thanksgiving dinner f","0"
"Are there any of the Thanksgiving Pringles sets left If so is there any way possible I could","0"
"college student timeline thanksgiving pure fucking chaos christmas","0"
"xxox happy thanksgiving everyone i m thankful for my family friends and ALL OF YOU thank you for your endless support and l","0"
"LOL Thanksgiving with This is an actual home video via","0"
"Nieya You really get dressed to go sit in the living room all day Happy Thanksgiving","0"
"Happy Thanksgiving What are you thankful for","0"
"BONIA LMFAOOOOOOOOOOOOOOOOOOOOOOO IM FUCKING CRYING My cousin brought her bf over for thanksgivi","0"
"I need a fill in haven t been since thanksgiving and i just got home it s a must i go","0"
"Happy 50 to me Happy Thanksgiving Time to give Heheh","0"
"We bought a ton of games during the ps4 s thanksgiving weekend sale and I have not touched one of them be","0"
"Now that Thanksgiving is over","0"
"Omg in cws worship service Teacher So what are ways we prepare for the thanksgiving worship service CWS Brother Dont","0"
"HumanRightsDay Do whatever you wanna do Peace Joy Self respect Thanksgiving amp Being Loyal to others MAKES","0"
"At the dawn of time the children said that a spirit of thanksgiving with number years from your life is known t","0"
"Before and after from an extremely gloomy Thanksgiving day involving a soothing drive through the forest and some heartfelt","0"
"What Does a Social Platform Have to Do with Thanksgiving Learn how Sarah Hale put her social platform to work to b","0"
"No Thanksgiving drama will ever top this","0"
"The fandom used to feel like a nice family dinner where everyone actually liked each other Now it feels like that awkwar","0"
"chanbaek in roommate looked like chanyeol brought baekhyun to his family s thanksgiving table","0"
"However my dad and his side of the family have said many homophobic and transphobic things around me This Thanksg","0"
"thanksgiving is over so now it s time to bring this back","0"
"VanDyke On this Thanksgiving Day I remember my friend American journalist James Foley who was kidnapped in Syria on Thanksgivi","0"
"We re thankful for you From all of us at OneMain we want to wish you and your family a happy and healthy Thanksgiving http","0"
"Kay Somers When they tell me to tone it down for the Thanksgiving party No thanks yeah right betch don t know what tone down","0"
"Hope you like the custard So many people don t but I love custard pie Usual","0"
"Me walking into the kitchen on Thanksgiving","0"
"Happy christmas Thanksgiving service todayyy","0"
"As requested 2017 Kindergarten Thanksgiving Cookbook enjoy","0"
"Drone footage captures tiger shark coming close to swimmers off Miami Beach over Thanksgiving weekend htt","0"
"FisherBang Thanksgiving 2017 moments captured grateful family love glorytogod","0"
"recreated your thanksgiving look on thanksgiving","0"
"The LORD is my strength and shield I trust him with all my heart He helps me and my heart is filled with joy I burs","0"
"The hero comes to us in our hour of darkness He is tall and strong and his armor is gleaming His words lift the people","0"
"On Thanksgiving Day 2014 Lacy was doing some routine traffic stops and happened to pull Korinne over Korinne tried to","0"
"gratitude Wishing you all a remarkable Thanksgiving weekend filled with gratitude","0"
"at thanksgiving my aunt talked about making jerk goat for christmas and if she doesn t come through she not welcome","0"
"i tried this on thanksgiving in new york amp honestly this shit good asf","0"
"Pumpkin Painting Pumpkin Macro Closeup Botanical Acrylic thanksgiving interiordesign","0"
"Queers 4 Palestine is like Turkeys 4 Thanksgiving day DrainTheSwamp MAGA Israel 1512815505","0"
"According to a poll 98 3 of college basketball fans feel that every Duke loss is like Christmas Thanksgiving and t","0"
"I m sorry about your parents love They seemed like such a sweet loving couple at Thanksgiving I never","0"
"Thanks We are late this year Usually tree is up the night before Thanksgiving","0"
"Missed getting the photo on Thanksgiving not tonight Thanks for the recipe love the hassleback au","0"
"Rohrabacher tweeted about Hungary out of the blue on Thanksgiving Day of all days Notorious Dutc","0"
"According to a poll 98 3 of college basketball fans feel that every Duke loss is like Christmas Thanksgiving and t","0"
"MESSAGE 2 ALL HATERS no i didn t quit making smoke trick vids my mom just took away my vape cause i was using it at th","0"
"God supplies you with enough for you to be content and through your thanksgiving you give to others too","0"
"Thanksgiving leftovers Turkey lasagna and turkey chili on my menu How are you using up your Thanksgiving leftovers","0"
"We partnered with to bring you healthy recipes amp best FoodSafety practices for the holidays Head over to htt","0"
"Thanksgiving","0"
"HF Happy thanksgiving I m thankful for","0"
"Do you know who doesn t give dogs scraps of turkey on Thanksgiving Satan that s who","0"
"Otter A lil sketch turns out it s way harder to walk by the time your belly starts beating the ground each time you take a step","0"
"food is the only reason to keep thanksgiving v","0"
"A Psychology Message Blends With Christmas Thanksgiving Victoria Advocate","0"
"Problem Solvers Thanksgiving with amp Puerto Rico puppy rescue adoptable puppies","0"
"Thanksgiving might have mashed potatoes but Christmas has THIS ChristmasDinner","0"
"Otter A lil sketch turns out it s way harder to walk by the time your belly starts beating the ground each time you take a step","0"
"The judge mental hating ass great auntie Not over the fact she doesn t get to host thanksgiving since that time people","0"
"Happy Thanksgiving USA","0"
"Happy Thanksgiving from Jewels My Love","0"
"According to a poll 98 3 of college basketball fans feel that every Duke loss is like Christmas Thanksgiving and t","0"
"RT DEAL GA to kick off the start of my thanksgiving break follow ALL rules to join mbf QRT this tweet tag me and use","0"
"97 Thank you I did it over thanksgiving break","0"
"It s kind of like Tannen s Thanksgiving conversation in the level of unique insights if Thanksgiving","0"
"I thank you Lord for noticing and bringing me from a mighty long way Gratitude Thanksgiving NewDay","0"
"Why Thanksgiving Should be a Daily Attitude Instead of a Yearly Holiday","0"
"finally imported photos from thanksgiving so here are nice photos of my baking projects","0"
"On Thanksgiving Day 2014 Lacy was doing some routine traffic stops and happened to pull Korinne over Korinne tried to","0"
"On this Thanksgiving we have so much to be thankful for our family friends amp the privilege to serve our nation On this day we wil","0"
"Thrilled to spend part of our Thanksgiving w the local Coast Guard station in Florida Thank you to all members of the military","0"
"God s Peace that Comes from Christ Rule in you Acting as Umpire Continually in your Heart Deciding and Settling with Finality","0"
"college student timeline thanksgiving pure fucking chaos christmas","0"
"Werewolf doodle done up while flying over the Thanksgiving holiday","0"
"Repost mickeyhousley Houston got Thanksgiving Chicago you Christmas and New Years Come","0"
"Taking the Thanksgiving family football game very seriously","0"
