us christmas killing liberals want women safe christmas parties horror watch fox,0
one favorite christmas videos,0
wanna spend christmas,0
want christmas two daddies,0
mother control y christmas tree roses amp baby's breath re real,0
dont add christmas movies december,0
bet speedy recovery guess ll thankful seeing christmas new year,0
christmas party's lit,0
anytime someone instagram something creative people no idea makeup assume re starting,0
td man fav place merry christmas,0
send thank cards letting us see true lindsey vonn sports,0
happy christmas want gf santa,0
best christmas oufit,0
anytime someone instagram something creative people no idea makeup assume re starting,0
honor christmas coming soon sister amp decided learn one favorite holiday songs ignore dan,0
bea arthur lgbt homeless shelter opens just time christmas another beautiful moment,0
enter universe one wears mask watch spider man spider verse trailer now theaters,0
adams welcome clickbait christmas,0
snsd girls generation merry christmas,0
imma just leave tl anyone wants get christmas,0
might last christmas hope not want survive keep writing keep loving wife fam amp friends keep fight,0
pensieve people pointing isn't james first christmas mnl kid really forgetful inaccurate dates,0
wife never forgets anything like married ghost christmas past,0
dad said wants christmas okay wellllllppp,0
tells children hospital asked santa clause peace world health love kindness,0
surprise cover kelly clarkson's every christmas youtube now single everywhere december,0
fish bowl lense actually comes handy zoolights christmas bilingualpride,0
one favorite christmas videos,0
m lil tipsy m sending funny christmas cards drop ur address want one lol,0
guess m getting christmas,0
happy early merry christmas everyone leave stockholm december december get money,0
pepero fansign op told sehun birthday christmas day stopped signing bit cr ddosehun,0
wanna order coffee maker blender christmas,0
can horn sound christmas bells pls,0
case wondering get christmas off everything free shipping,0
christmas special get discount every hair styles us season,0
since like days ago every president said u know re gonna say merry christmas thing,0
writing christmas wish list,0
junk bot like give guys early christmas presents will give guys gut knives,0
fowey senior citizens christmas lunch thank entertainment mysjaday,0
days christmas giveaway days knives winners day shadow dagger fade retweet follow,0
claiming tickets extended regiter now justlove,0
can christmas together make ornaments cookies ortega's dad,0
don't go broke christmas shopping nigga ain't,0
waldo christmas edition,0
abuelita says making one christmas que quieres,0
christmas time tampa,0
man just sent photo whole ass penis twitter dm's grandma follows twitter im realizing t,0
britt leighhh hahaha everyone understand christmas time,0
oh god please someone get christmas,0
first time don't know want christmas,0
mccoy de leon elisse joson unisilver christmas party,0
one favorite christmas videos,0
enter universe one wears mask watch spider man spider verse trailer now theaters,0
dear fbi witness hope safe upcoming testimony hillary's uranium one deal will make year t,0
christmas officially celebrate giving away festive radiance christmas gift set like amp retwee,0
bank stone set christmas tree brooch free just pay p amp p christmasgiveaway christmasiscoming gif,0
makada thank god christian president not afraid say merry christmas maga merrychristmas,0
since like days ago every president said u know re gonna say merry christmas thing,0
twitter minhyuk present please accpet t n accepted best christmas present ever,0
part want christmas don't understand,0
dear fbi witness hope safe upcoming testimony hillary's uranium one deal will make year t,0
want christmas sweaters,0
rt amp follow chance win funko shop days christmas exclusive freddy funko nutcrackers po,0
nickcordoba m giving everyone retweets puppy christmas,0
day seven adventgifts ealing mug know proud ealinger another great secretsanta idea ealing mu,0
bank accounts looking like family getting nice smile hug christmas,0
sang christmas songs yaaaaa,0
make fun nose call ugly say no friends no child ever feel way,0
rt amp follow chance win funko shop days christmas exclusive firehouse huckleberry hound,0
trump miracle american manufacturing added new jobs november years since election t,0
one favorite christmas videos,0
christmas shopping josh like,0
annual ugly christmas sweater party success calgary alberta,0
getting christmas spirit two favorite girls blessed girlfriend sister absol,0
anytime someone instagram something creative people no idea makeup assume re starting,0
anytime someone instagram something creative people no idea makeup assume re starting,0
dear fbi witness hope safe upcoming testimony hillary's uranium one deal will make year t,0
cant wait get first kiss christmas missile toe,0
played want christmas mariah carey warehouse party last night n whitest mosh pit broke https,0
next stars ang panday makiki christmas party asaphappyholiyey,0
trek remedy christmas tree just always wanted yaybikes instabike trekbikes,0
enter universe one wears mask watch spider man spider verse trailer now theaters,0
palestinian christians switch off christmas tree lights protest trump's claim jerusalem belongs israel http,0
world needs christmas dogs,0
want christmas sweaters,0
trump miracle american manufacturing added new jobs november years since election t,0
want christmas sweaters,0
miss way christmas felt lil,0
hey babes last minute lazy christmas look hope guys like please tag,0
fam please help really want christmas present rt like won't hurt rtxrt just dm,0
nathan n isabella astros christmas lights houston heights texas,0
ico investors christmas coming earlier contribute cointed ico project,0
want dad christmas want hug tell love,0
screw saying merry christmas people m going saying people now dinah leona christ,0
ooohhhhhh gay christmas blinksssssssss blackpink sbsgayodaejeon,0
merry christmas,0
enter universe one wears mask watch spider man spider verse trailer now theaters,0
tell gift want christmas vicious lol hehehe,0
hi friends followers mutuals ll mailing written notes christmas don't need best fri,0
selam lingerie christmas video funny cause every girl saying can't wait dress like man lol wa,0
dm twitter boo tell wanna unwrap christmas screen shot results,0
put santa hat head get christmas spirit,0
want christmas fn scar giving one away gungiveaway scar fde enter,0
christmas coming sk's christmas collection tap also feel free ch,0
true story year old daughter made snow girl using dead leaves tears crying kid becaus,0
entered christmas giveaway chance win makeup toys skincare,0
first christmas years m single m accustomed going amp spoiling someone yes,0
awesome speech pensacola florida potus speech great,0
days christmas treat sense habitat spa salon,0
two hearts find christmas asmsg iartg romance,0
enter universe one wears mask watch spider man spider verse trailer now theaters,0
christmas course,0
annual go go giveback charity christmas concert sat dec ft go go stars w,0
merry christmas mr president,0
hyers christmas,0
want christmas now get lol,0
idea christmas whether old fashioned modern simple loving others bob hope merrychristmas https,0
anniversary game christmas weeks m juiced,0
m sitting underwear eating applesauce cup watching nightmare christmas life,0
bitter hateful years obama administration sure refreshing see president absolut,0
bite win ll see christmas take canberra,0
christmas lights awesome,0
pastle bubble christmas day,0
katycats wig hey hey hey music video coming next week katy new christmas shoe collection now,0
trump miracle american manufacturing added new jobs november years since election t,0
early christmas present bf meet dolce,0
icymi year old survivor church shooting wants christmas cards,0
brother got girlfriend less month lush bath bomb set christmas m sick,0
timeless style made everyone order december receive items christmas,0
watch fox complains women reporting rape will make christmas parties less festive via,0
want christmas pug,0
hunt man loves christmas much,0
anytime someone instagram something creative people no idea makeup assume re starting,0
jenna amp tom queen victoria prince albert victoria christmas special,0
will james first christmas manila always celebrate outside country daw will,0
ford t bird happyholidays christmas,0
awww look baby total christmas mood singing christmas carols happy holidays,0
played want christmas mariah carey warehouse party last night n whitest mosh pit broke https,0
pepero fansign op told sehun birthday christmas day stopped signing bit cr ddosehun,0
bought bitcoin will pick random people retweet give one mer,0
world needs christmas dogs,0
enter universe one wears mask watch spider man spider verse trailer now theater,0
entered huge christmas giveaway check,0
pick n pay help need comes recipes christmas need hand,0
wanna go see christmas lightssss,0
vintage enesco santa's golf tips christmas ornament via veeseller,0
shy scared teen people just assumed asshole hated everyone now just,0
icymi payback donald trump jr just lit cbs news like rockefeller center christmas tree,0
make fun nose call ugly say no friends no child ever feel way,0
someone wants watch elf followed grinch drink hot chocolate go look christmas lights,0
tensions got high work christmas party tonight,0
update fortnight long vacation will celebrate christmas n's birthday december,0
fox news host laura ingraham thinks women reporting rape will make christmas parties less festive year,0
enter universe one wears mask watch spider man spider verse trailer now theaters,0
miss way christmas felt lil,0
want christmas vlogs,0
courageous stood feet heel spurs bravely saying merry christmas waaaaa,0
rt amp follow chance win funko shop days christmas exclusive flocked trix pop,0
omalley around say merry christmas people don't run lives hear sirens rejoice happ,0
last year december dropped mightelele dec dropping fresh hits christmas beyond eomalbum featurin,0
tis season m gonna grant christmas wish whoever nice list spoil make cut,0
christmas pillow christmas pillow festive decoration,0
christmas favorite holiday,0
bts confirmed attend sbs gayo daejeon dec performing christmas day,0
snows texas calls classy christmas celebration,0
merry christmas hope not store display,0
according poll college basketball fans feel every duke loss like christmas thanksgiving t,0
anytime someone instagram something creative people no idea makeup assume re starting,0
twitter shownu always like every year starshipplanet coming happy thay gather together t,0
kt just wanna watch christmas movies cuddle,0
christmas coming fast,0
still hoping christmas miracle will announce australian joanneworldtour dates,0
junk bot like give guys early christmas presents will give guys gut knives,0
wanna spend christmas,0
spicy christmas,0
not sure enough room giant christmas tree,0
enter universe one wears mask watch spider man spider verse trailer now theaters,0
m not going hide anything older either asks dad wasn't around m,0
pepero fansign op told sehun birthday christmas day stopped signing bit cr ddosehun,0
jitzel want watch christmas movies drink hot chocolate cuddle,0
always wanted go see christmas lights someone special nope probably ain't gonna happen,0
since like days ago every president said u know re gonna say merry christmas thing,0
watch fox complains women reporting rape will make christmas parties less festive,0
entered huge christmas giveaway check,0
official beatles fan club christmas records perfect retro gift santa mrs claus forbes,0
texted friends didn't come christmas party rubbed face missed best party year,0
want derrick rose jersey christmas new vans,0
christmas giveaway pt love album worldwide read info rt amp follow participate album amp ph o,0
us christmas killing liberals want women safe christmas parties horror watch fox,0
finally leader unafraid boldly proclaim two simple beautiful words merry christmas,0
still haven't seen christmas lights someone take,0
reallllllyyy want go see christmas lights zoo,0
iconic houston christmas shopping video,0
enter universe one wears mask watch spider man spider verse trailer now theaters,0
taeyeon's winter album christmas winter coming features eight tracks including lead track thischristmas,0
christmas beauty giveaway follow amp rt win simply follow amp rt pinned tweet win amazing u,0
jon kennedy goose getting fat nowplaying,0
mannnnn christmas break m trying,0
cold outside m trouble deciding whether stay home sit front fire stay warm amp wa,0
gibbss girl just said alexa know time confused someone bring amazon,0
christmas factory style,0
wants waifu pillow christmas,0
christmas little early get chance take winter intensive f r e e w,0
check beautiful must read romance date christmas novel,0
surprise cover kelly clarkson's every christmas youtube now single everywhere december,0
since like days ago every president said u know re gonna say merry christmas thing,0
m pumped christmas honestly real christmas gift gonna seeing boo,0
almost months grenfell government's promises lie tatters half grenfell families still hotel rooms,0
enter universe one wears mask watch spider man spider verse trailer now theaters,0
us christmas killing liberals want women safe christmas parties horror watch fox,0
public service announcement whoever keeps messing mom's christmas decorations firmly applaud please,0
fixed christmas year rudolph finally shuts santa ruthless opportunism,0
trump miracle american manufacturing added new jobs november years since election t,0
retweet snowflakes see tweet merry christmas liberal marxists storm unite con,0
haunted mansion super cool nightmare christmas stuff neat feel like see,0
people unaware celebrate christmas every day december just really feel bad people,0
mother control y christmas tree roses amp baby's breath re real,0
want christmas sweaters,0
went go see christmas lights tonight surprised many houses keep christ christmas lawns,0
bought bitcoin will pick random people retweet give one mer,0
hey hey come come lil closer listen real close hear jingle bells ch,0
kinda wanted get friends something christmas no money m little sad,0
actually nitwit obamas tweeted merry christmas every single year don't u tiny bi,0
listening christmas music hubz might stab dump side,0
tash christmas tree yay christmas christmastree,0
retweet love litecoin want see super sayin break christmas ltc litecoinnews,0
christmas shopping week,0
just retweet follow will entered win winner announced christmas rttowin follow rtandfollow,0
jesus christ born celebrate christmas celebrate jesus christ gift love joy peace happiness,0
helping set christmas tree,0
want christmas sweaters,0
happy holidays de leons dm christmas card bykuria,0
thank ksa warm hospitality happy grateful share success last night's concert,0
toronto hoodmans decorate christmas tree,0
wanna buy christmas socks somoeone,0
badholidaycards wish anal christmas happy lubed rear,0
pussy not christmas present,0
cooks yes say thank every last one merry christmas america h,0
please rt midwives maternity support workers obstetricians maternity staff will helping wome,0
nah man huge assed husky plushy christmas gift lol,0
last christmas gave chart next day gave away year save tears ll give,0
sweet girl pro love always good luck burgh c u christmas hugs gram,0
highley want christmas pt come,0
meze challenge everyone clothing line give random kid outfit clothing line free christmas,0
start making christmas cards bec want give fam friends want personalized,0
mom hey christmas movie wanna watch idk im kinda tired mom rankin bass,0
working christmas photos today m dreaming white christmas pinotgrigio sexysaturday,0
enjoying wehs fca christmas get together christian friends,0
enter universe one wears mask watch spider man spider verse trailer now theaters,0
christmas wwii via,0
not sure enough room giant christmas tree,0
truly obsessed christmas album,0
bubby said ever said merry christmas d end buffalo right,0
much awaited day kisston shippers re overjoyed sharking amp s,0
can tell m love twt btsarmy christmas christmasstocking doityourself,0
god good true commander chief bringing god amp merry christmas back white house wil v,0
cant wait get first kiss christmas missile toe,0
rt amp follow chance win funko shop days christmas exclusive firehouse huckleberry hound,0
company christmas party bonus next friday ugly sweater party next weekend great,0
really miss good ol days barack obama president saying merry christmas public punishable deat,0
also autographing special christmas photos holiday show,0
dominick donkey iconic christmas song just heard first time changes everything mov,0
merry christmas chemistree instructions cut copper triangles cut slit bottom one top slide t,0
actually got see skate previous winter olympics grade ye,0
catmas christmas cats thing,0
billion christmas cards end trash year see badholidaycards environment stop shit,0
feeling like christmas time at's jingleballnorth toronto ready htt,0
evolution war christmas play four acts,0
make fun nose call ugly say no friends no child ever feel way,0
want holiday season christmas album,0
christmas coming fast,0
make fun nose call ugly say no friends no child ever feel way,0
mother control y christmas tree roses amp baby's breath re real,0
full eng present edition members christmas wishes song reviews thanking speeches link,0
someone wants watch elf followed grinch drink hot chocolate go look christmas lights,0
just want make cute lil gingerbread house decorate cookies watch christmas movies amp listen christmas music,0
retweet snowflakes see tweet merry christmas liberal marxists storm unite con,0
merry christmas sperm bank,0
pepero fansign op told sehun birthday christmas day stopped signing bit cr ddosehun,0
dear fbi witness hope safe upcoming testimony hillary's uranium one deal will make year t,0
heads socal trying find connie home christmas got one least rt ht,0
snows texas calls classy christmas celebration,0
aj christmas lights aren't thing getting lit tonight,0
styles still feel like early say merry christmas just not,0
im excited christmas year,0
ryland lost mom two sisters sutherland springs church shooting family asking can send chris,0
want try iceskating christmas first time skate aids available hire help build yo,0
aint nobody getting shit christmas,0
junhoe christmas something want try jinhwan want try dating ikonxm,0
jam coming christmas,0
make fun nose call ugly say no friends no child ever feel way,0
hope someone gives pretty pup forever home christmas cold amp needs love warmth food amp p,0
almost christmas,0
enter universe one wears mask watch spider man spider verse trailer now theaters,0
writing christmas wish list,0
can't decide re christmas emo spirit,0
need christmas,0
santa joins lubbock bands volunteers street annual miracles christmas parade,0
bank accounts looking like family getting nice smile hug christmas,0
happy holidays pitcher elena valenzuela catcher alyssa rios ss savannah tourville senior year christmas party,0
badholidaycards really want see christmas release restraining order woul,0
nowplaying mill city radio finally christmas hanson christmasmusic,0
sent santa christmas list not sure m ll fulfilled,0
hi loves another giveaway friday freebie bundle win gifts amp,0
llexiiss need christmas socks asap,0
don't know want christmas,0
santa joins lubbock bands volunteers street annual miracles christmas parade,0
huge christmas makeup giveaway gift ideas via,0
junk bot like give guys early christmas presents will give guys gut knives,0
listen sing christmas smule singkaraoke,0
trump miracle american manufacturing added new jobs november years since election t,0
story christmas quite saga jesus poor immigrant d never welcomed us maga badholidaycards,0
hi happy holidays m lonely hoping someone will tweet back ive single yrs daughter needed long,0
christmas want free,0
cuddle blankets throw christmas movies day time year,0
someone wants watch elf followed grinch drink hot chocolate go look christmas lights,0
video celine dion sings chestnuts roasting new handbag dept store collection via,0
cuddle watch christmas movies type weather,0
hours upcoming week starting tomorrow come see m must list year,0
spoil christmas amp ll spoil back ll opening gifts chat room well,0
still needa get christmas gifts friends fuck,0
take christmas christmas movie get fucking movi,0
going christmas shopping money prank chris via,0
cool things abt tonight mt eddy covered strokes moshed christmas songs w regrettes went,0
cosy knits sparkling accessories pretty dresses shop ultimate christmas style store online now htt,0
merry christmas ateneo,0
will try release skyblock server around christmas,0
rt amp follow chance win funko shop days christmas exclusive firehouse huckleberry hound,0
tree won't thing lit christmas,0
chanwoo's christmas abs,0
enter universe one wears mask watch spider man spider verse trailer now theaters,0
ll home christmas tony bennett nowplaying,0
wants go christmas shopping soon lol,0
elf will forever greatest christmas movie,0
surprise cover kelly clarkson's every christmas youtube now single everywhere december,0
junk bot like give guys early christmas presents will give guys gut knives,0
exo special winter album giveaway free shipping international exo ls albums amp freebies ends,0
win christmas jumpers will force tonight rt enter chance win cadbury christmas ju,0
much awaited day kisston shippers re overjoyed sharking amp s,0
boat went christmas party instead watching stars lose sports way kicking,0
want set comfortable christmas pajamas,0
turned off hateful eight not quite ready hear many white people say nigger southern ac,0
uk secret santa made easy follow rt chance win stash fisherman's friend just time christmas,0
remind never go laura ingraham's christmas parties baby cold outside plays loop people,0
ly vlive share giveaway ll sharing vlive account armys early christmas follow rt dm t,0
little christmas tree cheer,0
cuddle blankets throw christmas movies day time year,0
christmas party's lit,0
keep catering ignorant base literally dozens videos obama saying merry chr,0
one favorite christmas videos,0
friend got bi pride flag christmas started sobbing,0
anytime someone instagram something creative people no idea makeup assume re starting,0
icymi payback donald trump jr just lit cbs news like rockefeller center christmas tree,0
bitcoin giveaway retweet like follow ll reveal winners christmas,0
world needs christmas dogs,0
miss way christmas felt lil,0
m small paintings friends christmas gifts whoever gets one better appreciate bc bee,0
ll meet christmas isle looked already getting full cart ran off t,0
beginning look lot like christmas newyorkcity nyc travel christmas xmas,0
miss way christmas felt lil,0
columbus trends now ohio marysville christmas trump jackets,0
yes true except djt enjoys good rape story also seems drawn towards incest tales well,0
turned off hateful eight not quite ready hear many white people say nigger southern ac,0
russ christmas wh smith can save now variety gaming pleasures retrogaming,0
game aaron sorkin's mollysgame makes's top best movies see select theaters christmas day everywhere j,0
pushpay christmas party fancy bell harbor international conference center,0
phoenix trends now trump valley arizona christmas president,0
feeling christmas break,0
icph ang bilis ng panahon days na lang bago mag pasko done christmas shopping yet not better star,0
will missing first time life annual joaquin christmas party saaaad,0
rt,0
first christmas tree gone syria's aleppo one year ancient city liberated obama hilla,0
surprise cover kelly clarkson's every christmas youtube now single everywhere december,0
bank accounts looking like family getting nice smile hug christmas,0
metoo movement becoming spoiler season's christmas parties words actually came,0
got many nieces nephews buying shit christmas bouta just get money call day,0
beautizmlove eyes magic lights amp sounds christmas one made spirit sing loud,0
carly rae jepsen comes christmas album u hoes,0
got christmas hat today blue instead traditional red love christmas winter,0
christmas just around corner ask congress give million american children early present,0
rt win christmas shopping must following ig urbanxdoll can gift cards paypal xo,0
buy christmas get older dump shelter lifelong commitment love whole,0
waddy little finger,0
cant wait get first kiss christmas missile toe,0
made christmas card ibm mainframe writing assembly program punch cards,0
bought bitcoin will pick random people retweet give one merry,0
rt amp follow chance win funko shop days christmas exclusive wonder woman pop,0
christmas candy best candy,0
not sure enough room giant christmas tree,0
nice pest character drinking trip woods barrel aged islay fog black christmas,0
turned off hateful eight not quite ready hear many white people say nigger southern ac,0
huey freeman brings truth christmas let ears hear boondocks,0
christmas giveaway pt love album worldwide read info rt amp follow participate album amp ph o,0
m mood christmas song,0
walk raw deal competition voucher grabs enter canalwalk h,0
played want christmas mariah carey warehouse party last night n whitest mosh pit broke,0
don't think christmas will truly feel like christmas children m making magical,0
watched christmas runaway thingi cry,0
december u know means bitch wants cuddled kissed fireplace cup hot coco,0
really hope year luke leia finally accept christmas dinner death star invitation kn,0
us christmas killing liberals want women safe christmas parties horror watch fox,0
lollipop d surprised people swarm parks christmas day,0
junhoe ve wanting something special christmas want family warm home drinking warm al,0
not really much want christmas besides one thing,0
reunion cardinal dolan christmas lunch,0
thank staff manoavalleytheater wonderful christmas treat always,0
races sales villiers day always good day race always exciting christmas cup good,0
fedemployee celebrate jesus bunch white supremacist racist bigots want remove healthcare less fortunate,0
trump train christmas special holiday treated obama shamed using merry christmas u,0
christmas time,0
bought bitcoins will randomly pick people retweet give one,0
want guest christmas parents want meet boyfriend sorry stopped,0
suzerain m dropping christmas album weekend straight outta chimneys s gon give ya ve good,0
badholidaycards child christmas santa isn't real re adopted love fake mom dad,0
hey ordered signed print will chance will delivered christmas thanks,0
christmas camera amp phone family well off time period,0
raffle decided free mini companion mini sculpture giveaway character christmas follow,0
breaking patients waiting hospital care news varadkar considering wearing particularly,0
can imagine world santa just venmo money christmas like wow,0
top things christmas wizarding world harry potter,0
omygod christmas party near house playing psy's new face,0
,0
totems celebrating aldergrove christmas parade acsstotems,0
rae xylophonic christmas tree picks wooden christmas tree plays yankee doodle,0
make fun nose call ugly say no friends no child ever feel way,0
feeling like christmas time at's jingleballnorth toronto ready htt,0
merry christmas america,0
ve card sitting around thought d finally post merry christmas everyone,0
love christmas,0
former homeless man credits ugm christmas dinner saving life,0
featured sandie burchell designer twins amp friends golden floral christmas gift box lovely chris,0
not christmas till ive seen,0
shop london lets people buy presents refugees just time christmas,0
president best president ever can't say enough merry christmas https,0
eeeee god will touch account christmas,0
love gayla peevey christmas hippo song via,0
styles merry christmas everyone tomorrow hope lovely one well spent good tidings h,0
princess christmas,0
trump miracle american manufacturing added new jobs november years since election t,0
selam christmas spirit,0
twitter funnyfriday funny fun sexy christmas illustration holiday song classic xmas tree santa lyrics,0
christmas coming fast,0
merry christmas playing viewers,0
mbn boo christmas shit,0
highley want christmas pt come,0
driving home christmas,0
day already competition today ve teamed offer chance,0
ly vlive share giveaway ll sharing vlive account armys early christmas follow rt dm t,0
honestjohn giving away one christmas competition spot prizes today just retweet chance winning h,0
o n l y d y s,0
christmas rudolph finally realizes self worth shuts santa,0
coworker didn't come christmas party ignores snapchat coworker wyd,0
can't wait live home one house street super extra christmas decorations,0
wants waifu pillow christmas,0
just created christmas music playlist just hope enjoy new stuff old stuff,0
bought bitcoin will pick random people retweet give one mer,0
pepero fansign op told sehun birthday christmas day stopped signing bit cr ddosehun,0
wants ivory christmas stop extinction trade noivoryeu,0
coming son brings hope fatherless overlooked prophecy points t,0
enter universe one wears mask watch spider man spider verse trailer now theater,0
uurggh getting time year no not christmas tax return time need know bl,0
video don't performing kiss christmas tonight december,0
can purchase robot version xxx merry christmas,0
groyper christmas lot potential everyone talking w relatives profits,0
kt just wanna watch christmas movies cuddle,0
ly vlive share giveaway ll sharing vlive account armys early christmas follow rt dm t,0
says noticed men trash post gone nearly across social media platforms christmas must,0
first snow fall mom earth m setting christmas tree,0
much awaited day kisston shippers re overjoyed sharking amp s,0
not sure enough room giant christmas tree,0
christmas coming soon santa didi give luckiest people good present's want,0
diy christmas decor sons sylvanianfamilies house amp love turned pop blog,0
just time christmas heartlessgop theresistance,0
enter universe one wears mask watch spider man spider verse trailer now theaters,0
looking christmas craft make kids not make super cute reindeer pom poms pipe c,0
since like days ago every president said u know re gonna say merry christmas thing,0
done quickie christmas dino pecs professor walks class wearing wdyd h,0
enter universe one wears mask watch spider man spider verse trailer now theaters,0
e m toddler bedroom christmas makeover christmas pbloggers,0
adarsh enter universe one wears mask trailer upcoming animated superhero film spiderman intot,0
christmas come early,0
yun since christmas abs chanwoo nooooooo quiet shut,0
one favorite christmas videos,0
dear fbi witness hope safe upcoming testimony hillary's uranium one deal will make year t,0
whoever designed coke christmas bottle deserves pay rise,0
sorry ladies says don't let men grope public re part waronchristmas,0
wanna spend christmas,0
cant wait get first kiss christmas missile toe,0
today good day makeup bomb always talked old talked old crush talked new crus,0
sunday christmas feels merry christmas amp,0
last year december dropped mightelele dec dropping fresh hits christmas beyond eomalbum featurin,0
want christmas new friends,0
enter universe one wears mask watch spider man spider verse trailer now theater,0
christmas witness adventure lifetime amazonobhijaan releasing december,0
really just need camera christmas,0
top everyone's wishlist christmas snl,0
sunday funday fun decorating christmas tree sundayfunday familytime,0
need christmas music album will suggest thepeaceproject beautiful songs,0
just great movie everyone needs watch around christmas,0
christmas lied center dec get ticket now,0
astonishing special performance thenutcracker today christmas tale bought spectacular life dancers inclu,0
kynb just want puppy christmas,0
beautiful morning christmas first,0
vlogmas day mom reacts wedding vlogmas momreacta,0
turned off hateful eight not quite ready hear many white people say nigger southern ac,0
o n l y d y s,0
kind christmas tree,0
seventeen teen age album giveaway winners rt follow enter ww ends christmas teen age,0
will james first christmas manila always celebrate outside country daw will,0
family fun christmas jumpers get time christmas jumper day ladies https,0
can purchase robot version xxx merry christmas,0
don't work christmas year gt gt gt gt gt,0
christmas advent calendar day retweet follow us tell us ever won giveaway,0
paypal giveaway enter rt tweet follow reloads picking winner,0
lucky friends no kids will seen star wars time next weekend will see christmas,0
wanna spend christmas,0
got loves christmas presents ready can't wait see reaction,0
saturday night slippers sweats going buy christmas tree new definition happiness,0
humira arthritis back good ever since took round ster,0
fam please help really want christmas present rt like won't hurt rtxrt just dm,0
little finger first day christmas true savior sent donald j trump oval office world see,0
can purchase robot version xxx merry christmas,0
excited christmas,0
bbc news ed sheeran beyonce locked christmas number one,0
since like days ago every president said u know re gonna say merry christmas thing,0
christmas decorate trees festive lights ornaments real tree christmas story wasn t,0
bts confirmed attend sbs gayo daejeon dec performing christmas day,0
anytime someone instagram something creative people no idea makeup assume re starting,0
ve reached day no kardashian khristmas dream,0
whoever designed coke christmas bottle deserves pay rise,0
beginning look lot like christmas,0
baby will get meet russian grandparents christmas,0
first snow season nyc newyork centralpark snow nature naturelover iphone christmas bucketl,0
junk bot like give guys early christmas presents will give guys gut knives,0
christmas coming fast,0
just retweet follow will entered win winner announced christmas rttowin follow rtandfollow,0
lives christmas midnight dc theanthem fantasia tasiasword mrstaylor,0
becky's christmas wish list b o y f r e n d,0
sci christmas parade good job band color guard,0
enter universe one wears mask watch spider man spider verse trailer now theaters,0
td sonic hedgehog christmas locks best friend outside harsh winter lets xenomorph,0
anytime someone instagram something creative people no idea makeup assume re starting,0
much awaited day kisston shippers re overjoyed sharking amp s,0
getting ready christmas bunch cute festive items etsy shop jewelry,0
islamic cleric saying merry christmas worse murder howiruinedchristmas saturdaymorning amjoy,0
twelfth day christmas robert mueller showed jared emails flynn phone calls minutes pee,0
needa go christmas shopping pero like don't know even start,0
ima need someone edit video hardcore show pit mute concert play want christmas,0
wow total toys collected year's annual spray rite customworks toy toss game thank,0
many dicks take get bottom find christmas https,0
day earth song michael jackson hit uk remained weeks becoming christmas,0
y consider driving around looking christmas lights date,0
small christmas decorations room window,0
not sure enough room giant christmas tree,0
m just tryna cuddle watch christmas movies,0
ph exo winter album hope y like will two winners merry c,0
many red gonna streets christmas running bulls can break street everyone jo,0
m going write thread nicest christmas gift ever received nine years old think cost pers,0
anytime someone instagram something creative people no idea makeup assume re starting,0
merry christmas donald trump awesome speech don't want go work higher wages sounds goo,0
s game smokies take big win west kelowna tonight final score goals jones tuck amp ghantous,0
students came support mbb annual christmas slam,0
happy christmas,0
whatever reason sexually assaulted harassed just puts us less christmas spirit guess,0
miss way christmas felt lil,0
anytime someone instagram something creative people no idea makeup assume re starting,0
years ago tonight charlie brown christmas premiered world heard magical soundtrack vince guaraldi,0
midas touch skincare perfect gifts beauty buff christmas list year head online,0
yes lead us war christmas never existed people whiny bitches,0
christmas time get depresstive,0
mean seriously re just exploiting christmas political gain shove chimney,0
much awaited day kisston shippers re overjoyed sharking amp s,0
liked video pictures nashville tn christmas parade,0
wrong bring keg office christmas party tomorrow,0
mccoy de leon elisse joson unisilver christmas party,0
trumps christmas list destroy democracy obliviate rule law create violence middle east,0
charlie brown christmas first broadcast tonight cbs,0
swearing raila odinga people's president republic kenya will take place december,0
avelamerrychristmas m soooo looking forward putting decorations house seeing children s,0
christian love bible christmas much prefer hang atheists refuse say,0
turned off hateful eight not quite ready hear many white people say nigger southern ac,0
cant wait get first kiss christmas missile toe,0
took untangle christmas lights plus side now understand protein folding,0
enter universe one wears mask watch spider man spider verse trailer now theaters,0
decorated christmas tree twitter,0
selam christmas spirit,0
minecast christmas games part hide n seek via,0
d like take time personally thank mercuryretrograde issues giving double charge ev,0
rt follower merry christmas amp happy new year wings tour final essay book,0
rise shine compton christmas parade time honor apart special event com,0
dear state students please quit talking trash snow saying not even snow texas,0
compact mirror pocket round makeup vanity travel handbag christmas pre going fast,0
coming college given taste like not get sunday mornings m lovin,0
christmas light w baby,0
wondering many professed christians alabama will walk polling site two weeks christmas cast,0
land home voice matters speak heard fight fig,0
love told stories amp transitioned christmas covers originals,0
stay trend holidayseason latest newest arrivals,0
since like days ago every president said u know re gonna say merry christmas thing,0
enter universe one wears mask watch spider man spider verse trailer now theaters,0
make fun nose call ugly say no friends no child ever feel way,0
fedemployee celebrate jesus bunch white supremacist racist bigots want remove healthcare less fortunate,0
lloyd christmas spirit also bonus garbage doodles da stream,0
junk bot like give guys early christmas presents will give guys gut knives,0
two words morisoli vineyard days christmas day nine caberne,0
one favorite christmas videos,0
grenfell families remain homeless day grenfell families will wake christmas day hotel ther,0
young thug gets sword christmas,0
whoever designed coke christmas bottle deserves pay rise,0
chriiissstmaaasss season giving wearing flamboyant jumpers pick favourite nerdy christmas jum,0
someone wants watch elf followed grinch drink hot chocolate go look christmas lights,0
bitcoin giveaway retweet like follow ll reveal winners christmas,0
guess m loner christmas new years,0
land home voice matters speak heard fight fig,0
twice just unveiled full album details repackage album merry amp happy want ch,0
original poem mufc fan sky customers uk ire can watch classic manchester derbies free mu,0
singer chris rea stable collapsing stage oxford,0
need photo proof not getting christmas present,0
day earth song michael jackson hit uk remained weeks becoming christmas,0
chart bangers christmas classics get man can uk's top xmas albums th,0
christmas wallpaper pc,0
one favorite christmas videos,0
pascarellas got free people dress christmas knew loved,0
grandma said play christmas music played christmas fuck vybz kartel now wan upset cuz way,0
entered huge christmas giveaway check,0
christmas coming particular pink floyd items dropping heavy hints friends family,0
went christmas party came back feeling super drunk impossible since drank not ounc,0
goodmorning look new starbucks christmas mug darn cute,0
adarsh enter universe one wears mask trailer upcoming animated superhero film spiderman intot,0
selam christmas spirit,0
almost christmas,0
enter universe one wears mask watch spider man spider verse trailer now theaters,0
bought bitcoins will randomly pick people retweet give one,0
junhoe christmas something want try jinhwan want try dating ikonxm,0
never felt christmas spirit ever since still kid,0
hey aus car mobs elderly lass mate gunna get,0
fast forward sa christmas party pleeeaaase,0
mo't amp chandon christmas tree silo district made thousands recycled bottles,0
picked older woman side road today ran gas drove around get gas got ho,0
gaming gaming xboxone xbox videogames gtav gmod prop hunt funny moments christmas halloween garry's mod,0
done christmas shopping leadt m not late last year,0
christmas rudolph finally realizes self worth shuts santa,0
check christmas holiday events around las vegas valley including cactus garden,0
sfm re texture ideas characters somewhat christmas themed characters don't lot custo,0
things go nyc christmas,0
anytime someone instagram something creative people no idea makeup assume re starting,0
don't enough money left buy family christmas presents anymore don't blame not fault ha,0
attention walmart shoppers christmas miracle aisle,0
wish black christmas shelly,0
hoe favorite christmas song,0
merry christmas amp melania beautiful family,0
just want ever know make wish come true want christmas youuuuuu http,0
stopped ran krampus always something new come luv place bagans,0
just received christmas card alabama's best christian,0
christmas party success,0
christmas station radio date,0
christmas frappuccino pepermint mocha frappuccino no coffee matcha whipped cre,0
miss way christmas felt lil,0
looked around festive christmas tree twinkling lights sprinkling christmas cards reminded th,0
want christmas moment silent life tranquil relationship everyone just good,0
cuddle blankets throw christmas movies day time year,0
says noticed men trash post gone nearly across social media platforms christmas must,0
december u know means bitch wants cuddled kissed fireplace cup hot coc,0
another successful grace chapel ya christmas party books,0
since like days ago every president said u know re gonna say merry christmas thing,0
wellllll merry fucking christmas laura,0
not going good enough christmas not going good enough christmas not going good enough,0
catch elmo janella later just love abs cbn christmas bazaar,0
added video playlist nate's christmas questions vlogmas day,0
anytime someone instagram something creative people no idea makeup assume re starting,0
just want boyfriend will dance ed sheran light mini christmas tree much ask,0
didn't white house invite prominent lgbt journalist christmas party,0
thinking obama launching war christmas like thinking trump launching war golf,0
whether like traditional twist range mince pies distinct taste says christmas,0
bruhhh mom really wearing pablo escobar ugly christmas sweater,0
mom pissed now lol going bring every christmas now haha,0
fox news host laura ingraham thinks women reporting rape will make christmas parties less festive year,0
want really nice beanie christmas thanks,0
annual girls christmas pajama party style bananasinpajamas,0
instagram taeyeon ss christmas taengstagram,0
gave guy ride sj rideshare bounced without paying gas usually charge blocked,0
just cause u don't look like someone u think attractive doesn't mean u aren't attractive flowers pretty ar,0
yo sister really outdid christmas year spoiled whole family,0
angel no way even seaworld christmas hope get huge christmas bonus sending energy,0
fuck merry christmas merry dedication,0
college student timeline thanksgiving pure fucking chaos christmas,0
m years old never without christmas eve x mad tradition no matter came hom,0
make fun nose call ugly say no friends no child ever feel way,0
will james first christmas manila always celebrate outside country daw will,0
christmas carolling loisa asapxtarlacsunday,0
boys paparazzi now christmas fucking cancelled,0
dear santa took time today read amp listen little boy wish professional amp compassionate,0
want christmas yoooou,0
primary rwa ready christmas celebration great work parwa parent community christmas tree looks great http,0
ly vlive share giveaway ll sharing vlive account armys early christmas follow rt dm t,0
since like days ago every president said u know re gonna say merry christmas thing,0
u can go shopping christmas u can go slecc comicon happening u can randomly go smwhr gossip,0
ptsd ghost christmas past depression ghost christmas present anxiety ghost christmas future,0
make fun nose call ugly say no friends no child ever feel way,0
december u know means bitch wants cuddled kissed fireplace cup hot c,0
years ago tonight charlie brown christmas premiered world heard magical soundtrack vince guaraldi,0
fellow liberals sorry announce war christmas cancelled trump said merry christmas,0
want christmas clear skin,0
one favorite christmas videos,0
everything proposed disney fox deal terrifying happy christmas,0
exo winter album giveaway spirit christmas amp officially months fandom giving away copi,0
mother control y christmas tree roses amp baby's breath re real,0
santa's pole movie christmas december,0
wanna spend christmas,0
entered huge christmas giveaway check,0
mom new christmas hand towels wiped dogs muddy paws mom dumb just fucking,0
hey melissa true meaning christmas,0
full eng present edition members christmas wishes song reviews thanking speeches link,0
rt amp follow chance win funko shop days christmas exclusive clark griswold amp cousin edd,0
s game smokies take big win west kelowna tonight final score goals jones tuck amp ghanto,0
ready na ang kisses international team ek christmas fan fest support thank de,0
hanging dt san jose christmas event,0
every year around christmas start think poppi much wish still not many people,0
writing christmas list parents,0
anytime someone instagram something creative people no idea makeup assume re starting,0
theon greyjoy ll home christmas christmas eve will find lovelight gleams ll home f,0
letter jonghyun one christmas present done,0
suuuzy can't wait till get decorate house w christmas lights w love life,0
enter universe one wears mask watch spider man spider verse trailer now theaters,0
merry christmas deleon family asapwith mclisse,0
p know people keep like wow re christmas spirit already m like hi m jewish,0
ooohhhhhh gay christmas blinksssssssss blackpink sbsgayodaejeon,0
miss way christmas felt lil,0
beautiful morning christmas first,0
christmas doily vintage doily inches wide christmas sta vintagebynora via,0
turned off hateful eight not quite ready hear many white people say nigger southern ac,0
mayward dr alvin's christmas party moreinlove withmayward,0
want photo christmas follow matthewbongiovi instagram like photo random person will picked,0
miss way christmas felt lil,0
new bondage fetish clip added kinkbomb store take look,0
team plays together stays together team mad christmas party margarita madness,0
christmas station radio date,0
everyone christmas parties watching home alone,0
m trying bake christmas cookies loml wya,0
mother control y christmas tree roses amp baby's breath re real,0
merry christmas freak,0
talks christmas jun suddenly wishes aiba happy birthday thank ahh junbaaaaaaaaaa,0
badholidaycards wish anal christmas happy lubed rear,0
women gave price drink despite not pay cent tokens christmas party,0
excited watch kisses perfomance at's christmas fan fest official hashtag m,0
trump also hanukkah party obama made say happy holidays christmas trees holiday tree,0
christmas miracle right,0
ready volatility bitcoin listen bitcoinfutures cboe cme,0
excited christmas,0
kind glad m single bc bf def get spoiled christmas,0
bought bitcoin will pick random people retweet give one,0
broadway favorite christmas movie eddie can't see line can u russ wouldn't surprised,0
let christmas baking begin bet can't eat just one glutenfreegoodness christmasbaking gingersnap,0
time sign updates music drop date fans y merry christmas,0
christmas tree lighting fan fest demand ka baby girl ah lavetttt proud keep,0
today's nonsense mariah amp christmas,0
added video playlist christmas tree skirt transformation diy holiday skirt,0
christmas re years old vs christmas now,0
edys lk sulaiman terrace off jawatte road near english cake company reasonably priced christmas de,0
coworkers drank tonight christmas party ended throwing passed ve couple hours,0
don't go broke christmas shopping nigga ain't nigga,0
dogsoftwitter dog helped decorate christmas tree,0
will james first christmas manila always celebrate outside country daw will,0
rockin around christmas tree,0
junk bot like give guys early christmas presents will give guys gut knives,0
nuttin bettah dan christmas nue yawrk,0
emma tallest father christmas,0
no absolutely not mickey's christmas carol best old school disney great,0
carlosadrian mom papito play christmas music,0
us christmas killing liberals want women safe christmas parties horror watch fox,0
re dreaming black christmas just gifts get started,0
going make christmas videos,0
really hope year luke leia finally accept christmas dinner death star invitation kn,0
official no place world christmas like london,0
bf really bought christmas tree room cute whateva,0
primary grand christmas around world celebration rwa fabulous work parent association parwa,0
one week m performing lead violinist big christmas cantata rest firs,0
check clearance large kids sticker christmas bulldog scarf snowman dogs puppies sale handmade via,0
happy holidays justin bieber's christmas album,0
wow m buying christmas presents people just want boo buy,0
ly vlive share giveaway ll sharing vlive account armys early christmas follow rt dm t,0
rather christmas sweater like rt jack's like mark s,0
send thank cards letting us see true lindsey vonn sports,0
love show complete strangers just got fired hole ha,0
video rhs garden wisley lights shine christmas,0
someone wants watch elf followed grinch drink hot chocolate go look christmas lights,0
merry christmas com weren't change d no butterflies,0
limo ride vodka drive around looking christmas lights,0
toys donated christmas share hampers remax thank,0
throwback bengarrison cartoon twelve days christmas grrrgraphics style psst christmas cards,0
not sure enough room giant christmas tree,0
junhoe christmas something want try jinhwan want try dating ikonxm,0
sick af watching christmas movies,0
finished crazy eights table topper now onto rest christmas projects need,0
day already competition today ve teamed offer chance,0
nanaimo campaign filling shoeboxes gifts hope northern b c communities nanaimonewsnow staff nan,0
radcliffe christmas came early emotional dream tree won first grade donated,0
americans spending less christmas gifts year poll,0
exo winter album giveaway details giveaway will end christmas kst flops u never saw,0
tn way get touch keaton's family arrange way send keaton c,0
christmas almost upon us people start match matchingclothes,0
christmas c christ center h honoring god r remembering promises inner peace,0
morrissey cancels tomorrow's kroq christmas show,0
like christmas,0
turned off hateful eight not quite ready hear many white people say nigger southern ac,0
wanna go christmas tree lane,0
miss way christmas felt lil,0
enter holiday celebration destination sweeps amp make christmas jolly w,0
y new episode unwritable rant podcast posts tomorrow around cst ll talking penalty,0
makada thank god christian president not afraid say merry christmas maga merrychristmas,0
christmas shopping done funnytee funnyshirt foodpuns dadjokes,0
aston huge christmas haul dollar tree one dollar zone via,0
wondering many professed christians alabama will walk polling site two weeks christmas cast,0
christmas classic house,0
new video react feels cover disney holiday celebration dinah leona lewis christmas medley https,0
christmas shit,0
primary rwa smt ready deliver christmas presents staff,0
want christmas sweaters,0
red velvet joy x nct doyoung first christmas,0
missed sir ricky's christmas party last night missing pau's anniv later m homebody bed rest really sucks,0
final day lincoln christmas market cancelled due bad weather,0
christmas party,0
christmas looking like whole thanksgiving day lord mercy please,0
y consider driving around looking christmas lights date,0
bae yunhyeong since christmas abs chanu noooooooooo promised show abs kkkk chanu quiet shut,0
liked video christmas shopping boyfriend,0
watching christmas movies day,0
picked older woman side road today ran gas drove around get gas got ho,0
enter universe one wears mask watch spider man spider verse trailer now theaters,0
get free calendar template via easy affordable robust pdf solution,0
christmas festivities st louis zoo st louis best penguin habitat america one,0
getting christmas money realizing m poor child needs survive,0
know henry wadsworth longfellow wrote words carol heard bells christmas day,0
since like days ago every president said u know re gonna say merry christmas thing,0
new train coming spirit giving know someone needs boost plz let kno,0
monitors party yule log burning mariah carey's want christmas repeat,0
california central coast friends favorite local christmas event,0
anyone trying go watch christmas lights not play emotions,0
one time greatest christmas songs original ms ap,0
watch arthur christmas let inner child make happy,0
seventeen carat bong giveaway rt follow enter ww ends christmas,0
re privileged equality feels like oppression get re not writing merry christmas every fuc,0
dude thats family's christmas movie yrs time classic,0
land peace christmas gifts bethlehem st jean baptiste nyc,0
alarming number teens disappearing enfield london spoke relative one missing boys,0
one favorite christmas videos,0
ask court not worry ye shall speak shall given hou,0
definitely one favorite christmas videos,0
used love looked forward andy williams christmas every year,0
happy early christmas us can't handle shay red clothes lips always breathtaking,0
balitree christmas new year no,0
just entered massive amp partner christmas giveaway featuring amazing products,0
mom just dropped baby's first christmas ornament floor re fight will update u,0
christmas countdown days,0
christmas cheer saturday office,0
birthday days pitch perfect days christmas days next christmas days time t,0
another memorable lexus oakville christmas party hubby mc d,0
case godfather best non die hard christmas movie ever,0
want make difference christmas rescue wishlist something every budget bag cob bag,0
let begin wishing every one merry christmas said rally last night,0
seeing commercials people get dressed celebrate christmas home makes wonder anybody actually,0
guuuuys christmas planning give peso worth brand new art materials doncha worry abt shipping,0
ve hoping life eng ver christmas album now,0
check clearance kids sticker christmas dalmatians bag xmas decal dogs puppies sale square via,0
new app store christmas moji amp animated emoj zahid hussain,0
cuddle blankets throw christmas movies day time year,0
awesome awesome awesome christmas came early merry christmas president trump,0
lottie team lottie travelling london heathrow virgin atlantic lounge new york flying home christmas,0
can't decide re christmas emo spirit,0
check days christmas specials going re even holding giveaway wo,0
roses red violets bluish wasn't christmas d jewish badholidaycards,0
looks good now just wait christmas promo upgrade,0
miss way christmas felt lil,0
guppy fun time christmas market sister havana sisters,0
parents damn difficult buy no idea get christmas,0
trumps christmas list destroy democracy obliviate rule law create violence middle east,0
stealing christmas,0
mother control y christmas tree roses amp baby's breath re real,0
thank christmas ornament will always greatful support shown fort mcmurray h,0
retweet para merry ang christmas mo year,0
liked video wham last christmas sonic genesis style cover,0
someone wants watch elf followed grinch drink hot chocolate go look christmas lights,0
fox news laura ingraham laments metoo movement killing fun christmas parties,0
spice things christmas win bestsellers spice set enter win retweet photo,0
jacks writing santa doesn't come night made think santa didn't visit christmas probably bab,0
since like days ago every president said u know re gonna say merry christmas thing,0
bts confirmed attend sbs gayo daejeon dec performing christmas day,0
world needs christmas dogs,0
almost christmas carols came store shopping,0
last night watched nigerian christmas movie bit mary told joseph pregnant joseph su,0
y consider driving around looking christmas lights date,0
anytime someone instagram something creative people no idea makeup assume re starting,0
wish merry christmas,0
another gift wrap nugget grandbabies awesome christmas customgiftwrapping,0
anybody else want just love christmas special pero wala pa din tickets tweet,0
eco guide christmas trees,0
instagram taeyeon ss christmas taengstagram,0
doubled christmas thing,0
fox news host laura ingraham thinks women reporting rape will make christmas parties less festive year,0
trump miracle american manufacturing added new jobs november years since election t,0
offi update cast crew details will revealed christmas first look wil,0
rajah travel corporation christmas party comic coni ibiza beach,0
leeleone christmas break seriously can't come soon enough,0
ultimate food drink christmas gift guide,0
christmas lights blanket snow fascinathings,0
true story year old daughter made snow girl using dead leaves tears crying kid becaus,0
just added closet poshmark ugly christmas sweater grisworld vacation via,0
anytime someone instagram something creative people no idea makeup assume re starting,0
fox news host laura ingraham thinks women reporting rape will make christmas parties less festive year,0
cute christmas stationary giveaway haul philippines janina vela via,0
aww new photo ophelia arrow christmas party source,0
bugger chris rea collapsed stage last night hope gets better soon got long drive get home christmas,0
enter universe one wears mask watch spider man spider verse trailer now theaters,0
get coupon next movie transformers megatron's christmas vacation,0
cuddle blankets throw christmas movies day time year,0
look amazing christmas card,0
dogs always find christmas gifts two bags treats toy destroyed,0
not even christmas yet calendar christmas,0
rt amp follow chance win funko shop days christmas exclusive firehouse huckleberry hound,0
compton mayor assemblyman mike gipson compton christmas parade,0
u good christmas,0
everyday feels like christmas m,0
new app store spanish christmas songs simon bogh holding aps,0
cant wait get first kiss christmas missile toe,0
trump miracle american manufacturing added new jobs november years since election t,0
christmas bout lit,0
rehearsal time abs cbn christmas special prod can't wait good luck amp edward,0
will james first christmas manila always celebrate outside country daw will,0
drive around lookin christmas lights chill,0
trump miracle american manufacturing added new jobs november years since election t,0
badholidaycards wish anal christmas happy lubed rear,0
blackgirl made christmas soul excellence,0
vinny first snow fall snow christmas white christmas two times acceptable,0
christmas party's lit,0
alex couldn't agree went grab last box put cart maybe get anoth,0
christmas parade good,0
enter universe one wears mask watch spider man spider verse trailer now theaters,0
days christmas giveaway days knives winners day shadow dagger fade retweet follow,0
jaclynhillchristmas go jaclyn's ig chance win days christmas goodies,0
beginning look lot like christmas middleburg virginia ashley busch's ponies charlie cayenne ciri,0
enter universe one wears mask watch spider man spider verse trailer now theater,0
supposed get iphone x big christmas present old iphone decided die got t,0
parents get exactly want christmas,0
merry christmas great prize doneproperly instax giveaway win,0
quite honestly m not feeling christmas year y already bought something can return get money back,0
ooohhhhhh gay christmas blinksssssssss blackpink sbsgayodaejeon,0
salam rss members went rampage amp attacked vandalised prayer hall coimbatore disrupting christmas celebrations,0
avelamerrychristmas m soooo looking forward putting decorations house seeing children s,0
want christmas sweaters,0
maxwell star hard buy christmas presents,0
cat just gave birth christmas tree,0
don't enough money left buy family christmas presents anymore don't blame not fault ha,0
dogs year anniversary christmas,0
need christmas mosh pit song need christmas,0
since like days ago every president said u know re gonna say merry christmas thing,0
can purchase robot version xxx merry christmas,0
twimbos kay semwayo website christmas promotion harare zimbabwe page,0
ak redline giveaway enter like video retweet tweet show proof mer,0
year old survivor texas church shooting wants christmas cards via r upliftingnews,0
boys paparazzi now christmas fucking cancelled,0
aye don't let louisiana fool gonna degrees christmas,0
want christmas wake without acne,0
tom merry christmas birkenhead loving christmasy pub gigs coming manchester soon,0
day days christmas competition win winter warmers set inc blanket scarf socks gl,0
lani moss m n performed tonight sierra high notes choral group christmas show reno,0
shop london lets people buy presents refugees just time christmas,0
retrospect war christmas one loudest clearest warnings toxically stupid politics b,0
cant wait get first kiss christmas missile toe,0
bought bitcoin will pick random people retweet give one mer,0
christmas sierra adorable don't ya think,0
christmas sale free shipping casual wear sportswear golf apparel dockers haggar foundry chaps izod s,0
almost christmas,0
junk bot like give guys early christmas presents will give guys gut knives,0
re wondering give christmas,0
jesus christ look fucking hard merry christmas makes happy,0
clark son scored like points life wants compression sleeve christmas looks savage,0
someone wants watch elf followed grinch drink hot chocolate go look christmas lights,0
since like days ago every president said u know re gonna say merry christmas thing,0
christian saturday seminars church signs shopping days till christmas december january speaking,0
christmas love boyfriend,0
liked video christmas tree skirt transformation diy holiday skirt,0
unusual corporate event na sisigaw ung mga tao look sarah g crowd want christmas,0
paypal giveaway enter rt tweet follow reloads picking winner,0
good cca really strong statement christmas time another transparent act show true colours,0
races re back sat sales villiers stks day christmas raceday santa amp helpers course also great,0
white people want christmas comes bar,0
hi loves another giveaway friday freebie bundle win gifts amp,0
since like days ago every president said u know re gonna say merry christmas thing,0
sydney trends now police christmas government turnbull liddell,0
dropped today w christmas story sure pull heartstrings amp also brought excerpt h,0
pleasure attend annual canada cyprus chamber commerce's christmas party congratulations f,0
christmas party's lit,0
just know ll sad looking bc poor christmas want newer styles bad,0
rt amp follow chance win funko shop days christmas exclusive silver mr monopoly pop ht,0
hey guys help get phone receive mailed polaroids exclusive christmas videos goal circle pay google w,0
make fun nose call ugly say no friends no child ever feel way,0
off aluminum led projector light pattern halloween christmas party outdoor g,0
cozy christmas party success,0
added video playlist question christmas tag lifeasloz,0
