morning don't make mistake making mistake,0
good morning taekook love much,0
drive work lord still praying ppl mountains la county mornin,0
guess im hungry coz didnt eat well yesterday cheese sandwich morning old chang kee,0
mph gust morning corbett strongest far season gorge refrigerator door wide open cold air spill,0
one morning stalk one behold dancing sandalwoo d celebrate different three,0
,0
,0
gd morning financial freedom century definition retirement nice day,0
morning two lil boys daddy cute,0
sunday morning just decided hawaii january,0
glamour morning live ll pause sleeping watch nikki videos,0
iamaftab sky,0
ass thought speed morning little making preworkout night putting beds,0
good morning friends chat,0
kafkaesque world inquisition spirit amp criminalization politics will soon wake every morning th,0
know disney princesses birds get ready morning just want someone take make off every night,0
drunk just borrowing happiness next morning,0
cm arvind kejriwal meets public without appointment every monday friday spends sunday morning visiting con,0
go girl ignore u know better anyone else kung sino ka panira yan kya good morning blessed sunday girl gogogo,0
watts last night cold amp windy amp opened door cricket hopped set good night l,0
just spent exhaustively looking one tweet popped tl jumped not en,0
everything video dog zipped dad's hoodie howling along string quartet cover son,0
waking morning wondering actually need education not,0
trump released brutal video morning featuring bill clinton barack obama,0
early morning flight kiev filming cheers looking forward gonna cold,0
good morning seungri blast amanpulo amp haters blasting heads jealousy,0
winona good morning,0
good morning good afternoon goodnight twitter followers,0
hertford looking pretty morning,0
season championship performance enjoyed seeing dominate highlight reel every monday morning,0
made one biggest decisions life morning proud say ve committed signed dordt colleg,0
cold photographing wild barn owls morning technically challenging low light image wide open,0
good morning,0
sisters made vows morning sisters holy rosary,0
qwetukwasakwasa good morning,0
hundreds republican party members congress wakes every morning says tod,0
breaking big story tomorrow morning please stay tuned,0
last braincell morning,0
good morning sunshine just please send back bed want sleep moooore,0
listen song morning can't stop hand play know still,0
good morning antifa radicals resisters isis alqeada taliban hezbollah support,0
just wana wake guys morning good music clean ears,0
morning born today matters buddha,0
good morning sunday,0
oleski someone didnt take meds morning,0
good morning folk,0
good morning just got off work going back hours god bless,0
khatri posture chan chan,0
morning dose,0
sleep till noon avoid morning regrets,0
airforce morning december years service ap orion tail number transported road,0
wait ghis happen morning,0
good morning sunshine tropicalsunrise sunrise florida wallart homedecor hhphotographyof,0
kafkaesque world inquisition spirit amp criminalization politics will soon wake every morning th,0
wonder robot dudes getting morning,0
know time leave people alone say good morning response good morning,0
watts last night cold amp windy amp opened door cricket hopped set good night l,0
morning,0
good morning,0
today morning cycling central delhi,0
good morning friend nice sunday,0
every morning going school,0
working morning speed metabolism,0
boris johnson arrived iran morning press iranian regime release jailed iranian british aid worker,0
cute anna good morning thalapathy devotees,0
ralineshah update seungri amanpulo morning baby,0
kr sp jiu dreamcatcher darkness see sunday morning jiu siyeon han,0
headline japan times morning japan eu trade pact nears reality u s withdrawal tpp gets lost,0
good morning oh nah today mouth yabi yabi yestee abi dey,0
no matter bad think life wake morning thankful,0
equivalent alarm waking morning,0
sunday morning made coolfm back sundaymorningoasis np onise iyanu,0
world becomes beautiful outside become stable inside honesty not always pay dishonesty alwa,0
hina amazing singer must known now favourite song raabta besides lag jaa gale,0
tallahassee freeze warning sunday morning currently degrees dropping temperat,0
like text good morning call check time actually don't find annoying don,0
morning queens get ready christmas book appointments now avoid,0
morning insulting will still say good morning u,0
hina amazing singer must known now favourite song raabta besides lag jaa gale,0
least every saturday morning get ball wide open entire team says go ahead shoot take,0
y ever conversation shocking can't stop thinking mine coworker m,0
watts last night cold amp windy amp opened door cricket hopped set good night l,0
lewis good morning little boy future music,0
something la night early morning,0
mom really mom doesn't get donuts hot chocolate morning,0
miss seeing ur face everyday waking u every morning,0
one morning m making myspace account fuckin get,0
good morning good day good everysing,0
good morning dear ratna amp dearest sir wonderful,0
m lot anxious used now president truly think making country,0
watts last night cold amp windy amp opened door cricket hopped set good night l,0
watts last night cold amp windy amp opened door cricket hopped set good night l,0
watts last night cold amp windy amp opened door cricket hopped set good night l,0
every morning,0
owed lastnight school morning owed went figure gone pay,0
ever tired morning just kind zone staring food kind forgetting eat,0
ankles morning,0
morning s,0
saintramrahim good morning guru,0
morning sext got us table lib,0
kafkaesque world inquisition spirit amp criminalization politics will soon wake every morning th,0
morning people vs,0
ulv good morning thank,0
good morning,0
going bed early will good ll actually wake morning like human well fuck,0
beautiful morning christmas first,0
every morning start game dev work,0
morning loving show no rain midlands just heavy snow day,0
good morning ji,0
early morning reporting swiss bank visionary world lane leader modiji,0
dont remember d im sorry morning,0
top morning please follow back least open dm,0
harvesters today sure don't want miss church morning stay tuned god's awesomeness h,0
sathyaraj ramya gd morning sathya team glad hear great r,0
waaay homerville inna morning,0
morning m planning weekly meeting yearbook monday,0
good morning everyone,0
good morning aap congress mein jatin baat ban jatin,0
qasim good morning except zainab baji,0
baba morning sa m asking job assistance find work really starving kids pls semiskilled pipefit,0
see now good morning everyone,0
lilacfire update fact sheet evening update next post will tomorrow morning,0
pimp college pimp class demonstration pimps rest sunday morning,0
please send positive vibes hit morning pacer klang international maratho,0
pimp college pimp class demonstration pimps rest sunday morning,0
kr sp jiu dreamcatcher darkness see sunday morning jiu siyeon han,0
morning,0
sunday morning feels really special smooth ride wonderful meet hemangi ganesh alr,0
baba morning sa m asking job assistance find work really starving kids pls semiskilled pipefit,0
omg save tommy's singing morning josh playing fake piano lord help,0
good morning text not know feel text get sprint talking bout bill,0
carpinteria summerland will see smoke amp fire activity thomasfire incident now thru morning fire will s,0
botd dec douglasfairbanksjr film star thespian humanitarian obe,0
watts last night cold amp windy amp opened door cricket hopped set good night l,0
good morning,0
sometimes see big mac pause moment deep thought think,0
morning snow none yet,0
watts last night cold amp windy amp opened door cricket hopped set good night l,0
watts last night cold amp windy amp opened door cricket hopped set good night l,0
sitting gut morning price mmatshilo motsei paid writing kanga kangaroo court donor fun,0
oh hello morning tears,0
good morning may day filled joy love laughter today wednesday humpday goodmorning quote quot,0
good morning pakistan second day national youth carnival amazing perfor,0
juhi super happy amp thrilled start garbage free initiative place spent golden years life,0
love spreading gif toast morning sometimes sprinkle pdf give flavor,0
morning sharon,0
assalam o aleykum good morning friends,0
first thing wakeup morning productive doesn't mean checking email,0
good morning dalia,0
william two classiest people pro sports daniel henrik morning,0
beautiful learn work cannot eat beauty african proverb good morning sunfamily happy sund,0
morning call,0
watching full popodyssey tour six morning waiting reunion,0
morning's hot coffee tonight's iced coffee,0
every morning going school,0
arthur abraham fought broken jaw early hours morning,0
no go morning mass,0
gaza good morning palestine,0
good morning text not know feel text get sprint talking bout bill,0
watts last night cold amp windy amp opened door cricket hopped set good night l,0
every morning going school,0
nothing beats chilling bae work u gotta work next morning morning u got sch,0
haan good morning,0
first thing saw morning thanks yt notification uh will good day raining kinda hot,0
every morning going school,0
good morning friends,0
work morning,0
morning,0
grab monday morning purdey's thriveon ad,0
m taking off lubbock morning,0
wonkblog morning ryan called congress target medicare re going get back next year entitl,0
watts last night cold amp windy amp opened door cricket hopped set good night l,0
watts last night cold amp windy amp opened door cricket hopped set good night l,0
saturday morning breeding,0
morning bro ob,0
good morning patriots snowy east coast remember enjoy season say merry christmas say merry,0
kontroll scale rekt put right now morning half dead hungover new scale,0
niggas seen snowflakes morning stepped house like,0
happy birthday dear friend morning lives breathes shinee happy found,0
watts last night cold amp windy amp opened door cricket hopped set good night l,0
watts last night cold amp windy amp opened door cricket hopped set good night l,0
morning can't sleep,0
morning try keep warm x,0
good morning,0
christmas morning crimson fireworks birthday wishes nctzenselcaday,0
good morning,0
beautiful morning christmas first,0
butyfull good morning,0
morning,0
good morning love matthew daddario harry shum jr gabi,0
morning,0
good morning,0
good morning,0
tonight night head kick kos glory ufc man dudes will headaches morning sports,0
wanted go jogging morning remembered proverb says wicked run no man chasing,0
good morning friends,0
morning sleepinthepark bit chilly scotland just scraping ice off sleeping bag,0
watts last night cold amp windy amp opened door cricket hopped set good night l,0
atashi started made ton quickly one day fud jacked,0
ignifer first con,0
good morning,0
sunday night vs monday morning,0
every morning going school,0
lol offended morning,0
oo ba morning stay blessed,0
good morning thala fans amp friends nice day happy sunday status,0
hina amazing singer must known now favourite song raabta besides lag jaa gale,0
cutest good morning ll ever hear,0
allise parents make go church christmas morning,0
lewis good morning little boy future music,0
december good morning people,0
fadnavis nice see great response healthcare camp organised mla prashant bamb lasur station aurangabad district,0
early morning fuck,0
watts last night cold amp windy amp opened door cricket hopped set good night l,0
shituuu prati go,0
everything video dog zipped dad's hoodie howling along string quartet cover son,0
dg starz good morning morning can't w,0
yikes don't let morning lmao,0
good morning,0
pity foo variable car get early tomorrow morning forefront,0
good morning brother happy humanrightsday advocate ranveerbajaj jii u played character fantas,0
good morning,0
roommate's cousin julia went bar got hammered woke video texted next morning https,0
watts last night cold amp windy amp opened door cricket hopped set good night l,0
lads morning titties freezing off,0
watts last night cold amp windy amp opened door cricket hopped set good night l,0
getting morning pill condom broke last night rancho santa margarita ca w https,0
president shri ramnath kovind vice president shri pm shri dignitaries paid tributes,0
beautiful learn work cannot eat beauty african proverb good morning sunfamily happy sund,0
watts last night cold amp windy amp opened door cricket hopped set good night l,0
sunday morning made coolfm back sundaymorningoasis np speechless,0
fuck morning reading cosas del se course happen,0
minister jeff radebe responsible planning monitoring evaluation expected hold,0
wake morning tell will never trust sole,0
sunday morning routine,0
morning american college middle east acm college kuwait city w,0
good morning hellyholics vote hellyshah devanshi,0
watts last night cold amp windy amp opened door cricket hopped set good night l,0
always surprises morning night messages,0
good morning im fucking awake playing love live,0
manchester derby early tomorrow morning aus time m pretty sure fans clubs england ot,0
state champs legends featuring coach herrington airing tomorrow morning fox sports detroit,0
joy launch track early morning today along mayor ji mc ajoy mehta sir pa,0
morning born today matters buddha,0
maybe start calling chance meteorologist not morning forecast,0
ganaps top ganaps naman naman edward lls taping naic cavite fiesta guesting r,0
just got home laid bed fresh warm sheets amp m almost tears already don't wanna lea,0
nothin quite like making comic morning waiting tweet morning fanart gotta tag people,0
good morning nams http,0
teased lightly moved dim lights room can measure morning don't believe,0
watts last night cold amp windy amp opened door cricket hopped set good night l,0
let us wake morning filled love sing songs praise days love high t,0
early morning flights messy hair new shades go hand hand ps early yes,0
sitting gut morning price mmatshilo motsei paid writing kanga kangaroo court donor fun,0
good morning,0
good morning m sure excited holidays amp going home families ll spending time w,0
happppie day peppy morning,0
good morning,0
coffeegasm noun little rush feel first sip good strong coffee morning,0
beautiful good morning,0
shipper can't imagine not part adn anymore even busiest days ll find time check least m,0
good morning y watch video waitforit last part killed,0
making macaroni cheese morning,0
women good morning beautiful day,0
camps play soca mix every morning work cherish cd really get,0
watts last night cold amp windy amp opened door cricket hopped set good night l,0
morning,0
,0
don't wake regret couldn't accomplish yesterday wake smile thinking,0
morning,0
typically come snow morning work br mhult sweden,0
watts last night cold amp windy amp opened door cricket hopped set good night l,0
endorsment shoot kath today dj attends christening morning,0
old now yes monday afternoon ob appointment morning m allll excited meet now,0
cutest good morning ll ever hear,0
sunday morning made coolfm back sundaymorningoasis np speechless,0
good morning may day filled joy love laughter today wednesday humpday goodmorning quote quot,0
good morning girl hope cup coffee makes u khidkitod whole day nice day go,0
good morning everyone,0
saturday morning breakfast cereal tldr,0
amp tonight don't now anything missing m eagerly waiting morning come amp feels somewhat like,0
watts last night cold amp windy amp opened door cricket hopped set good night l,0
dk southern denmark morning,0
wake now morning,0
watts last night cold amp windy amp opened door cricket hopped set good night l,0
morning made narbhi ishqbaaaz,0
every morning going school,0
u never know day will come cherish everyday like blessing give glory god fo,0
good morning,0
made study guide bio final day today pages topics add,0
tallahassee freeze warning sunday morning currently degrees dropping temperat,0
good morning uk america world rt,0
depressed ass hits play vine compilation video youtube row morning fbi agent,0
good morning friend beautiful day full joy much love hugs,0
tonight's cwldallas open broadcast re back tomorrow morning broadcast start time follows,0
looking reason drag bed morning sorry haven't got one thrilling ebook th,0
much right good morning jyoti ji happy sunday,0
good morning,0
every morning going school,0
tune morning ll singing stuff,0
maybe start calling chance meteorologist not morning forecast,0
good morning jesus,0
morning warm sketch wildcat thomasperkins characterdesigner wildcat,0
tallahassee freeze warning sunday morning currently degrees dropping temperat,0
morning ut showed door gave full tuition scholarship m officially business major mcc,0
news good morning,0
good morning america air force one wheels mississippi today's teamtrumpbts doesn't know yet stephen mil,0
good morning guys nice day,0
lee xx good morning,0
good morning beautiful ladies smart fellas watch anime amp read comic books anyone doesn't play fi,0
wake morning stonesour yandt hydrograd summertimegirls,0
chungha morning,0
not morning person reason get noon,0
watts last night cold amp windy amp opened door cricket hopped set good night l,0
waking every morning wondering re coming cold just wake now,0
best beautiful things world cannot seen even touched must felt heart good m,0
good morning president italian parliament leader governative party said italy,0
course creative artsy craft mood morning,0
m cold m gonna icicle morning,0
sunday morning,0
lewis good morning little boy future music,0
good morning michaeng,0
good morning,0
periscope morning meditation wrap examination self love meditation,0
tanotra slept five morning dude no woke nine,0
sunday morning come join family baptist church lebanon tn,0
wee hours morning weird dream well dream everything felt normal even exci,0
sunday morning hang tweets like,0
good morning y watch video waitforit last part killed,0
hina amazing singer must known now favourite song raabta besides lag jaa gale,0
raw amp unfiltered fresh morning pre,0
rip morning,0
lewis good morning little boy future music,0
good morning sidharthmalhotra sundaymotivations,0
one don't pickup phone know hes drunk alone two don't let kick,0
good morning fam morxonemusicfanfestatek,0
whos gonna walk dark side morning whos gonna rock sun don't let sleep wh,0
lewis good morning little boy future music,0
amp always regrets next morning hey mayne,0
good morning ff people,0
morning know little pse explain country can not survive without exports imports box thanks hey,0
yer early birds morning eh davie always wear seat belt,0
good morning sexiesttt,0
morning beautiphool people,0
sunday morning,0
good morning december far good,0
good morning sunday,0
m going friday morning lmao think,0
one small positive thought morning can change whole day,0
special good morning big booty queens booty ville great day ahead joy bri,0
every morning going school,0
owed lastnight school morning owed went figure gone pay,0
morning call,0
good morning birthday boy happydanielday,0
jaewin morning,0
hope grandma cook breakfast morning church,0
happy sunday aldubnation good morning aldubpagasaattiwala,0
good morning,0
saw u cookery show week u enjoy looked like off st peter's melton mowbray morning,0
beautiful day im take morning glory,0
good morning teacher,0
watts last night cold amp windy amp opened door cricket hopped set good night l,0
hensel,0
morning light,0
everything video dog zipped dad's hoodie howling along string quartet cover son,0
hina amazing singer must known now favourite song raabta besides lag jaa gale,0
good morning dave thank shall bestest behaviour least hour happy sunday x,0
m not going hide anything older either asks dad wasn't around m,0
sunday morning feels really special smooth ride wonderful meet hemangi ganesh,0
one inspiring speeches jim kwik power morning ro via,0
pre morning shower,0
lewis good morning little boy future music,0
moisturize feet put foot cream part routine one way achieve soft moisturized feet ru,0
forecast morning every sunday league player london currently praying phonecall https,0
colesmith no one watching don't get new york without work picture took sunday morning,0
morning tip campers close sensory holes moving sleeping bag waking bag not experience th,0
wa,0
wow early morning,0
fb fans best luck austin rosenberry competes sunday morning national bowl roster,0
good morning may day filled joy love laughter today wednesday humpday goodmorning quote quot,0
hina amazing singer must known now favourite song raabta besides lag jaa gale,0
tallahassee freeze warning sunday morning currently degrees dropping tem,0
good morning everyone,0
wings concert value sleep staying watch vlive tell ll find clips morning m content,0
wakes morning looks mirror ugh,0
everything video dog zipped dad's hoodie howling along string quartet cover son,0
now mad ill deal ass morning im not tryna get upset tonight,0
morning ut showed door gave full tuition scholarship m officially business major mcc,0
thomas lizzara ft schwarz sunday morning,0
says good morning,0
morning tweeps,0
watts last night cold amp windy amp opened door cricket hopped set good night l,0
good morning philippines get chance win smartiphonex today follow know will give away ip,0
early morning kulitan asapjambayan tropapeeps check ig story,0
watercolour painting winter snow northumberland morning mist cream mount silver frame artforsale see https,0
re talking setlists one made thanksgiving think isn't far off,0
sometimes deciding wake participate life every morning bloody fist fighting battle,0
will hilarious nobody unwelcome alabama joe actually m wrong,0
shower tonight tomorrow morning,0
watts last night cold amp windy amp opened door cricket hopped set good night l,0
good morning,0
watts last night cold amp windy amp opened door cricket hopped set good night l,0
good morning nigeria,0
cutest good morning ll ever hear,0
hina amazing singer must known now favourite song raabta besides lag jaa gale,0
good morning listen mafish zayo nawal el zoghbi anghami,0
like miami everyone says good morning way,0
warning road condition worcestershire extremely hazardous morning please travel essentially,0
early morning reporting swiss bank visionary world lane leader modiji,0
depressing ll finishing nightshift hours knowing m back work tomorrow morning,0
team srkchennaifc srkcfc pose group pitcure thier branch team post event theshahd,0
lilkim got tomorrow morning chicken waffles,0
morning,0
please send positive vibes hit morning pacer klang international maratho,0
watts last night cold amp windy amp opened door cricket hopped set good night l,0
airforce morning december years service ap orion tail number transported road,0
morning ut showed door gave full tuition scholarship m officially business major mcc,0
lazy cold sunday morning reading books reading lazysunday,0
nishaaa good morning wonderful twitter people stress free sunday,0
really listen big fat morning show every morning lol,0
told jacob wanted year anniversary gift go stand line schlotzskys mornin,0
watts last night cold amp windy amp opened door cricket hopped set good night l,0
good morning guys,0
wapo reporter dave weigel deleted bogus trump rally photo white house called saturday morning,0
lt can use login morning,0
shituuu prati go,0
good morning freainds,0
morning family great privilege welcoming governor honorable greatest border,0
watts last night cold amp windy amp opened door cricket hopped set good night l,0
look like homeless person new achievement morning goals list,0
hundreds republican party members congress wakes every morning says tod,0
good morning andrea x lovely sunday xx stay safe xx,0
good morning aslam o alikum,0
brother george shupe left house early morning west plano tx foot navy't shirt without p,0
beau recall outside working early morning company,0
lazy sunday morning,0
hey friends happy saturday even though now sunday guys listening weekend sho,0
hope smile sleeping pal never shitty cause ll laundry morning,0
good morning everyone today nervous m nervous darvid,0
tm good morning aishu amp plan today uncle amp aunty anniversary today happy anniv,0
hina amazing singer must known now favourite song raabta besides lag jaa gale,0
vikasgupta amp shilpashinde yesterday morning's extra dose ve come long way blaming bl,0
brother george shupe left house early morning west plano tx foot navy't shirt without p,0
issa beautiful morning thick girl,0
hot fl stg scalding morning,0
morning bloom,0
blue morning ruth palmer art,0
miss times little used wake time morning watch favorite cartoon shows,0
working morning speed metabolism,0
good morning happiness,0
december morning,0
watts last night cold amp windy amp opened door cricket hopped set good night l,0
every morning,0
jealous everyone freestyle animation fun made time show wife gets ready morning,0
december good morning people,0
morning bloom,0
good morning birthday boy happydanielday,0
morning,0
watts last night cold amp windy amp opened door cricket hopped set good night l,0
good morning everybody better texting resist save net neutrality right fr cking now,0
know re parent morning feels late day,0
morning,0
pros don't like sleeping everything said cons feel awful morning life n,0
good night petrarch good morning shakespeare,0
sunday morning love,0
good morning photo rediyar hostani supportkurdistan twitterkurds,0
insatiablelust good morning cuties,0
palestinian protesters set fires gaza thursday morning chanted death america aren't glad send,0
health minister called federal police investigate claiming twitter account hacked ove,0
december good morning people,0
morning bloom,0
morning,0
beautiful morning,0
like text good morning call check time actually don't find annoying don,0
start day fajar allah will turn problems solutions shukaralhumdulillah morning good,0
morning bloom,0
things baristas wish knew,0
official adesanmi sheybi iso oru not eve,0
lewis good morning little boy future music,0
good morning may day filled joy love laughter today wednesday humpday goodmorning quote quot,0
feelings gooooob morning found button decided swallow human jumped like thre,0
neem tusli emits life peepal releases late evening early morning,0
guy good morning,0
late night saturday night truthfully guess actually early morning sunday chilling oldest,0
m stuck atlanta monday morning due weather busy today sunday can leave number,0
just say prayer baby girl morning ll alright,0
lewis good morning little boy future music,0
g f y b f good morning,0
good morning sleepinthepark go home warm beds important don't lose sight fact,0
residents carpinteria amp summerland will see smoke amp fire activity thomas incident now morning amp t,0
hello good morning sweety,0
good morning,0
fresh nice fruit morning,0
aldubpagasaattiwala happy sunday datu,0
super morning,0
hey sunday morning entrepreneurs getmotivated lauch sunday s et periscope higha,0
everything funnier morning lmaooo,0
good morning please send proposal customercarenigeria com thank,0
will hilarious nobody unwelcome alabama joe actually m wrong,0
morning happy birthday happy meet shinee moments love love,0
wapo reporter dave weigel deleted bogus trump rally photo white house called saturday morning,0
maybe campaign donations len blavatnik will help clear,0
good morning yesterday around pm got disturbing call one kids orphanage went thu,0
good morning viewers happy cool sunday enjoying winter nights hot sexy call girls islamabad r,0
beautiful nights early morning mississippi,0
morning mind,0
screaming thing morning,0
watts last night cold amp windy amp opened door cricket hopped set good night l,0
instagram showed two posts week ago morning facebook post two weeks old takes posts,0
extremely lazy pack luggage still empty im flying tmr morning,0
didn't snow im milk nothing eat breakfast bad morning,0
girl waking makeup m gonna stunt hard everyone tmrw morning,0
fresh morning working,0
watts last night cold amp windy amp opened door cricket hopped set good night l,0
real unique true honest humble happy enjoy life way good morning,0
colesmith no one watching don't get new york without work picture took sunday morning,0
went years without cussing front mom morning thinking no one home said mirro,0
beautiful snow carpet behind window morning,0
wake morning stonesour yandt hydrograd summertimegirls,0
mohsin good morning happy sunday,0
beautiful morning christmas first,0
good morning friends hope remind us country belong name khulood pa,0
garcia morning note self nts laugh re different just laugh re th,0
good morning blessed sunday lebanon,0
monday morning da loft fwus dis weekend nola aka new orleans la,0
every morning going school,0
due market forces m unable get bed morning constantly verge tears market forces shoul,0
love listeners record intros lakerswin panthers morning,0
watts last night cold amp windy amp opened door cricket hopped set good night l,0
watts last night cold amp windy amp opened door cricket hopped set good night l,0
good fortune finishing party like morning,0
school doesn't know bullying problem will monday morning encoura,0
good morning,0
every morning going school,0
want stream wings final concert early morning,0
morning,0
swathy anju gd morning,0
reading morning leadership article different view reminds take time day reflect,0
reddy gd mng guys fresh ur morning beautiful smiles without cost khoobsuratsmile,0
good morning people common united,0
good morning blessed sunday,0
speaks good morning thala ajith fans lovely day viswasam,0
watts last night cold amp windy amp opened door cricket hopped set good night l,0
sinday stockings kinda morning anyone care join ngot,0
regret not going tonight graduation morning,0
good morning everyone,0
back work morning,0
man dog's energy level morning puts greatest mood beautiful fresh new soul happy,0
colesmith no one watching don't get new york without work picture took sunday morning,0
hundreds republican party members congress wakes every morning says tod,0
totga nope good morning loves aldubvines aldubsapusoko,0
reneilwe m sunday morning proverb,0
hina amazing singer must known now favourite song raabta besides lag jaa gale,0
good morning quick publicity grow twitter instagram followers cheap,0
kafkaesque world inquisition spirit amp criminalization politics will soon wake every morning th,0
oh shit gotta work morning,0
damn not get intro finished tonight um mean morning gone,0
everything video dog zipped dad's hoodie howling along string quartet cover son,0
early bird catches worm sun sunrise winter morning earlymornings clouds,0
sunday morning lol,0
sunday morning come join family baptist church lebanon tn,0
good morning neighbours,0
rugby morning kenya hcap england amp france hcap,0
khatri posture chan chan,0
morning,0
show morning ain't worried big fella gone eat soon table set,0
sunday morning boys gone fishing lovesouthafrica loveoverberg,0
sunday morning boys gone fishing lovesouthafrica loveoverberg,0
good morning message community re top new connects week,0
good morning world need sleep went bed m getting old late nights,0
went years without cussing front mom morning thinking no one home said mirro,0
johncarloa good morning indeed good see together binuhay nyo ulit ang dugo ng mga bees ho,0
good morning m sure excited holidays amp going home families ll spending time w,0
good morning edinburgh,0
woken rain sky light bed rather lovely morning,0
morning guys happy sunday,0
absolutely even best christian schools sing hymns everyday morning gita can't b taught o,0
twitter world good morning,0
good morning except still sleeping,0
good morning aap congress mein jatin baat ban jatin,0
good morning sharon fantastic pictures good day hope also put feet,0
suzie forever ericasmith,0
good morning bhai friends,0
watts last night cold amp windy amp opened door cricket hopped set good night l,0
serpent knowing trump's path presidency may provide much needed prologue going happen circle,0
start day fajar allah will turn problems solutions shukaralhumdulillah morning good,0
twitter world good morning,0
men need girl skinny real perky boobs huge ass teeth perfect pretty toes neve,0
brother gf arguing fucking morning,0
great morning dubai mydubai uae,0
watts last night cold amp windy amp opened door cricket hopped set good night l,0
im not going let drag court petty bullshit enjoy eight thirty monday morning im,0
back morning shifts almost week swing shifts,0
maybe start calling chance meteorologist not morning forecast,0
good morning sir dg everything may heaven continue bless abundantly haters ca,0
please send positive vibes hit morning pacer klang international maratho,0
morning darklings,0
good morning,0
road conditions poor worcestershire morning make absolutely necessary journeys lb,0
things baristas wish knew,0
good morning nadinefor sonyalpha sonyclicktoclique,0
good morning viewers happy cool sunday enjoying winter nights hot sexy call girls islamabad r,0
okay haven't updated forever morning told beth stop ho put shirt,0
morning,0
watts last night cold amp windy amp opened door cricket hopped set good night l,0
tomorrow sits grammy nominated rapper tune et,0
good morning,0
watts last night cold amp windy amp opened door cricket hopped set good night l,0
d better get bed soon though training shift,0
smile say everything beautiful smile always keep smile sir good morning sir,0
baba morning sa m asking job assistance find work really starving kids pls semiskilled pipefit,0
good morning,0
get chance win ten smartiphonex secret locations metro find clues amp venues via social media amp beat,0
got text morning,0
likewise po titab good morning po aldubpagasaattiwala,0
rt,0
gd morning sir financial freedom century definition retirement nice,0
give toddlers stood sunday morning braving winter winds give,0
dan morning eva god great no man can kitale ni baraka tu fm milelegospel,0
good morning twitterworld,0
mr stunning comes favourite local tote lucky bubbles bookies morning looks nice now,0
no mood swedish massage morning hence took jet,0
good morning dear happy sunday folks,0
sleep till noon avoid morning regrets,0
watts last night cold amp windy amp opened door cricket hopped set good night l,0
see mirror first thing morning,0
blessed sunday morning happy alive thank father god aldubp,0
roommate's cousin julia went bar got hammered woke video texted next morning https,0
breath taking view sunday morning brought mombasa nairobi snowcappe,0
beautiful morning christmas first,0
mystery one writer fascinated solving riverdale hadn't since morni,0
twitter world good morning,0
good morning jude lovely fairy brings smile face today,0
suzie forever ericasmith,0
suzie forever ericasmith,0
aldubpagasaattiwala enjoy sunday jason,0
affiliate happy connect great sunday good morning message community,0
good morning twitterworld,0
can get god morning everyone xxxxxxxxx,0
good morning,0
oo ba morning stay blessed,0
watts last night cold amp windy amp opened door cricket hopped set good night l,0
kenyan ambassador admits obama born kenya mike morning show wrif radio detroit sa,0
watts last night cold amp windy amp opened door cricket hopped set good night l,0
jorge tell picture just called said five morning,0
every morning going school,0
get thesegirlsacoustic now set alarms tomorrow morning,0
edys lk sulaiman terrace off jawatte road near english cake company reasonably priced christmas de,0
lewis good morning little boy future music,0
suzie forever ericasmith,0
good morning dearest outlanderfamily peaceful sunday,0
paid gotv plus subscription morning iuc however gotv yet activated,0
oh constant spring police station will news held two men pound morning ste,0
like text good morning call check time actually don't find annoying d,0
waking every morning wondering re coming cold just wake now,0
good morning nay morxonemusicfanfestatek,0
watts last night cold amp windy amp opened door cricket hopped set good night l,0
good morning,0
just got home work back deal sunday morning church crowd kill please,0
good morning joanna,0
deadly fucking serious one o clock morning bad mood,0
good morning don't say back ll bad day,0
good morning,0
rt,0
fellow finalists little fun studio morning,0
excited snow morning cynical ass new yorker bitches call friends love t,0
good morning sleepinthepark go home warm beds important don't lose sight fact,0
ikram morning,0
xo good morning,0
literally felt like hit bus morning,0
good morning coffee us good day kaishadogtrainers,0
good morning everyone video via,0
breaking big story tomorrow morning please stay tuned,0
like good morning everyone happen profess love last night give depth history,0
rt,0
every morning going school,0
good morning jude lovely fairy brings smile face today,0
yeah family said snowing fri night little morning kept hopin,0
q wakes midnight will say good morning,0
baby amp touch hood near monday morning ll hearing us,0
say loud say often made possible good morning patriots celebrate today knowing t,0
get technically still morning,0
good morning,0
watts last night cold amp windy amp opened door cricket hopped set good night l,0
good morning nice joe wonderful day sweetheart hi coco love ya,0
watts last night cold amp windy amp opened door cricket hopped set good night l,0
started morning opening prayers supersunday,0
tn flood school union county school board monday morning tell not acceptable,0
will dz morning,0
sending girl text says good morning beautiful can change attitude whole day,0
watts last night cold amp windy amp opened door cricket hopped set good night l,0
slept morning now re paying m man not kids brutal,0
tops buildings downtown pittsburgh glow early morning fog first hint daylight begins ap,0
endorsment shoot kath today dj attends christening morning,0
,0
good morning beautiful people,0
im not going let drag court petty bullshit enjoy eight thirty monday morning,0
good morning everybody hope brilliant weekend,0
december good morning people,0
know great closing open next morning literally nothing,0
good morning friskyfriday mirrorselfie ink sexywife,0
cold morning can feel tears turning ice,0
lazy morning,0
think ll b able skate morning laboroflove,0
good morning viewers happy cool sunday enjoying winter nights hot sexy call girls islamabad r,0
good morning xxx,0
good morning,0
like text good morning call check time actually don't find annoying don,0
saturday night vs sunday morning,0
watts last night cold amp windy amp opened door cricket hopped set good night l,0
baba morning sa m asking job assistance find work really starving kids pls semiskilled pipefit,0
priceblazepk happy sunday morning visit priceblaze pk priceblazepk sunday qotd sundaymorning,0
good morning loves,0
rasigan thalapathy cute experssion cute morning thalapathy bloods rasigai sree,0
morning love snow virgin state,0
good morning yesterday around pm got disturbing call one kids orphanage went thu,0
owed lastnight school morning owed went figure gone pay,0
actress raline shah's ig update seungri good morning birthday panda thanks good times fa,0
hensel,0
good morning,0
yay hopefully repair fortnite stream issu,0
fuck work morning wanted friends tonight ugh,0
kushushu early morning,0
chungha morning,0
brain now getting back making stay friday morning homework get,0
every morning going school,0
good morning nowplaying les spann quintet personnel julius watkins fh les spann g tommy flanagan p sam jones b amp,0
morning incredibly hard waking look,0
good morning fam morxonemusicfanfestatek,0
good morning moreinlove withmayward,0
december good morning people,0
morning,0
everything video dog zipped dad's hoodie howling along string quartet cover son,0
top o morning ya,0
every morning going school,0
people dead dead car travelling rammed truck early morning hours banda,0
fb fans best luck austin rosenberry competes sunday morning national bowl roster,0
watts last night cold amp windy amp opened door cricket hopped set good night l,0
headline japan times morning japan eu trade pact nears reality u s withdrawal tpp gets lost,0
casey everett relaxing home rainy day looking sexy baby blue underwear pulls,0
middle night misunderstanding can lead interesting conversation morning,0
morning darling xxxx,0
good morning,0
night wan ittt sssso push night call e early morning,0
harvesters today sure don't want miss church morning stay tuned god's awesomeness,0
pumpkin mommy want sleep bea imma sleep tonight ll see morning pumpkin pum,0
december good morning people,0
evening morning,0
houston texas morning winterwonderland,0
need sleep kus got church morning m wide awake,0
jaewin morning,0
omg morning go sleep smh,0
nombulelom well don't understand first line good morning,0
good morning viewers happy cool sunday enjoying winter nights hot sexy call girls islamabad r,0
morning,0
good morning hell,0
good morning snow heavy frick cold road white probably won't going dan,0
morning warm sketch wildcat thomasperkins characterdesigner wildcat,0
sheriff hat no cattle got butt handed morning,0
ll deactivate morning lemme say bye folks first,0
shocking ultra rare tragedy reported india morning ticker,0
recurring meetings pointless yes sometimes meetings necessary happen organically not,0
snow hysteria reported morning snowing scotland,0
isp investigating crash kills teen saturday morning,0
good morning twitterfriends,0
didn't know wanted ravioli hot pocket made says kalah morning,0
naina good morning happy sunday,0
nice place good morning,0
read dec newsletter featuring best morning routine hacks proven boost productivity,0
told yall not game literally traffic way bathroom morning,0
every morning going school,0
good morning please dm us request number contact number full name check assistance,0
many people around british isles woke snow morning festive weather,0
good morning liverpool fc family derby day get right blue shirts first minute,0
every dark light followed light morning,0
love smell new itunes reviews morning,0
look happening mans financial teaching getmotivated tomorrow morning,0
good morning happysunday,0
bruh remember summer went bed morning holy shit fun bad,0
view driveway morning,0
told jacob wanted year anniversary gift go stand line schlotzskys mornin,0
good morning today day bodies sore dancing fancy dresses amp suits,0
dhan dhan satguru tera hi aasra good,0
nina says good morning twitterworld thanks donations help month fa,0
got home work late tonight hope p wakes early morning miss much just want cuddle,0
morning rose,0
morning u,0
hina amazing singer must known now favourite song raabta besides lag jaa gale,0
good morning patriots happy saturday great day celebrate wonderful tweet trump ameri,0
good morning happy sunday,0
national sbs morning wide's ending song bts lt mic drop remix gt twt,0
every morning going school,0
morning text get feeling good day yeah didn't get either,0
baba morning sa m asking job assistance find work really starving kids pls semiskilled pipefit,0
m like don't work early morning,0
ain't feeling good morning,0
hates bugs hobbies watching sky morning cooking umji's ideal type cha tae hyun,0
good morning frank uwu,0
rt like stan don't new hope club one direction vamps panic disco selena gomez camila ca,0
able wake say hi every morning,0
good morning sunday bunch smile kids represented smilefoundation,0
morning,0
good morning sleepinthepark go home warm beds important don't lose sight fact,0
go lighting phone know re wanting cause nobody likes lonely two morning,0
brighten sunday sunday morning coffee sunday weekend strong coffee morning,0
national sbs morning wide entertaiment news bts twt,0
first person think morning last person think night either cause happiness o,0
good morning good sunday,0
watts last night cold amp windy amp opened door cricket hopped set good night l,0
shocking ultra rare tragedy reported india morning ticker,0
tshabalala morning bra ya motho,0
good morning kisston fanmily day ve waiting re just counting hours yet feel,0
morning guys happy sunday,0
sunday morning motivation,0
good morning abolish police prison industrial complex,0
good morning m sure excited holidays amp going home families ll spending time w,0
hina amazing singer must known now favourite song raabta besides lag jaa gale,0
hundreds republican party members congress wakes every morning says tod,0
good morning friends playing finals amity polo cup today onwards jaipur polo grounds going t,0
gritters amp snowploughs working hard heavy snow across worcestershire morning p,0
one foot front door two dudes harrassed yelling number saying heyo beeras wear,0
ok kno four morning entire generation get face tat hire us ca,0
everyone beautiful smile secret don't hide good morning y,0
morning skies,0
good morning,0
really hate though m like one can't shit cuz gotta work morning ugh adult sucks,0
men horny morning,0
weather rain morning breezy evening dress well good day,0
like m mood just get spanked fukd real quick sent bed bc betch got work morning,0
tahjtahj please retweet sister missing hasn't home since yesterday morning last seen party daly city,0
every morning going school,0
sheela vijay szama,0
lit breakfast morning thanks mimosas,0
good morning,0
leave questions answer morning pls,0
no reason ever can't spend christmas morning child none,0
national sbs morning wide entertaiment news bts twt,0
morning skyperth fremantle southbeach sunrise perth australia,0
good morning everyone,0
thousands people lining free dental clinic morning phoenix perfectly normal thing,0
haan good morning,0
morning mudah andilancarkn,0
watts last night cold amp windy amp opened door cricket hopped set good night l,0
good morning today retweet leadership,0
lamentations lord's great love not consumed compassions never fail,0
bitcoin morning brief w jimmy opendime bitfinex ed lawyers amp price brief also,0
new post try morning yoga poses lose weight published fun shop telugu,0
larkie hello good morning kaha hain aap vote hellyshah devanshi tvp,0
excellent news m glad hear hun m just make morning want one,0
one morning amp m jamming grinch soundtrack wyd,0
walked hotel morning first damn thing see,0
good morning today ground breaking another punjab power plant inshaallah another step towards roshan pakista,0
things baristas wish knew,0
m sorry general line just killer needed morning latte whoa see missed,0
morning people,0
rt,0
morning workout stretching lines saving lives jobs dowork firefighters,0
morning sir lfc ynwa coyr getoutofmypark,0
good morning blessed sunday lebanon,0
early morning sunday cold hell literally worst combo,0
national sbs morning wide entertaiment news bts twt,0
iii good morning like iced cold coffee zayn american accent,0
good morning text not know feel text get sprint talking bout bill,0
good morning africa no matter powerful man cannot make rain fall farm alone african proverb photo,0
hina amazing singer must known now favourite song raabta besides lag jaa gale,0
ganaps top ganaps naman naman edward lls taping naic cavite fiesta guesting r,0
watts last night cold amp windy amp opened door cricket hopped set good night l,0
good morning twitter world days left fr release amazonobhijaan painful moments shoot,0
morning started without sun urs musics enough light path day,0
m glad m seeing trending morning est entire country military curfew incumbent,0
good morning,0
waking every morning wondering re coming cold just wake now,0
seems became clear awakening morning made refreshing physiologically relaxing elderly,0
darshani brahmins not take food water darshan emperor akbar morning,0
every morning going school,0
ind told act instead team sent channels spokesman proof amp since morn,0
good morning,0
takin moms church morning,0
morning,0
good morning everyone,0
good morning photo tiny owl best friends large dog smashing day,0
texas snow morning sunny afternoon,0
,0
interesting walk o bahn tunnel rymill park morning advised no emergen,0
feelings hi big news must remain secret according fren soon everything will attacked l,0
good morning photo rachael webster,0
good morning desi chicks htt,0
babess good morning beautiful prince,0
watts last night cold amp windy amp opened door cricket hopped set good night l,0
romance air fantasy boyfriends ben masters joey mills secluded cabin deep woods ben wakes,0
wanted go jogging morning remembered proverb says wicked run no man chasing,0
kafkaesque world inquisition spirit amp criminalization politics will soon wake every morning th,0
morning sam amp colin needed loo now bed headphones listening whe,0
morning,0
cold day ahead heavy showers morning turning wintery afternoon highs degrees,0
good morning birthday boy happydanielday,0
mehta sahib good morning one broke story ist wockhardt pharma chikalthana,0
yeah partying great ever slept least hours felt ready morning take every,0
watts last night cold amp windy amp opened door cricket hopped set good night l,0
good morning world,0
sitting gut morning price mmatshilo motsei paid writing kanga kangaroo court donor fun,0
just realize haven't eaten anything since woke morning,0
good morning budapest,0
good morning,0
beautiful morning christmas first,0
good morning marnigo fam sadly much wanted go road trip sta rosa laguna team live,0
kang choding kicked ong's rope practicing amp hit ong danik hugged fast sorry sorry m really,0
gaza good morning palestine,0
winona good morning,0
wake every morning gotta show breasts love help though,0
programming not easy like sunday morning silent poetry waseem latif,0
gooooooood morning people gonna poppin today cwl dallas get,0
morning,0
nivethathomas cute good morning nivetha,0
watts last night cold amp windy amp opened door cricket hopped set good night l,0
venting morning may,0
morning,0
watts last night cold amp windy amp opened door cricket hopped set good night l,0
will hilarious nobody unwelcome alabama joe actually m wrong,0
good morning snow day,0
morning everyone,0
watts last night cold amp windy amp opened door cricket hopped set good night l,0
breaking kyle mclaughlan fined pussy ass bitch brighton uk confirmed dead morning,0
probably get sleep since m workin double tomorrow morning,0
today morning janasena ongole,0
hold onto everything blowing hooley morning even cat refusing go,0
baba morning sa m asking job assistance find work really starving kids pls semiskilled pipefit,0
girls wake morning sleepovers don't even talk good minutes just sit ou,0
cy good morning don't forget pre order exo winter album thank great sunday,0
good morning,0
im gonna bump kagehina morning lol oops posting,0
nina says good morning twitterworld m ready play think ll wake dave fun caturday eve,0
christmas morning walking straight tree,0
good morning,0
owed lastnight school morning owed went figure gone pay,0
took fresh one morning fresh well brewed coffee goes sexy javaco melange coffee brewe,0
everything video dog zipped dad's hoodie howling along string quartet cover son,0
good morning gais,0
around morning president trump wakes tunes television,0
sleep till noon avoid morning regrets,0
watts last night cold amp windy amp opened door cricket hopped set good night l,0
sakura ginghs inarteam joan,0
morning perfectly beautiful,0
don't just love seeing nudes drinking coffee morning,0
kayyylaaaa just getting off right back morning,0
good morning beautiful souls twitter,0
school doesn't know bullying problem will monday morning encoura,0
saw sars along osogbo ilesha road morning looking papers guy asked driver licence told h,0
good morning diane x good day xx stay safe xx,0
morning,0
morning dew almighty merciful god let neither daily work cares life,0
good morning family,0
watts last night cold amp windy amp opened door cricket hopped set good night l,0
morning like,0
good morning everyone blessed amp beautiful sunday luv u guys sunday weekend,0
actress raline shah's ig update seungri good morning birthday panda thanks good times fa,0
morning drive work,0
aren't alone proved juan williams said morning brian ross just,0
can make morning easier,0
good morning npower pre selected receive congratulatory message npower now not receive,0
good morning may day filled joy love laughter today wednesday humpday goodmorning quote quot,0
good morning love united,0
chungha morning,0
quen airport morning flying back manila cto ig,0
good morning dear,0
hina amazing singer must known now favourite song raabta besides lag jaa gale,0
s r u oh shoot almost forgot starting monday morning m gonna inactive school amp family related stuff b,0
watts last night cold amp windy amp opened door cricket hopped set good night l,0
m going hate morning brownie sundae icecream icecreamsundae browniesundae dessert,0
wishing lovely lazy sunday morning thodamatchthodamismatch therangritilife sunday morning lazy,0
good morning,0
good morning shilpians stand shilpa,0
tonight's cwldallas open broadcast re back tomorrow morning broadcast start time follows,0
morning hollow dantalian's chariot sun came bursting cloud,0
nothing will wasted good morning,0
good morning zenobia,0
geometry prof cutest old man today using wikipedia show us something notice popped,0
morning season fall wanaka lake newzealand jane clancy,0
every morning going school,0
beautiful morning christmas first,0
good morning didn't die sleep,0
know great closing open next morning literally nothing,0
good morning let show something like,0
growing dad listened rush limbaugh every morning owned books norman schwarzkopf avowed cons,0
every morning going school,0
like text good morning call check time actually don't find annoying don,0
gooch morning ron,0
tonight's cwldallas open broadcast re back tomorrow morning broadcast start time follows,0
good morning beautiful sunday,0
said don't just sleep tonight believe morning paul simon ways leave lover,0
ginghs inarteam joan rteam,0
wow can't wait massive nosebleed m going morning weather,0
every atlanta nigga morning,0
good morning,0
morning,0
morning m usual caramel macchiato,0
good morning guys click link enjoy,0
ok kno four morning entire generation get face tat hire us ca,0
good morning omg ahhh love yall,0
