real reason keep bogus trump russia narrative going help raise money cam,0
ahem,0
torture watch trump read speech truly war english language,0
rosenberg according study european union agency fundamental rights sweden's jews fear publicly identif,0
fights exposes truth president trump calls fake news reporting washington post amp dave weigel will t,0
feed don't act like life normal trump nothing can business usual liar bigot sexual predator,0
nyt donald trump watches hours tv per day trouble starting work calls gen kelly times per da,0
true piercing dense thicket lies told trump circle conceal deep wrongdoing media o,0
brand bullshit nothing new ve seen know well like hideou,0
trump's rally last night endorsed pedophile speaker compared israel decision jesus return mock,0
friends trump won,0
trump mattis turn military loose isis leaving terror caliphate tatters,0
protection mueller must refuse fired trump insisting rosenstein can rosenstein refuses tru,0
m increasingly worried trump may go mueller country must prepared congress signal now,0
media matters using money receives charitable donations fund political activities directly impacting c,0
president trump's attendance hurtful policies insult people portrayed civil rights museum,0
cory booker calling trump follow al franken resign allegations sexual harassment interview,0
ll never thought see day cnn reports positively president trump,0
bandy everyone knows cnn trusted name news trump russian tool fake news fox,0
rosenberg tonight trump hosting white house hanukkah party hanukkah next week early holiday miracle trum,0
according aides trump watches hours tv every day regularly fails show work even afte,0
latest news trump recognises elsinore capital norway poland,0
yes trump supports alex jones infowars lying american people disgusting ways imaginable see,0
congress longer take remove trump hurts country please rt agree resist,0
stop cute trump supporters think re clever clever trump sup,0
cat hello care honest reporting no didn't think retweet sp,0
donald trump never ever meaning admit mistake correct apologize,0
nine give three years people will sing,0
barack obama george soros bedfellows literally wrote book together deep state ag,0
shit donald trump cares absolutely fucking absurd petty brat,0
trump equated sides charlottesville attacked civil rights icon john lewis retweets white supremacists attacks bl,0
unreal trump supporters wishing paralysis athlete normal now don't pl,0
jerusalem ipob backs trump u s congratulates israel,0
hits just keep coming reporter apologize phony photo put trump rally,0
former fox news anchor says trump tried kiss,0
fret not trump voters gop congressmen chasin teenage daughters find comfort somewhere billionair,0
bus three white losers maga hats get intimidate elderly latina start chanting build wall,0
said friday worst week u s political media time weigel's error small indicati,0
good people sides says trump tribute bs,0
trump seems fired spree twitter lately regarding media dude really doesn't like,0
yep voters nothing nominee selection trump's election ch,0
d love hear lindsey vonn articulate trump policies opposes trump haters can't give plausible rea,0
trump starts day mar lago west palm beach day trump property president,0
breaking energy fuels inc company encouraged trump decrease size bears ears national monument u,0
finally prevailing efforts cut taxes can fakenews continue parrot gop talking point th,0
trump don't wanna understand thought jerusalem pales,0
trump's visit civil rights museum opening spurs naacp skip today,0
poll supporters not really poll,0
president obama ate almonds every day trump drinks diet cokes every day difference also oth,0
nuts think trump will brought past sexual misconduct voters knew fact thre,0
red handed pelosi trashes trump jerusalem move voted lucky remembers name s,0
yes non authoritarian presidents also don't blackmail reporters call violence trump m,0
pirro key ally trump speaks regularly knives mueller,0
like know moment donald trump realized crowd smart rally,0
tonight's firebomb attack synagogue gothenburg follows demonstration malm friday protesters shouted,0
breaking top fbi investigator mueller peter strzok busted sending political text messages bashing trump amp praising,0
cnn botches dates inaccurately reports trump campaign wikileaks sneak peek,0
notice everyone around mueller going mueller actually working make happen will not fi,0
providing fetal tissue medical researchers planned parenthood risked everything help us fight alzheimer's parkinso,0
trump art giveaway,0
comrade trump,0
congressman john lewis giant civil rights movement will always remembered true american hero tru,0
trump thinks people fired misrepresenting truth twitter new york magazine,0
wonder trump felt uncomfortable without tiki torch civil rights museum,0
investigate much time money spent gowdy trying find anything t,0
trump amp co can't imagine professional prosecutor fbi agent might separate political opinions actions,0
re pushing taxpayer funded investigation something snopes debunked ve beco,0
according aides trump watches hours tv every day regularly fails show work even afte,0
trump fires mueller will holding rallies across country check locations can join massive re,0
trump doesn't want corrections apologies wants total surrender none ever good faith level whe,0
parents left pensacola go london night trump speaking pensacola literally left c,0
haha know fakest news re trump supporter thoroughly enjoy reading article,0
obama going around taking credit trump economy way deserve credit trumps s,0
really just can't help worst can,0
dear president trump need real solution comes north korea,0
grassley intensifies probe anti trump bias fbi senator seeking documents related activities fbi agent,0
introductory sentence trump fox news not matter go war north korea,0
no hitler traitor trump not care anyone self doesn't care people blows,0
remember watergate pretty well don't remember anything like level journalistic carelessness back con,0
trump declares jerusalem capitol israel palestinians call days rage diffe,0
consequences trump's abuses power will seen wide ranging laws policies put place p,0
va terrible shape talking trump,0
lady gaga falling inch heels eating hotdog new york city,0
trump doesn't watch much tv just hours per day smdh,0
no allowed alternative facts no different quit whinning trump petty,0
exile trump amp family russia,0
washington post reporter apologized tweet crowd size trump rally said unfair trump t,0
many many gone trump not fared well one way another right megyn kelly,0
billionaire owner patagonia suing trump national monuments government evil,0
arab states urge u s abandon jerusalem move,0
compares hilter yet one president forced every american purchase commodit,0
netflix can impeach america can impeach donald trump,0
breaking porn circuit women accuse prominent judge anti trump ninth circuit appeals court sexual miscondu,0
brit g attended trump's victory party amp trump demanding investigate clinton,0
two days ago obama compared trump hitler hitler control freak owned media hated capitalism free spee,0
keep thinking people kept telling us give trump chance,0
liked video secret service works secure trump tower,0
legal opinion can't fire u s constitution definitionally cannot used empower preside,0
snl mall santa peppered kids questions al franken roy moore donald trump,0
santacon no longer bothers things pissed doesnt involve drunk people trying des,0
rejected governor's invitation opening african american museum mississippi tr,0
mcmullin criticizing someone anti trump bias like criticizing opposing corruption bigotry treach,0
trump fared better topping hemorrhoids cockroaches falling behind nickleback lice,0
trump doesn't want corrections apologies wants total surrender none ever good faith level whe,0
oh divisive race baiting butt hurt amp classless ever bc just country needs right,0
one vacation tweet weigelgate trump lied times year crowds ve invent separate crowds cate,0
trump lawyer john dowd said president cannot obstruct justice chief law enforcement officer,0
wine banks evidence president trump,0
media matters using money receives charitable donations fund political activities directly impacting c,0
according aides trump watches hours tv every day regularly fails show work even afte,0
trump said admired martin luther king jr entire life yet goes everything mlkj fought hypocrite,0
bus three white losers maga hats get intimidate elderly latina start chanting build wall,0
leaders held rallies taking office trump hitler,0
many journalists mocking trump watching cable news live twitter hours day publish,0
roy moore hasn't seen days campaign six staffers aren't alabama,0
trump not going let people country going destroy country may may not pol,0
liked video antifa btfo trump rally border wall california,0
oh go trivial facts remember not fake news till trump says,0
atlanta cnn corrects report trump campaign wikileaks tip see,0
karma's bitch bitch trump hater lyndsey vonn takes header olympics news maga politics espn,0
clear things mueller one respected individuals planet last years muel,0
iv said awhile now think took deal way taking,0
bus three white losers maga hats get intimidate elderly latina start chanting build wall,0
trump doesn't want corrections apologies wants total surrender none ever good faith level whe,0
first year trump hasn't bad ten times worse americans realize,0
dltorre feel like something catastrophic going happen will late conversation wi,0
no hillary clinton not lie fbi no hillary clinton not collude hostile foreign government no h,0
trump doesn't want corrections apologies wants total surrender none ever good faith level whe,0
think president trump fire general flynn lied vice president,0
tax plan gained steam gop lost focus middle class trump,0
trump kicked office colluding interfere election need new election no question,0
gt remember mike pence deliberately tweeted old photo said new made taxpayers fund stunt,0
study liars ve never seen one like president trump tells far lies far cruel ones ordinary,0
gen flynn's attorneys can move withdraw guilty plea dismiss charges basis mueller,0
december presidential politics trump administration day,0
say henny nasty niggas look like voted trump,0
disturbing find andrewweissmann key prosecutor robertmueller's team praised obama doj holdover,0
trump truth thingsthatjustdontgotogether,0
trump equated sides charlottesville attacked civil rights icon john lewis retweets white supremacists attacks bl,0
bashing trump lindsey vonn injured world cup competition lindsey finished world cup super g extreme pain sat,0
outside opening new mississippi civil rights museum demonstrators silently protest presence,0
tonight trump sex predator held rally child molester wants senate rally became unhinged amp star,0
cold genius putin's strategy divide left first boost trump people ends spectrum fell,0
part things hate grown ass musty ass not knowing re musty ass farting ass adult trump anybo,0
unrelated post read drink diet coke whole lot many health risks,0
according sarah huckabee sanders really doesn't matter whether not photo real long star,0
kind idiocy gave us trump,0
ah yes,0
trump escalates rigged system rhetoric amid russia probe analysis cnn's stephen collinson,0
donald trump political action committees mitch mcconnell marco rubio scott walker lindsey graham john kasich,0
trump doesn't want corrections apologies wants total surrender none ever good faith level whe,0
yes trump supports alex jones infowars lying american people disgusting ways imaginable see,0
not sure tweet four years ago coming,0
panicked donald trump jr tries cover contact wikileaks deleting firefox icon desktop,0
cardi said d wanna stuck elevator donald trump can annoy lmaooooo fuckin love http,0
arab states urge u s abandon jerusalem move statement,0
trump policies driven stock market time highs created jobs amp driven gdp democrat,0
des congratulations jillian getting followers twitter jillian feisty girl proud american,0
may correct wasting breath trump will never resign like admitting tha,0
boycotted black leaders trump speaks civil rights museum opening via politico,0
thingsthatjustdontgotogether donald j trump ability respected president trumpisamoron,0
president trump gives remarks opening mississippi civil ri qua,0
ve got donald trump persecuted hillary clinton's fan club robert mueller's special cou,0
mississippi black residents state nation not elected black person,0
according aides trump watches hours tv every day regularly fails show work even afte,0
missed account created day trump jr amp russia meeting june honeypot h t,0
trump doesn't want corrections apologies wants total surrender none ever good faith level whe,0
trump kicked office colluding interfere election need new election no question,0
twitter users call boycott lindsey vonn's sponsors flying flag u need,0
trump not fire flynn lied fired media discovered lie reported,0
trump effect u s economy running full potential first time decade wsj,0
trump's rally last night endorsed pedophile speaker compared israel decision jesus return mock,0
failed comedian amp washed c rated actor calling low informed sheep prevent,0
two days ago obama compared trump hitler hitler control freak owned media hated capitalism free spee,0
trump suggests firing journalist apologies fake photo,0
donald trump never ever meaning admit mistake correct apologize,0
white house saying trump's slurred speech last week due dry throat common side effect lying mou,0
bus three white losers maga hats get intimidate elderly latina start chanting build wall,0
good old fashioned lock chant breaks trump's pensacola rally note four trump campaign staffers now,0
isn't weird trump's gal friday hope hicks whole presidency giving hicks hope,0
trump slurs words due cottonmouth liberals freak demanding medical exam can test nan,0
apologized trump demanded trump said not enough almost feels like wanting apology wasn't po,0
ex fbi agent rips trump ll insult us intel every chance gets says nothing russia htt,0
bus three white losers maga hats get intimidate elderly latina start chanting build wall,0
report trump calls wash post reporter fired,0
like allowed absolute hatred trump color judgement partisan,0
sadiq declaring war billions muslims saying peace will prevail call peace will stan,0
supreme court's ruling daca documents win trump administration foxnews man m getting s,0
gotta give trump gives genuine lol almost every day xmas back bigger better ever u can't wr,0
believe mueller don't rely defend democracy job american,0
kind idiocy gave us trump,0
ask trump trump family invited see films al naser slah al deen fbi can paring th,0
trudeau rejects trump approach jerusalem favours two state solution via,0
lost track trump's environmental attacks built step step guide stopping,0
president trump first lady melania trump host hanukkah reception via,0
trump desecrates history civil rights movement remember doug jones yrs crime prosecuted,0
jerusalem thank g d lived day see hanukkah miracle thank president trump,0
seems trump believes president can lie daily american people tweets elsewhere ot,0
trump's rally last night endorsed pedophile speaker compared israel decision jesus return mock,0
deniro pimp amp weinstein topsecret meeting phil murphy dem fav succeed n jersey's gov chris c,0
mayor jackson mississippi says president trump's decision attend opening mississippi civil rights mu,0
follow lovely patriot right reasons truly selfless maga trump supporter hit,0
pres trump already spoken loud clear amp devastatingly divisive mississippicivilrightsmuseum,0
try don't problem calling clinton denied fr,0
ivanka trump s special place hell child predators comment trolls roy moore rally,0
okay everyone trump pay price people make mistakes trump makes lies,0
abc colluded russia abc retracted reuters mueller subpeona trumps banki,0
taylor swift's silence trump's announcement recognize jerusalem capital israel whether bold,0
remember watergate pretty well don't remember anything like level journalistic carelessness back con,0
trumpy said today beat landslide hey republicans check stats hillary g,0
trump's key messages last night trying delegitimize moore accuser painting us world economy doin,0
recognizing jerusalem capital israel trump dangerous short sighted will undoubtedly create ch,0
unless trump can see picture dying children not exist support saudi arabia trump kush,0
trump presided massive job losses due outsourcing plant closings despite promising keep jobs stateside,0
bus three white losers maga hats get intimidate elderly latina start chanting build wall,0
eager see country going look like years now trump time undo damag,0
trump humiliates dems releases footage clinton obama supporting decisions,0
trump doesn't want corrections apologies wants total surrender none ever good faith level whe,0
trump admin faces criminal prosecutions former aides first year obama administration faced,0
just prepared refuse concede outcome mueller's investigation even trump video sayin,0
opinion news network produces fake news vote retweet maga trump,0
pirro key ally trump speaks regularly knives mueller,0
trump curse hits leftie skier hard lindsey vonn injured world cup competition trashing trump,0
want strongest borders ve ever seen re going borders ll borders top borde,0
trump racist tweets causing problems world wide,0
president trump naughty list well know santa tries stay political matters president ma,0
hour pm pt trump,0
trump speaks truth donaldtrump fbi's reputation worst history james comey peter strzok htt,0
trump admin faces criminal prosecutions former aides first year obama administration faced,0
matt lauer lost job charlie rose lost job mark halperin lost job glenn thrush lost job billy bush lost,0
kind idiocy gave us trump,0
first year trump hasn't bad ten times worse americans realize,0
amazing investigative piece huffington post voucher school program advocated betsy devos amp trump,0
crowd trump will address morning jackson majority black city civil rights museum mostly white ma,0
angela merkel leader free world now wants known will see back donald trump frequen,0
karma hurts lindsey vonn suffers back injury world cup race trump comments via app,0
wonder someone like manson jim jones get people follow watch trump rally,0
don't fix problems led us trump,0
amazing investigative piece huffington post voucher school program advocated betsy devos amp trump,0
say henny nasty niggas look like voted trump,0
trump equated sides charlottesville attacked civil rights icon john lewis retweets white supremacists attacks bl,0
sadiq declaring war billions muslims saying peace will prevail call peace will stan,0
rally friday night florida reiterated hard line stance immigration,0
will trump call fox fakenews demand reporter fired,0
fret not trump voters gop congressmen chasin teenage daughters find comfort somewhere billionair,0
suggestion poor getting brutalized today notmyskier call thi,0
good morning patriots happy saturday great day celebrate wonderful tweet trump ameri,0
protection mueller must refuse fired trump insisting rosenstein can rosenstein refuses tru,0
true obsessed uncovering hidden cross front activities extreme right many voters,0
just president trump recorded robo call support pedophile rapist alabama senate candidate roy mo,0
jeff merkley trump resign sexual misconduct allegations,0
chairman trey gowdy republicans reactions flynn whistleblower pains say bu,0
breaking energy fuels inc company encouraged trump decrease size bears ears national monument u,0
trump went civil rights celebration used brag,0
sowell nails m sick hard earned money going people don't work illegal immigrants shush funds plann,0
rep gallego slams trump calling post fire journalist,0
trump tweets unhinged way cnn getting date wrong yesterday please remember something else happened,0
net worth running,0
say henny nasty niggas look like voted trump,0
poor democrats got monkey back will never able shake off antifa ties sad sorry d,0
congress passed fair housing act way honor martin luther king jr assassination,0
legal opinion can't fire u s constitution definitionally cannot used empower preside,0
can somebody please tell trump obama administration passed regulation banning president destroying ball,0
wright whose side republicans trump's constitution's like put voo,0
fox news headline reads mueller investigation illegitimate corrupt note earlier morn,0
barack obama three retweeted tweets donald trump didn't make top h,0
great week media mad democrats mad hollywood mad athletes mad liberals mad top,0
european allies give tillerson earful trump's decision jerusalem via la times,0
mike eruzione u s men's hockey captain somebody respect whether agree disagree wi,0
trump reportedly drinks cans diet coke watches hours tv per day,0
trump's jerusalem move arab allies attack decision,0
cardi said d wanna stuck elevator donald trump can annoy lmaooooo fuckin love http,0
shrinking national monuments utah appears deal trump energy fuels,0
blood thirsty trump abandoned little search truth left,0
history age written names ryan mcconnell trump gowdy nunes will inspire revulsion,0
remember watergate pretty well don't remember anything like level journalistic carelessness back con,0
hits just keep coming reporter apologize phony photo put trump rally,0
william best twitter reactions donald trump's crazy press conference,0
trump advisor george papadopoulos fiancee says never took initiative without blessing campaign,0
trump miracle american manufacturing added new jobs november years since election t,0
remember cnn jim acosta spread fake news claiming president trump didn't visit steve scalise hospit,0
john marxist ladarola young turds throwing snowflake tantrum donald trump offends feminine se,0
protection mueller must refuse fired trump insisting rosenstein can rosenstein refuses tru,0
hispanic unemployment us time low president trump,0
shit donald trump cares absolutely fucking absurd petty brat,0
ex fbi special agent lot anger fbi entire intelligence community matter t,0
half dozen technology experts former national security officials filed amicus brief urging fede,0
shadesof pls first learn form correct sentence,0
rather repenting trump calls various media networks fake news fake news report get b,0
cat,0
gotta give trump gives genuine lol almost every day xmas back bigger better ever u can't wr,0
opinion news network produces fake news vote retweet maga trump,0
religious political reasons behind trump's jerusalem decision via jerusalememba,0
m hearing chatter will yuge bombshells trump russia investigation x mas also led beli,0
trump kicked office colluding interfere election need new election no question,0
mueller hiding strzok s gotta something m trying figure,0
anyone else looking forward unfiltered al franken steps man intelligent way wi,0
ve ever taken loan buy property start business education etc know lot financial,0
obama compared trump hitler yesterday hitler control freak owned media hated capitalism free speech,0
no one cares integrity america favor trump good people don't like shitty people,0
siskind month month trump's inner circle shrinking increasingly listening dregs get closer y,0
sadiq declaring war billions muslims saying peace will prevail call peace will stan,0
spent first two decades career social scientist studying liars lies thought develope,0
trump desecrates history civil rights movement remember doug jones yrs crime prosecuted,0
pope subtweeting donald trump peak,0
sadiq declaring war billions muslims saying peace will prevail call peace will stan,0
idiotic tweets like trump won americans sick individuals don't think speak wish,0
breaking un security council nations condemn trump recognizing jerusalem israel's capital,0
trump's pick census position wrote book saying competitive elections bad america,0
donald trump speaking pensacola just said hillary clinton lost landslide beat million votes,0
historic courageous decision acknowledge jerusalemisthecapitalofisrael reflects potus commitm,0
wonder constantly bashes fakenews cnn headline today opinion obama beats trump economy,0
compares hilter yet one president forced every american purchase commodit,0
president trump's attendance hurtful policies insult people portrayed civil rights museum,0
trump curse strikes lindsey vonn injured world cup super g video olympictalk,0
cardi said d wanna stuck elevator donald trump can annoy lmaooooo fuckin love http,0
buzzfeed news publishing slide presentation blackwater founder erik prince privatize afghan war mine,0
ex fbi agent trump says nary negative word russians will insult us every chance gets,0
really interesting headline wouldn't say lindsey vonn suffers back injury world cup race trump commen,0
real american patriots appreciate athletes say hearts con,0
mermaids real love trump non existent,0
ivanka trump s special place hell child predators comment trolls roy moore rally,0
snl uses kids criticize president trump's sexual assault allegations accusers google h,0
gt remember mike pence deliberately tweeted old photo said new made taxpayers fund stunt,0
barack obama three retweeted tweets donald trump didn't make top h,0
pres trump tours mississippi museum civil rights walking exhibit freedom riders,0
president trump mocks democrat resistance amp crooked hillary massive via,0
strange fakenews media never gets stories wrong favor trump almost like purpose,0
say lowest approval rating poll history,0
half dozen technology experts former national security officials filed amicus brief urging fede,0
less blue counties hillary clinton carried nationwide encompassed massive america's economic ac,0
fyi members media trump rally mike pence's nephew john pence supposedly working venue adjust wifi,0
donald trump never ever meaning admit mistake correct apologize,0
trump tweets unhinged way cnn getting date wrong yesterday please remember something else happened,0
trump admin faces criminal prosecutions former aides first year obama administration faced,0
change cells change life see president trump sits cover first books lifestyle fit amp fam,0
cory booker calling trump follow al franken resign allegations sexual harassment interview,0
luver trump executive order sell off states national monuments,0
namjoon single handedly took trump white supremacist police violence song btw,0
facts don't matter jacob deep trouble thinks trump wil,0
congress passed fair housing act way honor martin luther king jr assassination,0
trump named jerusalem capital israel,0
trump curse,0
report funniest thing ve read today trump like non stop year old can't keep u,0
trump says grab pussy pervert alabama laughingstock country thanks,0
yes trump naughty boy adult never declare jerusalem capital israel,0
kareem abdul jabbar trump appeal racism,0
trump now sending social media mob individual journalist note warned th,0
report never trump ex jeb bush staffer admits planting anti roy moore story washington post breitbart,0
protection mueller must refuse fired trump insisting rosenstein can rosenstein refuses tru,0
one really struck bad dumpster fire really taking office mr trump told,0
media matters using money receives charitable donations fund political activities directly impacting c,0
european allies give tillerson earful trump's decision jerusalem via la times,0
agree president trump says mainstream media agenda misinform people,0
disturbing see democrats unified crucifying one demanding trump resign stat,0
basically donald trump fighting dave weigel crowd size trump trying prove racists,0
aspartame can rats imagine trump,0
first year trump hasn't bad ten times worse americans realize,0
uranium jeez think uranium one story projection distraction,0
demand apology amp retraction,0
remember watergate pretty well don't remember anything like level journalistic carelessness back con,0
e jews protest new york trump decision recognize jerusalem city capital israel jerusalemist,0
protection mueller must refuse fired trump insisting rosenstein can rosenstein refuses tru,0
trump rolling back protections america's public lands rt ask stand nat l parks amp monumen,0
cool now every democrat called al franken's resignation needs come together donald trump,0
trump's rally last night endorsed pedophile speaker compared israel decision jesus return mock,0
buzzfeed news publishing slide presentation blackwater founder erik prince privatize afghan war mine,0
gt remember mike pence deliberately tweeted old photo said new made taxpayers fund stunt,0
gdp trump took amp gradually gone expect hit laughable oba,0
trump self diagnoses problem country sick system inside know,0
ex fbi special agent lot anger fbi entire intelligence community matter t,0
really bad gt republicans using taxpayer dollars attack patagonia behalf trump,0
saturday december one single citizen humbly call resignation donald j trump president,0
see fear around whether trump fires mueller remember allies ample evidence,0
trump pathological liar arena empty hear echos,0
say henny nasty niggas look like voted trump,0
say henny nasty niggas look like voted trump,0
msm wasn't expecting us stick around wasn't normal presidential election didn't just vote millions,0
trump's rally last night endorsed pedophile speaker compared israel decision jesus return mock,0
arab ministers demand reversal trump jerusalem decision,0
right no poll will ever right many people wouldn't admit pollsters voted trump,0
trump equated sides charlottesville attacked civil rights icon john lewis retweets white supremacists attacks bl,0
donald trump mitch mcconnell paul ryan roy moore sean hannity tucker carlson mike pence corey lewandowski steve banno,0
gonna honest one year ve gone reluctantly voting trump willing stand shoulder shoulder,0
disrespectful trump attend protests boycotts trump dedicates ms msnbc,0
isn't weird trump's gal friday hope hicks whole presidency giving hicks hope,0
bill clinton george bush barack obama donald trump said jerusalem capital israel promised mo,0
maga hats violate safe space policy college campus coffee shop kicks students https,0
facts stats matter read article economy trump needs get statistics straight,0
video fox news will never show proves trump supporters finished htt,0
trump watches four eight hours tv per day super tivo one great details well done,0
trump calls washington post fakenews reporter posting fake pictures rally hours,0
trump tweets unhinged way cnn getting date wrong yesterday please remember something else happened,0
trump appeals calm violent protests grip middle east,0
listen ex obama adviser lie behind trump tax cuts today's latest news hill,0
trump presidentofdishonor disgraces nation every day ignorance amp arogance seeking disma,0
arnold schwarzenegger made terminator reference reacting trump's decision withdraw climate deal,0
trump not presidency malignancy disease posing person resistance trying surgicall,0
cat go head keep party please keep showing americans care causing drama,0
msm wasn't expecting us stick around wasn't normal presidential election didn't just vote millions,0
sessions isn't going bring charges hillary comey lynch involved fire hi,0
arab foreign ministers demand trump rescind recognition jerusalem capital israel,0
s jerusalem move arab allies attack decision,0
trump doesn't want corrections apologies wants total surrender none ever good faith level whe,0
cardi said d wanna stuck elevator donald trump can annoy lmaooooo fuckin love http,0
tonight's firebomb attack synagogue gothenburg follows demonstration malm friday protesters shouted,0
abc colluded russia abc retracted reuters mueller subpeona trumps banki,0
opposite self care cable news diet coke inside trump's hour hour battle self preservation https,0
trump won't accept wapo reporter's apology fired axios,0
nuts think trump will brought past sexual misconduct voters knew fact thre,0
now know trump became president,0
new op ed cnn trump likes boast jobs stock market job growth last year o,0
report jerry brown gets biblical trump doesn t fear wrath god,0
trump watches hours television day two primary reasons see amp affirm exists bec,0
cardi said d wanna stuck elevator donald trump can annoy lmaooooo fuckin love http,0
person wants foxhole roy moore donald trump,0
breaking newly released documents show mulvaney raked huge cash payday loan ceos just days pressured go,0
bre time trump eve,0
nyc metoo rally happening now come join us trump hotel columbus circle say metoo,0
brand bullshit nothing new ve seen know well like hideou,0
jerusalem ipob lauds u s president donald trump jerusalem recognition congratulates israel,0
siskind month month trump's inner circle shrinking increasingly listening dregs get closer y,0
lol even m realizing now real pisses off men annoying hell see president tru,0
arrested mississippi using white restroom years later trump sued justice depa,0
shit donald trump cares absolutely fucking absurd petty brat,0
trump wants us nation helpful amp family not helpful world community,0
nuts think trump will brought past sexual misconduct voters knew fact thre,0
shit donald trump cares absolutely fucking absurd petty brat,0
president trump million debt deutsche bank now bank turned records mueller investigation,0
awaiting skiy replayed trump god hat tell north korea going done w,0
trump supporters right time boycottvonn amp companies endorse lindsey vonn says w,0
trump call resistance know re really resisting will american people wron,0
hispanic unemployment us time low president trump,0
love trump good not polls replies filled shit like fake poll actually oth,0
taxes paying bs good patagonia right trump liar,0
iamtheresistance joined theresistance complacent believed good always prevail january hi,0
president trump naughty list well know santa tries stay political matters president ma,0
one vacation tweet weigelgate trump lied times year crowds ve invent separate crowds cate,0
trump democrat d still work get impeached party affiliation doesn't make okay time e,0
haters suddenly msm realizes fbi plotted f ck flynn amp trump true pundit told months da,0
number americans muslims protesting infront white house number american muslims giving american,0
change cells change life see president trump sits cover first books lifestyle fit amp fam,0
respect office not respect denial fact black people respected work,0
president trump calls wapo's dave weigel fired bogus report empty fl rally firedaveweigel fakenews,0
trump isn't watching tv tweeting isn't tweeting golfing isn't golfing eating big,0
putin amp trump global gangsters old old listen latest undertheskin podcast journalist,0
please keep trump amp family prayers will deuteronomy strong good courag,0
resist donald trump need affordable healthcare not tax cuts rich need protect e,0
compares hilter yet one president forced every american purchase commodit,0
sadiq declaring war billions muslims saying peace will prevail call peace will stan,0
yes trump supports alex jones infowars lying american people disgusting ways imaginable see,0
compares hilter yet one president forced every american purchase commodit,0
trump's recognition jerusalem ended triggering protests orders magnitude less severe launched,0
yup right everyone trump telling truth non biased person,0
dnc corrupt stay tuned folks much story lockthemallup muellerinvestigation trump maga,0
donald trump never ever meaning admit mistake correct apologize,0
buzzfeed news publishing slide presentation blackwater founder erik prince privatize afghan war mine,0
jerusalem not capital israel trump not president also feelings grass not green,0
thread time tell biggest untold story election cadre pro trump fbi agents intel o,0
retweet support judge roy moore believe going win election trump behind democrats,0
m veteran network tv comedy writer will never ever funny fakenews maga fakenews msnbc trumptrain,0
daily vonn said won't represent pres trump olympics hurts back ashley judd talked bad abou,0
attrition looks like wearing opponent day day like ice snow wear away stone st,0
reverse trump curse,0
brittany covington one four racist chicago thugs brutally tortured disabled young man yelling pro,0
wonder bereaved make bbc sky news encouraging mass unvetted immigration amp calling anyone challenged,0
acting defense counsel trump rep cummings trey gowdy r's spineless cor,0
guys performatively quitting republican party find ideas repulsive coming trump's mouth,0
working americans want good fair tax plan lose trump,0
infinite wisdom turkish fm cavusoglu claims fethullah gulen organization penetrated every single us institution,0
arrested mississippi using white restroom years later trump sued justice depa,0
yes trump supports alex jones infowars lying american people disgusting ways imaginable see,0
americans desperate without power getting sick even dying not problem trump st,0
judicial watch filed foia lawsuit w doj amp nsa info obama white house's role unprecedented targeting,0
blackmail pee pee tape trump can talk way pee pee tape can't talk w,0
ex fbi special agent lot anger fbi entire intelligence community matter t,0
say henny nasty niggas look like voted trump,0
bush ethics chief trump will go violating constitution every day not sexual misconduct allegations,0
trump tweets unhinged way cnn getting date wrong yesterday please remember something else happened,0
trump's relationship romney complicated potus asked rnc chair ronna romney mcdaniel drop middle na,0
ready join followbackresistance party love country won't sit back amp watch trump fo,0
uranium company urged trump admin shrink utah national monument,0
not part political party sold soul donald trump lifetime republican,0
clear trump's travel ban unconstitutional bad policy borne hate justified no logic,0
donald trump brings home traitor chief medal,0
still never apologised never deleted trump never seriously believed just used t,0
trump won't become potus trump won't get tax plan trump won't enact travel ban trump won't move emb,0
trump ultimate snowflake anyone sensitive vain dt,0
jerusalem never seen violence now literally zero violence throughout history trump's fault https,0
m growing concerned donald trump will attempt fire robert mueller otherwise limit inve,0
hits just keep coming reporter apologize phony photo put trump rally,0
hearing obama saul alinsky loving socialist addressed chicago economic summit warning trump turn,0
twitter excalibur trump wielded land sub approval rating federal investigation,0
trump just made even people angry plans recognize lannisport capital westeros,0
trump equated sides charlottesville attacked civil rights icon john lewis retweets white supremacists attacks bl,0
though critics boycotted pres trump's appearance received subdued courteous reception opening ceremo,0
momo re not sheeo gop yo,0
hispanic unemployment us time low president trump,0
good old fashioned lock chant breaks trump's pensacola rally note four trump campaign staffers now,0
inside trump's hour hour battle self preservation via,0
washington post reporter apologizes bad tweet trump calls thing happened texa,0
united states kinda sold right now trump owned,0
no kidding donald trump approval rating russia donald trump approval rating usa,0
ready join followbackresistance party love country won't sit back amp watch trump fo,0
shit donald trump cares absolutely fucking absurd petty brat,0
obama pulled low class move insulting trump tr,0
dems want trump take medical exam don't blame combination brains instincts capabilities energy,0
chokwe antar lumumba jackson mississippi's mayor declined share stage w donald trump grand opening th,0
hispanic unemployment us time low president trump,0
panicked donald trump jr tries cover contact wikileaks deleting firefox icon desktop,0
president trump will undergo physical examination early next year allow doctors release details medical evaluation,0
frankens accused no way equal trump moores,0
world according trump nfl players bad child predators good fbi bad russia good journalists bad l,0
feed r seats az jeff flake r retiring ms roger wicker r ne deb fischer r n,0
remember watergate pretty well don't remember anything like level journalistic carelessness back con,0
donaldtrumpjr liability trump family gift bob mueller others,0
chicago judge quietly drops hate crime charges domestic terrorists known blm kidnappers thug,0
trump thinks people fired misrepresenting truth twitter new york magazine,0
anyone else looking forward unfiltered al franken steps man intelligent way wi,0
hatespeech rhetoric trump surrogates upsidedown foxnews,0
wretched person,0
trump don't like us,0
reading recalled quote obama television don't think us want citizens,0
trump gets fdr quote wrong melania gets date wrong pearl harbor remembrance day indeed,0
explanation mueller knows want get trump distract people,0
open letter president united states mr donald trump aksibelapalestina,0
friday two loudest opponents mueller invited onto air force one spend time trump criminalgopobstru,0
sadiq declaring war billions muslims saying peace will prevail call peace will stan,0
liked video fbi raids hillary clinton de th factory deep state trump att cks,0
can anyone call racist man doesn't racist bone body donald j trump,0
cnn even admitted wrong trump accusation w wikileaks,0
trump won't accept wapo reporter's apology fired axios,0
trump president trump president trump president trump president trump pr,0
journal editorial report william mcgurn report agree mueller's investigation nose dived gian,0
one vacation tweet weigelgate trump lied times year crowds ve invent separate crowds cate,0
short thread trump counters fake news unrolled thread,0
trump zionist getting exactly wanted sadly innocent muslims jews will victim,0
trump supporters reminded ivanka denounced roy moore special place hell,0
cnn botched story trump jr claims without evidence reporters got played washington post,0
president trump million debt deutsche bank now bank turned records mueller investigation,0
thread time tell biggest untold story election cadre pro trump fbi agents intel o,0
anyone hasn't yet read steele dossier entirety please amazing much corroborat,0
self described hardest working president ever spends eight hours day watching tv,0
president trump's attendance hurtful policies insult people portrayed civil rights museum,0
pres trump apologize lies ve told us inauguration rall,0
got trump got political part taken care,0
sadiq declaring war billions muslims saying peace will prevail call peace will stan,0
surgeon hangover gas station tuna sandwich past expiration date botulism ted cruz ethics consultant,0
always inaccurate information tweets trump apologize letter caught ho,0
amendment states counting will need trump charged,0
trump's methods remind stunts people played past seing ppl resist gives silver lining al,0
written sept honest re seeing right now experienced highly qualified intelligen,0
dimwittrump russian government trump campaign hicks publicly issued denial never happened sh,0
sadiq declaring war billions muslims saying peace will prevail call peace will stan,0
uranium firm urged trump officials shrink bears ears national monument,0
florida trump attacks credibility roy moore accuser rallies support alabama senate hopeful,0
new supreme court ruling boon trump's bid defend daca cancellation,0
president trump proclaims today worldaidsday,0
icymi hair baby polar bear,0
remember watergate pretty well don't remember anything like level journalistic carelessness back con,0
like part nation fallen kind trump directed hillbilly tv reality show,0
exactly zero obama's top aides prosecuted trump's prosecuted already,0
obviously unstable bot trump avi references blm antifa bio sigh,0
trump says agenda cannot afford roy moore loss gives crap agenda america suppo,0
according aides trump watches hours tv every day regularly fails show work even afte,0
trump racist old white man rich pervert,0
particularly terrifying highlights nyt step back trump's mental state hours tv day ht,0
barack obama three retweeted tweets donald trump didn't make top h,0
change cells change life see president trump sits cover first books lifestyle fit amp fam,0
disgraceful performance usual tonight nhl's sinking ottawa senators senators shutout o,0
mcconnell donors tell exactly happened trump,0
barack obama three retweeted tweets donald trump didn't make top h,0
nuts think trump will brought past sexual misconduct voters knew fact thre,0
france questions whether us can play role peace process trump backs jerusalem israel's capital don't know,0
president trump naughty list well know santa tries stay political matters president ma,0
bashing trump lindsey vonn injured world cup competition lindsey finished world cup super g extreme pain sat,0
just president trump recorded robo call support alabama senate candidate roy moore white house official,0
ah just describe trump,0
uranium firm lobbied trump administration scale back bearsears nationalmonument via,0
makada trump fire pensacola just called cnn fake wikileaks story abc fake flynn story com,0
remember watergate pretty well don't remember anything like level journalistic carelessness back con,0
retweet agree donald trump jr thrown prison testifying front congress today wanna sure,0
video view inside pensacola trump rally tonight president talked illegal immigration,0
shit donald trump cares absolutely fucking absurd petty brat,0
trump speaks truth donaldtrump fbi's reputation worst history james comey peter strzok htt,0
guess know stealing cheating,0
trump removed emperor's clothes reveal farce peace process noura erakat,0
donald trump just reminded us truly psychopath,0
disturbing trump going fire mueller disturbing signs,0
reuters countries including france egypt uk requested emergency meeting un security coun,0
wonder constantly bashes fakenews cnn headline today opinion obama beats trump economy,0
roger stone knew franken scandal long news broke turns also involved crafting th,0
breaking house overwhelmingly votes kill resolution democratic lawmaker impeach president trump,0
trump isn't just supporting roy moore told confidants firmly believes accusers liars even thinks mo,0
voted guy taste food amp architecture just atrocious,0
trump will tell million lies falsehoods never waver base loves paper journalist makes,0
democrats now attacking trump things voted past hate no boundaries,0
infidel ok need repeated anyone attacks president trump will get full rath,0
la times editorial board tells trump sessions respect state marijuana laws,0
hours since donald trump attacked gained thousands new twitter followers meanwhile m,0
trump pensacola call theresistance know re really resisting will ameri,0
trump doesn't want corrections apologies wants total surrender none ever good faith level whe,0
trump described in's person year issue alleged harasser one driving forces behind met,0
president trump naughty list well know santa tries stay political matters president ma,0
iamtheresistance live red state raised farm raised poor raised work hard,0
roger stone knew franken scandal long news broke turns also involved crafting th,0
bus three white losers maga hats get intimidate elderly latina start chanting build wall,0
report trump attends civil rights museum opening black leaders stay away,0
can argued un ineffective peace keeping attempts pushing equality complic,0
will never trust people lie will never support people turn back american flag,0
trump isn't watching tv tweeting isn't tweeting golfing isn't golfing eating big,0
trump's transition team colluded israel isn't news michael flynn's guilty plea includes admission co,0
yes trump indicted nixon tapes case proves,0
don't know donald trump crazy fox news,0
john loser lewis called potus trump illegitimate president potus trump won election fair square without,0
bob mueller didn't just get mike flynn flip got pledge potential cooperation local prosecutors,0
cardi said d wanna stuck elevator donald trump can annoy lmaooooo fuckin love http,0
fox big joke m saying quote attributed trump,0
trump escalates rigged system rhetoric amid russia probe analysis cnn's stephen collinson,0
remember cnn jim acosta spread fake news claiming president trump didn't visit steve scalise hospit,0
ahh country trump's,0
feed r seats az jeff flake r retiring ms roger wicker r ne deb fischer r n,0
newspapers stop covering crowds trump rallies show empty venue spe,0
ex fbi agent trump says nary negative word russians will insult us every chance gets,0
trump watches eight hours television per day report,0
european allies give tillerson earful trump's decision jerusalem via la times,0
trump loves create outrage press not surprise results violence not national,0
shit donald trump cares absolutely fucking absurd petty brat,0
disabledvet lights no one home trump reads script mississippi civil rights museum via,0
wapo cnn misreported wikileaks providing trump access email tranche,0
true piercing dense thicket lies told trump circle conceal deep wrongdoing media o,0
change cells change life see president trump sits cover first books lifestyle fit amp fam,0
re suing president trump,0
obama try take credit literally,0
fake news trump goes wapo reporter tweeting misleading photo empty seats rally,0
protestors jud mml amp dpc taking streets karachi pakistan trump devastating announcement jerus,0
gonna honest one year ve gone reluctantly voting trump willing stand shoulder shoulder,0
trump's attack reporter dave weigel chilling reflection spiral authoritarianism,0
bus three white losers maga hats get intimidate elderly latina start chanting build wall,0
saudi not cancel biggest arms deal usa trump decision israel toilets made w,0
cory booker calling trump follow al franken resign allegations sexual harassment interview,0
merry christmas ok trump said say merry christmas badholidaycards maga,0
trump admin former aides prosecuted first year obama admin former aides prosecuted eight years,0
everyone say trump's approval rating,0
cory booker calling trump follow al franken resign allegations sexual harassment interview,0
donald trump end american democracy via newsweek,0
don't understand media always writes firing mueller trump never indicated desire plan,0
cnn's initial reporting date email sent members trump campaign wikileaks documents confi,0
hispanic unemployment us time low president trump,0
democratic reps john lewis georgia bennie thompson mississippi declined join museum opening invitation,0
alan dershowitz wrong argues course president can obstruct justice exercising constitutional au,0
arrested mississippi using white restroom years later trump sued justice depa,0
trump come home state ms visiting civil rights museum invited gov bryant yet bennie thomp,0
siskind new allegations trump predator chief trump must face senate hearings sexual harassment allegations,0
pope speaking directly gop leader trump,0
governor brown criticizes president trump climate change position california burns,0
trump assaults american democracy obama warns collapse follow path nazi germany,0
trump wants marginalize movement retweet tell just begun grow stronger lou,0
hey donald trump just want let know societies moving point understanding mixed,0
wepon team trump aiming,0
president trump naughty list well know santa tries stay political matters president ma,0
cory booker calling trump follow al franken resign allegations sexual harassment interview,0
believe trumpster attendance good trump rally pensacola texas yeah texas,0
shit donald trump cares absolutely fucking absurd petty brat,0
trump receiving ellis island award rosa parks maga,0
now roymoor accuser caught lying democrats initiated black card voters,0
trump obsessed size amp always lying sounds like compensation,0
breaking energy fuels inc company encouraged trump decrease size bears ears national monument u,0
rt,0
liberals want exempt social media rules,0
hahahaha cnn corrects trump jr story nothing burger call fake news,0
trump doesn't want corrections apologies wants total surrender none ever good faith level whe,0
aca enrollment ends week million americans can get covered no premium must just apply trump,0
groyper trump doesn't lost vote,0
congress passed fair housing act way honor martin luther king jr assassination,0
trump's jerusalem bluff funny arabs trumpian jews falling,0
just finished watching trump's speech pensacola tonight easy see man truly cares country h,0
cat bernie won't terms goes action vp comes age less probl,0
failed comedian amp washed c rated actor calling low informed sheep prevent,0
since islam religion peace can rest easy knowing trump decision name jerusalem capital israel wil,0
m hearing chatter will yuge bombshells trump russia investigation x mas also led beli,0
first year trump hasn't bad ten times worse americans realize,0
today analyze's potential run us senate utah senator romney might interact,0
according aides trump watches hours tv every day regularly fails show work even afte,0
year old asked whether obama part kenyan tell obama whore,0
trump doesn't want corrections apologies wants total surrender none ever good faith level whe,0
first say probably not officially going take power can actuall,0
now know trump became president,0
trump cotton mouth left still demanding medical exam demand med exam w,0
fight fight never giver president trump never give motivational video presidential addre,0
trump amp family fears pendulum's swings,0
trump obsession expense news breaking news not bombshells turn duds sad http,0
missed account created day trump jr amp russia meeting june honeypot h t,0
show tomorrow noon pacific want tune,0
hello islamic bakery d like order mohammad cartoon cake yes put bacon r,0
iamtheresistance kids special needs autism cancer graduating college today d,0
trump fires mueller will holding rallies across country check locations can join massive re,0
trump's tweet saying fire reporter dave weigel may law,0
vondinkis fakenewshistoricalweek leftistsedition historic fakenews week doesn't include routine lies cnn don jr,0
milano real donald trump,0
va terrible shape talking trump,0
president trump campaign trail talking american people reminding world done,0
now know trump became president,0
shit donald trump cares absolutely fucking absurd petty brat,0
not new info worth reviewing bush nominated comey dep ag bush nom d mueller fbi director mueller comey,0
texts keep mind never recording flynn's talk fbi released flynn's word vs fbi,0
wattersworld obama's government plotting trump's government liberals planning silent coup fbi cia,0
priceless singer reba mcentire michelle obama white house disgusting living now,0
think president trump fire general flynn lied vice president,0
breaking outdoor company patagonia sues block trump's cuts utah's bears ears national monument,0
trump's tweet saying fire reporter dave weigel may law,0
donald trump best weeks presidency somehow ratings falling keep mind pol,0
mike eruzione captain us men's olympic hockey team gave take whether athletes accep,0
no kidding donald trump approval rating russia donald trump approval rating usa,0
iamtheresistance divorced son college living paycheck paycheck not trump considers elitist resist trump,0
shit donald trump cares absolutely fucking absurd petty brat,0
trump going fire mueller disturbing signs,0
take look douchebag someone hates gays certainly enjoy sucking trump's dick,0
james chaney andrew goodman amp mickey schwerner murdered kkk mississippi trump dishonored everything,0
rt know fact resisting donald trump puts right side history,0
disgusting moore wins alabama minnesota will make franken stay cast vote moore's quick expulsion,0
slam rep lewis trump snub time come together can't come table pass torch,0
ah trump shabbos goys,0
pirro key ally trump speaks regularly knives mueller,0
trump walked meeting fox news host judge jeanine getting tired conversation report,0
m disappointed friend leeann tweedon partner kabc john phillips roger stone pal amp coached fo,0
cory booker calling trump follow al franken resign allegations sexual harassment interview,0
arab states urge u s abandon jerusalem move,0
mike eruzione captain us men's olympic hockey team gave take whether athletes accep,0
uranium company urged trump admin shrink utah national monument,0
idiotic tweets like trump won americans sick individuals don't think speak wish,0
nuts think trump will brought past sexual misconduct voters knew fact thre,0
awaiting skiy replayed trump god hat tell north korea going don,0
ve waiting someone like long time dinesh ve become accustomed r,0
thank mr president something thankful well done,0
fuck trump opening civil rights museum goddamn way like havin roy moore,0
cardi said d wanna stuck elevator donald trump can annoy lmaooooo fuckin love http,0
speech yesterday president trump laid voters will make responsible decision think th,0
bob mueller didn't just get mike flynn flip got pledge potential cooperation local prosecutors,0
net worth running,0
cory booker calling trump follow al franken resign allegations sexual harassment interview,0
north korea blasted president donald trump saturday reckless wicked act recognizing jerusalem israel,0
trump diet dozen diet cokes day amp piles well done steak salad slathered w roquefort dressing amp bacon crumbles tu,0
indeed us heavy decline long time,0
no kidding donald trump approval rating russia donald trump approval rating usa,0
congress passed fair housing act way honor martin luther king jr assassination,0
wow trump thousands followers impressive,0
vondinkis maga pensacola washpostpropaganda amp leftist buttkicking world champion donald trump puts smackdown,0
,0
missed account created day trump jr amp russia meeting june honeypot h t,0
sadiq declaring war billions muslims saying peace will prevail call peace will stan,0
know fact donald trump small penis please retweet enough can't help respond,0
providing fetal tissue medical researchers planned parenthood risked everything help us fight alzheimer's parkinso,0
deniro pimp amp weinstein topsecret meeting phil murphy dem fav succeed n jersey's gov chris c,0
iamtheresistance joined theresistance complacent believed good always prevail january hi,0
donald trump,0
mueller fired congress nothing going need explain agreed w,0
nyt donald trump watches hours tv per day trouble starting work calls gen kelly times per da,0
ca trump says cnn's erroneous wikileaks report vicious purposeful mistake morning tweets,0
trump brags surveilling people republican admits misconduct government surveillance,0
net worth running,0
breaking jackson mayor lumumba tells cnn won't share stage trump museum opening,0
now mueller subpoenas trump records deutsche bank,0
garbage men decent hard working people trump none things know yo,0
fool obama bush clinton bush etc wished everyone merry christmas quick sucking trump,0
cardi said d wanna stuck elevator donald trump can annoy lmaooooo fuckin love http,0
half dozen technology experts former national security officials filed amicus brief urging fede,0
ll borders top borders trump riffing nonsense pensacola florida thunderous applause,0
trump calls wapo's dave weigel fired bogus report empty fl rally,0
manipulative sob winning justify cheating ends justify mea,0
happening violent clashes jerusalem thanks californiawildfires days,0
boom sara carter anti trump mueller team emails lot going come video tic,0
trump's jerusalem decision driven religiousextremism,0
two scoops ice cream new smoking gun press trump lol,0
turns june trump tower meeting wasn't one off one series criminal trump campaign interacti,0
exactly stated long ago trump elected black people stay home no one cared,0
nyc metoo rally happening now come join us trump hotel columbus circle say metoo,0
now know trump became president,0
christians muslims stand side side protest trump israel jerusalem,0
trump slurs words due cottonmouth liberals freak demanding medical exam can test nan,0
tupac talks donald trump amp greed america interview mtv news,0
will not donating can't look past graham's ungodly worship trump pray god opens hi,0
awesome hardware msi mining bios trump sued blocking twitter users ask audience,0
stance army pertaining trump's acceptance jerusalem capital israel,0
president trump's approval rating sits,0
bot technically right obama's incompetency led depletion o,0
anyone ever wondered trump fat hours yuge ass watching poorly,0
assaulter chief endorses pedophile soul conservatives alabama senate candidate new york times,0
poll vast majority wants congress investigate sexual harassment claims trump,0
sadiq declaring war billions muslims saying peace will prevail call peace will stan,0
donald trump never ever meaning admit mistake correct apologize,0
trump impeachment process just getting started says texas democrat forced first vote,0
never trump busted former jeb bush staffer admits planting roy moore story washington post,0
else know america doesn't worship government worship god president trump,0
trump pensacola call theresistance know re really resisting will ameri,0
nyc metoo rally happening now come join us trump hotel columbus circle say metoo,0
white supremacists like donald trump shouldn't even allowed speak name civil rights hero like medgar evers,0
trump jr just mocked forgetting father,0
gt remember mike pence deliberately tweeted old photo said new made taxpayers fund stunt,0
lerner lose trump black voters re losing lot losing obamacare losing money mostly,0
thisweknow illegal talking fbi unless cowed t,0
karl marx virulent racist anti semite,0
president endorsed child molester bigot unfit office,0
trump toured national civil rights museum today went reverse order happy endin,0
sadiq declaring war billions muslims saying peace will prevail call peace will stan,0
awesome hardware msi mining bios trump sued blocking twitter users ask audience,0
keep retweeting will drive trump will send hannity melt,0
breaking vonn olympics less hrs trashing trump career officially,0
first time ever audit pentagon trump trillion missing funds since rattle unex,0
half dozen technology experts former national security officials filed amicus brief urging fede,0
bbc news trump's jerusalem move arab allies attack decision,0
another good point thanks big al trump doesn't care cons,0
lies,0
say henny nasty niggas look like voted trump,0
mayor jackson mississippi says president trump's decision attend opening mississippi civil rights mu,0
concur relief ease face allow beauty show complete opp,0
trump doesn't want corrections apologies wants total surrender none ever good faith level whe,0
like part nation fallen kind trump directed hillbilly tv reality show,0
new twitter rules lol wish cnn love know trump aides told sounds like terrible,0
olympic skier lindsey vonn's anti trump statement not disrespects president many american,0
vets deserve better political hater likely taking rage sick amp vulnerable vet,0
watergate colleague argued tapes case supreme court yes trump indicted nixon t,0
response european anti semitic riots say well maybe trump shouldn't recognized israel's capita,0
latest ce coo rockstars special trump,0
trump doesn't want corrections apologies wants total surrender none ever good faith level whe,0
can erase everything trump done restore obama,0
new york times article daily life white house reveals trump drinks roughy cans diet coke amp watches,0
spent first two decades career social scientist studying liars lies thought develope,0
fox news commentators questioned womens right vote said united states not democracy even,0
hate trump supporters much,0
kushner essentially working israel michael flynn working turkey paul manafort working ukraine,0
can't believe donald trump chugs diet cokes day screaming cnn hours smashing pudgy face,0
siskind hallmark authoritarianism attacks free press insiders buy media outlets shut,0
state ags signing lawsuit challenging trump's appointment mick mulvaney consumer financial pro,0
oh way trump took office office months,0
trump's popular fart elevator classic,0
incident happened around time natasha stoynoff people mag incident,0
trump disgusting pig,0
shocker trump supporter blinds many lies trump tells daily,0
trump's tweet saying fire reporter dave weigel may law,0
asshole republican just tv sayin john lewis missed opportunity educate trump not going museu,0
clear trump's travel ban unconstitutional bad policy borne hate justified no logic,0
mariotti call resistance donald trump darn right ll keep resisting o,0
fret not trump voters gop congressmen chasin teenage daughters find comfort somewhere billionair,0
icymi payback donald trump jr just lit cbs news like rockefeller center christmas tree,0
even trump watches cnn real news fox comfort trump flips cnn news moves fox amp friends com,0
no kidding donald trump approval rating russia donald trump approval rating usa,0
trump watches four eight hours tv per day super tivo one great details well done,0
taking office mr trump told top aides think presidential day episode television show,0
arab states urge u s abandon jerusalem move,0
trump doesn't want corrections apologies wants total surrender none ever good faith level whe,0
sadiq declaring war billions muslims saying peace will prevail call peace will stan,0
inside trump's hour hour battle self preservation via,0
trump's tweet saying fire reporter dave weigel may law,0
vondinkis jerusalem christmas maga trump's great ingenious gifts hanukka gift jewish people amp christmas gift,0
president trump naughty list well know santa tries stay political matters president ma,0
buzzfeed news publishing slide presentation blackwater founder erik prince privatize afghan war mine,0
hispanic unemployment lowest rate ever administration working hard create op,0
know fact donald trump small penis please retweet enough can't help respond,0
zollo yes dementia hard thing families deal debilita,0
red line trump fired bob mueller gop goading will head washington dc pro,0
trump equated sides charlottesville attacked civil rights icon john lewis retweets white supremacists attacks bl,0
congress passed fair housing act way honor martin luther king jr assassination,0
bigmatt just trump supporters,0
m sorry disagree feels little bit better feels great thanks president,0
brittany covington one four racist chicago thugs brutally tortured disabled young man yelling pro,0
opinion news network produces fake news vote retweet maga trump,0
cold genius putin's strategy divide left first boost trump people ends spectrum fell,0
hey not support rep floats along keeping head trump irreparable da,0
new poll roy moore alabama senate race alabama don't forget vote roy moore tuesday like trum,0
one vacation tweet weigelgate trump lied times year crowds ve invent separate crowds cate,0
demand apology amp retraction,0
ex fbi special agent lot anger fbi entire intelligence community matter t,0
trump needs fight hard self preservation america no good knew already s,0
nine u think trump isn't,0
first year trump hasn't bad ten times worse americans realize,0
trump doesn't want corrections apologies wants total surrender none ever good faith level whe,0
re many reasons m glad donald trump president,0
breaking divine intervention another winning anti trump olympian lindsey vonn just injured ski accident https,0
inside trump's hour hour battle self preservation,0
trump miracle american manufacturing added new jobs november years since election t,0
trump doesn't want corrections apologies wants total surrender none ever good faith level whe,0
shit donald trump cares absolutely fucking absurd petty brat,0
trump doesn't want corrections apologies wants total surrender none ever good faith level whe,0
nine obama's policies exactly strung recession,0
trump audit dod first time history can't wait see oozes swamp pimple,0
since's inauguration american people lived w division insult national,0
fret not trump voters gop congressmen chasin teenage daughters find comfort somewhere billionair,0
number americans muslims protesting infront white house number american muslims giving american,0
president trump just arrived back mar lago ll spending weekend will meet w,0
blackest state united states america don't one black elected official statewide can hav,0
say henny nasty niggas look like voted trump,0
trump's false claim hillary fbi,0
hispanic unemployment us time low president trump,0
wh spent time waging war journalists protecting us actual enemies sadly tr,0
person trump ever paid tribute period,0
trump tweets unhinged way cnn getting date wrong yesterday please remember something else happened,0
judah massively underwhelming day rage much win israel trump declaration shows arab nationalist d,0
trump isn't watching tv tweeting isn't tweeting golfing isn't golfing eating big,0
bob mueller didn't just get mike flynn flip got pledge potential cooperation local prosecutors,0
trump isn't watching tv tweeting isn't tweeting golfing isn't golfing eating big,0
vondinkis leftistterrorism islamicterrorism jerusalem president trump's jerusalem move deals blow terror,0
donald trump roy moore represent worldviews ve pushed margins society long long time ag,0
literal mountain tweets supporting logic trump go first theresistance,0
polticsnewz will trump's jerusalem decision pay off,0
abbas showed finger trump won't meet pence america not mediator anymore side conflict,0
trump's multiple golf trips mar largo trips mnuchin price taking expensive trips taxp,0
no rally trump last night not packed rafters know may not believe trump lied,0
isn't weird trump's gal friday hope hicks whole presidency giving hicks hope,0
donald trump's politics will gut republican party decades,0
future trump presidency will remembered new coke presidency seemed like good idea time,0
amazing investigative piece huffington post voucher school program advocated betsy devos amp trump,0
bus three white losers maga hats get intimidate elderly latina start chanting build wall,0
thread time tell biggest untold story election cadre pro trump fbi agents intel o,0
brittany covington one four racist chicago thugs brutally tortured disabled young man yelling pro,0
cold genius putin's strategy divide left first boost trump people ends spectrum fell,0
trump impeachment process just getting started says texas democrat forced first vote,0
bye bye anti american million people voted pres trump says something no one going watch,0
history books won't remember obama tweets history books will remember great achievements president trump,0
chokwe antar lumumba jackson mississippi's mayor declined share stage w donald trump grand opening th,0
ok carson supported trump since day one s,0
shock reporters defend pres trump liberal lie spoke amp mostly empty amp pensacola rally,0
turn radioactive toxic waste dumps kill life start kill us like feed bottom feedin,0
great potus trump incredible results less months just getting started,0
new york times article daily life white house reveals trump drinks roughy cans diet coke amp watches,0
ive never heard politicians country nothing good,0
one vacation tweet weigelgate trump lied times year crowds ve invent separate crowds cate,0
one shamed ex president trump,0
trump approves new russia sanctions violating cold war arms pact,0
mitt romney avoiding vietnam bad donald trump avoiding vietnam ok anthony weiner sexting chi,0
trump kicked office colluding interfere election need new election no question,0
now way donald trump's scheduled term,0
palestinian politician hanan ashrawi don't think point hope chance trump administrat,0
yes trump supports alex jones infowars lying american people disgusting ways imaginable see,0
according aides trump watches hours tv every day regularly fails show work even afte,0
exactly least owned mistake orange fuck stomps like retarded fucking,0
trump curse hits leftie skier hard lindsey vonn injured world cup competition trashing trump karma maga ht,0
trump policies driven stock market time highs created jobs amp driven gdp democrat,0
president trump destroyed liar gloria allred one genius statement v via,0
short thread trump counters fake news unrolled thread,0
retweet demand u s senators called sen al franken resign also call special senate inves,0
reasons people attend candidate's victory party re cheering candidate win wan,0
protection mueller must refuse fired trump insisting rosenstein can rosenstein refuses tru,0
don't want black history month trump president,0
according aides trump watches hours tv every day regularly fails show work even afte,0
ex fbi agent rips trump ll insult us intel every chance gets says nothing russia htt,0
abc colluded russia abc retracted reuters mueller subpeona trumps banki,0
thank president trump god bless durden many othe,0
amazing just months dreamers went absolutely incredible kids trump promised approach w,0
whistleblower tells rep ron desantis political bias fbi corruption trump obama hillary,0
thank father god working miracles willing faithful servant administr,0
eric holder attorney general us history found contempt congress not lecturing us,0
trump doesn't want corrections apologies wants total surrender none ever good faith level whe,0
young lady walks bar donald trump d grab pussy roy moore old trent franks need impregna,0
trump spearheading national reenactment civilwar getting see eff life,0
trying keep us truth corruption going,0
yeah crowds came see humpty dumpty trumpty clown wh,0
yes trump putin got two options n korea fire muller will month's shit,0
trump admin former aides prosecuted first year obama admin former aides prosecuted eight years,0
european allies give tillerson earful trump's decision jerusalem via la times,0
insiders reveal trump's daily fight self preservation cable news diet cokes iphone ready,0
state law police union trump u s supreme court requirement brady material,0
trump won't become potus trump won't get tax plan trump won't enact travel ban trump won't move emb,0
trump doesn't want corrections apologies wants total surrender none ever good faith level whe,0
trump refers third person expressing not personality disorder intuitive grasp,0
m hearing chatter will yuge bombshells trump russia investigation x mas also led beli,0
concerning bothered put online since dsa organizer amp making decisi,0
trump desecrates history civil rights movement remember doug jones yrs crime prosecuted,0
shit donald trump cares absolutely fucking absurd petty brat,0
secretary tillerson ends europe trip wave rebukes trump positions http,0
ex fbi special agent lot anger fbi entire intelligence community matter t,0
donald trump nothing noteworthy say tweets weren't retweeted obamas o,0
illegal,0
hispanic unemployment us time low president trump,0
democrats now attacking trump things voted past hate no boundaries,0
trump today call resistance know re really resisting will american peopl,0
will clear day anyone supports trump firing mueller supports president rule la,0
sadiq declaring war billions muslims saying peace will prevail call peace will stan,0
ya mean no offense trump wouldn't due obama considering office,0
doesn't take much frank get flabbergasted especially thinks opposite will,0
cardi said d wanna stuck elevator donald trump can annoy lmaooooo fuckin love http,0
hispanic unemployment us time low president trump,0
trump's rally last night endorsed pedophile speaker compared israel decision jesus return mock,0
case wondering gop congress like see mueller go away re dirty russian linked oligarch,0
trump kicked office colluding interfere election need new election no question,0
gen flynn's attorneys can move withdraw guilty plea dismiss charges basis mueller,0
saturday december one single citizen humbly call resignation donald j trump pre,0
oh look trump administration uranium related scandal except one real proof adm,0
mike eruzione u s men's hockey captain somebody respect whether agree disagree wi,0
trump california sun dec cst,0
love think hilarious reporting spot also d like see outrage appl,0
trump sanders run even wheelchair report,0
bus three white losers maga hats get intimidate elderly latina start chanting build wall,0
vondinkis leftistterrorism islamicterrorism jerusalem sweden leftist bigoted pro palestinian protesters firebomb synagogue,0
gt remember mike pence deliberately tweeted old photo said new made taxpayers fund stunt,0
call donald trump diet ve lost pounds liberal friends stopped inviting dinne,0
bus three white losers maga hats get intimidate elderly latina start chanting build wall,0
president trump's attendance hurtful policies insult people portrayed civil rights museum,0
arab states urge u s abandon jerusalem move,0
trump winning war isis appointed mattis best updated rules engagement gave control g,0
