must read high school student athletes truth,0
believes in's word magic,0
recruiting nation,0
no seriously re freshmen sophomore straight trying transfer ucla cherish thos,0
recruiting ucla qb commit dorian thompson robinson enjoying time westwood official visit,0
think im gunna try paralegal ucla fingers crossed,0
welovela ucla michigan roars back beats ucla ot sportsroadhouse,0
recruiting ucla qb commit dorian thompson robinson enjoying time westwood official visit,0
ucla bound rb breaks national single season td record watch,0
lamelo liangelo ball sign play pro china lavar pulls ucla,0
recruiting considering position important prospect ucla former alabama commit,0
ucla salutes gary beban anniversary congratulations baker mayfield joinin,0
nation offense two man team kind offense alford running alford not good coach team,0
nation lazy play ucla awful weak side defense offense stagnant now alford not go,0
alford isn't good coach two man team going played try keep le,0
recruiting ucla qb commit dorian thompson robinson enjoying time westwood official visit,0
congrats nephew amp godson patrick ucla water polo players,0
jordan fan broke heart boy great player,0
june megan langenfeld ucla congratulated,0
rawsportz media post state playoff game interview tulare union star rb kazmeir allen ucla bound kazmeir allen breaks,0
big welcome billboard ucla's new coach chip kelly downtown l,0
pac stock report chip kelly recruiting stock ucla runs pac,0
ucla football josh rosen avoid hits off field,0
lavar ball pulling son off ucla basketball team one main reasons went ucla play basketball,0
really go ucla,0
collaboration local community optimismcan perform groundbreaking hand transplant operation https,0
ucla qb commit dorian thompson robinson enjoying time westwood official visit,0
yo just found ucla ticket like years ago ahhh memories,0
richesss aye know don't wanna go ucla,0
ucla football josh rosen avoid hits off field,0
ucla football josh rosen avoid hits off field,0
ucla football josh rosen avoid hits off field,0
ucla football josh rosen avoid hits off field,0
ucla football josh rosen avoid hits off field,0
liangelo won't return ucla lavar ball pulls school amid suspension shoplifting china per,0
katieswift fan thinks dragging got ucla,0
talk kids trauma fires app may help thomasfire,0
prediction qb's drafted year browns josh rosen ucla giants sam darnold usc broncos,0
newprofilepic thefuture dtr dorian future can't wait till signs show love bruins,0
ucla football josh rosen avoid hits off field,0
ucla football josh rosen avoid hits off field,0
gbr pretty hard shank driver can u believe jays beat teams year ucla skirts,0
client plays play cashes not good enough tomorrow cbb ucla cbb valpo cbb provid,0
said go ucla like idc now look,0
pathetic offense ucla blame alford trying keep lead instead winning game pl,0
said go ucla like idc now look,0
bell great official visit ucla bruins,0
ucla football josh rosen avoid hits off field,0
ucla football josh rosen avoid hits off field,0
ucla football josh rosen avoid hits off field,0
know teach ucla ll always root alma mater goblue uclavsmich,0
thingsthatjustdontgotogether ucla basketball team good getting turnovers stealing ball,0
bigger lavar will guy look mirror amp say better grow teaching kids things don,0
ucla football josh rosen avoid hits off field,0
furious finish gives michigan huge win ucla,0
ucla give scholarship rated star player,0
postdoc fellowships available math physical sciences engineering thos,0
ucla football josh rosen avoid hits off field,0
reason no association unlv right just ucla,0
liangelo ball's final ucla career stats minutes steal,0
ucla football josh rosen avoid hits off field,0
ucla finally emailed,0
recruiting top target bryan addison westwood ucla ov weekend decision looming one nation,0
think leaving,0
ucla crew former players travel big road games boosters probably love hang,0
ucla football josh rosen avoid hits off field,0
imagine going ucla not knowing particular term offensive,0
wolverines wolverines win ucla ot run key game tourney hopes wagner matthews,0
liangelo will not return ucla lavar ball pulls school following suspension shoplifting china via,0
sophomore kyle maclean son former simi valley ucla standout don maclean points westlake win,0
contradog recap nevada ml ucla appalachian state ml st joes pennsylvania prov,0
isn't frustrating also thanks beating ucla,0
brh race will win race new star db brendan radley hiles amp discuss,0
gtr ucla royce hall ready see tonight,0
ucla football josh rosen avoid hits off field,0
john mclaughlin ucla royce hall,0
ucla salutes gary beban anniversary congratulations baker mayfield joinin,0
sophomore kyle maclean son former simi valley ucla standout don maclean points westlake win,0
audio highlights listen to's top calls michigan comes back defeat ucla listen,0
can get election right tony thurmond california state superintendent public instruction get,0
next ucla heisman winner likes posts u c l ucla fight fight fight,0
sophomore kyle maclean son former simi valley ucla standout don maclean points westlake win,0
georgia tight end ucla official visit,0
across oh no three ucla idiots brought back china appreciative,0
thanks great fans helping us get w today vs ucla appreciate support home,0
will transfer michigan knows front row today's game vs ucla,0
kentucky ucla many think surprised iu even consideration compared teams,0
recruiting top target bryan addison westwood ucla ov weekend decision looming one nation,0
little entitled kid near okc bench westbrook ucla jersey must,0
recruiting defensive end abdul malik mcclain longtime ucla commit campus weekend official visit,0
lavar ball guest stars quarter episode boy banned ucla via,0
recruiting defensive end abdul malik mcclain longtime ucla commit campus weekend official visit,0
lavar ball pulls son liangelo ucla can concentrate nba draft call crazy m hard press,0
icymi zavier simpson ridiculous layup keep michigan within points late comeback victory uc,0
michigan free throw line today yet somehow miraculously beat ucla,0
ucla researchers find simple act petting animal good mental physical health,0
wagner just got work don't take just like little byproduct serious stuff espec,0
nation alumni welcome,0
sophomore kyle maclean son former simi valley ucla standout don maclean points westlake win,0
work semantic loss function deep learning unlabeled data complex constraints now learning,0
state rb jeremy banks lands tennessee offer also offers arkansas ole miss texas amp m ucla usc https,0
thank ucla chance educate empower students subject sexual appropriateness,0
colgan ucla bail study finds price freedom high poor l families,0
colgan ucla bail study finds price freedom high poor l families,0
recruiting top target bryan addison westwood ucla ov weekend decision looming one nation,0
state rb jeremy banks lands tennessee offer also offers arkansas ole miss texas amp m ucla usc https,0
haven't seen snow years nyusocialmedia,0
state rb jeremy banks lands tennessee offer also offers arkansas ole miss texas amp m ucla usc https,0
rawsportz media post state playoff game interview tulare union star rb kazmeir allen ucla bound kazmeir allen breaks,0
joke lapd went tactical alert live day fire broke la co broke,0
michigan fans troll ucla lavar ball cutout,0
years ago ucla stanford football game luck's senior year stanford band,0
jimmy herring invisible whip ucla royce hall,0
ucla needs steal wins,0
ucla salutes gary beban anniversary congratulations baker mayfield joinin,0
michigan overcomes point deficit wins overtime vs ucla wolverines win goblue uclabeat http,0
ucla salutes gary beban anniversary congratulations baker mayfield joinin,0
will transfer michigan knows front row today's game vs ucla,0
rawsportz media post state playoff game interview tulare union star rb kazmeir allen ucla bound kazmeir allen breaks,0
liangelo ball's final ucla career stats minutes steal,0
snag picture signs ucla game today lmao,0
congrats lil lb nephew accepting full ride play ol hardwork sweat d,0
state rb jeremy banks lands tennessee offer also offers arkansas ole miss texas amp m ucla usc https,0
collaboration local community optimismcan perform groundbreaking hand transplant operation https,0
ucla doesn't dead week no classes death week classes overlap finals everything fu,0
changed became better version sup,0
lives ucla dorms,0
ucla stans russia stans ncaa world,0
welovela ucla wolverines overcome point deficit beat ucla ot sportsroadhouse,0
icymi zavier simpson ridiculous layup keep michigan within points late comeback victory uc,0
pac stock report chip kelly recruiting stock ucla runs pac,0
surreal week three days heavy winds fyi ucla closed today,0
new era ucla,0
special day history years ago today gary beban awarded congratulations,0
makes proud alumnus,0
sophomore kyle maclean son former simi valley ucla standout don maclean points westlake win,0
georgia tight end ucla official visit,0
ucla football josh rosen avoid hits off field,0
yay gonna sleepover ucla girl friend,0
want know train wreck graduate students look no op ed,0
recruiting richesss nation,0
pac stock report chip kelly recruiting stock ucla runs pac,0
d think three ucla basketball players will say rep,0
rawsportz media post state playoff game interview tulare union star rb kazmeir allen ucla bound kazmeir allen breaks,0
follow research needed much study ucla cancer researchers found certain types comedy helps kids,0
watch wolverines wagner simpson matthews amp beilein spoke minutes ago win ucla,0
among many problematic things jack bauer's edu background studied english ucla criminolog,0
alumni two ornaments one retro student,0
goblue ucla vs michigan performing anthem today,0
congratulations getting degree help ucla win cactus bowl help everyone give,0
ucla's thomas welsh late blooming big man hs made noise rising senior amp effort r,0
welcome westwood defensive coordinator jerry azzinaro linebackers coach don pellum,0
sophomore kyle maclean son former simi valley ucla standout don maclean points westlake win,0
recruiting defensive end abdul malik mcclain longtime ucla commit campus weekend official visit,0
guess say michigan stole win ucla,0
chomp chomp no florida advances regional final victory no ucla ncaavb,0
guess say michigan stole win ucla,0
high speed rail study finds remote cities benefit connection global hubs ucla,0
mcclure wishing happy birthday outstanding coach human want,0
learn families can cope wildfires,0
parent asking like ucla lie,0
butler ov ucla ov army un depaul un drake ov drake ov,0
anyone mednips bigneuro hasn't gotten enough amazing machine learning neuroscience check ne,0
ucla gt barely even got tip off bill walton apologized behalf entire human race liangelo ball,0
way muslim patient wipe ass,0
vivi ucla ve missed babygirl,0
jordan howard's recipe receiving attention nba scouts,0
gtr ucla royce hall ready see tonight,0
sophomore kyle maclean son former simi valley ucla standout don maclean points westlake win,0
legacy jackie robinson lives iconic fun facts jackie robinson played football pa,0
everyday get closer,0
ucla's thomas welsh late blooming big man hs made noise rising senior amp effort r,0
aaron holiday's points ties career high ucla leads michigan left second half gobruins uclavs,0
che yo tyreek evans killing roberson smh westbrook ain't made shot since ucla smh,0
need go ucla lonzo,0
sophomore mf jessie fleming selected finalist ucla's finalist last year,0
ucla's thomas welsh late blooming big man hs made noise rising senior amp effort r,0
suck recruiting can fam apart something special,0
m mad johnny peter went fake marvel colleges meanwhile bobby drake living ucla,0
ucla stole twice today making improvements,0
shea patterson main attraction inside crisler center saturday basketball game broke one john,0
champions sports center proudly owned ran international elite gymnast actor motivational speaker aim,0
yr row hotchocolatenutcracker ucla redondo beach dada show,0
ucsb amp ucla fire san diego schools earthquakes professors even apocalypse final still won't curv,0
yo tyreek evans killing roberson smh westbrook ain't made shot since ucla smh,0
proud ram former student intern amp media staff member nic hallisey getting national kudos make believe hoops tweets https,0
newz kareem abdul jabbar q amp amp athlete activism comes,0
anyone mednips bigneuro hasn't gotten enough amazing machine learning neuroscience chec,0
oklahoma win army squad win fau squad ooc slate also chip kelly ucla,0
looks good ya family can watch play rose bowl ucla,0
loma wow,0
wagner just got work don't take just like little byproduct serious stuff espec,0
nice counter okc hawk set melo amp abrines flipped normally ucla cut screen abrines,0
lavar ball teaching kids can escape consequences reacts lavar pulling son liange,0
somebody naughty,0
big stock report teams steady examines conference top bottom https,0
boo t eight kidnapped took em ihop flew back ucla basketball game,0
watched michigan vs ucla bb game cbs talked players getting jail china gave credit president tr,0
one best pass rushers west ucla commit abdul malik mcclain,0
ucla basketball force not strong bruins ot loss michigan,0
hey alec welcome ucla pick ucla ll get,0
watched michigan vs ucla bb game cbs talked players getting jail china gave credit pres,0
stbrown recruiting think us bruins fans respect decision no,0
collaboration local community optimismcan perform groundbreaking hand transplant operation https,0
will transfer michigan knows front row today's game vs ucla,0
thanks great fans helping us get w today vs ucla appreciate support home,0
recruiting defensive end abdul malik mcclain longtime ucla commit campus weekend official visit,0
ucla doctors use magnetic stimulation rewire brain people depression ucla,0
poor huntington park kids jet lagged,0
free like wind disperses clouds illuminates lightning flash gaze octavio,0
ucla basketball force not strong bruins ot loss michigan,0
stbrown recruiting home get good education conquer field,0
apply ucla,0
will transfer michigan knows front row today's game vs ucla,0
ucla basketball force not strong bruins ot loss michigan,0
kareem abdul jabbar q amp amp athlete activism comes,0
will transfer michigan knows front row today's game vs ucla,0
will transfer michigan knows front row today's game vs ucla,0
big stock report teams steady examines conference top bottom https,0
defense great today holding ucla michigan shot field,0
m raising money ucla bust click donate via,0
collaboration local community optimismcan perform groundbreaking hand transplant operation https,0
well done young man make ucla proud beatsc,0
thanks great fans helping us get w today vs ucla appreciate support home,0
gators hc dan mullen stopped team's win ucla tonight photos via,0
made look easy boy atleast years ucla buzzcity,0
lavar ball teaching kids can escape consequences reacts lavar pulling son liange,0
hope select go ucla top rated academic rating great football coaches great campus great,0
quit buying dogs pet stores dogs shelters need homes mistreated,0
fresno state game vince young played amp m struggled knew reggie ran f,0
ramsey loser not worthy wearing ucla uniform may rot europe,0
icymi zavier simpson ridiculous layup keep michigan within points late comeback victory uc,0
ucla stole twice today making improvements,0
must read high school student athletes truth,0
just got tampa saw michigan beat ucla go,0
liangelo ball says ucla teammates started shoplifting first joined,0
reminiscent ucla game enniswhatley rolltide buckleup bamaafterdark,0
much wasserman worth don't tell ucla cash strapped football coaching change,0
ucla stole twice today making improvements,0
ucla stole twice today making improvements,0
better watching ucla lose,0
liangelo ball's final ucla career stats minutes steal,0
stbrown gets better better every time gobruins,0
weekendgetaway step three concert terabottorff lifeisgood californiadreamin ucla royce hall,0
ucla chemists synthesize narrow ribbons graphene using light heat,0
exciting opportunity postdoctoral fellow latin american caribbean studies,0
welcome ucla ve forward us fit righ,0
recruiting defensive end abdul malik mcclain longtime ucla commit campus weekend official visit,0
ucla girls tinder heavy,0
big stock report teams steady examines conference top bottom https,0
will transfer michigan knows front row today's game vs ucla,0
recruiting defensive end abdul malik mcclain longtime ucla commit campus weekend official visit,0
recruiting defensive end abdul malik mcclain longtime ucla commit campus weekend official visit,0
welovela ucla michigan wolverines go hard overtime beat ucla sportsroadhouse,0
icymi zavier simpson ridiculous layup keep michigan within points late comeback victory uc,0
ucla basketball michigan preview scouting report watch,0
thanks great fans helping us get w today vs ucla appreciate support home,0
state prolonged depression middle class wasn't created government,0
lonzo needed least one year ucla fix shot mature stop rushing kids play,0
guess say michigan stole win ucla,0
nation,0
bell recruiting need nasty ass lineman kevin gogan incognito style,0
ranked ucla ucla,0
ucla stole twice today making improvements,0
girl's bio says goes ucla focus studying finals whatever instead jerk towa,0
willie taggart chip kelly coming oregon class hard source tells one uo commits,0
ucla stole twice today making improvements,0
zachshaw scoring points seven minutes shutting aaron holiday even emulating past ohio point guard wore no z,0
big stock report teams steady examines conference top bottom https,0
brendan radley hiles outta ucla just sounds nice localboy gobruins,0
thanks great fans helping us get w today vs ucla appreciate support home,0
gallery michigan takes ucla ot,0
nation,0
changed became better version sup,0
defensive end abdul malik mcclain longtime ucla commit campus weekend official visit,0
looking fun video weekend's dr david jewitt visited space considered describe strange,0
one best pass rushers west ucla commit abdul malik mcclain,0
just love getting ucla revruits pop feed cause amp,0
big stock report teams steady examines conference top bo,0
ucla just sent email saying received app cant believe get wait months rejection now,0
,0
monday michigan blew point lead lose ohio state today michigan overcomes point second half deficit,0
collaboration local community optimismcan perform groundbreaking hand transplant operation https,0
ucla collapse michigan today shows developed year talent better one done talent day t,0
recruiting top target bryan addison westwood ucla ov weekend decision looming one nation,0
ucla qb commit,0
vs sam darnold will better quarterback tweet therosenone indarnoldwetrust vote https,0
butler ov ucla ov army un depaul un drake ov drake ov,0
guess say michigan stole win ucla,0
now live calif not far disneyland folks met b wwll kids,0
interview rising california qb tyler buchner rng ucla sdsu goazt,0
heading ucla tmrw,0
icymi zavier simpson ridiculous layup keep michigan within points late comeback victory uc,0
thanks great fans helping us get w today vs ucla appreciate support home,0
ucla right now kicking,0
interviewed josh rosen back march talked lot much playing tennis helped footwork quarterba,0
harbaugh game can mean one thing harbaugh ucla sources,0
michigan got huge comeback ot ucla good bad ht,0
ucla ol commit nephew longtime mlb player mike sweeney,0
ucla even know skirballfire exists fire less miles away makes extremely hard bre,0
guess say michigan stole win ucla,0
thanks great fans helping us get w today vs ucla appreciate support home,0
ucla hosted wesleyan school ga te tommy tremble official visit today,0
um beats ucla,0
zachshaw michigan mounts epic comeback downs ucla thrilling overtime win story,0
zachshaw scoring points seven minutes shutting aaron holiday even emulating past ohio point guard wore no z,0
rg melvin gordon runner wasnt guy ucla barr think,0
recruiting sick uni s,0
thanks great fans helping us get w today vs ucla appreciate support home,0
collaboration local community optimismcan perform groundbreaking hand transplant operation https,0
bmurda can't argue saying doesn't need education order,0
icymi zavier simpson ridiculous layup keep michigan within points late comeback victory uc,0
ucla resumed classes even though fires continue burning nearby students chagrin also means,0
recruiting welcome uclabruins,0
postdoc fellowships available math physical sciences engineering thos,0
donne m not shocked dad pulled ucla don't agree melo sign agent,0
think ucla overperformed m hopes will come title hold breath,0
thanks great fans helping us get w today vs ucla appreciate support home,0
one best pass rushers west ucla commit abdul malik mcclain,0
recap michigan charles matthews desperately needed lift couple unlikely sources came pul,0
ucla researchers find simple act petting animal good mental physical health,0
one best pass rushers west ucla commit abdul malik mcclain,0
prod indiefilm filmfestivals shortfilm webseries contentcreation producers directors writers actorslife,0
don't hate player saying m not really explain majority,0
feature sophomore ben goldberg,0
wish nothing success except ucla lol,0
ucla life science department gender diversity isn't important historical racism justified biology isn,0
real life subtweets,0
ucla salutes gary beban anniversary congratulations baker mayfield joinin,0
coming soon cohort tftinfinity wars z ucla bruins,0
y rails nice win today um hated alford led ucla,0
donne m saying don't condone actually one worst places,0
think bpa free plastic safe think says researchers hormones plastic research bpa,0
harold ickes franklin d roosevelt june,0
ucla bound rb breaks national single season td record watch,0
throws like ucla qb josh rosen consideration pick overall nfldraft,0
gtr ucla royce hall ready see tonight,0
liked video day life ucla student reality,0
recruiting big looking good love see u westwood,0
qbs foot ve done well thanks proving point lol ou soooo much better t,0
recruiting top target bryan addison westwood ucla ov weekend decision looming one nation,0
ucla coach steve alford responded liangelo ball leaving school,0
lavar ball teaching kids can escape consequences reacts lavar pulling son liange,0
recruiting top target bryan addison westwood ucla ov weekend decision looming one nation,0
heck comeback michigan beat ucla ot,0
former cowboy bryndon manzer call okstate's last win top team caught coach littell foll,0
bell man knows ucla will put position great things long football,0
recruiting going guy bring us back,0
icymi zavier simpson ridiculous layup keep michigan within points late comeback victory uc,0
ucla issues lack ball security not sure going change ucla offense based pg's handling ball pg's tad reckless,0
onthisday december attended fire amp ice ball universal studios hollywood benefitting u,0
russell wilson drew brees put good face label baker attempted darnold t,0
roycehall see tuesday,0
think early year start counting say re bad team,0
riedl ve informed pearl's presentation poorly publicized compete many tracks,0
quarter done see back month ucla anderson,0
thanks great fans helping us get w today vs ucla appreciate support home,0
lamelo liangelo ball sign play pro china lavar pulls ucla,0
thanks great fans helping us get w today vs ucla appreciate support home,0
m ucla's royce hall john mclaughlin tonight ceiling cool,0
hope not ucla woof,0
thanks great fans helping us get w today vs ucla appreciate support home,0
harold ickes franklin d roosevelt june,0
nation dude anyone says doesn't look good no flavor look dope unis le,0
okstate knocking door ranked opponents last night door opened check highlights,0
butler ov ucla ov army un depaul un drake ov drake ov,0
steve alford remains good coach ucla lucky sarcasm,0
talk kids trauma fires app may help thomasfire,0
bell great official visit ucla bruins,0
can y see gobruins,0
harbaugh game can mean one thing harbaugh ucla sources,0
chip kelly won't turn ucla oregon doesn't,0
ucla researchers find simple act petting animal good mental physical health,0
interview rising california qb tyler buchner rng ucla sdsu,0
ucla football josh rosen avoid hits off field go joe bruin,0
m just basing off everyone's prediction wouldn't shock picks ucla,0
h tattoo rose gold lavender opal trigem looks great imagine stunning will,0
sophomore kyle maclean son former simi valley ucla standout don maclean points westlake win,0
yes palming asada burrito ucla see play,0
south region villanova northern kentucky ucla creighton cincinnati saint mary's west vir,0
recruiting top target bryan addison westwood ucla ov weekend decision looming one nation,0
thanks great fans helping us get w today vs ucla appreciate support home,0
family friend desperately need platelets blood type o o white blood cells ucla hospital,0
walton big ucla dude lavar talking mess bill's son son embarrassed beloved,0
thanks great fans helping us get w today vs ucla appreciate support home,0
guess say michigan stole win ucla,0
guess say michigan stole win ucla,0
mossman next season ucla comes town kyler murray show getting started,0
people say ucla fans can't pleased toxic wanted alford fired years ago experie,0
thanks great fans helping us get w today vs ucla appreciate support home,0
utube ceo susan diane wojcicki santa clara county california u s alma materharvard college b university c,0
denny's bell's house ucla's arcade sjsu fanime,0
yeah talk oregon just limited two schools area ucla definitely,0
thanks great fans helping us get w today vs ucla appreciate support home,0
ucla fans want christmas dtr enroll early bring wrs stbrown,0
thoughts l's cone ucla wichita twice smu road temple road need t,0
aaron holiday's points ties career high ucla leads michigan left second half gobruins uclavs,0
grades coaching hires year's college cycle check insider,0
icymi zavier simpson ridiculous layup keep michigan within points late comeback victory uc,0
messy ucla uo,0
ucla football josh rosen avoid hits off field via,0
kstate basketball got check words part cactusbowl preview ucla offense v,0
icymi zavier simpson ridiculous layup keep michigan within points late comeback victory uc,0
t paper,0
tbh no longer distaste sooners still ducks now ucla,0
naveau michigan ucla zavier simpson points steals best game college,0
apologize teams success think way get celebrate every year don,0
ucla stole twice today making improvements,0
patterson watching michigan dazzles comeback win ucla,0
guess say michigan stole win ucla,0
fans storm count cowgirl basketball upsets no ucla pistols firing,0
recruiting excited watch u westwood,0
sounds like ucla lock sigh,0
just losses ucla wichita smu ucf healthy d ok,0
liangelo ball's final ucla career stats minutes steal,0
m sure overseas teams lining stretch fours amp year old unproven shot jackers story,0
congrats looking forward seeing slay westwood ucla,0
nation don't want get excited till official,0
ucla chemists synthesize narrow ribbons graphene using light heat,0
icymi zavier simpson ridiculous layup keep michigan within points late comeback victory uc,0
excellent news start putting hefty price tags harassment maybe peo,0
thanks great fans helping us get w today vs ucla appreciate support home,0
ucla signee dominated paint offensively defensively weekend south carolina ucla,0
time change open phone three things love life ucla grayson dolan kid cud,0
thanks great fans helping us get w today vs ucla appreciate support home,0
blink might missed michigan men's basketball team's comeback,0
bell great official visit ucla bruins,0
thanks great fans helping us get w today vs ucla appreciate support home,0
joed good man good coach heck father reps ucla colors well recruiting hunt sacbee read mcc,0
m hoping huge benchmark team go forward john beilein michigan's win vs ucla,0
gallery several michigan targets commits players coaches staffers crisler center wolverines b,0
butler ov ucla ov army un depaul un drake ov drake ov,0
gallery michigan takes ucla ot,0
h tattoo rose gold lavender opal trigem looks great imagine stunning will,0
usc doesn't beat stanford pac title game without hawkins might not beaten ucla arizona cal either check,0
ucla chemists synthesize narrow ribbons graphene using light heat,0
photos michigan win ucla,0
h tattoo rose gold lavender opal trigem looks great imagine stunning will,0
rose gold lavender opal trigem looks great imagine stunning will,0
oklahoma win army squad win fau squad ooc slate also chip kelly ucla,0
georgia tight end ucla official visit,0
anyone questions josh rosen's toughness passion can instantly pull clips say otherwise y,0
collaboration local community optimismcan perform groundbreaking hand transplant operation https,0
prod indiefilm filmfestivals shortfilm webseries contentcreation producers directors writers actorslife,0
weekendgetaway step three concert terabottorff lifeisgood californiadreamin ucla royce hall,0
ucla qb commit,0
dorian thompson robinson living best life official visit ucla,0
indiefilm filmfestivals shortfilm webseries contentcreation producers directors writers actorslife,0
icymi zavier simpson ridiculous layup keep michigan within points late comeback victory uc,0
ucla football josh rosen avoid hits off field via,0
bigeast goes today vs meanwhile goes michigan win ucla w now,0
please rt interiordesign homedecor decoration director london's architectural association brett,0
just minutes dog can help heart lung function read article ucla health touting benefits animal ass,0
guard loryn goodwin previously played north texas butler utsa making impact year oklahoma state,0
free like wind disperses clouds illuminates lightning flash gaze octavio,0
ucla researchers find simple act petting animal good mental physical health,0
ucla researchers find simple act petting animal good mental physical health,0
ucla lock,0
take steps improve health well healthyliving healthylifestyle,0
real talking liangelo ball situation think shut bleep t,0
ucla qb commit,0
michigan ucla hoops full game mgoboard,0
michigan ucla hoops full game mgoboard,0
bell great official visit ucla bruins,0
wish see tv seem like mainly get ucla since live california now girls keep great work whoot,0
m hoping arizona scandal scares off going get even offers already holds offe,0
ucla chemists synthesize narrow ribbons graphene using light heat,0
postdoc fellowships available math physical sciences engineering thos,0
huntington prep beat rock creek md jon mcgriff pts amp rebs kenny nwuba ucla amp,0
ucla chemists synthesize narrow ribbons graphene using light heat,0
thanks great fans helping us get w today vs ucla appreciate support home,0
free like wind disperses clouds illuminates lightning flash gaze octavio,0
finals week ucla every quarter gotta change,0
ucla chemists synthesize narrow ribbons graphene using light heat,0
gtr ucla royce hall ready see tonight,0
fb commit says recent interview will running track also ucla let play,0
postdoc fellowships available math physical sciences engineering thos,0
ucla salutes gary beban anniversary congratulations baker mayfield joinin,0
furious finish gives michigan huge win ucla,0
bball team muslim country done first,0
ucla chemists synthesize narrow ribbons graphene using light heat,0
ucla chemists synthesize narrow ribbons graphene using light heat,0
golden savior ucla giantspride,0
recruiting top target bryan addison westwood ucla ov weekend decision looming one nation,0
ucla signee dominated paint offensively defensively weekend south carolina ucla,0
ucla signee dominated paint offensively defensively weekend south carolina ucla,0
thanks great fans helping us get w today vs ucla appreciate support home,0
ucla chemists synthesize narrow ribbons graphene using light heat,0
shea patterson will visit michigan michigan ucla game,0
first pic chip kelly ucla gear,0
recruiting top target bryan addison westwood ucla ov weekend decision looming one nation,0
thanks great fans helping us get w today vs ucla appreciate support home,0
thanks great fans helping us get w today vs ucla appreciate support home,0
dickey great news can't wait see show ucla done couple weeks,0
thanks great fans helping us get w today vs ucla appreciate support home,0
thed school shooting ucla uhhhh students take finals bomb threat ucla uhhh summer school still session fire ucla,0
sec kentucky transfer charles matthews went today michigan hit overtime dagger pointer agains,0
sophomore kyle maclean son former simi valley ucla standout don maclean points westlake win,0
trump blasts san francisco murder acquittal dreamer effort reuters ucla nba india,0
wolverines overcome point deficit beat ucla ot,0
ucla chemists synthesize narrow ribbons graphene using light heat,0
dabo looks like jus dabbed gobruins ucla,0
ucla football josh rosen avoid hits off field go joe bruin,0
mean like louis farrakhan sounds right hate divisiveness party espouses,0
um beats ucla,0
ucla football josh rosen avoid hits off field go joe bruin,0
solomon ohh caught act times ucla amp,0
magic jaylen hands ucla career high go win,0
dahlin think meant gelo going just role player ucla going come off bench,0
ucla doesn't dead week no classes death week classes overlap finals everything fu,0
michigan basketball erases deficit stuns ucla bruins ot via,0
sophomore mf jessie fleming selected finalist ucla's finalist last year,0
ucla chemists synthesize narrow ribbons graphene using light heat,0
dahlin regardless happen china gelo best gonna role player wasn't,0
felt awful ucla students still continue classes yesterday close fire memes t,0
ajking oklahoma state's qb led world passing yards jay rosen ucla ton yards neither got whiff,0
also like workshop tomorrow sun ucla registration still spots left,0
also like workshop tomorrow sun ucla registration still spots,0
please rt interiordesign homedecor decoration director london's architectural association brett,0
ucla doesn't dead week no classes death week classes overlap finals everything fu,0
lonzo ball pt shooter ucla mvp summer league worst shooting slump ve ever seen basket ca,0
wassupp ucla ya girl ashley ask q's tell got poppin weekend send memes etc etc,0
gonna scouting oklahoma usc game yesterday little later might ucla michigan,0
thanks great fans helping us get w today vs ucla appreciate support home,0
t paper,0
gtr ucla royce hall ready see tonight,0
ucla signee dominated paint offensively defensively weekend south carolina ucla,0
icymi zavier simpson ridiculous layup keep michigan within points late comeback victory uc,0
t paper,0
dtr wants christmas ucla playbook,0
nigel lol thing chip kelly different,0
star ucla commit can't forget,0
also issue weird way think death nba,0
liked video liangelo ball will never make nba liangelo benched ucla,0
recruiting top target bryan addison westwood ucla ov weekend decision looming one nation,0
thanks great fans helping us get w today vs ucla appreciate support home,0
final game michael christmas jonathan mcgriff kenny nwuba ucla,0
ucla signee dominated paint offensively defensively weekend south carolina ucl,0
ucla gymnasts shine meet bruins,0
ucla researchers find simple act petting animal good mental physical health,0
recruiting top target bryan addison westwood ucla ov weekend decision looming one nation,0
ucla alumni day former hoopers something similar now forever pregame tailgate,0
personnel conclusions projections ball elite passer good defender shooting finishing huge issue sho,0
ucla researchers find simple act petting animal good mental physical health,0
recruiting top target bryan addison westwood ucla ov weekend decision looming one nation,0
deontay shea van um ucla game,0
bell great official visit ucla bruins,0
thanks great fans helping us get w today vs ucla appreciate support home,0
also beat michigan state ranked time pac heisman year,0
ucla researchers find simple act petting animal good mental physical health,0
sophomore kyle maclean son former simi valley ucla standout don maclean points westlake win,0
problem honestly hasn't coached go half court sets ski,0
thanks great fans helping us get w today vs ucla appreciate support home,0
guess say michigan stole win ucla,0
without doubt love heisman whole senior thing dumb short sided want,0
ucla researchers create device revolutionize hydrogen vehicles,0
sophomore mf jessie fleming selected finalist ucla's finalist last year,0
thanks great fans helping us get w today vs ucla appreciate support home,0
ucla researchers find simple act petting animal good mental physical health,0
petting dog can mentalhealth physical according ucla research,0
tbh migh tbe fave calss ive far ucla dmy ta passionate excited abt,0
woah michigan beat ucla bruins must really bad,0
dahlin good debate got going im enjoying gelo not flashy like bros agree,0
rumors true tua transferring ucla hope not don t,0
petting dog can mentalhealth physical according ucla research,0
recruiting top target bryan addison westwood ucla ov weekend decision looming one nation,0
bell great official visit ucla bruins,0
thanks great fans helping us get w today vs ucla appreciate support home,0
michigan beat ucla today goblue,0
gtr ucla royce hall ready see tonight,0
petting dog can mentalhealth physical according ucla research,0
michigan basketball vs ucla comeback win highlights via,0
ucla basketball force not strong bruins ot loss michigan via,0
thanks great fans helping us get w today vs ucla appreciate support home,0
rawsportz media post state playoff game interview tulare union star rb kazmeir allen ucla bound kazmeir allen breaks,0
petting dog can mentalhealth physical according ucla research,0
thanks great fans helping us get w today vs ucla appreciate support home,0
argue vast majority calipari recru,0
ucla royce hall ready see tonight,0
workmode ucla roycehall confluence talented group college students ucla,0
ucla gymnasts shine meet bruins preseason intrasquad recap gobruins,0
josh rosen's stellar night ucla ends frustration education,0
thanks great fans helping us get w today vs ucla appreciate support home,0
liangelo ball's final ucla career stats minutes steal,0
guess say michigan stole win ucla,0
thanks great fans helping us get w today vs ucla appreciate support home,0
ucla stole twice today making improvements,0
thanks great fans helping us get w today vs ucla appreciate support home,0
mean florida atlantic ucla army play kyler murray,0
saw mr jones casually walking ucla whattt lol,0
thed school shooting ucla uhhhh students take finals bomb threat ucla uhhh summer school still session fire ucla,0
telemedicine clinics allow patients talk doctors remotely without make trip see pe,0
no ucla falls goodwin oklahoma state dec,0
telemedicine clinics allow patients talk doctors remotely without make trip see pe,0
michiganbasketball takeaways comeback win ucla via wolverine,0
michigan beats ucla ot,0
michiganbasketball takeaways comeback win ucla via wolverine,0
josh trash guys want guy wyoming low school lower ucla sure,0
thanks great fans helping us get w today vs ucla appreciate support home,0
m not saying beat mayfield zero love left coast not sc,0
ouch ucla forgets play basketball last minute half get beat run loss w,0
liked video michigan basketball vs ucla comeback win highlights,0
current ucsb amp ucla students finals week,0
postdoc fellowships available math physical sciences engineering thos,0
grimes studying dance ucla,0
wolverines overcome point deficit beat ucla ot dec via,0
top target bryan addison westwood ucla ov weekend decision looming one nat,0
dtr wants christmas ucla playbook,0
bell great official visit ucla bruins,0
think lavar ball pulling liangelo ucla lamelo,0
postdoc fellowships available math physical sciences engineering thos,0
browns must draft qb lamar jackson ucla rosen,0
can please talk horrific ucla side boob training leos next episode,0
wasted first part day watching michigan come back beat ucla ot,0
thanks great fans helping us get w today vs ucla appreciate support home,0
rsp boiler room no qb josh rosen ucla eye discipline patience,0
nice win today big comeback great win good ucla team goblue michigan,0
colgan ucla bail study finds price freedom high poor l families,0
thanks great fans helping us get w today vs ucla appreciate support home,0
remember ucla point comeback,0
shea patterson will visit michigan michigan ucla game,0
sounds like bruins aren't used truebruin greeting keep good work bruinproud,0
exciting opportunity postdoctoral fellow latin american caribbean studies,0
thanks great fans helping us get w today vs ucla appreciate support home,0
earlier week reported ucla qb josh rosen refuted reports declared nfldraft p,0
michigan's inability throw ball ocean beach reason ucla even game,0
m stay,0
ucla salutes gary beban anniversary congratulations baker mayfield joinin,0
thanks great fans helping us get w today vs ucla appreciate support home,0
mr get loose gonna great ucla look forward watching kaz get loose next level congrats brad,0
bell great official visit ucla bruins,0
seconds left ucla leads ball goblue,0
rt latsondheimer sophomore kyle maclean son former simi valley ucla standout don maclean h,0
think baker's ass clear not best player team will go hell,0
ucla salutes gary beban anniversary congratulations baker mayfield joinin,0
acc stock report rob look acc teams stand recruiting perspective,0
sophomore kyle maclean son former simi valley ucla standout don maclean points westlake win,0
ucla stole twice today making improvements,0
michigan rallies beat ucla ot,0
ucla stole twice today making improvements,0
liangelo ball says ucla teammates started shoplifting first joined,0
rsp boiler room no qb josh rosen ucla eye discipline patience,0
exciting opportunity postdoctoral fellow latin american caribbean studies,0
can cite analysis time period ratification found right protec,0
ucla football josh rosen avoid hits off field via,0
michigan wins michigan takes victory ucla goblue,0
one caleb just dont get payed,0
bruinnation anti ucla,0
dear dr mesgaran trying reach invite speak ucla iranian studies program p,0
ucla stole twice today making improvements,0
thanks great fans helping us get w today vs ucla appreciate support home,0
monday michigan blew point lead lose ohio state today michigan overcomes point second half deficit,0
can y see gobruins,0
bell amazing conversation chip kelly sees benefiting program,0
dtr wants christmas ucla playbook,0
sophomore kyle maclean son former simi valley ucla standout don maclean points westlake win golden valley,0
lmk re applying ucla,0
zachshaw michigan mounts epic comeback downs ucla thrilling overtime win story,0
expectations aren't game get top seed need games msst u,0
welovela rt ucla ucla salutes heismantrophy gary beban anniversary congratulations,0
welovela ucla ucla football josh rosen avoid hits off field sportsroadhouse,0
welovela ucla wolverines overcome point deficit beat ucla ot sportsroadhouse,0
ucla salutes gary beban anniversary congratulations baker mayfield joinin,0
ucla shows three starts layout hano hall tucked kramer yfulls tratz ross denni,0
ucla one year left contract rebecca's mom carve deal armour next y,0
icymi zavier simpson ridiculous layup keep michigan within points late comeback victory uc,0
alumni new er,0
zachshaw scoring points seven minutes shutting aaron holiday even emulating past ohio point guard wore no z,0
ucla guards top two,0
four e passes ucla ohashi hano dlo dennis dbl arabian tratz full,0
ucla salutes gary beban anniversary congratulations baker mayfield j,0
gigantic coward pulled kid ucla days come ann arbor fight sad,0
blink might missed michigan men's basketball team's comeback,0
coachpop stat leaders huntington prep jaemyn brakefield kenneth nwuba ucla commit amp michael christma,0
job might great fit clinical trials coverage coordinator healthcare,0
thanks great fans helping us get w today vs ucla appreciate support home,0
espn really use bryce love run ucla heisman trophy vignette really espn,0
go honor present final concert gtr's farewell u s tour meeting spirits,0
andrew lopez meanwhile lsu offers qb jack miller arizona miller already holds offers arizona arizona state fl,0
guess say michigan stole win ucla,0
u n envoy told north korea urgent need open channels cut conflict risk reuters,0
rawsportz media post state playoff game interview tulare union star rb kazmeir allen ucla bound kazmeir allen breaks,0
wolverines overcome point deficit beat ucla otann arbor mich ap moritz wagner scored points,0
takes ucla gia team fun watch thanks fans everyone else co,0
ucla coach steve alford responded liangelo ball leaving school,0
nope two shots week mississippi state ucla network television next weekend,0
onthisday december attended fire amp ice ball universal studios hollywood benefitting u,0
leading new era ucla,0
soo posted snapchat hungry work bf ucla ordered pizza delive,0
ucla stole twice today making improvements,0
thanks great fans helping us get w today vs ucla appreciate support home,0
part new era ucla,0
thanks great fans helping us get w today vs ucla appreciate support home,0
far ats today pret tay pret tay pret tay good,0
acc stock report rob look acc teams stand recruiting perspective,0
lavar says can get gelo ready draft better ucla can ucla active former nba playe,0
m stay,0
ole miss fans upset ucla fans michigan won,0
thanks great fans helping us get w today vs ucla appreciate support home,0
m stay,0
alumni also happens far often,0
rawsportz media post state playoff game interview tulare union star rb kazmeir allen ucla bound kazmeir allen breaks,0
re not one highlight tapes aau ucla lavar just knows ma,0
icymi zavier simpson ridiculous layup keep michigan within points late comeback victory uc,0
ucla educated neuroscientist published just one scientific research article life,0
bell great official visit ucla bruins,0
bell great official visit ucla bruins,0
ucla's sloppy ending haunts overtime loss michigan,0
results today's games kentucky w duke l ucla l indiana l,0
thanks great fans helping us get w today vs ucla appreciate support home,0
thanks great fans helping us get w today vs ucla appreciate support home,0
wagner just got work don't take just like little byproduct serious stuff,0
ucla bound rb breaks national single season td record watch,0
michigan guard zavier simpson left heads basket ahead ucla guard aaron holiday,0
lonzo ball distraction game return ucla needs take classes choose new profession,0
spotted michigan student section ahead today's game vs ucla wewantshea sign along lavar ball head,0
deontay shea van um ucla game,0
bell great official visit ucla bruins,0
recruiting tight end target tommy tremble currently ucla official visit,0
broooooo ucla bound hm bet,0
beat miss state ucla go big run conference play will back top can better,0
guess say michigan stole win ucla,0
thanks great fans helping us get w today vs ucla appreciate support home,0
nation defeat jaws victory smh,0
people entitled wrong opnions not real gif don't say got friend jift birth,0
bell great official visit ucla bruins,0
ucla alumni day former hoopers something similar now forever pregame tailgate,0
ucla stole twice today making improvements,0
ucla stole twice today making improvements,0
god pls let accepted ucla,0
michigan basketball reverses fortune finishes strong ot vs ucla,0
look michigan hosts olemich trio several commits wolverines ucla basketball game,0
thanks great fans helping us get w today vs ucla appreciate support home,0
gelo need school not finishing ucla will make dumber father lavar stupid,0
join us ucla chapter happy hour west la thursday rsvp,0
just play ucla leads need crislerlive goblue,0
photo gallery michigan ucla ot,0
looks like didn't hard time finding work ucla hired kelly,0
utah ucla shoot make buzzer celebrate,0
friendly reminder nc friends tonight bridges spans air cooled structures ice roads,0
thanks great fans helping us get w today vs ucla appreciate support home,0
gary beban great one redwood city california ucla heismantrophy,0
ucla alumni day former hoopers something similar now forever pregame tailgate,0
summertime c mary cassatt american oil canvas hammer museum los angeles california us,0
thanks great fans helping us get w today vs ucla appreciate support home,0
work semantic loss function deep learning unlabeled data complex constraints now learning,0
michigan basketball erases deficit stuns ucla bruins ot,0
thanks great fans helping us get w today vs ucla appreciate support home,0
nation banner time,0
bad room almost empty judea pearl speaking paper worth read well,0
dtr wants christmas ucla playbook,0
anyone waiting end game mardsen's tweets ucla underarmour leos mean keep tagging underarmour ucla,0
re hiring read latest job opening medical assistant healthcare losangeles ca careerarc,0
gross old men bitching ucla gymnasts not wearing extremely scanty sponsored leos intrasquad can go fuck,0
thanks great fans helping us get w today vs ucla appreciate support home,0
postdoc fellowships available math physical sciences engineering thos,0
thanks great fans helping us get w today vs ucla appreciate support home,0
one first documentary features gay lesbian identity word stories lives pre,0
guess say michigan stole win ucla,0
gtr last concert tonight beauty can one day proceeds go charity don't need gui,0
thanks great fans helping us get w today vs ucla appreciate support home,0
ucla gymnasts shine meet bruins,0
ucla vs michigan ncaa basketball via sunday,0
bell great official visit ucla bruins,0
according nfl draft analyst tony pauline clash ucla's josh rosen amp usc's sam darnold described,0
much butthurt no name ucla fanboys hiding behind no name accounts class commits,0
thanks great fans helping us get w today vs ucla appreciate support home,0
ucla showed heroes fighting skirballfire providing roughly free meals command,0
whoa whoa go straight hospital get checked lips fingers bu,0
alumni welcome bruinnation,0
michigan ucla set play noon today take look bend history ties two lew alcindor michi,0
audio highlights listen to's top calls michigan comes back defeat ucla listen,0
current olemiss qb shea patterson ann arbor michigan ucla hoops game,0
acc stock report rob look acc teams stand recruiting perspective,0
ucla gymnasts shine meet bruins preseason intrasquad recap gobruins,0
close missed games today family stuff going michigan beat ucla m happy,0
moritz wagner overtime win ucla,0
osu came back beat team just beat ucla top dominating w amp m today good day buckey,0
osu ok like ucla since ll no longer anything ball family,0
ucla needs liangelo ball lmao,0
sjp ucla condemns anti semitic cartoon drawn one members daily wire,0
ucla football josh rosen avoid hits off field via,0
u aint goin ucla boi,0
ucla football josh rosen avoid hits off field via,0
icymi zavier simpson ridiculous layup keep michigan within points late comeback victory uc,0
acc stock report rob look acc teams stand recruiting perspective,0
ve done plenty pieces might just first true opinion piece ve written,0
bell great official visit ucla bruins,0
beat north mecklenburg move jaemyn brakefield machine,0
may retracted rest low iq gang will keep lie alive make huge fact amp,0
icymi create foundational estate plan huffpost retirement,0
thanks great fans helping us get w today vs ucla appreciate support home,0
mississippi state ucla now become must wins need something conference sched,0
ucla football josh rosen avoid hits off field via,0
collegebasketball great michigan basketball erases deficit stuns ucla bruins ot,0
alaskan dropkicker got hoodie collar little ucla bone bling collar amp shirt wore,0
ucla football josh rosen avoid hits off field,0
thanks great fans helping us get w today vs ucla appreciate support home,0
michigan beating ucla helps little though,0
win bitcoin every hour win dogcoin every,0
onthisday december attended fire amp ice ball universal studios hollywood benefitting u,0
just play ucla leads need crislerlive goblue,0
gallery several michigan targets commits players coaches staffers crisler center wolverines b,0
beat north mecklenburg move jaemyn brakefield machine,0
ve done plenty pieces might just first true opinion piece ve written,0
job might great fit outpatient coding supervisor healthcare,0
bummer finish bearcats still mississippi state ucla next week,0
need know number ucla women basketball team asking friend lmao,0
guess say michigan stole win ucla,0
alaskan lol sameeee mom like aaaiiigh hija,0
earlier week reported ucla qb josh rosen refuted reports declared nfldraft p,0
ucla football josh rosen avoid hits off field via,0
earlier week reported ucla qb josh rosen refuted reports declared nfldraft,0
say works cu arizona ucla tradition get stars cu doesn't h,0
beat north mecklenburg move jaemyn brakefield machine,0
michigan wolverines overcome point deficit beat ucla ot daily bre,0
want read michigan's thrilling win ucla today see charles matthews said,0
ucla researchers create device revolutionize hydrogen vehicles shared google feed,0
roycehall love y,0
deontay shea van um ucla game,0
told mum aaiigh mijo well least name got ll love forever,0
bell great official visit ucla bruins,0
roycehall fuck yes get big baby,0
account balance spends new balance,0
thanks great fans helping us get w today vs ucla appreciate support home,0
just found matthew tago qb lb quartz hill decommitted ucla recruitment open,0
stirring pot leos utah going publicly apologize fans bein,0
tuesday roycehall,0
wolverines overcome point deficit beat ucla ot,0
will even play ucla,0
jace way win like oregon's arizona's ucla's win young years class w,0
surface area sc also tune frank talks tried,0
lonzo used years ucla,0
collaboration local community optimismcan perform groundbreaking hand transplant operation https,0
deontay shea van um ucla game,0
dropkicker got hoodie collar little ucla bone bling collar amp shirt w,0
thanks great fans helping us get w today vs ucla appreciate support home,0
beat ucla msu run conference less losses fine,0
want read michigan's thrilling win ucla today see charles matthews said,0
want work ucla health careers re hiring losangeles ca click details,0
super proud histstm students ucsb ucla self organized graduate workshop showcase work,0
ucla calling coral everyday love see gators screw justin not flipping guarantee,0
icymi zavier simpson ridiculous layup keep michigan within points late comeback victory uc,0
beat north mecklenburg move jaemyn brakefield machine,0
okstate knocking door ranked opponents last night door opened check highlights,0
kaskp guys close goal please retweet kendra perez memorial scholarship,0
lavar ball pulls son liangelo ucla,0
oklahoma win army squad win fau squad ooc slate also chip kelly ucla,0
coachpop stat leaders huntington prep jaemyn brakefield kenneth nwuba ucla commit amp michael christma,0
postdoc fellowships available math physical sciences engineering thos,0
skool andre regardless overhyped not brand success,0
aaron holiday amp thomas welsh scored double figures ucla's overtime loss michigan saturday recap http,0
really sad smoke clouds san diego one la off wilshire beverly hills close ucla,0
quality wins left refer besides wichita smu ucla ok nothing committee will care,0
uc absolutely win ucla best case scenario probably seed,0
michigan wolverines overcome point deficit beat ucla ot,0
guess say michigan stole win ucla,0
guess say michigan stole win ucla,0
alaskan dropkicker actually store today debating whether buy shirt dog don't lmao,0
lol look really non conference games anyone will give shits ve already shit,0
cincinnati now kenpom top teams bearcats better beat mississippi state ucla,0
guess say michigan stole win ucla,0
alaskan gotta get ucla dog swag looks like demon eyes amp like dropkicker moose p,0
dtr wants christmas ucla playbook,0
sec kentucky transfer charles matthews went today michigan hit overtime dagger pointer agains,0
gotta get ucla dog swag looks like demon eyes amp like dropkicker m,0
wolverines second half michigan comes back beats ucla overtime win goblue,0
see latest losangeles ca job click apply anesthesia technican healthcare hiring careerarc,0
proud ram former student intern amp media staff member nic hallisey getting national kudos make believe hoops tweets https,0
bell great official visit ucla bruins,0
lavar ball teaching kids can escape consequences reacts lavar pulling son liange,0
recruiting top ucla ol target hc chip kelly,0
spring grove native eli brooks just hit two huge free throws send michigan's game ucla ot,0
recruiting tight end target tommy tremble currently ucla official visit,0
oklahoma win army squad win fau squad ooc slate also chip kelly ucla,0
heisler least ucla's done lavar ball lakers aren t,0
lambda messes fireball wednesday creates fireball week,0
michigan big non confrence wins today ucla december michigan beat number duk,0
miss st ucla now must wins,0
monday michigan blew point lead lose ohio state today michigan overcomes point second half deficit,0
michigan wolverines overcome point deficit beat ucla ot,0
thanks great fans helping us get w today vs ucla appreciate support home,0
michigan wolverines overcome point deficit beat ucla ot,0
michigan wolverines overcome point deficit beat ucla ot,0
michigan wolverines overcome point deficit beat ucla ot,0
michigan wolverines overcome point deficit beat ucla ot,0
michigan wolverines overcome point deficit beat ucla ot,0
michigan wolverines overcome point deficit beat ucla ot,0
michigan wolverines overcome point deficit beat ucla ot,0
michigan wolverines overcome point deficit beat ucla ot,0
stirring pot leos utah going publicly apologize fans,0
shea patterson main attraction inside crisler center saturday basketball game broke one john,0
tonight met guy ucla sweet,0
brh race will win race new star db brendan radley hiles amp discuss,0
dropkicker not boast ucla totally cultivates leaders omg just awesome class instructor c o inspir,0
colgan ucla bail study finds price freedom high poor l families,0
guys close goal please retweet kendra perez memorial scholarship,0
recruiting top ucla ol target hc chip kelly,0
bell great official visit ucla bruins,0
thanks great fans helping us get w today vs ucla appreciate support home,0
recruiting considering position important prospect ucla former alabama commit,0
look michigan fan taunts ucla disembodied lavar ball head,0
look michigan fan taunts ucla disembodied lavar ball head,0
ucla bound rb breaks national single season td record watch,0
onthisday december attended fire amp ice ball universal studios hollywood benefitting u,0
another great one earlier today michigan vs ucla https,0
thanks great fans helping us get w today vs ucla appreciate support home,0
thanks great fans helping us get w today vs ucla appreciate support home,0
rawsportz media post state playoff game interview tulare union star rb kazmeir allen ucla bound kazmeir allen breaks,0
ucla gymnasts shine meet bruins preseason intrasquad recap gobruins,0
recruiting tight end target tommy tremble currently ucla official visit,0
sec stock report amp discuss team league stands signing day approaches https,0
colgan ucla bail study finds price freedom high poor l families,0
lavar ball's dad says no big deal son caught shoplifting china dad like easy see,0
must read high school student athletes truth,0
another great one earlier today michigan vs uc,0
michigan wolverines overcome point deficit beat ucla ot,0
beat north mecklenburg move jaemyn brakefield machine,0
not okay instructors text students fix shit,0
checked ucla yelp,0
thanks great fans helping us get w today vs ucla appreciate support home,0
michigan wolverines overcome point deficit beat ucla ot,0
michigan wolverines overcome point deficit beat ucla ot,0
michigan wolverines overcome point deficit beat ucla ot,0
michigan wolverines overcome point deficit beat ucla ot,0
michigan wolverines overcome point deficit beat ucla ot,0
not father's ucla just sayin,0
fall final reviews ucla,0
pig eats kfc taco bell watches porn,0
beat north mecklenburg move jaemyn brakefield machine,0
orange co arts michigan wolverines overcome point deficit beat ucla ot,0
michigan wolverines overcome point deficit beat ucla ot,0
thanks great fans helping us get w today vs ucla appreciate support home,0
collaboration local community optimismcan perform groundbreaking hand transplant operation https,0
thanks great fans helping us get w today vs ucla appreciate support home,0
ukrainian author manafort op ed says sought input avoid errors reuters ucla nba,0
bell great official visit ucla bruins,0
wolverines overcome point deficit beat ucla ot,0
dahlin ok minus sex tape place highlight tapes aau thru ucla tapes lol,0
watch highlights michigan's overtime victory ucla via,0
listening college football podcast rick neuheisel talks playoff chip kelly ucla coaching carousel vi,0
thanks great fans helping us get w today vs ucla appreciate support home,0
thanks great fans helping us get w today vs ucla appreciate support home,0
lavar ball's dad says no big deal son caught shoplifting china dad like easy see,0
speech disorders u s children will develop one everything need know,0
check q amp jesus martinez m f worked layout animation manager film,0
people just better suited ground level,0
wolverines overcome point deficit beat ucla ot,0
andrew lopez meanwhile lsu offers qb jack miller arizona miller already holds offers arizona arizona state fl,0
wolverines overcome point deficit beat ucla ot sports,0
wolverines overcome point deficit beat ucla ot,0
lavar ball's dad says no big deal son caught shoplifting china dad like easy see,0
ucla vs michigan ncaa basketball via,0
will transfer michigan knows front row today's game vs ucla,0
can't wait ncaa gymnastics season ucla ready meetthebruins,0
run sd wearing den shirt just passed middle age man wearing ucla sweatshirt said go bru,0
thanks great fans helping us get w today vs ucla appreciate support home,0
bird battle trash talk aj best alshon check history sou,0
wolverines overcome point deficit beat ucla ot,0
loved product school ucla one teams will not buy armour till l,0
even taxes abilities,0
ncaa mbb boston college duke f wichita st oklahoma st f xavier colorado f wyoming,0
can y see gobruins,0
bless ruta lee great work thallians tonight ucla amd men women military love ann andy,0
rawsportz media post state playoff game interview tulare union star rb kazmeir allen ucla bound kazmeir allen breaks,0
ucla game dont get bed befo dont start game early next time,0
postdoc fellowships available math physical sciences engineering thos,0
not boast ucla totally cultivates leaders omg just awesome class instructor c o,0
tft friends,0
gallery several michigan targets commits players coaches staffers crisler center wolverines b,0
thanks great fans helping us get w today vs ucla appreciate support home,0
thanks great fans helping us get w today vs ucla appreciate support home,0
gallery several michigan targets commits players coaches staffers crisler center wolverines b,0
job cardiac surgeon heart lung procurement ucla school medicine los angeles ca healthcare careers,0
guess say michigan stole win ucla,0
thanks great fans helping us get w today vs ucla appreciate support home,0
stat leaders huntington prep jaemyn brakefield kenneth nwuba ucla commit amp michael christmas amp,0
icymi zavier simpson ridiculous layup keep michigan within points late comeback victory uc,0
son told getting scholarship ucla leaving california le,0
ucla bound rb breaks national single season td record watch,0
ucla men's basketball team whose biggest challenges come off court faces toughest test yet,0
lavar ball teaching kids can escape consequences reacts lavar pulling son liange,0
thanks great fans helping us get w today vs ucla appreciate support home,0
thanks great fans helping us get w today vs ucla appreciate support home,0
til reporting story not publish sex couples totals city,0
lonzo ball first point guard ucla go hit three kemba walker,0
postdoc fellowships available math physical sciences engineering thos,0
pauley pavilion days coach bryant died listened clock radio,0
will transfer michigan knows front row today's game vs ucla,0
thanks great fans helping us get w today vs ucla appreciate support home,0
guess say michigan stole win ucla,0
three star receiver geordon porter de commits notre dame assume regime changes ucla asu maybe oregon,0
thanks great fans helping us get w today vs ucla appreciate support home,0
thanks great fans helping us get w today vs ucla appreciate support home,0
little known fact one year summer school rookie year now hire film students r,0
final game michael christmas jonathan mcgriff kenny nwuba ucla,0
u said obama wasn't legit president remember u treated central park colin kaepern,0
bell great official visit ucla bruins,0
son told getting scholarship ucla leaving california le,0
thanks great fans helping us get w today vs ucla appreciate support home,0
