crazy years now might ur wedding ur kids birthday rn just regular shitty day,0
jacqueline katrinakaif khan react rumors anushka virat's wedding,0
wedding innit don't get gassed,0
wedding rings wedding photography,0
wedding year goes,0
crazy years now might ur wedding ur kids birthday rn just regular shitty day,0
say goodbye mom wedding photography,0
m going wedding next weekend wonder much weight can lose saturday,0
open surprise handsome wedding date newprofilepic,0
wedding year goes,0
gynocology porn wedding night sex toys,0
wedding year goes,0
just pinned mermaid wedding dresses lace satin tulle fishtail wedding gowns stunning v neck lace mermaid,0
bankyw amp adesua etomi step style arabian themed premiere wedding,0
hell no better not red wedding episode amc,0
new arrival wedding dresses special boat neck lace wedding gowns long sleeves ball go,0
rhoa cast throws kenya moore shady surprise wedding questioning marriage real,0
weird years now might ur wedding ur kids birthday rn just regular shitty day,0
congrats natasu wedding,0
comes wedding important things open bar good dj good photog,0
bankyw amp adesua etomi step style arabian themed premiere wedding,0
invited wedding nah,0
crazy years now might ur wedding ur kids birthday rn just regular shitty day,0
hq vid dd instagram update donghae eunhyuk excitedly performing oppa oppa friend's weddin,0
heck no girl gotta wedding dress look good months,0
ohtani crash trout's wedding dm details bro welcometoanaheim,0
wedding photos don't look like even wanna get married just kidding actually,0
nokwal jyo l,0
john mccain wedding crashers,0
ok sorry accurately indians wedding sri lanka amp hariharan sing live,0
crazy years now might ur wedding ur kids birthday rn just regular shitty day,0
banky w wife adesua etomi mrs w looks grand premiere wedding party,0
another couple crystal lace theme everything opshop wedding looking amazing,0
bankyw amp adesua etomi step style arabian themed premiere wedding,0
new old new video jensen singing crazy love wedding's friend jason manns shy,0
murder red wedding broke guest right westerosi tradition not harming guests food drink sha,0
antique gold filled cufflinks stick pin art nouveau etched wedding jewelry groom,0
crazy years now might ur wedding ur kids birthday rn just regular shitty day,0
y watched sister make doll clothes barbie sewing machine amp now designing makin,0
wedding year goes,0
bankyw amp adesua etomi step style arabian themed premiere wedding,0
specializing memories start planning wedding dreams today pressplay,0
wedding year goes,0
wedding y really lol girls crazy rhoa,0
prime children understand don't spend wedding weddings special not set back w,0
wedding year goes,0
crazy years now might ur wedding ur kids birthday rn just regular shitty day,0
niggas coming wedding jeans sneakers raised,0
bankyw amp adesua etomi step style arabian themed premiere wedding,0
wedding looks,0
sri lankans amazing hariharan sing wedding function next level explains family frien,0
matt lauer wife remove wedding rings dad says plans divorce e news oh well shit falls,0
ll flower girl wedding,0
whispers abyss give kurogane amp fai wedding,0
new old new video jensen singing crazy love wedding's friend jason manns shy,0
crazy years now might ur wedding ur kids birthday rn just regular shitty day,0
guswlsla ig update siwon yesung hyukjae donghae jinoo's wedding,0
crazy years now might ur wedding ur kids birthday rn just regular shitty day,0
proper wedding invites photo,0
crazy years now might ur wedding ur kids birthday rn just regular shitty day,0
crazy years now might ur wedding ur kids birthday rn just regular shitty day,0
someone marry can videographer make wedding video song tysm,0
crazy years now might ur wedding ur kids birthday rn just regular shitty day,0
new old new video jensen singing crazy love wedding's friend jason manns shy,0
every wedding cake ve ever seen pretty gay,0
crazy years now might ur wedding ur kids birthday rn just regular shitty day,0
boho bouquet bridal bouquet wedding bouquet wedding via,0
huhu miss na den merry christmas happy new year happy valentines happy graduation happy s,0
crazy years now might ur wedding ur kids birthday rn just regular shitty day,0
not wedding not schuetzen park,0
crazy years now might ur wedding ur kids birthday rn just regular shitty day,0
crazy years now might ur wedding ur kids birthday rn just regular shitty day,0
mark ready wedding rhoa,0
crazy years now might ur wedding ur kids birthday rn just regular shitty day,0
branded honestly can not wait cobbie gonna go big wedding,0
just gonna show married one day cause not like m wedding,0
galia lahav authentic custom wedding dress joyce style ivory size,0
bankyw amp adesua etomi step style arabian themed premiere wedding,0
crazy years now might ur wedding ur kids birthday rn just regular shitty day,0
crazy years now might ur wedding ur kids birthday rn just regular shitty day,0
crazy years now might ur wedding ur kids birthday rn just regular shitty day,0
weddings long sleeve white lace wedding dress line button sweep train real party d,0
lost wedding ring section stadium today somebody found silver band ring please let know,0
don't want y wedding club attire,0
crazy years now might ur wedding ur kids birthday rn just regular shitty day,0
man just asked flower girl wedding boy bye,0
cool pic friends wedding little back montyhill guitarist band fender,0
crazy years now might ur wedding ur kids birthday rn just regular shitty day,0
amp won't get married whole wedding cancelled,0
crazy years now might ur wedding ur kids birthday rn just regular shitty day,0
icymi will scotus say states can force wedding vendors provide services gay weddings saw week's oral,0
pinterest planning wedding smallest detail like even got boo suh lol,0
ok sorry accurately indians wedding sri lanka amp hariharan sing live,0
crazy years now might ur wedding ur kids birthday rn just regular shitty day,0
crazy years now might ur wedding ur kids birthday rn just regular shitty day,0
couple's australian wedding filled playful creative details decorations see pics,0
crazy years now might ur wedding ur kids birthday rn just regular shitty day,0
grind sched week corner studio d amp d session wedding prep saguijo private event private event,0
crazy years now might ur wedding ur kids birthday rn just regular shitty day,0
country music will not step foot near wedding,0
couple's australian wedding filled playful creative details decorations see pics,0
em wow years might long wedding,0
fc getting know virushka wedding happening real thoughts fans rumour real hop,0
live happily ever magical wedding cakes,0
wedding dress idea featured dress milla nova,0
kiss bride wedding voltron fan bursts room yeah real cute f f marriage got,0
whatever call re great choice cookie swap,0
flower girls,0
crazy years now might ur wedding ur kids birthday rn just regular shitty day,0
crazy years now might ur wedding ur kids birthday rn just regular shitty day,0
mistletoe magnolias christmas wedding kirkpatrick family kindle free,0
wedding year goes,0
hmmm one novelty south indian wedding,0
crazy years now might ur wedding ur kids birthday rn just regular shitty day,0
rhoa cast throws kenya moore shady surprise wedding questioning marriage real,0
jesus definitely not problem baking gay people cake wedding fact jesus take,0
wedding year goes,0
paraphrasing post saw today baking cake gay wedding endorsing homosexuality voting,0
virat stood away tv internet checks phone messages wow must wishes wedding opens inbox,0
thumper wedding band livingsexy,0
crazy years now might ur wedding ur kids birthday rn just regular shitty day,0
not wedding cake denied service far go,0
alright since everyone's getting engaged married least can invite wedding open,0
gatecrashing anushka sharma's wedding starter pack,0
father didn't attend wedding shouldn't feel bad eloped facetime husband,0
instagram think need wedding inspo turned mic accessibility just listened co,0
heard description dream barn wedding can't stop thinking dream barn wedding hehe n,0
kiss bride wedding voltron fan bursts room yeah real cute f f marriage got,0
wedding year goes,0
europe go cheap wedding honeymoon spend serious money house t,0
crazy years now might ur wedding ur kids birthday rn just regular shitty day,0
new post bukola saraki's daughter marries society wedding abuja photos published lively stones,0
pretty girls slide dms can start planning wedding,0
gabe andmadel played butterfly effect wedding legendary,0
happy wedding anniversary awesome parents many,0
kiss bride wedding voltron fan bursts room yeah real cute f f marriage got,0
crazy years now might ur wedding ur kids birthday rn just regular shitty day,0
honor photographing long time instagram follower's wedding simple support liking photo,0
girls asked just want need man free online signup,0
thegamegoddess im stubborn ll fuck around amp catch attitude wedding day,0
happy bride queen subuphotography wedding weddingday weddingfun weddingtime,0
m watching wedding shows ladies not devour husbands faces expecting kindergarten peck m already sorry man,0
different strokes different folks wedding day like like,0
crazy years now might ur wedding ur kids birthday rn just regular shitty day,0
wedding kandi singing already asking divorce rhoa,0
picture frame collage set white wood frames photo frame wedding,0
m ruin wedding photos bright hair loud crying,0
dusty blue wedding blue groomsmen dusty blue bridesmaids bouquet invitations unica forma,0
thing arabian body oud will use kill anybody comes close wedding party movie premiere,0
weird years today ur wedding day ur kids birthday rn just regular day,0
alright since everyone's getting engaged married least can invite wedding open,0
crazy years now might ur wedding ur kids birthday rn just regular shitty day,0
m tired seeing baby showers wedding pics,0
amp won't get married whole wedding cancelled,0
crazy years now might ur wedding ur kids birthday rn just regular shitty day,0
m millennial jsut per wedding instead huge one can pay off student loans not inc,0
crazy years now might ur wedding ur kids birthday rn just regular shitty day,0
murder red wedding broke guest right westerosi tradition not harming guests food drink sha,0
crazy years now might ur wedding ur kids birthday rn just regular shitty day,0
weird years now might ur wedding ur kids birthday rn just regular shitty day,0
fanciest armor got draecember spent ungodly amount gold get off bmah gotta,0
murder red wedding broke guest right westerosi tradition not harming guests food drink sha,0
ryan surprising surprise wedding christmas eve,0
murder red wedding broke guest right westerosi tradition not harming guests food drink sha,0
murder red wedding broke guest right westerosi tradition not harming guests food drink sha,0
crazy years now might ur wedding ur kids birthday rn just regular shitty day,0
murder red wedding broke guest right westerosi tradition not harming guests food drink sha,0
murder red wedding broke guest right westerosi tradition not harming guests food drink sha,0
murder red wedding broke guest right westerosi tradition not harming guests food drink sha,0
murder red wedding broke guest right westerosi tradition not harming guests food drink sha,0
amp face toughest decision yet flavour wedding cake propertybrothers,0
crazy years now might ur wedding ur kids birthday rn just regular shitty day,0
crazy years now might ur wedding ur kids birthday rn just regular shitty day,0
murder red wedding broke guest right westerosi tradition not harming guests food drink sha,0
everybody right now wedding sooo shady also us rhoa,0
murder red wedding broke guest right westerosi tradition not harming guests food drink sha,0
murder red wedding broke guest right westerosi tradition not harming guests food drink sha,0
murder red wedding broke guest right westerosi tradition not harming guests food drink sha,0
murder red wedding broke guest right westerosi tradition not harming guests food drink sha,0
want refund flight can't believe missed sisters wedding,0
fully prepared best adam sandler wedding singer make happen,0
nokwal jyo l,0
murder red wedding broke guest right westerosi tradition not harming guests food drink sha,0
much respect showing real friendship family wed,0
murder red wedding broke guest right westerosi tradition not harming guests food drink sha,0
crazy years now might ur wedding ur kids birthday rn just regular shitty day,0
one year since beautiful wedding ever seen troick really couple love much https,0
murder red wedding broke guest right westerosi tradition not harming guests food drink sha,0
full wedding two ppl bitch take yo ass court house,0
murder red wedding broke guest right westerosi tradition not harming guests food drink sha,0
lea cars bentley arnage wedding car sikh wedding newcastle,0
crazy years now might ur wedding ur kids birthday rn just regular shitty day,0
murder red wedding broke guest right westerosi tradition not harming guests food drink sha,0
murder red wedding broke guest right westerosi tradition not harming guests food drink sha,0
lost wedding ring section stadium today somebody found silver band ring please let know,0
best wedding date little gardens,0
crazy years now might ur wedding ur kids birthday rn just regular shitty day,0
crazy years now might ur wedding ur kids birthday rn just regular shitty day,0
org awesome job tonight joey thanks laughs selfies congrats,0
crazy years now might ur wedding ur kids birthday rn just regular shitty day,0
kiss bride wedding voltron fan bursts room yeah real cute f f marriage got,0
amp won't get married whole wedding cancelled,0
good news mn lots hard work amp support shakopee judge chris wilton jennifer turned,0
crazy years now might ur wedding ur kids birthday rn just regular shitty day,0
idk wedding rhoa,0
promotion ideas wedding service business via,0
mom meatloaf wonder rt scene wedding crashers one greatest things ev,0
purse handmade fine jewelry pearl set nigerian wedding african beads gold,0
another big fave caro's wedding october able celebrate jamie addison also,0
lost wedding ring section stadium today somebody found silver band ring please let know,0
sometimes forget tre married days actual wedding,0
crazy years now might ur wedding ur kids birthday rn just regular shitty day,0
trickle economics not work give rich people money put stock ma,0
crazy years now might ur wedding ur kids birthday rn just regular shitty day,0
well yeah elope fine whole point anyway actual planned st,0
think wanna location wedding fr hoe real intimate,0
one year since beautiful wedding ever seen troick really couple love much https,0
clancy philly finest pure class always nice hearing lifestyle ll take d,0
crazy years now might ur wedding ur kids birthday rn just regular shitty day,0
crazy years now might ur wedding ur kids birthday rn just regular shitty day,0
crazy years now might ur wedding ur kids birthday rn just regular shitty day,0
everybody right now wedding sooo shady also us rhoa,0
gatecrashing anushka sharma's wedding starter pack,0
planned buying dustin fossil watch christmas instead got excited gave day o,0
said wanted red bottoms wedding lemme start saving now still ain't breaking pocket none though,0
krg know future don't want extravagant wedding husband probably wouldn't say shit close family,0
playing role quirky intelligent wedding planner shruti kakkar got recognition applaud,0
alright since everyone's getting engaged married least can invite wedding open,0
vixx weddings hakyeon wonshik visibly crying vows hongbin says didn't cry little taekwoon touch,0
congratulation newlyweds congratulation ur wedding,0
crazy years now might ur wedding ur kids birthday rn just regular shitty day,0
snows inches alright everyone cancel school put long sleeve shirt buy entire grocery store,0
nj love u guys m bout best man good friend doms wedding snow sending love,0
indian wedding bro destination weddings,0
michael thinks hurling better wedding night via,0
crazy years now might ur wedding ur kids birthday rn just regular shitty day,0
kiss bride wedding voltron fan bursts room yeah real cute f f marriage got,0
virat stood away tv internet checks phone messages wow must wishes wedding opens inbox,0
kiss bride wedding voltron fan bursts room yeah real cute f f marriage got,0
wedding year goes,0
femail bizarre wedding photos ever people around world,0
want better wedding get weddbook app,0
wedding anniversary dinner tonight blackandwhitephoto anniversary chops lobster bar,0
ve always wanted plan wedding ll way,0
crazy years now might ur wedding ur kids birthday rn just regular shitty day,0
anything officiate wedding,0
amped wedding barry allen iris west tbh,0
graduation pregnancy wedding get ashy nigga m celebrating man love warmth positivity,0
nah nigga actually proposes tho lol already know wedding one best nights ever,0
love luis turned argument heated discussion religion molly originally just wanted discuss h,0
photos sola sobowale's gorgeous look arabian themed wedding party world premiere,0
look wedding ring hubby drooling sloppy seconds,0
hope someone tells real wedding great meeting amp go galapagos,0
lol know wedding going dope,0
lost wedding ring section stadium today somebody found silver band ring please let know,0
still dreaming david's beautiful wedding day karly's mom's home weddings,0
running away husband wedding day cuz don't catch feelings sweetie catch flights,0
crazy years now might ur wedding ur kids birthday rn just regular shitty day,0
crazy years now might ur wedding ur kids birthday rn just regular shitty day,0
vixx weddings hakyeon wonshik visibly crying vows hongbin says didn't cry little taekwoon touch,0
crazy years now might ur wedding ur kids birthday rn just regular shitty day,0
crazy years now might ur wedding ur kids birthday rn just regular shitty day,0
wedding proposals always make cry hard cant wait see reaction get asked someones wife,0
crazy years now might ur wedding ur kids birthday rn just regular shitty day,0
wedding year goes,0
crazy years now might ur wedding ur kids birthday rn just regular shitty day,0
ll cry wedding miracle happening honestly,0
something never noticed home alone harry wedding ring wife know almost ate child's fingers,0
supreme court wedding cake case asks whether baking protected speech,0
gay wedding cakes united states constitution gay news glbt,0
weird years now might ur wedding ur kids birthday rn just regular shitty day,0
sri lankans amazing hariharan sing wedding function next level explains fam,0
got similar stunt planned wedding,0
loose wild wedding flowers styled vic brotherson,0
kiss bride wedding voltron fan bursts room yeah real cute f f marriage got,0
gotta love grow friend asks makeup wedding,0
genuine diamond wedding band ring yellow gold round g h prong,0
not ear whispered heart not lips kissed soul judy garland w,0
accept let go faith will wall hanging wedding birt,0
wedding planner successfully planned weddings work ones budget big small amazing de,0
father didn't attend wedding shouldn't feel bad eloped facetime husband,0
course ve stacked deck w characterization phillips says,0
wife aren't gonna first dance wedding first lob m gonna lower rim,0
one marwadi one mallu wedding attend day marwadi wedding gets mallu one s,0
chrissy lampkin jim jones wedding news couple married according media take lhhny via,0
alright since everyone's getting engaged married least can invite wedding open,0
wedding night porno big wet sexy ass,0
lol people larp wedding bride wanted dance original knight,0
weird years now might ur wedding ur kids birthday rn just regular shitty day,0
d super weird actual wedding not invite closest friends mean point wedding,0
imma strict dress code wedding y going weddings dressed like y going club cannot,0
know future don't want extravagant wedding husband probably wouldn't say shit cl,0
wish going game sunday will recuperating wedding louisia,0
striking rude perplexity illustrious no range top drop business city's chief,0
y watched sister make doll clothes barbie sewing machine amp now designing makin,0
mom meatloaf wonder rt scene wedding crashers one greatest things ev,0
ve just invited first sex marriage dear friends antony ron waiting years re dam,0
just minute conversation ash wearing bridesmaid dress for's wedding normalroomiestuff,0
face m told take finals wedding week wellsweddingbells,0
crazy years now might ur wedding ur kids birthday rn just regular shitty day,0
look yeah get african wedding youtube m not coming ages,0
crazy years now might ur wedding ur kids birthday rn just regular shitty day,0
thanks buddy tell hi haha looking forward seeing guys track wedding,0
gave wedding registry y buy us stuff probably not right,0
modeled wedding circlet custommade epiconetsy cosplay wedding https,0
maybe just don't want invite anyone just want moment wedding just,0
m tears amazing casey amp davis marlar wedding via,0
can understand make decision elope justice peace type wedding means cool,0
wedding back just bought durag nigga showed durag really love,0
little much fun celebrating wedding whoops whydidntanyonetakemydrinks,0
sumeeth sangeetha tie knot unique manner avoiding even milk products,0
crazy years now might ur wedding ur kids birthday rn just regular shitty day,0
crazy years now might ur wedding ur kids birthday rn just regular shitty day,0
adam vinatieri just dropped wedding ring colts indvsbuf,0
making wedding cake sex couple will get baker new business refusing make one,0
original strapless vixen cocktail party wedding full dress xs,0
alright since everyone's getting engaged married least can invite wedding open,0
white satin wedding weddinggarter set red heart deco via,0
amp won't get married whole wedding cancelled,0
crazy years now might ur wedding ur kids birthday rn just regular shitty day,0
rhoa cast throws kenya moore shady surprise wedding questioning marriage real,0
crazy years now might ur wedding ur kids birthday rn just regular shitty day,0
wish going game sunday will recuperating wedding,0
crazy years now might ur wedding ur kids birthday rn just regular shitty day,0
not m proud like just feel like y know feel like wedding planning milestone,0
one year since beautiful wedding ever seen troick really couple love much,0
don't know julie make m secure ideolo,0
y watched sister make doll clothes barbie sewing machine amp now designing makin,0
wedding shit rhoa,0
song will played wedding,0
amp won't get married whole wedding cancelled,0
crazy years now might ur wedding ur kids birthday rn just regular shitty day,0
one lives whole family always richest world happy wedding day appa amma thank,0
gonna spiderman captain marvel themed wedding finally making head canon reality,0
nj love u guys m bout best man good friend doms wedding snow sending love,0
crazy years now might ur wedding ur kids birthday rn just regular shitty day,0
weird years now might ur wedding ur kids birthday rn just regular shitty day,0
weird years now might ur wedding ur kids birthday rn just regular shitty day,0
hitched now wedding,0
alright since everyone's getting engaged married least can invite wedding open,0
checkout pic taken wedding event back beautiful evening great beer,0
kiss bride wedding voltron fan bursts room yeah real cute f f marriage got,0
trickle economics not work give rich people money put stock ma,0
crazy years now might ur wedding ur kids birthday rn just regular shitty day,0
crazy years now might ur wedding ur kids birthday rn just regular shitty day,0
weird years now might ur wedding ur kids birthday rn just regular shitty day,0
puertovallarta rivieranayarit destinationwedding advantages weddingplanning,0
kiss bride wedding voltron fan bursts room yeah real cute f f marriage got,0
gonna spiderman captain marvel themed wedding finally making head canon reality,0
burnt orange white bride weddinggarter set texaslonghorn via,0
latest indian dresses bridal collections dresses wedding design amazon shopping online dresses,0
women messy really think fake wedding good idea kenya messy moore mean,0
kiss bride wedding voltron fan bursts room yeah real cute f f marriage got,0
yesterday's chuana's wedding boss ryan friends angelfields,0
rt,0
can't wait come wedding,0
wedding planner successfully planned weddings work ones budget big small amazing de,0
want frasier themed wedding ll read vows niles daphne use wedding m daphne th,0
wedding year goes,0
vinson m gonna get buffalo wild wings cater wedding one day,0
crazy years now might ur wedding ur kids birthday rn just regular shitty day,0
crazy years now might ur wedding ur kids birthday rn just regular shitty day,0
religion talk last minutes whole duggar wedding,0
y e oliver felicity's wedding reception ends betrayal arrow's mid season finale arrow,0
congratulations wedding lovely,0
another couples wedding went horribly wrong spent decor no dj caterer,0
dress wore looked like belonged wedding course lighter shorter fit,0
mens complete piece royal blue formal suit tailored fit wedding prom party,0
melts heart every time read love wedding,0
weird years now might ur wedding ur kids birthday rn just regular shitty day,0
crazy years now might ur wedding ur kids birthday rn just regular shitty day,0
food music choices important big day wedding weddingtips bridetobe,0
m one broken heart away living attic wedding dress teaching little girl hate men,0
alright since everyone's getting engaged married least can invite wedding open,0
yes oooo couldn't agree less guys can join us stay around ikeja wedding party,0
finally concrete wedding date may,0
crazy years now might ur wedding ur kids birthday rn just regular shitty day,0
wedding m gonna walk aisle heroes bowie,0
wedding year goes,0
wedding night sex positions free big tit porn sites,0
amazon's registries can add items earth's biggest selection get free day returns items manag,0
kiss bride wedding voltron fan bursts room yeah real cute f f marriage got,0
crazy years now might ur wedding ur kids birthday rn just regular shitty day,0
black orange weddinggarter set motorcycle charms via,0
jacqueline katrinakaif khan react rumors anushka virat's wedding,0
get married hope someone horse galloping fast can stop wedding arriving la,0
oluwani someone said lukaku will miss wedding chai aye le,0
yogiblair planning wedding invisalign clear aligners transforming smile invisalignsmile https,0
wedding year goes,0
not ear whispered heart not lips kissed soul judy garland wedding happy love,0
kiss bride wedding voltron fan bursts room yeah real cute f f marriage got,0
crazy years now might ur wedding ur kids birthday rn just regular shitty day,0
oluwani someone said lukaku will miss wedding chai aye le,0
shop captain america wedding garter set sugarplum garters,0
tomorrow someone tell donate ltc wedding gift goes,0
crazy years now might ur wedding ur kids birthday rn just regular shitty day,0
crazy years now might ur wedding ur kids birthday rn just regular shitty day,0
jd start planning wedding festivities,0
crazy years now might ur wedding ur kids birthday rn just regular shitty day,0
crazy years now might ur wedding ur kids birthday rn just regular shitty day,0
crazy years now might ur wedding ur kids birthday rn just regular shitty day,0
not fair wedding outside,0
anyone know supreme court gay wedding cake verdict coming,0
s wedding,0
everybody right now wedding sooo shady also us rhoa,0
video mike leach commenting woes wedding planning now can't get mad fianc whil,0
muskie fishing like pasta machine got wedding present comes,0
doubt though wants wedding,0
anushka's gonna kill cutest reactions virushka's wedding far jacqueline,0
eunhae wedding video flight malibu happy dance wedding ceremony morning wedding night,0
liked video diy enchanted rose decoration wedding photos arty advent day,0
m glad brother providing taxi us wedding cuz tbh thought trying get one ou,0
lost wedding ring section stadium today somebody found silver band ring please let know,0
can't get married cause wedding board pinterest will useless,0
fashion engagement ring wedding band set cz rhinestone crystal size check price ebay gt,0
ourownhistory hated philip back worst shawn every right crash wedding,0
wedding year goes,0
wedding kandi singing already asking divorce rhoa,0
watch world morgan planning wedding,0
crazy years now might ur wedding ur kids birthday rn just regular shitty day,0
ve just invited first sex marriage dear friends antony ron waiting years re dam,0
crazy years now might ur wedding ur kids birthday rn just regular shitty day,0
kiss bride wedding voltron fan bursts room yeah real cute f f marriage got,0
music acc games like bad wedding dj tmltalk leafsnation,0
wedding year goes,0
crazy years now might ur wedding ur kids birthday rn just regular shitty day,0
crazy years now might ur wedding ur kids birthday rn just regular shitty day,0
plan amp order wedding min d love send update,0
crazy years now might ur wedding ur kids birthday rn just regular shitty day,0
anushka wedding preps done m excited kohli score dekh yaar,0
s wedding,0
wedding year goes,0
romantic recipes celebrate wedding anniversary love lobster tails recipe,0
dinner future wedding location,0
crazy years now might ur wedding ur kids birthday rn just regular shitty day,0
romantic recipes celebrate wedding anniversary love lobster tails recipe,0
new post tuneupnaija video checkout nigerian celebrities outfits wedding party premiere,0
romantic recipes celebrate wedding anniversary love lobster tails recipe,0
romantic recipes celebrate wedding anniversary love lobster tails recipe,0
kiss bride wedding voltron fan bursts room yeah real cute f f marriage got,0
live happily ever magical wedding cakes,0
crazy years now might ur wedding ur kids birthday rn just regular shitty day,0
chief keef doesn't perform wedding don't want get married,0
hand crocheted almond colored shawl stole wrap organic cotton shawl scarf bridal wedding vll designs,0
ourownhistory hated philip back worst shawn every right crash wedding,0
felicity smoak staying felicity smoak no hyphenation gonna send us script pages cut,0
substitute wedding date since madison didn't wanna,0
omotola jalade's look grand premiere wedding party,0
grandparents gonna horse carriage wedding shauuu excited,0
selena justin selena friend shannon larossi's beach side wedding ceremony december,0
check glam bridesmaid past wedding absolutely,0
m good piss take hell yesterday mate slayed wedding speech hilarious fun bullying,0
crazy years now might ur wedding ur kids birthday rn just regular shitty day,0
kiss bride wedding voltron fan bursts room yeah real cute f f marriage got,0
alright since everyone's getting engaged married least can invite wedding open,0
wedding now cancelled,0
kiss bride wedding voltron fan bursts room yeah real cute f f marriage got,0
red satin bride wedding garter set checkered flag deco via,0
turn left wedding century,0
hey know ive saying needa renewznation sketchy skeezy wedding episode like sprinkle,0
photos actor daniel k daniel's wedding via,0
hope future husband cool w us going show four weddings bc m finna show brides done wed,0
antique gold filled cufflinks stick pin art nouveau etched wedding jewelry groom,0
early decide want first dance wedding,0
trickle economics not work give rich people money put stock ma,0
lost wedding ring section stadium today somebody found silver band ring please let know,0
better not red wedding episode thewalkingdead,0
liked video diy enchanted rose decoration wedding photos arty advent day,0
new goal wedding turnt duh's might hard top,0
weird years now might ur wedding ur kids birthday rn just regular shitty day,0
crazy years now might ur wedding ur kids birthday rn just regular shitty day,0
nj love u guys m bout best man good friend doms wedding snow sending love,0
crazy years now might ur wedding ur kids birthday rn just regular shitty day,0
wedding year goes,0
omotola jalade's look grand premiere wedding party,0
fully prepared best adam sandler wedding singer make happen,0
crazy years now might ur wedding ur kids birthday rn just regular shitty day,0
rhoa cast throws kenya moore shady surprise wedding questioning marriage,0
bf surprised promise ring early christmas present dream ring also wrote letter said,0
aurorarain iu leaving concert gave ssc best wedding gift inviting concert still remember kyo co,0
crazy years now might ur wedding ur kids birthday rn just regular shitty day,0
kiss bride wedding voltron fan bursts room yeah real cute f f marriage got,0
ll cry wedding miracle happening honestly,0
pre raphaelite necklace waterhouse art painting wedding valentin queen peachgoldorangeab,0
shantanubhai deepeshtanwer ex director director harley chapter wedding jodhpur,0
ben michael win australia's first legal gay wedding competition via eik n firstgayw,0
mark ready wedding rhoa,0
don't miss rose gold plated rings w single crystal w code giveaway,0
wait minute soooo u consider amp half friends didn't go,0
trickle economics not work give rich people money put stock ma,0
ve just invited first sex marriage dear friends antony ron waiting years re dam,0
virat anushka tie knot resort tuscany,0
not pig grown person kids kid no life ex,0
gives fuck wedding husband s fucking bizness always making shit messy wh,0
selena justin selena friend shannon larossi's beach side wedding ceremony december,0
ll cry wedding miracle happening honestly,0
bride amp prejudice wedding scene everything,0
jackie keeps denying playlists wedding,0
crazy years now might ur wedding ur kids birthday rn just regular shitty day,0
crazy years now might ur wedding ur kids birthday rn just regular shitty day,0
fany tim sang song baek dobin jung si a's wedding,0
crazy years now might ur wedding ur kids birthday rn just regular shitty day,0
antique gold filled cufflinks stick pin art nouveau etched wedding jewelry groom,0
crazy years now might ur wedding ur kids birthday rn just regular shitty day,0
mom keeps asking m bringing cousin's wedding june soooo taking applications wedding date,0
jennie garth goes casual coffe without wedding ring,0
douglas wedding present film kickstarter looks good weddingpresent,0
wedding party movie premiere red carpet moments adesua shakes butt via,0
selena justin selena friend shannon larossi's beach side wedding ceremony december,0
virat stood away tv internet checks phone messages wow must wishes wedding opens inbox,0
crazy years now might ur wedding ur kids birthday rn just regular shitty day,0
alright since everyone's getting engaged married least can invite wedding open,0
ll cry wedding miracle happening honestly,0
m love story about's wedding p s congrats javier,0
now pointed think eve gave adam wedding cake eat not apple,0
wedding confetti eggs doz cascarones etsy fun weddingdecoration bridalshower partyfavor e,0
knew song battle's not good wedding got busy learning new material known,0
weird years now might ur wedding ur kids birthday rn just regular shitty day,0
crazy years now might ur wedding ur kids birthday rn just regular shitty day,0
lucy personalized bride groom wedding hanger set via wedding weddinggift bridegift bride,0
twitch first photos ll sharing wedding happened,0
kiss bride wedding voltron fan bursts room yeah real cute f f marriage got,0
amp won't get married whole wedding cancelled,0
month december wedding gown dress sale,0
re invited wedding,0
next wedding planner no doubt,0
dang guys tomorrow m getting haircut wedding,0
magnus reaction seeing alex wedding dress still one favorite fierrochase moments,0
beverage insulator sequin pockethuggie via wedding brides theknot bachelorette bridesmai,0
wedding year goes,0
planning future talks people can't wait get married always dream mine ve,0
want frasier themed wedding ll read vows niles daphne use wedding m daphne scenario,0
re gonna wedding shower get gifts,0
religion talk last minutes whole duggar wedding,0
glitter blue snowflakes winter wedding invitation weddings bridal eventprofs,0
mom meatloaf wonder rt scene wedding crashers one greatest things,0
no way thought wedding good idea rhoa,0
emmerdale producer iainmcleod told press amp media past aarondingle amp robertsugden come t,0
wedding innit don't get gassed,0
anyone know supreme court gay wedding cake verdict coming,0
crazy years now might ur wedding ur kids birthday rn just regular shitty day,0
crazy years now might ur wedding ur kids birthday rn just regular shitty day,0
crazy years now might ur wedding ur kids birthday rn just regular shitty day,0
griff great time life d love help put together beautiful wedding suite free sample,0
lost wedding ring section stadium today somebody found silver band ring please let know,0
cute yongsun also went jinoo's wedding guess sj's manager also friends sj members friends https,0
crazy years now might ur wedding ur kids birthday rn just regular shitty day,0
thank amazing total claw stream one wedding possibly two new babies way will rb fol,0
think favourite part wedding vow youtube friend,0
ok lets plan wedding,0
re invited wedding,0
alright since everyone's getting engaged married least can invite wedding open,0
adam vinatieri just dropped wedding ring colts indvsbuf,0
amp won't get married whole wedding cancelled,0
lost wedding ring section stadium today somebody found silver band ring please let know,0
crazy years now might ur wedding ur kids birthday rn just regular shitty day,0
crazy years now might ur wedding ur kids birthday rn just regular shitty day,0
kiss bride wedding voltron fan bursts room yeah real cute f f marriage got,0
lol religious freedom cough cough gay wedding cake supreme court freedom speech ban nazis loo,0
army int twt u see gaon charts history not kpop history e,0
husband spent time writing post note properly close back door wedding vows,0
crazy years now might ur wedding ur kids birthday rn just regular shitty day,0
caught short story advent calendar nice balance genres collection afterma,0
scene wedding crashers one greatest things ever done,0
modeled wedding circlet custommade epiconetsy cosplay wedding https,0
louis crazy rant trying get molly say wedding off,0
went wedding yesterday couple known months surprise wedding gift hous,0
rt aclu rt aclu masterpiece cakeshop permitted discriminate dave charlie simply gay,0
lost wedding ring section stadium today somebody found silver band ring please let know,0
kiss bride wedding voltron fan bursts room yeah real cute f f marriage got,0
alright since everyone's getting engaged married least can invite wedding open,0
yoni amp josh wedding puertovallarta video destinationweddings rivieranayarit,0
definitely playing world mines wedding,0
ll cry wedding miracle happening honestly,0
feel m gonna get beat parking lot go wedding,0
wedding year goes,0
wedding year goes,0
crazy years now might ur wedding ur kids birthday rn just regular shitty day,0
wenjoon wedding rt invited witness us bound together holy macaroni tuesday dec pm,0
wanted say wedding off came bullshit break off wouldn't,0
marriages sorry m sending one wedding gift savoy,0
someone give details fake wedding wanna make suite design,0
nav replace w kilgore gonna look jimmy franchise g walk isle wedding,0
husband spent time writing post note properly close back door wedding vows,0
bidet course got one wedding gift changed life,0
father didn't attend wedding shouldn't feel bad eloped facetime husband,0
hope enjoy wedding,0
weird years now might ur wedding ur kids birthday rn just regular shitty day,0
crazy years now might ur wedding ur kids birthday rn just regular shitty day,0
lol ok m not gonna u wedding,0
wedding year goes,0
love albanians wanna shqip dance wedding night,0
wedding year goes,0
kiss bride wedding voltron fan bursts room yeah real cute f f marriage got,0
kiss bride wedding voltron fan bursts room yeah real cute f f marriage got,0
weird years now might ur wedding ur kids birthday rn just regular shitty day,0
wedding kandi singing already asking divorce rhoa,0
y dead ass wouldn't invite side nigga wedding mad selfish,0
alright since everyone's getting engaged married least can invite wedding open,0
weird years now might ur wedding ur kids birthday rn just regular shitty day,0
tara moss celebrates eighth wedding anniversary,0
weird years now might ur wedding ur kids birthday rn just regular shitty day,0
must read,0
crazy years now might ur wedding ur kids birthday rn just regular shitty day,0
weird years now might ur wedding ur kids birthday rn just regular shitty day,0
step step method flowerarranging can now become floralarrangement specialist,0
crazy years now might ur wedding ur kids birthday rn just regular shitty day,0
crazy years now might ur wedding ur kids birthday rn just regular shitty day,0
crazy years now might ur wedding ur kids birthday rn just regular shitty day,0
crazy years now might ur wedding ur kids birthday rn just regular shitty day,0
husband spent time writing post note properly close back door wedding vows,0
alright since everyone's getting engaged married least can invite wedding open,0
okay wanted wedding date,0
yes lost baby blamed belle kidnapped shawn horrible mimi wedding ooc,0
crazy years now might ur wedding ur kids birthday rn just regular shitty day,0
m looking pictures mom wedding picture celiaa came course glass,0
nj love u guys m bout best man good friend doms wedding snow sending love,0
everybody right now wedding sooo shady also us rhoa,0
wanted say wedding off came bullshit break off wouldn't,0
gorgeous cherry plum blossom branch repro dress rustic wedding casual wedding count,0
hello womeninmedicine m wedding still tuning research fellow cardiac surgery,0
kiss bride wedding voltron fan bursts room yeah real cute f f marriage got,0
give toast cousin wedding panic attack kept stuttering hav,0
crazy years now might ur wedding ur kids birthday rn just regular shitty day,0
ivory slipper satin wedding dress flapper wedding dress great gatsby,0
ugh wedding videos always get emotional,0
y watched sister make doll clothes barbie sewing machine amp now designing makin,0
alright since everyone's getting engaged married least can invite wedding open,0
wedding lakewood nj calevstratton keys jewish simcha singing dancing not greatest pic,0
don't play los chismes chalino weeding day really going wedding,0
milano never million idiots voted patho,0
wedding year goes,0
religion talk last minutes whole duggar wedding,0
time management marga juggling work wedding planning partida,0
kiss bride wedding voltron fan bursts room yeah real cute f f marriage got,0
wedding dress cute wedding dress lace wedding dress ivory wedding dress sheath ball go,0
crazy years now might ur wedding ur kids birthday rn just regular shitty day,0
hakyeon's phone lockscreen photo mum noona noona's wedding day adorable,0
weird years now might ur wedding ur kids birthday rn just regular shitty day,0
help wedding hashtag like best now can't make mind,0
best friend wedding celebrations,0
wow madhavi pours kerosene attempt stop vyom amp sharanya's wedding ekdeewaanatha vanya look pretty,0
sterling silver blue fire opal gemstone wedding ring jewelry gift women ebay,0
love luis turned argument heated discussion religion molly originally just wanted,0
wedding year goes,0
weird years now might ur wedding ur kids birthday rn just regular shitty day,0
things emotional daughter walked aisle father recent father daught,0
picking plates wedding freaking hard,0
lmao wedding shit messy rhoa,0
bridesmaid best friends wedding buying house ttc last baby,0
nj love u guys m bout best man good friend doms wedding snow sending love,0
rhoa cast throws kenya moore shady surprise wedding questioning marriage,0
think one coolest things boot camp seeing committed one drill instructors wife w,0
crazy years now might ur wedding ur kids birthday rn just regular shitty day,0
ohh god sang happy summer wedding not just gen im,0
weird years now might ur wedding ur kids birthday rn just regular shitty day,0
happy wedding information please don't hesitate contact us phone amp wa,0
ll cry wedding miracle happening honestly,0
brides looking great place buy wedding dresses click following link,0
religion talk last minutes whole duggar wedding,0
kiss bride wedding voltron fan bursts room yeah real cute f f marriage got,0
two weeks find dress sister's wedding no idea gonna happen,0
kiss bride wedding voltron fan bursts room yeah real cute f f marriage got,0
kiss bride wedding voltron fan bursts room yeah real cute f f marriage got,0
wouldn't get married maybe shorty together long time maybe wedding dope p,0
kiss bride wedding voltron fan bursts room yeah real cute f f marriage got,0
dad joking brother getting married someone will wheel wedding funny f,0
kiss bride wedding voltron fan bursts room yeah real cute f f marriage got,0
weird years now might ur wedding ur kids birthday rn just regular shitty day,0
crazy years now might ur wedding ur kids birthday rn just regular shitty day,0
crazy years now might ur wedding ur kids birthday rn just regular shitty day,0
weird years now might ur wedding ur kids birthday rn just regular shitty day,0
weird years today ur wedding day ur kids birthday rn just regular day,0
foodbae bints talking stage know cook can make anything day wedding,0
kurdish polygamy underage wives heritage muhammad followers typical muslim wedding adult g,0
oluwani someone said lukaku will miss wedding chai aye le,0
everybody right now wedding sooo shady also us rhoa,0
kiss bride wedding voltron fan bursts room yeah real cute f f marriage got,0
crazy years now might ur wedding ur kids birthday rn just regular shitty day,0
weird years now might ur wedding ur kids birthday rn just regular shitty day,0
alright since everyone's getting engaged married least can invite wedding open,0
no wonder good mormons speeding hotel mph wedding night livepd tonightsthenight,0
wedding dress goals,0
wenjoon wedding rt invited witness us bound together holy macaroni tuesday dec pm,0
featuring one concerts led invitation sing wedding three excited knew one son,0
crazy years now might ur wedding ur kids birthday rn just regular shitty day,0
crazy years now might ur wedding ur kids birthday rn just regular shitty day,0
y watched sister make doll clothes barbie sewing machine amp now designing makin,0
m anxious wedding hrh princess margaret tony,0
chilling wedding reception like,0
panto silas cordially invite fantasy wedding sleepy boy's alternate dimension dirkgentlybbca ht,0
crazy years now might ur wedding ur kids birthday rn just regular shitty day,0
y watched sister make doll clothes barbie sewing machine amp now designing makin,0
proud virushka knew indian media reach italy india today reporter not allowed repor,0
wedding finna bomb,0
moments time images ready give wedding images want moving still,0
oluwani someone said lukaku will miss wedding chai aye le,0
weird years now might ur wedding ur kids birthday rn just regular shitty day,0
sushant singh rajput reacts rumors virat anushka's wedding virushka,0
want come connecticut front fire night ll tell wedding night ll,0
crazy years now might ur wedding ur kids birthday rn just regular shitty day,0
congratulations wedding,0
weird years now might ur wedding ur kids birthday rn just regular shitty day,0
knew song battle's not good wedding got busy learning new material,0
alright since everyone's getting engaged married least can invite wedding open,0
redbone sound like played wedding ur drinks,0
weird years now might ur wedding ur kids birthday rn just regular shitty day,0
modeled wedding circlet custommade epiconetsy cosplay wedding,0
oh wedding photos,0
reason omnihomestead rocks year later wedding cake still tastes awesome,0
lost wedding ring section stadium today somebody found silver band ring please let know,0
weird years now might ur wedding ur kids birthday rn just regular shitty day,0
fathers reaction seeing sister wedding dress priceless,0
crazy years now might ur wedding ur kids birthday rn just regular shitty day,0
wedding year goes,0
custom designed monograms add lot wedding decor heres design wedding keli,0
look rika's wedding pictures get emotional not rika first oshi still love r,0
kiss bride wedding voltron fan bursts room yeah real cute f f marriage got,0
crazy years now might ur wedding ur kids birthday rn just regular shitty day,0
weird years now might ur wedding ur kids birthday rn just regular shitty day,0
crazy years now might ur wedding ur kids birthday rn just regular shitty day,0
thank much everyone came special wedding stream meant much see many people care abo,0
kiss bride wedding voltron fan bursts room yeah real cute f f marriage got,0
crazy years now might ur wedding ur kids birthday rn just regular shitty day,0
wedding,0
one neither late wedding stay long somali somalia somaliland proverb,0
trickle economics not work give rich people money put stock ma,0
choosing weddingflowers weddingday,0
sayssmile just found new level respect light hearted wedding rhoa,0
crazy years now might ur wedding ur kids birthday rn just regular shitty day,0
diy bride bag wedding day essentials kit,0
big congratulations wonderful sister wedding nothing goodnews way days,0
crazy years now might ur wedding ur kids birthday rn just regular shitty day,0
crazy years now might ur wedding ur kids birthday rn just regular shitty day,0
fashion women's rose gold wedding band rings w code giveaway,0
crazy years now might ur wedding ur kids birthday rn just regular shitty day,0
crazy years now might ur wedding ur kids birthday rn just regular shitty day,0
kiss bride wedding voltron fan bursts room yeah real cute f f marriage got,0
delda wedding ricky answer dms,0
feel like hold wedding ceremony not japan wanna make not formal casual unlike one japan,0
wedding year goes,0
ah sa wedding ni ate bam,0
amp face toughest decision yet flavour wedding cake propertybrothers,0
crazy years now might ur wedding ur kids birthday rn just regular shitty day,0
crazy years now might ur wedding ur kids birthday rn just regular shitty day,0
weird years now might ur wedding ur kids birthday rn just regular shitty day,0
bella sale anniversary engagement wedding ring's bands fashion jewelry earth mined gemstone diamond bridetobe groom http,0
visit website banky w teebillz falls teebillz absent banky s wedding banky w teebill,0
crazy years now might ur wedding ur kids birthday rn just regular shitty day,0
can reenact wedding scene office specifically dwight's part,0
upcoming wedding party occasion dress perfect events sexy amp stylish shop,0
weird years now might ur wedding ur kids birthday rn just regular shitty day,0
m tryna go wedding someone pls marry boy,0
added video playlist deputy governor sponsor mass wedding widows divorcees,0
aliexpress plus size wedding dresses,0
weird years now might ur wedding ur kids birthday rn just regular shitty day,0
ways beunforgettable,0
alright since everyone's getting engaged married least can invite wedding open,0
weird years now might ur wedding ur kids birthday rn just regular shitty day,0
wedding dress goals,0
deputy governor sponsor mass wedding widows divorcees via,0
ourperfectwedding photographer little bit nyaope wedding simondrive,0
crazy years now might ur wedding ur kids birthday rn just regular shitty day,0
queen elizabeth prince philip celebrated wedding anniversary,0
crazy years now might ur wedding ur kids birthday rn just regular shitty day,0
considering want fall wedding family vacation happening next year re planning move,0
moving wisconsin boyfriend main question get re gonna get married within next year,0
alright since everyone's getting engaged married least can invite wedding open,0
swear wedding m chopping hair off,0
weird years now might ur wedding ur kids birthday rn just regular shitty day,0
kiss bride wedding voltron fan bursts room yeah real cute f f marriage got,0
fc cricket italian wedding india captain virat kohli virat kohli viratkohli viratkohli,0
wedding year goes,0
crazy years now might ur wedding ur kids birthday rn just regular shitty day,0
rock wears band band wedding band worn closest heart now th,0
seen yet lavender bolero wedding shrug handmade bridal andamasq via,0
husband better ok ed sheeran bring wedding song,0
future wedding won't lit don't want,0
whether wedding introduction ceremony themed banquet cocktail graduation end year staff party et al,0
ll cry wedding miracle happening honestly,0
mullins lovely druid wedding stonehenge now blog stonehenge weddingphotographer https,0
weird years now might ur wedding ur kids birthday rn just regular shitty day,0
weird years now might ur wedding ur kids birthday rn just regular shitty day,0
crazy years now might ur wedding ur kids birthday rn just regular shitty day,0
kiss bride wedding voltron fan bursts room yeah real cute f f marriage got,0
weird years now might ur wedding ur kids birthday rn just regular shitty day,0
last night instead champagne toast wedding pedialyte toast,0
crazy years now might ur wedding ur kids birthday rn just regular shitty day,0
weird years now might ur wedding ur kids birthday rn just regular shitty day,0
thank much everyone came special wedding stream meant much see many people care,0
kiss bride wedding voltron fan bursts room yeah real cute f f marriage got,0
louis crazy rant trying get molly say wedding off,0
mines always way ll invite wedding,0
m like chillest girl also whole wedding planned pinterest like absolutely least chill girl planet,0
yes molly call off damn wedding,0
gay wedding cakes united states constitution huffpost,0
d amp e performing guess oppa oppa ahah became wedding anthem xd,0
weird years now might ur wedding ur kids birthday rn just regular shitty day,0
crazy years now might ur wedding ur kids birthday rn just regular shitty day,0
jacqueline katrinakaif khan react rumors anushka virat's wedd,0
photos wedding wole soyinka's son oretunlewa us photos,0
looking hairextension company interested collab wedding shoot next week please get touch prr,0
dixie cups chapel love hey mentioned fb page prince harry meghan markle upcoming wed,0
kiss bride wedding voltron fan bursts room yeah real cute f f marriage got,0
wedding day,0
wedding,0
weird years now might ur wedding ur kids birthday rn just regular shitty day,0
kiss bride wedding voltron fan bursts room yeah real cute f f marriage got,0
crazy years now might ur wedding ur kids birthday rn just regular shitty day,0
happy wedding m sorry can't attended wedding party schedule,0
crazy years now might ur wedding ur kids birthday rn just regular shitty day,0
kenya probably just wanted keep wedding low key probably planning bigger wedding rhoa,0
mines always way ll invite wedding,0
weird years now might ur wedding ur kids birthday rn just regular shitty day,0
alright since everyone's getting engaged married least can invite wedding open,0
crazy years now might ur wedding ur kids birthday rn just regular shitty day,0
wedding kandi singing already asking divorce rhoa,0
can garland turn wedding head lookbeforeyouleave,0
trickle economics not work give rich people money put stock ma,0
virat anushka getting married countryside wedding going beautiful omg,0
ll cry wedding miracle happening honestly,0
months ago today got married m la berlin m missing sssoooo decided,0
wedding year goes,0
trickle economics not work give rich people money put stock ma,0
everybody right now wedding sooo shady also us rhoa,0
crazy years now might ur wedding ur kids birthday rn just regular shitty day,0
father didn't attend wedding shouldn't feel bad eloped facetime husband,0
wedding year goes,0
friends friend's wedding magical,0
wedding year goes,0
passed good two hours wedding,0
crazy years now might ur wedding ur kids birthday rn just regular shitty day,0
best friend wedding celebrations,0
weird years now might ur wedding ur kids birthday rn just regular shitty day,0
can reenact wedding scene office specifically dwight's part,0
fear panic attack smoking weed read lighting weddings wedding bride,0
alright since everyone's getting engaged married least can invite wedding open,0
crazy years now might ur wedding ur kids birthday rn just regular shitty day,0
women short floral robe dressing gown bridal wedding bride bridesmaid kimono new weddings wedding bride,0
weird years now might ur wedding ur kids birthday rn just regular shitty day,0
women silk stain long wedding bride bridesmaid robe floral bathrobe weddings wedding bride,0
wife major puke phobia puked front wedding night,0
im black hen party night sash birthday sashes accessories gift bride mirable weddings wedding bride,0
just uploaded gabrielle amp ray's wedding w dj taso adelphia vimeo,0
weird years now might ur wedding ur kids birthday rn just regular shitty day,0
women lady high quality long peacock bride kimono robe satin night dress gown weddings wedding bride,0
keto approved appetizers ll love rotation weddings wedding bride,0
crazy years now might ur wedding ur kids birthday rn just regular shitty day,0
elegant wedding dress white wedding dress sweetheart wedding dress long bridal,0
common stis exactly get screened weddings wedding bride,0
weird years now might ur wedding ur kids birthday rn just regular shitty day,0
wedding year goes,0
week challenge will help finally conquer push ups weddings wedding bride,0
step aside squats move will lift butt new heights weddings wedding bride,0
use greenery wreaths wedding decor weddings wedding bride,0
hi m year old portrait amp wedding photographer located seattle wa future client tl amp s,0
kiss bride wedding voltron fan bursts room yeah real cute f f marriage got,0
kiss bride wedding voltron fan bursts room yeah real cute f f marriage got,0
wedding year goes,0
crazy years now might ur wedding ur kids birthday rn just regular shitty day,0
louis crazy rant trying get molly say wedding off,0
winter wedding color palettes aren't just red green,0
not apt analogy raging morons jewish baker refuse put swastika fucking cake,0
aditi rao hydari vogue wedding,0
alright since everyone's getting engaged married least can invite wedding open,0
crazy years now might ur wedding ur kids birthday rn just regular shitty day,0
crazy years now might ur wedding ur kids birthday rn just regular shitty day,0
name bar necklace stamped swivel bar necklace custom hand via,0
weird years now might ur wedding ur kids birthday rn just regular shitty day,0
weird years now might ur wedding ur kids birthday rn just regular shitty day,0
alright since everyone's getting engaged married least can invite wedding open,0
bf surprised promise ring early christmas present dream ring also wrote letter said,0
wedding year goes,0
chosen wedding venue,0
kiss bride wedding voltron fan bursts room yeah real cute f f marriage got,0
wedding stressing,0
straight using talks abt god wants cancel wedding ship back asap,0
crazy years now might ur wedding ur kids birthday rn just regular shitty day,0
don't worry tyler ll open bar lmaoo bail wedding didn t,0
crazy years now might ur wedding ur kids birthday rn just regular shitty day,0
seems will attending wedding need dress,0
new old new video jensen singing crazy love wedding's friend jason manns shy,0
wedding planned,0
wedding year goes,0
crazy years now might ur wedding ur kids birthday rn just regular shitty day,0
crazy years now might ur wedding ur kids birthday rn just regular shitty day,0
weird years now might ur wedding ur kids birthday rn just regular shitty day,0
weird years now might ur wedding ur kids birthday rn just regular shitty day,0
re jerk think okay not invite parents best friends re wedding,0
crazy years now might ur wedding ur kids birthday rn just regular shitty day,0
oh yes will grand extremely lavish wedding dress black lots lace fitt,0
sassy little bad assy much fun family wedding loved day,0
father didn't attend wedding shouldn't feel bad eloped facetime husband,0
jones wedding rehearsal,0
rustic monogram hanger off sale last day etsychaching epiconetsy craftshout rustic,0
weird years now might ur wedding ur kids birthday rn just regular shitty day,0
wedding year goes,0
crazy years now might ur wedding ur kids birthday rn just regular shitty day,0
wedding dance open air bruegel fineart,0
omg stop presses trump invited clinton wedding trump gave clinton campaign trump gave t,0
crazy years now might ur wedding ur kids birthday rn just regular shitty day,0
need au pcy bbh getting married seven best men kjd loses rings kjm trying stay,0
don't see friend claims know banky susu wedding pictures,0
bluestarmom handcrafted yellow blue sapphire halo pave diamond wedding fashion ring band gold,0
great gatsby inspired back necklace wedding back drop necklace jewelry art deco crystal,0
honestly tho molly canceling wedding long overdue soon luis started talking kids ve gone,0
titanium steel cubic zirconia couple engagement wedding rings w code giveaway,0
yes much no privacy amp location must bowled destination wedd,0
crazy years now might ur wedding ur kids birthday rn just regular shitty day,0
ct ladies round cut diamond eternity wedding band ring new design platinum,0
y wedding plan,0
lost wedding ring section stadium today somebody found silver band ring please let know,0
crazy years now might ur wedding ur kids birthday rn just regular shitty day,0
weird years now might ur wedding ur kids birthday rn just regular shitty day,0
wedding year goes,0
great time life will help create beautiful wedding suite free sample,0
kiss bride wedding voltron fan bursts room yeah real cute f f marriage got,0
wedding stress getting real two months,0
alright since everyone's getting engaged married least can invite wedding open,0
going see someone truly cancel wedding show,0
christian bakeshop serial killer let off technicality walks oh god u serial k,0
louis crazy rant trying get molly say wedding off,0
died laughing tonight wedding funny,0
weird years now might ur wedding ur kids birthday rn just regular shitty day,0
crazy years now might ur wedding ur kids birthday rn just regular shitty day,0
accept let go faith will wall hanging,0
crazy years now might ur wedding ur kids birthday rn just regular shitty day,0
crazy years now might ur wedding ur kids birthday rn just regular shitty day,0
justice questions baker gay wedding cake case,0
not wedding not schuetzen park,0
look barry s wedding ring theflash,0
crazy years now might ur wedding ur kids birthday rn just regular shitty day,0
weird years now might ur wedding ur kids birthday rn just regular shitty day,0
y weddings beautiful want small wedding outside either rooftop setting something classy small,0
hawaiian weddings amp photo tours whether re looking romantic amp intimate wedding beach beautif,0
ll cry wedding miracle happening honestly,0
crazy years now might ur wedding ur kids birthday rn just regular shitty day,0
crazy years now might ur wedding ur kids birthday rn just regular shitty day,0
alright since everyone's getting engaged married least can invite wedding open,0
sushant singh rajput reacts rumors virat anushka's wedding virushka,0
crazy years now might ur wedding ur kids birthday rn just regular shitty day,0
wedding santorini gem via marryme greece,0
ohh god sang happy summer wedding not just gen im,0
sister asked want christmas said plus wedding hahahahahaha,0
wise listen hurt esp eloped lie clearly destination wedding,0
weird years now might ur wedding ur kids birthday rn just regular shitty day,0
crazy years now might ur wedding ur kids birthday rn just regular shitty day,0
kylil not meeting anybody else wedding day serious,0
wedding,0
crazy years now might ur wedding ur kids birthday rn just regular shitty day,0
just want man think angel shaggy good wedding dance song,0
added video playlist chrissy lampkin jim jones wedding news couple married according,0
cancel wedding girl,0
m falling asleep sitting kitchen table megan attempts show wedding cakes adult,0
cynthia truly great friend didn't get invite wedding friendship one sided,0
ll cry wedding miracle happening honestly,0
yoonseok's always make wedding books well made,0
featuring one concerts led invitation sing wedding three excited kne,0
watching australia's cheapest weddings couple live norfolk island paid hall every,0
crazy years now might ur wedding ur kids birthday rn just regular shitty day,0
trickle economics not work give rich people money put stock ma,0
kiss bride wedding voltron fan bursts room yeah real cute f f marriage got,0
anything tesla played firehouses love lifetime first dance wedding years ago,0
carter ive seen engagement announcements sets wedding pictures today wedding fever unreal,0
weird years now might ur wedding ur kids birthday rn just regular shitty day,0
okay molly least woke wedding,0
crazy years now might ur wedding ur kids birthday rn just regular shitty day,0
dating anniversary days eddie's bday amp always get two gifts now christmas,0
crazy years now might ur wedding ur kids birthday rn just regular shitty day,0
oh shit wedding happening last jedi review,0
prince harry officially daddy waiting exciting going royal wedding century,0
welo opal eternity ring wedding band northcoastcottage handmade jewelry ph htt,0
hussain hmm simple wedding sunnah one mecca beautiful act intention,0
weird years now might ur wedding ur kids birthday rn just regular shitty day,0
luis okay family no wedding luis jumping enjoy,0
kiss bride wedding voltron fan bursts room yeah real cute f f marriage got,0
crazy years now might ur wedding ur kids birthday rn just regular shitty day,0
high quality mikado v neck ball gown perfect mother bride evening party wedding homecoming prom,0
cancel wedding girl,0
groomsocks father bride wedding socks special socks groomsocks specialwalk,0
father didn't attend wedding shouldn't feel bad eloped facetime husband,0
went wedding yesterday couple known months surprise wedding gift hous,0
kiss bride wedding voltron fan bursts room yeah real cute f f marriage got,0
man adrian dont know say go wedding dont even want go worst thing,0
wedding engagement ring sets black stainless steel titanium pc lx item,0
weird years now might ur wedding ur kids birthday rn just regular shitty day,0
weird years now might ur wedding ur kids birthday rn just regular shitty day,0
crazy years now might ur wedding ur kids birthday rn just regular shitty day,0
crazy years now might ur wedding ur kids birthday rn just regular shitty day,0
went ex's wedding ball,0
actually two eps left m like wedding pretty much,0
kiss bride wedding voltron fan bursts room yeah real cute f f marriage got,0
crazy years now might ur wedding ur kids birthday rn just regular shitty day,0
kiss bride wedding voltron fan bursts room yeah real cute f f marriage got,0
amp won't get married whole wedding cancelled,0
yoonseok's always make wedding books well made,0
art deco wedding band women art deco rings sterling silver via,0
kiss bride wedding voltron fan bursts room yeah real cute f f marriage got,0
dastyari affair not good look neither adani wedding scandal need federal icac sort mess,0
crazy years now might ur wedding ur kids birthday rn just regular shitty day,0
