"That s us The Christmas killing liberals who want women to be safe at Christmas parties THE HORROR Watch Fox","0"
"This is one of my favorite Christmas videos","0"
"how i wanna spend my christmas","0"
"All I want for Christmas is my two daddies","0"
"My mother is out of control y all Her 8th Christmas tree is a roses amp baby s breath and they re real","0"
"WHY DONT YOU ADD CHRISTMAS MOVIES FOR DECEMBER","0"
"I bet speedy recovery I guess you ll be more thankful of seeing this Christmas and New Year","0"
"When the Christmas party s lit","0"
"anytime someone on instagram does something creative why do people who have no idea about makeup assume they re starting a","0"
"td your man at your fav place Merry Christmas","0"
"Should we send the Thank You cards to for letting us see the true Lindsey Vonn Sports a","0"
"Happy Christmas i want a gf Santa","0"
"THE BEST CHRISTMAS OUFIT","0"
"anytime someone on instagram does something creative why do people who have no idea about makeup assume they re starting a","0"
"1 In honor of CHRISTMAS coming soon my sister amp I decided to learn one of our favorite holiday songs ignore my dan","0"
"The Bea Arthur LGBT homeless shelter opens just in time for Christmas Another beautiful moment in 2017","0"
"Enter a universe where more than one wears the mask Watch the Spider Man Into The Spider Verse trailer now in theaters","0"
"Adams Welcome to A Clickbait Christmas","0"
"SNSD Girls Generation Merry Christmas","0"
"Imma just leave this on the TL for anyone who wants to get me this for Christmas","0"
"This might be my last Christmas I hope not I want to survive keep writing keep loving my wife fam amp friends keep fight","0"
"pensieve So people are pointing out that this isn t James first Christmas i MNL Kid is really forgetful and inaccurate with dates","0"
"My wife never forgets anything it s like being married to the Ghost of Christmas Past","0"
"My dad said all he wants for Christmas is for me to be okay WELLLLLLPPP","0"
"tells children in hospital she asked Santa Clause for Peace on the world health love and kindness and","0"
"SURPRISE My cover of Kelly Clarkson s Every Christmas is on YouTube now The single is out everywhere on December 18","0"
"When the fish bowl lense actually comes in handy ZooLights Christmas BilingualPride","0"
"this is one of my favorite christmas videos","0"
"I m a lil tipsy and I m sending out funny Christmas cards drop ur address if you want one lol","0"
"Guess what I m getting for Christmas","0"
"Happy Early Merry Christmas everyone I leave to Stockholm in December from 18th December if i get the money for","0"
"171210 Pepero Fansign When OP told Sehun that her birthday is on Christmas Day he stopped signing for a bit Cr ddosehun","0"
"I Wanna Order A Coffee Maker And Blender For Christmas","0"
"can the horn sound be christmas bells pls","0"
"In case you were wondering what to get me for Christmas 50 off everything free shipping","0"
"Christmas Special Get 10 Discount On Every Hair Styles You Do with us for this Season","0"
"since like 352 days ago Every president has said it U know this We re gonna say merry Christmas again thing is","0"
"Me writing my Christmas wish list","0"
"Junk Bot would like to give you guys some more early Christmas Presents So he will give you guys some more Gut Knives","0"
"Fowey Senior Citizens Christmas lunch thank you for the entertainment mysjaday","0"
"25 Days of Christmas Giveaway 25 Days 25 Knives 25 Winners Day 5 Shadow Dagger Fade Retweet Follow","0"
"Claiming of tickets EXTENDED Regiter now JustLOVE","0"
"They can have The Christmas together and make ornaments cookies Ortega s dad would be there","0"
"don t go broke christmas shopping for a nigga that ain t yours","0"
"Where s Waldo Christmas edition","0"
"Your abuelita says she only making ONE or the other for Christmas que quieres","0"
"Christmas time in Tampa","0"
"a man just sent me a photo of his whole ass penis on twitter DM s my grandma follows me on twitter im realizing this as i t","0"
"Britt Leighhh 51 Hahaha so everyone understand me during Christmas time","0"
"Oh my god please someone get me these for Christmas","0"
"For the first time I don t know what I want for christmas","0"
"Mccoy De Leon and Elisse Joson at the Unisilver Christmas Party","0"
"this is one of my favorite christmas videos","0"
"Enter a universe where more than one wears the mask Watch the Spider Man Into The Spider Verse trailer now in theaters","0"
"DEAR FBI WITNESS We hope you are safe Your upcoming testimony on Hillary s Uranium One deal will make 2018 a year t","0"
"Christmas is officially here and to celebrate we are giving away our Festive Radiance Christmas Gift Set Like amp Retwee","0"
"bank Stone Set Christmas Tree Brooch FREE just pay p amp p ChristmasGiveaway ChristmasIsComing gif","0"
"Makada Thank God we have a Christian President who is not afraid to say Merry Christmas MAGA MerryChristmas","0"
"since like 352 days ago Every president has said it U know this We re gonna say merry Christmas again thing is","0"
"TWITTER 171210 Minhyuk I am the present Please accpet me T N Accepted Best Christmas present ever 8 8","0"
"What part of ALL I WANT FOR CHRISTMAS IS YOU Don t you understand","0"
"DEAR FBI WITNESS We hope you are safe Your upcoming testimony on Hillary s Uranium One deal will make 2018 a year t","0"
"All I want for Christmas is sweaters from","0"
"RT amp follow for a chance to win the Funko Shop 12 Days of Christmas exclusive Freddy Funko Nutcrackers Po","0"
"NickCordoba I m giving everyone who retweets this a puppy for Christmas","0"
"DAY SEVEN adventgifts Ealing mug 10 Do you know a proud Ealinger Another great secretsanta idea my Ealing mu","0"
"My bank accounts looking like my family is getting a nice smile and a hug for Christmas","0"
"they sang the christmas songs yaaaaa","0"
"They make fun of my nose they call me ugly they say I have no friends No child should EVER have to feel this way I","0"
"RT amp follow for the chance to win a Funko Shop 12 Days of Christmas exclusive Firehouse Huckleberry Hound","0"
"The Trump miracle American manufacturing added 40 000 new jobs in November the most in over 15 years Since the election t","0"
"this is one of my favorite christmas videos","0"
"christmas shopping for josh like","0"
"4th annual Ugly Christmas Sweater Party success Calgary Alberta","0"
"Getting into the Christmas spirit with my two favorite girls so blessed to have a girlfriend who my sister absol","0"
"anytime someone on instagram does something creative why do people who have no idea about makeup assume they re starting a","0"
"anytime someone on instagram does something creative why do people who have no idea about makeup assume they re starting a","0"
"DEAR FBI WITNESS We hope you are safe Your upcoming testimony on Hillary s Uranium One deal will make 2018 a year t","0"
"cant wait to get my first kiss on christmas under the missile toe","0"
"i played all i want 4 christmas by mariah carey at a warehouse party last night n the whitest mosh pit broke out https","0"
"UP NEXT The stars of Ang Panday makiki Christmas party on ASAPHappyHoliYey","0"
"Trek Remedy 9 8 under the Christmas Tree just what I always wanted yaybikes instabike trekbikes","0"
"Enter a universe where more than one wears the mask Watch the Spider Man Into The Spider Verse trailer now in theaters","0"
"Palestinian Christians switch off Christmas tree lights to protest Trump s claim that Jerusalem belongs to Israel http","0"
"the world needs more Christmas dogs","0"
"All I want for Christmas is sweaters from","0"
"The Trump miracle American manufacturing added 40 000 new jobs in November the most in over 15 years Since the election t","0"
"All I want for Christmas is sweaters from","0"
"I miss the way Christmas felt when I was lil","0"
"Hey babes here s a last minute lazy Christmas look Hope you guys like it and please tag","0"
"Fam please help me have this i really want this as my christmas present 1 rt and like won t hurt I do rtxrt just dm me","0"
"Nathan n Isabella Astros Christmas lights Houston Heights Texas","0"
"ICO For some of our investors Christmas is coming earlier Contribute to the Cointed ICO Project from 7 12 2017 to 14 12","0"
"For me I want my dad for christmas I want to hug him and tell him that I love him","0"
"Screw saying merry Christmas to people all I m going to be saying to people now is Dinah Leona christ","0"
"Ooohhhhhh Gay Christmas blinksssssssss 17 12 25 blackpink sbsgayodaejeon","0"
"Merry Christmas to me","0"
"Enter a universe where more than one wears the mask Watch the Spider Man Into The Spider Verse trailer now in theaters","0"
"Tell them the only gift you want for Christmas is Vicious lol hehehe","0"
"hi friends for all of my followers mutuals i ll be mailing written notes for christmas you don t need to be best fri","0"
"selam My lingerie Christmas video so funny cause every girl is saying how they can t wait to dress like that for they man Lol I wa","0"
"DM your twitter boo and tell them you wanna unwrap them on Christmas Screen shot the results","0"
"Put this Santa Hat on your head and get into the Christmas Spirit","0"
"All I Want For Christmas Is An FN SCAR is giving one away gungiveaway scar fde Enter Here","0"
"CHRISTMAS IS COMING SK s Christmas Collection 2017 Tap here Also Feel Free to ch","0"
"True story My 11 year old daughter made a snow girl using dead leaves for tears Me Why is she crying Kid Becaus","0"
"i entered Christmas GIVEAWAY grav3yardgirlChristmasGiveaway for the chance to WIN makeup toys skincare","0"
"x3 this is the first christmas in years that i m single i m accustomed to going all out amp spoiling someone so yes this","0"
"That was an awesome speech in Pensacola Florida The potus speech was great and it was","0"
"12 Days Of Christmas A Treat At 5th Sense Habitat Spa Salon","0"
"TWO HEARTS FIND CHRISTMAS ASMSG IARTG romance","0"
"Enter a universe where more than one wears the mask Watch the Spider Man Into The Spider Verse trailer now in theaters","0"
"42 Christmas of course","0"
"1st Annual Go Go Giveback Charity Christmas Concert SAT Dec 23rd at 12p 4p ft Go Go All Stars w A","0"
"Merry Christmas Mr President","0"
"hyers This Christmas","0"
"All i want for Christmas is you Now get over here lol","0"
"My idea of Christmas whether old fashioned or modern is very simple loving others Bob Hope MerryChristmas https","0"
"Anniversary 49er game Christmas in 2 weeks I m juiced","0"
"I m 23 sitting in my underwear eating applesauce out of a cup and watching The Nightmare Before Christmas My life is a","0"
"After 8 bitter and hateful years with the Obama administration it sure is refreshing to see a President and an absolut","0"
"BITE win 8 5 We ll see you after Christmas when we take on Canberra","0"
"Christmas lights are awesome","0"
"171208 pastle bubble Christmas Day","0"
"Katycats wig Hey Hey Hey music video is coming next week Katy New Christmas shoe collection out now","0"
"The Trump miracle American manufacturing added 40 000 new jobs in November the most in over 15 years Since the election t","0"
"early christmas present from bf meet dolce","0"
"ICYMI 5 year old survivor of church shooting wants Christmas cards","0"
"My brother got his girlfriend of less than a month a lush bath bomb set for Christmas I m sick","0"
"Timeless Style made for everyone Order by December 15 to receive your items before Christmas","0"
"Watch Fox complains women reporting rape will make Christmas parties less festive via","0"
"all i want for christmas is a pug","0"
"On the hunt for a man who loves Christmas as much as me","0"
"anytime someone on instagram does something creative why do people who have no idea about makeup assume they re starting a","0"
"jenna amp tom as queen victoria and prince albert in the victoria christmas special","0"
"This will be James first Christmas in Manila Because he always celebrate it outside the country daw And it will be to","0"
"1957 Ford T Bird HappyHolidays Christmas","0"
"Awww look at my baby in total Christmas mood singing Christmas carols Happy holidays","0"
"i played all i want 4 christmas by mariah carey at a warehouse party last night n the whitest mosh pit broke out https","0"
"171210 Pepero Fansign When OP told Sehun that her birthday is on Christmas Day he stopped signing for a bit Cr ddosehun","0"
"Bought 1 500 bitcoin in 2011 for 2 87 each I will pick 5 random people who retweet this and give one to each of you Mer","0"
"the world needs more Christmas dogs","0"
"Enter a universe where more than one wears the mask Watch the Spider Man Into The Spider Verse trailer now in theater","0"
"i entered HUGE Christmas giveaway CHECK IT OUT HERE grav3yardgirlChristmasGiveaway","0"
"Pick n Pay has all the help I need when it comes to Recipes this Christmas What do you need a hand with","0"
"i wanna go see christmas lightssss","0"
"Vintage Enesco Santa s Golf tips Christmas ornament via veeseller","0"
"I was so shy and scared as a teen that people just assumed I was an asshole who hated everyone now I am just an as","0"
"ICYMI PAYBACK Donald Trump Jr Just Lit Up CBS News Like a Rockefeller Center Christmas Tree","0"
"They make fun of my nose they call me ugly they say I have no friends No child should EVER have to feel this way I","0"
"If someone wants to watch Elf followed by The Grinch while we drink hot chocolate and then go look at Christmas lights","0"
"Tensions got high at work Christmas party tonight","0"
"UPDATE During the fortnight long vacation will celebrate Christmas n s birthday on December","0"
"Fox News host Laura Ingraham thinks women reporting rape will make Christmas parties less festive this year","0"
"Enter a universe where more than one wears the mask Watch the Spider Man Into The Spider Verse trailer now in theaters","0"
"I miss the way Christmas felt when I was lil","0"
"All I want for Christmas is more Vlogs","0"
"So courageous He stood on both feet heel spurs and all bravely saying Merry Christmas waaaaa","0"
"RT amp follow for the chance to win a Funko Shop 12 Days of Christmas exclusive FLOCKED Trix Pop","0"
"OMalley Around here we say Merry Christmas and people don t run for their lives when they hear sirens they rejoice in the happ","0"
"Last year December We Dropped Mightelele 2017 Dec We Be Dropping Fresh 24 HITs For ChristMas And BEYOND EOMalbum Featurin","0"
"Tis the season I m gonna grant a Christmas wish to whoever is on my nice list Spoil me to make the cut","0"
"Christmas Pillow Christmas pillow festive decoration","0"
"is Christmas your favorite holiday","0"
"BTS is confirmed to attend SBS Gayo Daejeon on Dec 25 Performing on Christmas Day","0"
"If it snows in Texas it calls for a classy Christmas celebration","0"
"Merry Christmas I hope this is not a store display","0"
"According to a poll 98 3 of college basketball fans feel that every Duke loss is like Christmas Thanksgiving and t","0"
"anytime someone on instagram does something creative why do people who have no idea about makeup assume they re starting a","0"
"TWITTER 171208 SHOWNU As always like every year StarshipPlanet is coming out So happy thay we all gather together t","0"
"kt I just wanna watch Christmas movies and cuddle","0"
"Christmas is coming so fast","0"
"Still hoping on a Christmas Miracle that will announce Australian JoanneWorldTour dates","0"
"Junk Bot would like to give you guys some more early Christmas Presents So he will give you guys some more Gut Knives","0"
"how i wanna spend my christmas","0"
"Spicy Christmas","0"
"not sure there s enough room with the giant Christmas tree and all","0"
"Enter a universe where more than one wears the mask Watch the Spider Man Into The Spider Verse trailer now in theaters","0"
"And I m not going to hide anything from him when he s older either if he asks why his dad wasn t around for these m","0"
"171210 Pepero Fansign When OP told Sehun that her birthday is on Christmas Day he stopped signing for a bit Cr ddosehun","0"
"Jitzel I want to watch Christmas movies drink some Hot chocolate and cuddle","0"
"rule951 I always wanted to go see the Christmas lights with someone special but nope that probably ain t gonna happen","0"
"since like 352 days ago Every president has said it U know this We re gonna say merry Christmas again thing is","0"
"Watch Fox complains women reporting rape will make Christmas parties less festive","0"
"i entered HUGE Christmas giveaway CHECK IT OUT HERE","0"
"The Official Beatles Fan Club The Christmas Records A Perfect Retro Gift For Santa and Mrs Claus Forbes","0"
"I texted all my friends who didn t come to our Christmas Party and rubbed it in their face that they missed the best party of the year","0"
"I want a Derrick Rose jersey for Christmas Or some new Vans","0"
"CHRISTMAS GIVEAWAY PT 1 Love yourself her album worldwide read info rt amp follow me to participate album amp ph o","0"
"That s us The Christmas killing liberals who want women to be safe at Christmas parties THE HORROR Watch Fox","0"
"We finally have a leader unafraid to boldly proclaim those two simple beautiful words Merry Christmas","0"
"I still haven t seen the christmas lights someone take me","0"
"reallllllyyy want to go see the Christmas lights at the zoo","0"
"Iconic Houston Christmas Shopping Video","0"
"Enter a universe where more than one wears the mask Watch the Spider Man Into The Spider Verse trailer now in theaters","0"
"TAEYEON s Winter Album This Christmas Winter is Coming Features Eight Tracks Including Lead Track ThisChristmas","0"
"Christmas Beauty GIVEAWAY Follow amp RT TO WIN Simply follow me amp RT this pinned tweet to WIN this amazing U","0"
"Jon Kennedy The Goose Is Getting Fat nowplaying","0"
"Mannnnn Christmas break that s all I m trying to do","0"
"It s so cold outside I m having trouble deciding whether I should stay home sit in front of my fire stay warm amp wa","0"
"gibbss This girl just said alexa do you know what time it is and I was so confused as to why someone would bring their amazon","0"
"Christmas factory style","0"
"who wants a waifu pillow for christmas","0"
"Christmas is here a little early here s how you could get the chance to take our winter intensive for F R E E W","0"
"Check out the beautiful must read romance THE DATE BEFORE CHRISTMAS A NOVEL by","0"
"SURPRISE My cover of Kelly Clarkson s Every Christmas is on YouTube now The single is out everywhere on December 18","0"
"since like 352 days ago Every president has said it U know this We re gonna say merry Christmas again thing is","0"
"I m pumped for Christmas but honestly the real Christmas gift for me is gonna be seeing my boo","0"
"Almost 6 months on from Grenfell the Government s promises lie in tatters Half of Grenfell families still in hotel rooms","0"
"Enter a universe where more than one wears the mask Watch the Spider Man Into The Spider Verse trailer now in theaters","0"
"That s us The Christmas killing liberals who want women to be safe at Christmas parties THE HORROR Watch Fox","0"
"PUBLIC SERVICE ANNOUNCEMENT To whoever keeps messing with my mom s Christmas decorations I firmly applaud you but please","0"
"Fixed it Christmas 2017 is the year Rudolph finally shuts down Santa for his ruthless opportunism","0"
"The Trump miracle American manufacturing added 40 000 new jobs in November the most in over 15 years Since the election t","0"
"RETWEET until the SnowFlakes see this tweet Merry Christmas Liberal Marxists The Storm is here Unite Con","0"
"The Haunted Mansion was super cool All the Nightmare Before Christmas stuff was neat but I feel like I have to see","0"
"Some people are unaware you celebrate Christmas every day of December and I just really feel bad for those people","0"
"My mother is out of control y all Her 8th Christmas tree is a roses amp baby s breath and they re real","0"
"All I want for Christmas is sweaters from","0"
"I went to go see Christmas lights tonight and it surprised me how many houses had Keep Christ in Christmas in their lawns","0"
"Bought 1 500 bitcoin in 2011 for 2 87 each I will pick 5 random people who retweet this and give one to each of you Mer","0"
"Hey hey come over here come a lil closer listen real close you hear those jingle bells Its ch","0"
"So I kinda wanted to get my friends something for Christmas but I have no money so I m a little sad","0"
"Actually nitwit the Obamas Tweeted a Merry Christmas EVERY SINGLE YEAR Why don t u do a TINY BI","0"
"listening to Christmas music hubz might stab me and dump me on the side of 485","0"
"Tash The Christmas tree is up yay christmas ChristmasTree christmas2017","0"
"RETWEET IF YOU LOVE Litecoin and want to the see the super sayin 200 break before christmas LTC litecoinnews","0"
"Christmas shopping all week","0"
"Just retweet follow and you will be entered to win Winner announced Christmas rttowin follow rtandfollow","0"
"Jesus Christ is born When we celebrate Christmas we celebrate Jesus Christ The gift of love joy peace and happiness is","0"
"Helping set up the Christmas tree","0"
"All I want for Christmas is sweaters from","0"
"happy holidays from the de leons DM ME FOR A CHRISTMAS CARD bykuria","0"
"Thank you KSA for your warm hospitality so happy and grateful to share our success of last night s concert with you","0"
"How Toronto Hoodmans decorate their Christmas tree","0"
"I wanna buy Christmas socks for somoeone","0"
"BadHolidayCards We wish you an anal Christmas and a happy lubed rear","0"
"Pussy is not a Christmas present","0"
"Cooks Yes we did And again I say Thank you to every last one Merry Christmas to America h","0"
"Please RT for all the midwives maternity support workers obstetricians and other maternity staff who will be helping wome","0"
"nah man the huge assed husky plushy That s a christmas gift from me to you lol","0"
"Last Christmas I gave you my chart But the very next day You gave it away This year to save me from tears I ll give it to so","0"
"Sweet girl so pro Love you always Good luck in the Burgh C U on Christmas hugs Gram","0"
"I highley want a This Christmas pt 2 to come out","0"
"MEZE I challenge everyone with a clothing line to give a random kid an outfit from your clothing line for free this Christmas","0"
"I should start making Christmas cards bec I want to give them to my fam and friends I want them to be personalized","0"
"mom hey there s a christmas movie on wanna watch me idk im kinda tired mom it s a rankin bass me","0"
"Working on my Christmas photos today I m dreaming of a white Christmas pinotgrigio SexySaturday","0"
"Enjoying our WEHS FCA Christmas get together with Christian friends","0"
"Enter a universe where more than one wears the mask Watch the Spider Man Into The Spider Verse trailer now in theaters","0"
"Christmas in WWII via","0"
"not sure there s enough room with the giant Christmas tree and all","0"
"truly obsessed with this Christmas album","0"
"My bubby said if I ever said Merry Christmas I d end up in Buffalo She was right","0"
"This is the much awaited day for all the KissTon shippers out there We re overjoyed that SharKing amp S","0"
"You can tell who I m in love with twt BTSARMY Christmas ChristmasStocking DoItYourself","0"
"God Is Good We Have A True Commander In Chief Bringing GOD amp Merry Christmas Back To The White House It Wil Be A V","0"
"cant wait to get my first kiss on christmas under the missile toe","0"
"RT amp follow for the chance to win a Funko Shop 12 Days of Christmas exclusive Firehouse Huckleberry Hound","0"
"Company Christmas party bonus next Friday and ugly sweater party Next weekend should be great","0"
"I really miss the good ol days when Barack Obama was president and saying Merry Christmas in public was punishable by deat","0"
"Also autographing only 100 special Christmas photos Only at Holiday show","0"
"DOMINICK THE DONKEY IS AN ICONIC CHRISTMAS SONG THAT I JUST HEARD FOR THE FIRST TIME THIS CHANGES EVERYTHING MOV","0"
"Merry Christmas chemistree Instructions Cut 2 copper triangles Cut a slit in bottom of one and top of other Slide t","0"
"I actually got to see you skate in that previous winter Olympics and I was in the 8th grade that ye","0"
"Is Catmas Christmas for cats a thing","0"
"1 billion Christmas cards end up in the trash each year See how BadHolidayCards are for the environment Stop doing that shit","0"
"It s feeling like Christmas time again out here at s JingleBallNorth Toronto are you ready htt","0"
"The evolution of the War on Christmas A play in four acts","0"
"They make fun of my nose they call me ugly they say I have no friends No child should EVER have to feel this way I","0"
"all i want this holiday season is a Christmas album","0"
"Christmas is coming so fast","0"
"They make fun of my nose they call me ugly they say I have no friends No child should EVER have to feel this way I","0"
"My mother is out of control y all Her 8th Christmas tree is a roses amp baby s breath and they re real","0"
"FULL ENG GOT7 7for7 Present Edition Members to each other Christmas wishes song reviews and thanking speeches Link","0"
"If someone wants to watch Elf followed by The Grinch while we drink hot chocolate and then go look at Christmas lights","0"
"lynn15 I just want to make a cute lil gingerbread house decorate cookies watch christmas movies amp listen to christmas music","0"
"RETWEET until the SnowFlakes see this tweet Merry Christmas Liberal Marxists The Storm is here Unite Con","0"
"Merry Christmas from the sperm bank","0"
"171210 Pepero Fansign When OP told Sehun that her birthday is on Christmas Day he stopped signing for a bit Cr ddosehun","0"
"DEAR FBI WITNESS We hope you are safe Your upcoming testimony on Hillary s Uranium One deal will make 2018 a year t","0"
"Heads up SoCal is trying to find Connie here a home for Christmas Got one How about at least an RT ht","0"
"If it snows in Texas it calls for a classy Christmas celebration","0"
"AJ Christmas lights aren t the only thing getting lit tonight","0"
"Styles It still feel like it s too early to say Merry Christmas And it s just not","0"
"Im excited for Christmas this year","0"
"Ryland lost his mom and two sisters in the Sutherland Springs Church shooting His family is asking if we can send Chris","0"
"Want to try out iceskating this Christmas for the first time We have skate aids available to hire to help build yo","0"
"Aint nobody getting shit for Christmas","0"
"Junhoe For Christmas is there something you want to try Jinhwan I want to try dating you iKONXmasLIVE2017 Day2 iKONXm","0"
"What s your jam this coming Christmas","0"
"They make fun of my nose they call me ugly they say I have no friends No child should EVER have to feel this way I","0"
"I hope someone gives this pretty pup a FOREVER HOME for CHRISTMAS its cold out amp she needs LOVE WARMTH FOOD amp P","0"
"When it s almost Christmas","0"
"Enter a universe where more than one wears the mask Watch the Spider Man Into The Spider Verse trailer now in theaters","0"
"Me writing my Christmas wish list","0"
"when you can t decide if you re in a christmas or emo spirit","0"
"All i need for christmas","0"
"Santa joins Lubbock bands volunteers down 34th Street for 13th annual Miracles Christmas parade","0"
"My bank accounts looking like my family is getting a nice smile and a hug for Christmas","0"
"Happy holidays Pitcher Elena Valenzuela Catcher Alyssa Rios SS Savannah Tourville Senior year Christmas party","0"
"BadHolidayCards I really want to see you this Christmas So if you would release the restraining order that woul","0"
"NowPlaying on Mill City Radio Finally It s Christmas by Hanson ChristmasMusic is on","0"
"sent santa my christmas list but not sure i m it ll be fulfilled","0"
"Hi loves Another giveaway It s a friday freebie bundle Win gifts from amp","0"
"llexiiss I NEED CHRISTMAS SOCKS ASAP","0"
"Don t know what I want For Christmas","0"
"Santa joins Lubbock bands volunteers down 34th Street for 13th annual Miracles Christmas parade","0"
"HUGE CHRISTMAS MAKEUP GIVEAWAY 2017 GIFT IDEAS via","0"
"Junk Bot would like to give you guys some more early Christmas Presents So he will give you guys some more Gut Knives","0"
"Listen to me sing This Christmas on Smule SingKaraoke","0"
"The Trump miracle American manufacturing added 40 000 new jobs in November the most in over 15 years Since the election t","0"
"The story of Christmas Was quite a saga But Jesus was a poor immigrant Who d never be welcomed in the US MAGA BadHolidayCards","0"
"Hi Happy Holidays I m SO lonely hoping someone will tweet me back Ive been single 9 yrs my daughter needed me long","0"
"For Christmas I want to be free","0"
"it s that cuddle under blankets and throw on christmas movies all day time of year","0"
"If someone wants to watch Elf followed by The Grinch while we drink hot chocolate and then go look at Christmas lights","0"
"Video Celine Dion Sings Chestnuts Roasting in My New Handbag for Her Dept Store Collection via","0"
"Cuddle and watch Christmas movies type of weather","0"
"My hours for this upcoming week STARTING TOMORROW Come see why I m on the must have list this year at","0"
"Spoil me this Christmas amp I ll spoil you back I ll be opening the gifts on in my chat room as well as in a","0"
"i still needa get christmas gifts for my friends FUCK","0"
"Take Christmas out of any Christmas Movie and you get the same fucking movi","0"
"GOING CHRISTMAS SHOPPING WITH YOUR MONEY PRANK ON CHRIS via","0"
"cool things abt tonight mt eddy covered the strokes we moshed to christmas songs w the regrettes i went","0"
"Cosy knits sparkling accessories and pretty dresses shop your ultimate Christmas style in store and online now htt","0"
"Merry Christmas Ateneo","0"
"We will try to release the SkyBlock server around Christmas","0"
"RT amp follow for the chance to win a Funko Shop 12 Days of Christmas exclusive Firehouse Huckleberry Hound","0"
"the tree won t be the only thing lit this christmas","0"
"chanwoo s christmas abs iKONXmasLive2017 Day2","0"
"Enter a universe where more than one wears the mask Watch the Spider Man Into The Spider Verse trailer now in theaters","0"
"I ll Be Home For Christmas by Tony Bennett nowplaying Q99","0"
"Who wants to go Christmas shopping with me soon lol","0"
"elf will forever be the greatest christmas movie","0"
"SURPRISE My cover of Kelly Clarkson s Every Christmas is on YouTube now The single is out everywhere on December 18","0"
"Junk Bot would like to give you guys some more early Christmas Presents So he will give you guys some more Gut Knives","0"
"EXO Special Winter Album Giveaway Free shipping To all International EXO Ls 2 albums amp Freebies Ends on 22","0"
"WIN Christmas jumpers will be out in force tonight RT to enter for a chance to win your very own Cadbury Christmas ju","0"
"This is the much awaited day for all the KissTon shippers out there We re overjoyed that SharKing amp S","0"
"Same boat Went to a Christmas party instead of watching the Stars lose Sports has a way of kicking","0"
"i want a set of comfortable christmas pajamas","0"
"so I turned off the hateful eight because I was not quite ready to hear that many white people say nigger in southern ac","0"
"UK Secret Santa made easy Follow and RT for a chance to win a stash of Fisherman s Friend just in time for Christmas","0"
"Remind me to never go to Laura Ingraham s Christmas parties Baby It s Cold Outside plays on a loop while people we","0"
"Ly VLIVE SHARE GIVEAWAY I ll be sharing my VLIVE account with 3 other ARMYs It s my early christmas FOLLOW RT and DM me t","0"
"a little Christmas Tree for you Cheer","0"
"it s that cuddle under blankets and throw on christmas movies all day time of year","0"
"When the Christmas party s lit","0"
"Keep catering to the ignorant base There are literally dozens of videos of Obama saying Merry Chr","0"
"This is one of my favorite Christmas videos","0"
"my friend got me a bi pride flag for christmas and i started sobbing","0"
"anytime someone on instagram does something creative why do people who have no idea about makeup assume they re starting a","0"
"ICYMI PAYBACK Donald Trump Jr Just Lit Up CBS News Like a Rockefeller Center Christmas Tree","0"
"Bitcoin giveaway retweet and like and follow me and I ll reveal 4 winners by Christmas","0"
"the world needs more Christmas dogs","0"
"I miss the way Christmas felt when I was lil","0"
"i m doing small paintings for my friends christmas gifts and whoever gets this one better appreciate it bc it s bee","0"
"I ll meet you in the Christmas isle She looked at their already getting full cart and ran off t","0"
"It s Beginning to Look a Lot Like Christmas NewYorkCity NYC Travel Christmas Xmas","0"
"I miss the way Christmas felt when I was lil","0"
"Columbus trends now Ohio Marysville Christmas Trump Jackets","0"
"Yes this is true Except djt enjoys a good rape story also seems drawn towards incest tales as well So I","0"
"so I turned off the hateful eight because I was not quite ready to hear that many white people say nigger in southern ac","0"
"russ From Christmas 1983 Only WH Smith can save you now with a variety of gaming pleasures 80s retrogaming","0"
"Game Aaron Sorkin s MollysGame makes s top 10 best movies of 2017 See it in select theaters Christmas Day everywhere J","0"
"PushPay Christmas Party fancy Bell Harbor International Conference Center","0"
"Phoenix trends now Trump Valley Arizona Christmas President","0"
"Feeling Christmas break","0"
"icph Ang bilis ng panahon 18 days na lang bago mag Pasko Have you done your Christmas shopping yet If not you better star","0"
"Will be missing for the first time in my life our annual Joaquin Christmas Party So saaaad","0"
"RT","0"
"The first Christmas tree has gone up in Syria s Aleppo One year after the ancient city was liberated from Obama and Hilla","0"
"SURPRISE My cover of Kelly Clarkson s Every Christmas is on YouTube now The single is out everywhere on December 18","0"
"My bank accounts looking like my family is getting a nice smile and a hug for Christmas","0"
"Is the MeToo movement becoming a spoiler for this season s Christmas parties these words actually came","0"
"I got too many nieces and nephews to be buying them shit for Christmas They all bouta just get some money and call it a day","0"
"BeautizmLove in his eyes there was a magic to the lights amp sounds of Christmas one that made his spirit sing out loud","0"
"when carly rae jepsen comes out with a christmas album its over for u hoes","0"
"Got a Christmas hat today its blue instead of traditional red I love Christmas and winter","0"
"Christmas is just around the corner How about we ask Congress to give 9 million American children an early present and","0"
"RT TO WIN 400 for Christmas Shopping must be following me on here and ig urbanxdoll can be gift cards or paypal xo","0"
"You buy me for Christmas but when i get older you dump me at a Shelter I am a lifelong commitment Love me for my whole","0"
"waddy little finger","0"
"cant wait to get my first kiss on christmas under the missile toe","0"
"I made a Christmas card on an IBM 1401 mainframe from the 1960s by writing an assembly program on punch cards","0"
"Bought 1 500 bitcoin in 2011 for 2 87 each I will pick 5 random people who retweet this and give one to each of you Merry","0"
"RT amp follow for the chance to win a Funko Shop 12 Days of Christmas exclusive Wonder Woman Pop","0"
"Christmas candy is the best candy","0"
"not sure there s enough room with the giant Christmas tree and all","0"
"Nice pest character Drinking a Trip In the Woods Barrel Aged Islay Fog by Black Christmas 5","0"
"so I turned off the hateful eight because I was not quite ready to hear that many white people say nigger in southern ac","0"
"Huey Freeman brings out the truth about Christmas Let those with ears hear Boondocks 2005","0"
"CHRISTMAS GIVEAWAY PT 1 Love yourself her album worldwide read info rt amp follow me to participate album amp ph o","0"
"I m in the mood for some christmas song","0"
"walk The only RAW deal in our 12DaysOfChristmas competition is the R3000 voucher up for grabs Enter at CanalWalk h","0"
"i played all i want 4 christmas by mariah carey at a warehouse party last night n the whitest mosh pit broke out","0"
"I don t think Christmas will truly feel like Christmas again until I have children and I m making it magical for them I","0"
"i watched the christmas runaway thingi cry","0"
"it s December and u know what that means a bitch wants to be cuddled and kissed by the fireplace with a cup of hot coco","0"
"I really hope this is the year that Luke and Leia finally accept my Christmas Dinner on the Death Star invitation I kn","0"
"That s us The Christmas killing liberals who want women to be safe at Christmas parties THE HORROR Watch Fox","0"
"lollipop 5 You d be surprised People SWARM parks on Christmas Day","0"
"Junhoe I ve been wanting to do something special on Christmas I want to be with my family in our warm home drinking warm al","0"
"Not really much that i want for christmas besides one thing","0"
"reunion at Cardinal Dolan Christmas Lunch","0"
"Thank you to the staff of manoavalleytheater for such a wonderful Christmas treat It always","0"
"races sales Villiers day always a good day and the race itself is always exciting Christmas cup is good too","0"
"FedEmployee To celebrate Jesus a bunch of white supremacist racist bigots who want to remove healthcare from those less fortunate","0"
"Trump Train Christmas is a special holiday and should be treated as such Under Obama we were shamed for using Merry Christmas U","0"
"It s Christmas time","0"
"Bought 111 bitcoins in 2011 for 4 17 each I will randomly pick 6 people who retweet this and give one to each of you Me","0"
"Do you want be my guest on Christmas My parents want to meet my boyfriend Sorry I stopped","0"
"suzerain I m dropping my christmas album this weekend 1 Straight Outta Chimneys 2 S Gon Give It To Ya If You ve Been Good 3","0"
"BadHolidayCards To my child at Christmas Santa isn t real You re adopted Love fake mom and dad","0"
"Hey I ordered a signed print will there be any chance it will be delivered by Christmas thanks","0"
"Christmas 1910 Camera amp a phone too this family was very well off for the time period","0"
"RAFFLE I decided to do a free Mini Companion or Mini Sculpture GIVEAWAY of your Character for Christmas FOLLOW","0"
"BREAKING More than 684 000 patients waiting for hospital care In other news Varadkar considering wearing particularly","0"
"Can you imagine a world where Santa would just Venmo you money for Christmas like wow","0"
"Top 5 Things Christmas in the Wizarding World of Harry Potter","0"
"Omygod a Christmas party near our house is playing PSY s New Face","0"
"here7 94","0"
"Totems Celebrating 60yearsoftotems in the Aldergrove Christmas Parade acsstotems","0"
"Rae that s a very xylophonic Christmas tree picks up wooden Christmas tree and plays Yankee doodle","0"
"They make fun of my nose they call me ugly they say I have no friends No child should EVER have to feel this way I","0"
"It s feeling like Christmas time again out here at s JingleBallNorth Toronto are you ready htt","0"
"Merry Christmas AMERICA","0"
"I ve had this card sitting around for a while thought I d finally post it Merry Christmas everyone","0"
"I love Christmas","0"
"Former homeless man credits UGM Christmas dinner with saving his life","0"
"FEATURED by Sandie Burchell on The Designer Twins amp Friends 0 80 Golden Floral Christmas Gift Box Lovely Chris","0"
"its not christmas till ive seen this","0"
"This shop in London lets people buy presents for refugees just in time for Christmas","0"
"THIS PRESIDENT IS THE BEST PRESIDENT WE HAVE EVER HAD I Can t Say that Enough Merry Christmas https","0"
"eeeee God will touch my account before Christmas","0"
"Love this Gayla Peevey The Christmas Hippo Song via","0"
"Styles Merry Christmas to everyone for tomorrow Hope it s a lovely one well spent Good tidings to all H","0"
"a princess for christmas 2011","0"
"The Trump miracle American manufacturing added 40 000 new jobs in November the most in over 15 years Since the election t","0"
"selam In the Christmas spirit","0"
"Twitter FunnyFriday funny fun sexy christmas illustration holiday song classic xmas tree santa lyrics","0"
"Christmas is coming so fast","0"
"Merry Christmas playing with viewers","0"
"Mbn to have a boo to do Christmas shit with","0"
"I highley want a This Christmas pt 2 to come out","0"
"He s driving home for Christmas","0"
"DAY 9 already of our 18DaysofChristmas competition and today we ve teamed up with to offer you the chance to","0"
"Ly VLIVE SHARE GIVEAWAY I ll be sharing my VLIVE account with 3 other ARMYs It s my early christmas FOLLOW RT and DM me t","0"
"HonestJohn We are giving away one of our Christmas Competition spot prizes today Just retweet to be in with a chance of winning an H","0"
"O N L Y 1 6 D A Y S UNTIL","0"
"2017 Christmas where rudolph finally realizes his self worth and shuts down santa","0"
"Coworker Why didn t you come to the Christmas party Me ignores the snapchat Coworker Wyd Me","0"
"I can t wait to live in my own home and be that one house on the street that is super extra with Christmas decorations","0"
"who wants a waifu pillow for christmas","0"
"I just created a Christmas music playlist on just for you I hope you enjoy it It s new stuff old stuff but","0"
"Bought 1 500 bitcoin in 2011 for 2 87 each I will pick 5 random people who retweet this and give one to each of you Mer","0"
"171210 Pepero Fansign When OP told Sehun that her birthday is on Christmas Day he stopped signing for a bit Cr ddosehun","0"
"Who wants Ivory for Christmas Stop the extinction trade NoIvoryEU","0"
"How the Coming of the Son Brings Hope to the Fatherless An overlooked prophecy points to t","0"
"Enter a universe where more than one wears the mask Watch the Spider Man Into The Spider Verse trailer now in theater","0"
"Uurggh it s getting to THAT time of year no not Christmas Tax Return time Here s what you need to know about bl","0"
"VIDEO Why Don t We performing Kiss You This Christmas tonight at KMB17 December 9","0"
"You can purchase this robot version of me in 2025 xxx MERRY CHRISTMAS","0"
"Time2020 groyper christmas lot of potential everyone talking w relatives about their profits from it","0"
"kt I just wanna watch Christmas movies and cuddle","0"
"Ly VLIVE SHARE GIVEAWAY I ll be sharing my VLIVE account with 3 other ARMYs It s my early christmas FOLLOW RT and DM me t","0"
"says Have you noticed that the MEN ARE TRASH post have gone down nearly 60 across social media platforms Christmas must be","0"
"yoder14 first snow fall mom what on earth are you doing at 5 am me i m setting up the Christmas tree","0"
"This is the much awaited day for all the KissTon shippers out there We re overjoyed that SharKing amp S","0"
"not sure there s enough room with the giant Christmas tree and all","0"
"Christmas is coming very very soon And Santa Didi is here to give the luckiest people the good present s If you want","0"
"I did some DIY Christmas decor on my sons SylvanianFamilies house amp we love how it turned out Pop over to the blog","0"
"Just in time for Christmas HeartlessGOP TheResistance","0"
"Enter a universe where more than one wears the mask Watch the Spider Man Into The Spider Verse trailer now in theaters","0"
"Looking for a Christmas Craft to make with the kids Why not make these super cute reindeer with pom poms and pipe c","0"
"since like 352 days ago Every president has said it U know this We re gonna say merry Christmas again thing is","0"
"Here have done more quickie christmas Dino pecs Your professor walks into class only wearing these wdyd h","0"
"Enter a universe where more than one wears the mask Watch the Spider Man Into The Spider Verse trailer now in theaters","0"
"E M TODDLER BEDROOM Christmas Makeover 2017 Christmas pbloggers","0"
"adarsh Enter a universe where more than one wears the mask Trailer of the upcoming animated superhero film SpiderMan IntoT","0"
"Christmas has come early","0"
"Yun Since this is Christmas that abs Chanwoo Nooooooo Be quiet Shut up","0"
"this is one of my favorite christmas videos","0"
"DEAR FBI WITNESS We hope you are safe Your upcoming testimony on Hillary s Uranium One deal will make 2018 a year t","0"
"Whoever designed the Coke Christmas bottle deserves a pay rise","0"
"Sorry ladies but says if you don t let men grope you in public you re part of the WarOnChristmas","0"
"how i wanna spend my christmas","0"
"cant wait to get my first kiss on christmas under the missile toe","0"
"Today was a good day did my makeup bomb as always talked to my old talked to my old crush talked with my new crus","0"
"Sunday is Christmas Feels Merry Christmas amp","0"
"Last year December We Dropped Mightelele 2017 Dec We Be Dropping Fresh 24 HITs For ChristMas And BEYOND EOMalbum Featurin","0"
"All I want for Christmas are new friends","0"
"Enter a universe where more than one wears the mask Watch the Spider Man Into The Spider Verse trailer now in theater","0"
"This Christmas witness the adventure of a lifetime AmazonObhijaan Releasing 22nd December AmazonObhijaan22Dec","0"
"Really Just Need A 4K Camera For Christmas","0"
"The top of everyone s wishlist this Christmas SNL","0"
"Sunday Funday and what is more fun than decorating the Christmas tree SundayFunday FamilyTime","0"
"You need a Christmas Music Album I will suggest ThePeaceProject by some beautiful songs in there","0"
"It s just a great movie that everyone needs to watch around Christmas","0"
"Christmas at the Lied Center on Dec 21st Get your ticket now","0"
"An astonishing special performance of TheNutcracker today the Christmas tale bought to spectacular life by dancers inclu","0"
"KynB i just want a puppy for christmas that s it","0"
"Beautiful morning Christmas First snowday2017","0"
"VLOGMAS DAY 9 is up My Mom reacts to Our Wedding Vlogmas2017 vlogmas momreacta","0"
"so I turned off the hateful eight because I was not quite ready to hear that many white people say nigger in southern ac","0"
"O N L Y 1 6 D A Y S UNTIL","0"
"My kind of Christmas tree","0"
"seventeen teen age album giveaway 4 winners rt and follow to enter ww ends on christmas TEEN AGE","0"
"This will be James first Christmas in Manila Because he always celebrate it outside the country daw And it will be to","0"
"All the family fun in our Christmas jumpers with Get yours in time for Christmas Jumper Day Ladies https","0"
"You can purchase this robot version of me in 2025 xxx MERRY CHRISTMAS","0"
"how i don t have to work on christmas this year gt gt gt gt gt","0"
"Christmas Advent Calendar DAY 5 27 RETWEET FOLLOW US Tell us if you ever won a giveaway and","0"
"200 PAYPAL GIVEAWAY To enter RT this tweet Follow Reloads and Picking winner i","0"
"All my lucky friends with no kids will have seen Star Wars by this time next weekend I will see it over Christmas","0"
"how i wanna spend my christmas","0"
"I got my loves Christmas presents ready and I can t wait to see his reaction","0"
"830 on a Saturday night in slippers and sweats going to buy a Christmas tree this is my new definition of happiness","0"
"Humira Is that for arthritis My back has been good ever since I took a round of ster","0"
"Fam please help me have this i really want this as my christmas present 1 rt and like won t hurt I do rtxrt just dm me","0"
"little finger On the first day of Christmas my true savior sent to me 1 Donald J Trump in the Oval Office for the world to see","0"
"You can purchase this robot version of me in 2025 xxx MERRY CHRISTMAS","0"
"how excited I am for Christmas","0"
"BBC News Ed Sheeran and Beyonce are locked in for Christmas number one","0"
"since like 352 days ago Every president has said it U know this We re gonna say merry Christmas again thing is","0"
"LOVEO6 At Christmas we decorate our trees with festive lights and ornaments But the real tree in the Christmas story wasn t","0"
"BTS is confirmed to attend SBS Gayo Daejeon on Dec 25 Performing on Christmas Day","0"
"anytime someone on instagram does something creative why do people who have no idea about makeup assume they re starting a","0"
"We ve reached day No 9 of a very Kardashian Khristmas and it s a Dream","0"
"Whoever designed the Coke Christmas bottle deserves a pay rise","0"
"It s beginning to look at lot like Christmas","0"
"Baby will get to meet Russian grandparents at Christmas","0"
"First Snow of the Season NYC NewYork CentralPark snow nature naturelover iphone christmas BUCKETL","0"
"Junk Bot would like to give you guys some more early Christmas Presents So he will give you guys some more Gut Knives","0"
"Christmas is coming so fast","0"
"Just retweet follow and you will be entered to win Winner announced Christmas rttowin follow rtandfollow","0"
"Lives Christmas After Midnight DC TheAnthem Fantasia Tasiasword MrsTaylor","0"
"Becky s Christmas wish list B O Y F R I E N D","0"
"sci The Christmas Parade Good job band and color guard","0"
"Enter a universe where more than one wears the mask Watch the Spider Man Into The Spider Verse trailer now in theaters","0"
"TD Sonic the Hedgehog at Christmas Locks his best friend outside in the harsh winter but lets in a Xenomorph","0"
"anytime someone on instagram does something creative why do people who have no idea about makeup assume they re starting a","0"
"This is the much awaited day for all the KissTon shippers out there We re overjoyed that SharKing amp S","0"
"Getting ready for christmas There are a bunch of cute festive items in my etsy shop jewelry","0"
"Islamic Cleric Saying Merry Christmas is Worse than Murder HowIRuinedChristmas SaturdayMorning AMJoy","0"
"On the twelfth day of Christmas Robert Mueller showed to me 12 Jared emails 11 Flynn phone calls 10 minutes of pee","0"
"i needa go Christmas shopping pero like i don t know where to even start","0"
"ima need someone to edit a video of a hardcore show pit and mute the concert but play All I Want For Christmas Is","0"
"Wow A total of 6 850 toys were collected through this year s 8th annual Spray Rite Customworks Toy Toss Game Thank you to","0"
"How many dicks does it take to get to the bottom of Find out this Christmas only https","0"
"On this day in 1995 Earth Song by Michael Jackson hit 1 in the UK It remained 1 for 6 weeks becoming the Christmas 1","0"
"Y all consider driving around looking at Christmas lights a date","0"
"Some small Christmas decorations for our room window","0"
"not sure there s enough room with the giant Christmas tree and all","0"
"I m just tryna cuddle and watch Christmas movies","0"
"Staneilmoon2ndGiveaway PH ONLY EXO WINTER ALBUM 2017 hope y all like it and there will be two winners MERRY C","0"
"So many Red 11 gonna be on the streets this Christmas Running of the Bulls can break out in any street Or everyone jo","0"
"I m going to write a thread about the nicest Christmas gift I ever received I was nine years old I think it cost the pers","0"
"anytime someone on instagram does something creative why do people who have no idea about makeup assume they re starting a","0"
"Merry Christmas Donald Trump awesome speech Who don t want to go to work Higher wages sounds goo","0"
"THAT S GAME Smokies take a big win in West Kelowna tonight Final score 5 3 Goals from Jones Tuck amp Ghantous","0"
"Students came out to support and MBB at the annual Christmas Slam","0"
"Happy Christmas","0"
"For whatever reason being sexually assaulted or harassed just puts us less in the Christmas spirit I guess we","0"
"I miss the way Christmas felt when I was lil","0"
"anytime someone on instagram does something creative why do people who have no idea about makeup assume they re starting a","0"
"52 years ago tonight a Charlie Brown Christmas premiered and the world heard that magical soundtrack by the Vince Guaraldi","0"
"The Midas Touch of skincare the perfect gifts for the beauty buff on your Christmas list this year Head online to","0"
"Yes Lead us out of this war on Christmas THAT NEVER EXISTED You people are such whiny bitches","0"
"Christmas Time to get depresstive","0"
"I mean seriously you re all just exploiting Christmas for political gain so shove it up your chimney","0"
"This is the much awaited day for all the KissTon shippers out there We re overjoyed that SharKing amp S","0"
"I liked a video Pictures of the 2017 Nashville TN Christmas Parade","0"
"Would it be wrong to bring a keg to the office Christmas party tomorrow","0"
"Mccoy De Leon and Elisse Joson at the Unisilver Christmas Party","0"
"TRUMPS CHRISTMAS TO DO LIST 1 Destroy Democracy 2 Obliviate the Rule of Law 3 Create violence in the Middle East 4","0"
"A Charlie Brown Christmas was first broadcast tonight 1965 CBS","0"
"Swearing in of Raila Odinga as the people s President of the republic of Kenya will take place on the 12th December 2017","0"
"AVelaMerryChristmas I m soooo looking forward to putting up decorations all over our house seeing the children s","0"
"I am a christian and love the Bible and Christmas but I would much prefer to hang out with atheists who refuse to say Me","0"
"so I turned off the hateful eight because I was not quite ready to hear that many white people say nigger in southern ac","0"
"cant wait to get my first kiss on christmas under the missile toe","0"
"Took a while to untangle the Christmas lights On the plus side I now understand protein folding","0"
"Enter a universe where more than one wears the mask Watch the Spider Man Into The Spider Verse trailer now in theaters","0"
"Decorated by Christmas tree with Twitter","0"
"selam In the Christmas spirit","0"
"The Minecast Christmas Games Part 1 Hide N Seek via","0"
"I d like to take the time to personally thank MercuryRetrograde for the issues is giving me Double charge on ev","0"
"RT FOLLOWER Merry Christmas amp Happy New Year 2018 The Wings tour The Final Essay Book 1 25","0"
"Rise and Shine It s Compton Christmas Parade Time This is an Honor to be Apart of this Special Event With The Com","0"
"Dear out of state students Please quit talking trash about our snow and saying it s not even snow In Texas when it","0"
"COMPACT MIRROR POCKET ROUND MAKEUP VANITY TRAVEL HANDBAG CHRISTMAS PRE Going fast","0"
"Coming to college has given me a taste of what it s like to not have to get up on Sunday mornings And I m lovin I","0"
"Christmas light w my baby","0"
"Wondering how many professed Christians in Alabama will walk into a polling site two weeks before Christmas and cast the","0"
"This is your land this is your home and it s your voice that matters the most So speak up be heard and fight fig","0"
"I love how told stories amp transitioned from Christmas covers to her originals","0"
"Stay on trend this holidayseason with the latest and newest arrivals from","0"
"since like 352 days ago Every president has said it U know this We re gonna say merry Christmas again thing is","0"
"Enter a universe where more than one wears the mask Watch the Spider Man Into The Spider Verse trailer now in theaters","0"
"They make fun of my nose they call me ugly they say I have no friends No child should EVER have to feel this way I","0"
"FedEmployee To celebrate Jesus a bunch of white supremacist racist bigots who want to remove healthcare from those less fortunate","0"
"lloyd has the CHRISTMAS SPIRIT also bonus garbage doodles from da stream","0"
"Junk Bot would like to give you guys some more early Christmas Presents So he will give you guys some more Gut Knives","0"
"Two words Morisoli Vineyard 12 Days of Christmas DAY NINE Caberne","0"
"this is one of my favorite christmas videos","0"
"80 of Grenfell families remain homeless to this day 50 of Grenfell families will wake up on Christmas Day in a hotel Ther","0"
"Young Thug gets a sword for Christmas","0"
"Whoever designed the Coke Christmas bottle deserves a pay rise","0"
"It s Chriiissstmaaasss The season of giving and wearing flamboyant jumpers Pick up your favourite nerdy Christmas jum","0"
"If someone wants to watch Elf followed by The Grinch while we drink hot chocolate and then go look at Christmas lights","0"
"Bitcoin giveaway retweet and like and follow me and I ll reveal 4 winners by Christmas","0"
"I guess I m a loner for Christmas and New Years again","0"
"This is your land this is your home and it s your voice that matters the most So speak up be heard and fight fig","0"
"TWICE just unveiled the full album details for their repackage album Merry amp Happy This is what we want the most for Ch","0"
"An original poem from MUFC fan Sky customers UK IRE only can watch classic Manchester derbies for free on MU","0"
"Singer Chris Rea stable after collapsing on stage in Oxford","0"
"I need photo proof or she s not getting a Christmas present","0"
"On this day in 1995 Earth Song by Michael Jackson hit 1 in the UK It remained 1 for 6 weeks becoming the Christmas 1","0"
"Chart bangers and Christmas classics get a man who can do both is in the UK s Top 20 Xmas albums of th","0"
"Christmas Wallpaper for Your Pc","0"
"This is one of my favorite Christmas videos","0"
"The Pascarellas got me a Free People dress for Christmas I knew I loved them","0"
"My grandma said play Christmas music so i played Christmas Fuck by Vybz Kartel and now she wan be upset cuz we on the way to","0"
"i entered HUGE Christmas giveaway CHECK IT OUT HERE grav3yardgirlChristmasGiveaway","0"
"With Christmas coming are there any particular Pink Floyd items you are dropping heavy hints about to friends and family","0"
"I went to a Christmas party and came back feeling super drunk Which is impossible since I drank not an ounc","0"
"goodmorning look at my new starbucks christmas mug it is so darn cute","0"
"adarsh Enter a universe where more than one wears the mask Trailer of the upcoming animated superhero film SpiderMan IntoT","0"
"selam In the Christmas spirit","0"
"When it s almost Christmas","0"
"Enter a universe where more than one wears the mask Watch the Spider Man Into The Spider Verse trailer now in theaters","0"
"Bought 111 bitcoins in 2011 for 4 17 each I will randomly pick 6 people who retweet this and give one to each of you Me","0"
"Junhoe For Christmas is there something you want to try Jinhwan I want to try dating you iKONXmasLIVE2017 Day2 iKONXm","0"
"never felt the christmas spirit ever since i was still a kid","0"
"Hey there aus all you car mobs i have an elderly lass mate gunna get in the","0"
"FAST FORWARD SA CHRISTMAS PARTY PLEEEAAASE","0"
"the Mo t amp Chandon Christmas tree in the Silo District made up of thousands of recycled bottles","0"
"I picked up an older woman on side of road today who ran out of gas I drove her around to get gas And then got her ho","0"
"Gaming gaming xboxone xbox ps4 videogames gtav Gmod Prop Hunt Funny Moments Christmas or Halloween 2018 Garry s Mod","0"
"95 done with christmas shopping At leadt I m not as late as last year","0"
"2017 Christmas where rudolph finally realizes his self worth and shuts down santa","0"
"Check out these 22 Christmas and holiday events around the Las Vegas Valley including the Cactus Garden at","0"
"SFM re texture ideas for characters Somewhat Christmas themed and for characters that don t have a lot of custo","0"
"the things I would do to go to NYC during Christmas","0"
"anytime someone on instagram does something creative why do people who have no idea about makeup assume they re starting a","0"
"Don t have enough money left to buy your family Christmas presents anymore don t blame me It s not my fault that I ha","0"
"Attention Walmart shoppers We have a Christmas miracle in aisle 4","0"
"i wish black christmas shelly","0"
"hoe my favorite Christmas song","0"
"Merry Christmas to you amp Melania and your beautiful family","0"
"I JUST WANT YOU FOR MY OWN MORE THAN YOU COULD EVER KNOW MAKE MY WISH COME TRUE ALL I WANT FOR CHRISTMAS IS YOUUUUUU http","0"
"Stopped by and ran into Krampus Always something new when I come here I luv place Bagans","0"
"Just received a Christmas card from Alabama s Best Christian","0"
"Christmas Party was a success","0"
"With the Christmas station on the radio 11 10 date","0"
"the Christmas Frappuccino is a pepermint mocha frappuccino with no coffee and it has matcha whipped cre","0"
"I miss the way Christmas felt when I was lil","0"
"I looked around me at the festive Christmas tree the twinkling lights a sprinkling of Christmas cards reminded me of th","0"
"All I want for Christmas is a moment of silent life and a tranquil relationship with everyone Just that and I am good","0"
"it s that cuddle under blankets and throw on christmas movies all day time of year","0"
"says Have you noticed that the MEN ARE TRASH post have gone down nearly 60 across social media platforms Christmas must be","0"
"it s December and u know what that means a bitch wants to be cuddled and kissed by the fireplace with a cup of hot coc","0"
"Another successful Grace Chapel YA Christmas Party is in the books","0"
"since like 352 days ago Every president has said it U know this We re gonna say merry Christmas again thing is","0"
"Wellllll Merry Fucking Christmas to You Laura","0"
"Not going to be good enough by Christmas Not going to be good enough by Christmas Not going to be good enough by","0"
"Catch Elmo and Janella later at the Just Love The ABS CBN Christmas Bazaar","0"
"I added a video to a playlist Nate s 20 Christmas Questions Vlogmas day 8","0"
"anytime someone on instagram does something creative why do people who have no idea about makeup assume they re starting a","0"
"I just want a boyfriend who will dance with me to Ed Sheran by light of a mini Christmas tree Is that too much to ask","0"
"Why didn t the White House invite this prominent LGBT journalist to their Christmas party","0"
"Thinking that obama was launching a war on christmas is like thinking trump is launching a war on golf","0"
"Whether you like yours traditional or with a twist our range of mince pies all have a distinct taste that says Christmas is he","0"
"Bruhhh my mom really out there wearing Pablo Escobar on her ugly Christmas sweater","0"
"My mom is so pissed at me now lol she is going to bring this up every Christmas now Haha","0"
"Fox News host Laura Ingraham thinks women reporting rape will make Christmas parties less festive this year","0"
"I want a really nice beanie for Christmas thanks","0"
"Annual Girls Christmas Pajama Party style BananasInPajamas","0"
"INSTAGRAM taeyeon ss This Christmas taengstagram","0"
"So I gave a guy a ride to SJ from rideshare and he bounced without paying me 20 in gas I usually charge and blocked me","0"
"just cause u don t look like someone u think is attractive doesn t mean u aren t attractive flowers are pretty but so ar","0"
"Yo my sister really outdid herself for Christmas this year She spoiled the WHOLE family","0"
"angel No way who even is at SeaWorld on Christmas Hope you get a huge Christmas bonus for that sending all the energy","0"
"Fuck a merry Christmas it s merry dedication Dedication6","0"
"college student timeline thanksgiving pure fucking chaos christmas","0"
"I m 37 years old I have never been without them on Christmas Eve and X mad It s tradition No matter where I was I came hom","0"
"They make fun of my nose they call me ugly they say I have no friends No child should EVER have to feel this way I","0"
"This will be James first Christmas in Manila Because he always celebrate it outside the country daw And it will be to","0"
"Christmas carolling LOISA ASAPxTarlacSunday","0"
"The boys have paparazzi now It s over Christmas is fucking cancelled","0"
"Dear Santa You took the time today to read amp listen to this little boy wish You were so professional amp compassionate","0"
"All I want for Christmas is yoooou","0"
"Primary RWA ready for their Christmas celebration Great work by PARWA our parent community The Christmas tree looks great http","0"
"Ly VLIVE SHARE GIVEAWAY I ll be sharing my VLIVE account with 3 other ARMYs It s my early christmas FOLLOW RT and DM me t","0"
"since like 352 days ago Every president has said it U know this We re gonna say merry Christmas again thing is","0"
"U can go shopping it s Christmas u can go to slecc the comicon is happening Or u can randomly go out smwhr and gossip","0"
"PTSD The Ghost of Christmas Past Depression The Ghost of Christmas Present Anxiety The Ghost of Christmas Future","0"
"They make fun of my nose they call me ugly they say I have no friends No child should EVER have to feel this way I","0"
"it s December and u know what that means a bitch wants to be cuddled and kissed by the fireplace with a cup of hot c","0"
"52 years ago tonight a Charlie Brown Christmas premiered and the world heard that magical soundtrack by the Vince Guaraldi","0"
"FELLOW LIBERALS I AM SORRY TO ANNOUNCE THAT THE WAR ON CHRISTMAS HAS BEEN CANCELLED TRUMP SAID MERRY CHRISTMAS SO YOU","0"
"All I want for Christmas is clear skin","0"
"this is one of my favorite christmas videos","0"
"Everything about the proposed Disney Fox deal is terrifying Happy Christmas","0"
"EXO WINTER ALBUM GIVEAWAY So in the spirit of Christmas amp officially 4 months into the fandom giving away 2 copi","0"
"My mother is out of control y all Her 8th Christmas tree is a roses amp baby s breath and they re real","0"
"Santa s Pole 4th of 18 Movie of Christmas December 2 2011","0"
"how i wanna spend my christmas","0"
"i entered HUGE Christmas giveaway CHECK IT OUT HERE","0"
"Mom you did WHAT with the new Christmas hand towels Me wiped the dogs muddy paws Mom are you dumb or just fucking","0"
"Hey Melissa what is the true meaning of Christmas","0"
"FULL ENG GOT7 7for7 Present Edition Members to each other Christmas wishes song reviews and thanking speeches Link","0"
"RT amp follow for the chance to win a Funko Shop 12 Days of Christmas exclusive Clark Griswold amp Cousin Edd","0"
"THAT S GAME Smokies take a big win in West Kelowna tonight Final score 5 3 Goals from Jones Tuck amp Ghanto","0"
"Ready na ang Kisses International Team for EK Christmas Fan Fest of to support Thank you our de","0"
"Hanging at the DT San Jose Christmas event with","0"
"Every year around Christmas I start to think about my poppi and how much I wish he was still here not many people","0"
"Writing my Christmas list for my parents","0"
"anytime someone on instagram does something creative why do people who have no idea about makeup assume they re starting a","0"
"theon greyjoy I ll be home for christmas christmas eve will find me where the lovelight gleams I ll be home f","0"
"Letter to Jonghyun one Christmas present done","0"
"suuuzy I can t wait till I get to decorate my house w Christmas lights w the love of my life","0"
"Enter a universe where more than one wears the mask Watch the Spider Man Into The Spider Verse trailer now in theaters","0"
"Merry Christmas to all From DeLeon Family ASAPwith McLisse","0"
"P I KNOW people keep being like wow you re in the Christmas spirit already and I m like hi I m Jewish","0"
"Ooohhhhhh Gay Christmas blinksssssssss 17 12 25 blackpink sbsgayodaejeon","0"
"I miss the way Christmas felt when I was lil","0"
"Beautiful morning Christmas First snowday2017","0"
"Christmas Doily Vintage doily 21 inches wide Christmas sta by VintageByNora via","0"
"so I turned off the hateful eight because I was not quite ready to hear that many white people say nigger in southern ac","0"
"MayWard at Dr Alvin s Christmas Party MoreInLove withMAYWARD","0"
"Want this photo by Christmas Follow matthewbongiovi on Instagram and like the photo Random person will be picked and","0"
"I miss the way Christmas felt when I was lil","0"
"New bondage fetish clip added on my Kinkbomb store Take a look","0"
"A team that plays together stays together Team MAD Christmas Party Margarita MADness with","0"
"With the Christmas station on the radio 11 10 date","0"
"Everyone at their Christmas parties while I am watching Home Alone","0"
"D0nuts I m trying to bake Christmas cookies with the LOML wya","0"
"My mother is out of control y all Her 8th Christmas tree is a roses amp baby s breath and they re real","0"
"Merry CHRISTmas freak","0"
"talks about christmas and Jun suddenly wishes Aiba a happy birthday A thank you AHH THE JUNBAAAAAAAAAA","0"
"BadHolidayCards We wish you an anal Christmas and a happy lubed rear","0"
"A women gave out to me about the price of drink despite not having to pay a cent because she had tokens for her Christmas party","0"
"Who s excited to watch Kisses perfomance at s Christmas Fan Fest Our Official Hashtag M","0"
"Trump also had a Hanukkah party Obama made it that we had to say happy Holidays Christmas Trees were holiday tree","0"
"AS That s a Christmas miracle right there","0"
"Ready for Volatility in Bitcoin Listen here for more BitcoinFutures cboe CME","0"
"how excited I am for Christmas","0"
"kind of glad I m single bc if I had a bf he would def get spoiled this christmas","0"
"Bought 3 682 500 bitcoin in 2016 for 0 47 each I will pick 3 000 random people who retweet this and give one to each of","0"
"Broadway My favorite Christmas movie Eddie Can t see the line can u Russ Wouldn t be more surprised if","0"
"Let the Christmas baking begin Bet you can t eat just one glutenfreegoodness christmasbaking gingersnap","0"
"It s time Sign up for updates and music before drop date To My fans I do this for y all D6 MERRY CHRISTMAS","0"
"From Christmas tree lighting to Fan Fest in demand ka baby girl ah Lavetttt So proud of you Keep","0"
"Today s nonsense MARIAH amp CHRISTMAS","0"
"I added a video to a playlist Christmas Tree Skirt Transformation DIY Holiday Skirt","0"
"Christmas when you re 10 years old vs Christmas now","0"
"Edys lk on Sulaiman Terrace off Jawatte Road near English Cake Company has some very reasonably priced Christmas de","0"
"2 of my coworkers that Drank with me tonight at the Christmas party ended up throwing up and passed it I ve only been here a couple hours","0"
"Don t Go Broke Christmas Shopping For A Nigga That Ain t Your Nigga","0"
"17 Dogsoftwitter Our dog helped to decorate the Christmas tree","0"
"This will be James first Christmas in Manila Because he always celebrate it outside the country daw And it will be to","0"
"Rockin Around the Christmas Tree","0"
"Junk Bot would like to give you guys some more early Christmas Presents So he will give you guys some more Gut Knives","0"
"nuttin bettah dan christmas in nue yawrk","0"
"Emma tallest the father Christmas","0"
"No absolutely not Mickey s Christmas Carol is some of the best of old school Disney and a great","0"
"CarlosAdrian Mom papito play some Christmas music Me","0"
"That s us The Christmas killing liberals who want women to be safe at Christmas parties THE HORROR Watch Fox","0"
"We re dreaming of a Black Christmas and we have just the gifts to get it started","0"
"Are you going to make Christmas videos","0"
"I really hope this is the year that Luke and Leia finally accept my Christmas Dinner on the Death Star invitation I kn","0"
"It s official No place in the world does Christmas like London","0"
"my bf really bought me a Christmas tree for my room he cute or whateva","0"
"Primary Grand Christmas around the world celebration at RWA Fabulous work by our parent association PARWA","0"
"So in one week on the 17th I m performing as the lead violinist in a big Christmas Cantata The rest of the firs","0"
"Check out CLEARANCE Large Kids Sticker Christmas Bulldog Scarf Snowman Dogs Puppies SALE Handmade via","0"
"happy holidays to Justin Bieber s Christmas Album only","0"
"Wow I m buying Christmas presents for people but I just want a boo to buy for too","0"
"Ly VLIVE SHARE GIVEAWAY I ll be sharing my VLIVE account with 3 other ARMYs It s my early christmas FOLLOW RT and DM me t","0"
"Fowler627 Would you rather have a Christmas sweater like RT for Jack s Like for Mark s","0"
"Should we send the Thank You cards to for letting us see the true Lindsey Vonn Sports a","0"
"I love your show and all that you do for complete strangers I just got fired and am in a hole and ha","0"
"In video RHS Garden Wisley lights shine for Christmas","0"
"If someone wants to watch Elf followed by The Grinch while we drink hot chocolate and then go look at Christmas lights","0"
"Merry Christmas From com If it weren t for change we d have no butterflies","0"
"limo ride vodka and drive around looking at Christmas lights","0"
"800 toys were donated to our Christmas Share hampers by Remax Thank you to","0"
"Your Throwback BenGarrison cartoon The Twelve days of Christmas GrrrGraphics style Psst our Christmas cards are a","0"
"not sure there s enough room with the giant Christmas tree and all","0"
"Junhoe For Christmas is there something you want to try Jinhwan I want to try dating you iKONXmasLIVE2017 Day2 iKONXm","0"
"sick af watching Christmas movies","0"
"Finished this Crazy Eights table topper Now onto the rest of the Christmas projects I need to","0"
"DAY 9 already of our 18DaysofChristmas competition and today we ve teamed up with to offer you the chance to","0"
"Nanaimo campaign filling shoeboxes with gifts and hope for northern B C communities By NanaimoNewsNOW Staff NAN","0"
"Radcliffe Christmas came early very emotional that Dream Tree won first grade 1 we have donated","0"
"Americans are spending less on Christmas gifts this year poll","0"
"EXO WINTER ALBUM GIVEAWAY details below giveaway will end on christmas 25 12 6PM KST if this flops u never saw this","0"
"TN Do you have a way to get in touch with Keaton s family And if so could we arrange a way to send Keaton some c","0"
"When Christmas is almost upon us and people start to match matchingclothes","0"
"What Christmas is about C Christ at the center H Honoring God R Remembering His promises I Inner peace from","0"
"Morrissey Cancels Tomorrow s KROQ Christmas Show","0"
"What do you like most about Christmas","0"
"so I turned off the hateful eight because I was not quite ready to hear that many white people say nigger in southern ac","0"
"i wanna go to christmas tree lane","0"
"I miss the way Christmas felt when I was lil","0"
"Enter the Holiday Celebration Destination Sweeps amp make Christmas jolly w and","0"
"Y all An ALL NEW episode of The Unwritable Rant podcast posts TOMORROW 12 10 around 3pm cst I ll be talking penalty","0"
"Makada Thank God we have a Christian President who is not afraid to say Merry Christmas MAGA MerryChristmas","0"
"Christmas Shopping DONE funnytee funnyshirt foodpuns dadjokes","0"
"Aston HUGE CHRISTMAS 1 HAUL The Dollar Tree One Dollar Zone via","0"
"Wondering how many professed Christians in Alabama will walk into a polling site two weeks before Christmas and cast the","0"
"A Christmas classic in our house","0"
"NEW VIDEO WE REACT TO THE FEELS COVER THE DISNEY HOLIDAY CELEBRATION AND DINAH AND LEONA LEWIS CHRISTMAS MEDLEY https","0"
"Christmas Shit","0"
"Primary RWA SMT ready to deliver Christmas presents to staff","0"
"All I want for Christmas is sweaters from","0"
"Red Velvet Joy X NCT Doyoung First Christmas","0"
"Missed sir Ricky s Christmas party last night missing Pau s 10th anniv later I m a homebody but this bed rest really sucks","0"
"Final day of Lincoln Christmas Market cancelled due to bad weather","0"
"Christmas party 2k17","0"
"Is It Christmas But You Looking Like A Whole Thanksgiving Day Lord Have All The Mercy Please","0"
"Y all consider driving around looking at Christmas lights a date","0"
"bae Yunhyeong Since it is Christmas that abs Chanu Noooooooooo You promised to show the abs kkkk Chanu Be quiet Shut up","0"
"I liked a video CHRISTMAS SHOPPING FOR MY BOYFRIEND","0"
"Been watching Christmas movies all day","0"
"I picked up an older woman on side of road today who ran out of gas I drove her around to get gas And then got her ho","0"
"Enter a universe where more than one wears the mask Watch the Spider Man Into The Spider Verse trailer now in theaters","0"
"Get FREE calendar 2018 template via an easy affordable robust PDF solution","0"
"At the Christmas festivities at the St Louis Zoo St Louis has the best penguin habitat in America Because one of these","0"
"Me getting Christmas money then realizing I m a poor child that needs to survive","0"
"Did you know why Henry Wadsworth Longfellow wrote the words to the carol I Heard the Bells on Christmas Day","0"
"since like 352 days ago Every president has said it U know this We re gonna say merry Christmas again thing is","0"
"AmericanPrideTT45 A new train is coming In the spirit of giving if you know someone that needs a boost plz let me kno","0"
"All of the monitors at this party have the Yule log burning and Mariah Carey s All I Want for Christmas Is You is on repeat","0"
"California Central Coast Friends what is your favorite local Christmas event","0"
"Anyone trying to go watch Christmas lights and not play with my emotions","0"
"One of the all time greatest Christmas songs This is the original And then there is Ms Ap","0"
"Watch Arthur Christmas and let your inner child make you happy","0"
"seventeen carat bong giveaway rt and follow to enter ww ends on christmas","0"
"When you re privileged equality feels like oppression get over it we re not writing Merry Christmas on every fuc","0"
"dude thats been my family s christmas movie for yrs all time classic","0"
"Land Of Peace Christmas Gifts From Bethlehem St Jean Baptiste NYC","0"
"An alarming number of teens are disappearing from Enfield London We spoke to a relative of one of the missing boys","0"
"This is one of my favorite Christmas videos","0"
"If they ask you to court then do not worry about how or what ye shall speak for it shall be given you in that hou","0"
"this is definitely one of my favorite christmas videos","0"
"I used to love these I looked forward to Andy Williams Christmas every year","0"
"Happy early Christmas to us I can t handle when Shay has red clothes and lips She is ALWAYS breathtaking but","0"
"BaliTree Were doing the Christmas new year no","0"
"I just entered the Massive amp Partner Christmas Giveaway Featuring amazing products by","0"
"my mom just dropped my baby s first christmas ornament on the floor we re in a fight will update u in a few","0"
"Christmas countdown 16 days","0"
"Christmas cheer on a Saturday at the office","0"
"Birthday in 2 days Pitch Perfect 3 out in 13 days Christmas in 16 days Next Christmas in 381 days What a time t","0"
"Another memorable Lexus of Oakville Christmas party Hubby MC d","0"
"The case for the Godfather as the best non Die Hard Christmas movie ever","0"
"Want to make a difference this Christmas Our rescue wishlist has something for every budget A bag of cob 12 A bag of","0"
"Let me begin by wishing each and every one of you a very Merry Christmas said during his rally last night","0"
"Seeing all these commercials where people get dressed up to celebrate Christmas at home makes me wonder does anybody actually do that","0"
"GUUUUYS So for Christmas I am planning to give this 1k peso worth of BRAND NEW ART MATERIALS doncha worry abt shipping","0"
"all I ve been hoping for was for life eng ver on the christmas album NOW THIS","0"
"Check out CLEARANCE Kids Sticker Christmas Dalmatians in Bag Xmas Decal Dogs Puppies SALE Square via","0"
"New to the App Store Christmas Moji amp Animated Emoj Zahid Hussain","0"
"it s that cuddle under blankets and throw on christmas movies all day time of year","0"
"AWESOME AWESOME AWESOME CHRISTMAS came early MERRY CHRISTMAS PRESIDENT TRUMP","0"
"lottie Team Lottie are travelling to London Heathrow from Virgin Atlantic Lounge New York Flying home for Christmas","0"
"when you can t decide if you re in a christmas or emo spirit","0"
"Check out the 12 Days of Christmas specials going on at They re even holding a Giveaway wo","0"
"Roses are red Violets are bluish If it wasn t for Christmas We d all be Jewish BadHolidayCards","0"
"foley18 Looks good for now just wait for Christmas promo to upgrade","0"
"I miss the way Christmas felt when I was lil","0"
"guppy had a fun time at the Christmas Market with my sister Havana sisters","0"
"My parents are so damn difficult to buy for I have no idea what to get them for Christmas","0"
"TRUMPS CHRISTMAS TO DO LIST 1 Destroy Democracy 2 Obliviate the Rule of Law 3 Create violence in the Middle East 4","0"
"marie44 out here stealing Christmas","0"
"My mother is out of control y all Her 8th Christmas tree is a roses amp baby s breath and they re real","0"
"Thank you again for this Christmas ornament i will always be greatful for the support shown to Fort McMurray h","0"
"Retweet para Merry ang Christmas mo this year","0"
"I liked a video Wham Last Christmas Sonic 3 Genesis Style Cover LarryInc64","0"
"If someone wants to watch Elf followed by The Grinch while we drink hot chocolate and then go look at Christmas lights","0"
"Fox News Laura Ingraham laments that MeToo movement is killing all the fun of Christmas parties","0"
"Spice things up this Christmas Win the Bestsellers Spice Set from Enter to Win retweet this photo a","0"
"jacks writing if Santa doesn t come at night made me think of this santa didn t visit him that Christmas probably bab","0"
"since like 352 days ago Every president has said it U know this We re gonna say merry Christmas again thing is","0"
"BTS is confirmed to attend SBS Gayo Daejeon on Dec 25 Performing on Christmas Day","0"
"the world needs more Christmas dogs","0"
"I almost when the Christmas carols came on in the store while shopping","0"
"Last Night I Watched A Nigerian Christmas Movie and the bit where Mary told Joseph that She s Pregnant Joseph Was Su","0"
"Y all consider driving around looking at Christmas lights a date","0"
"anytime someone on instagram does something creative why do people who have no idea about makeup assume they re starting a","0"
"We wish you a Merry Christmas","0"
"Another Gift wrap for my Nugget Grandbabies are awesome Christmas customgiftwrapping","0"
"Anybody else want Just Love Christmas Special pero wala pa din tickets Tweet me","0"
"The eco guide to Christmas trees","0"
"INSTAGRAM taeyeon ss This Christmas taengstagram","0"
"Doubled with this Christmas thing","0"
"Fox News host Laura Ingraham thinks women reporting rape will make Christmas parties less festive this year","0"
"The Trump miracle American manufacturing added 40 000 new jobs in November the most in over 15 years Since the election t","0"
"offi Thalapathy62 update The Cast and Crew details of Vijay62 will be Revealed on Christmas Dec25th The First look wil","0"
"Rajah Travel Corporation Christmas Party Comic Coni Ibiza Beach","0"
"leeleone christmas break seriously can t come soon enough","0"
"The ultimate food and drink Christmas gift guide","0"
"These Christmas lights under a blanket of snow fascinathings","0"
"True story My 11 year old daughter made a snow girl using dead leaves for tears Me Why is she crying Kid Becaus","0"
"I just added this to my closet on Poshmark Ugly Christmas Sweater Grisworld Vacation via","0"
"anytime someone on instagram does something creative why do people who have no idea about makeup assume they re starting a","0"
"Fox News host Laura Ingraham thinks women reporting rape will make Christmas parties less festive this year","0"
"Cute Christmas Stationary GIVEAWAY Haul Philippines Janina Vela via","0"
"Aww New photo of Ophelia at the Arrow Christmas party source","0"
"Bugger Chris Rea collapsed on stage last night Hope he gets better soon He s got a long drive to get home by Christmas","0"
"Enter a universe where more than one wears the mask Watch the Spider Man Into The Spider Verse trailer now in theaters","0"
"You get a coupon to be in my next movie Transformers Megatron s Christmas Vacation","0"
"it s that cuddle under blankets and throw on christmas movies all day time of year","0"
"But look how AMAZING my Christmas card from is","0"
"Why is it that my dogs ALWAYS find their Christmas gifts Two bags of treats and a toy destroyed","0"
"For me But it s not even Christmas yet ralphthecorgi2018calendar calendar christmas","0"
"RT amp follow for the chance to win a Funko Shop 12 Days of Christmas exclusive Firehouse Huckleberry Hound","0"
"With Compton mayor and Assemblyman Mike Gipson at Compton Christmas parade","0"
"u 2 have a good Christmas","0"
"Everyday feels like a christmas when i m with him","0"
"New to the App Store Spanish Christmas Songs Simon Bogh Holding ApS","0"
"cant wait to get my first kiss on christmas under the missile toe","0"
"The Trump miracle American manufacturing added 40 000 new jobs in November the most in over 15 years Since the election t","0"
"Christmas is bout to be lit","0"
"Rehearsal time for ABS CBN Christmas Special prod We can t wait Good luck amp Edward More","0"
"This will be James first Christmas in Manila Because he always celebrate it outside the country daw And it will be to","0"
"Drive around lookin at Christmas lights and chill","0"
"The Trump miracle American manufacturing added 40 000 new jobs in November the most in over 15 years Since the election t","0"
"BadHolidayCards We wish you an anal Christmas and a happy lubed rear","0"
"blackgirl They made Christmas soul excellence","0"
"Vinny First snow fall and snow on Christmas for a white Christmas are the only two times it s acceptable","0"
"When the Christmas party s lit","0"
"Alex couldn t agree more She went to grab the last box to put it in the cart Maybe we should get anoth","0"
"Christmas parade was good","0"
"Enter a universe where more than one wears the mask Watch the Spider Man Into The Spider Verse trailer now in theaters","0"
"25 Days of Christmas Giveaway 25 Days 25 Knives 25 Winners Day 5 Shadow Dagger Fade Retweet Follow","0"
"jaclynhillchristmas Go to Jaclyn s IG for a chance to win 12 days of Christmas goodies","0"
"It s beginning to look a lot like Christmas in Middleburg Virginia Ashley Busch s ponies Charlie Cayenne and Ciri","0"
"Enter a universe where more than one wears the mask Watch the Spider Man Into The Spider Verse trailer now in theater","0"
"was supposed to get the iphone x as my big christmas present but my old iphone 6 decided to die on me so i got it t","0"
"when your parents get you exactly what you want for christmas","0"
"Merry Christmas great prize doneproperly instax giveaway win","0"
"Quite honestly I m not feeling Christmas this year so if y all already bought me something you can return it get your money back","0"
"Ooohhhhhh Gay Christmas blinksssssssss 17 12 25 blackpink sbsgayodaejeon","0"
"salam RSS members went on the rampage amp attacked and vandalised a prayer hall in Coimbatore disrupting Christmas celebrations there","0"
"AVelaMerryChristmas I m soooo looking forward to putting up decorations all over our house seeing the children s","0"
"All I want for Christmas is sweaters from","0"
"maxwell Star why are you SO HARD TO BUY CHRISTMAS PRESENTS FOR","0"
"My cat just gave birth under our Christmas tree","0"
"Don t have enough money left to buy your family Christmas presents anymore don t blame me It s not my fault that I ha","0"
"It s me and my dogs 6 year anniversary on Christmas","0"
"all i need for christmas is a mosh pit to the song of all i need for christmas","0"
"since like 352 days ago Every president has said it U know this We re gonna say merry Christmas again thing is","0"
"You can purchase this robot version of me in 2025 xxx MERRY CHRISTMAS","0"
"263chat twimbos Kay Semwayo Website Christmas Promotion 65 Harare Zimbabwe 1 page","0"
"AK 47 REDLINE GIVEAWAY How To Enter Like This Video Retweet this tweet SHOW PROOF Mer","0"
"5 year old survivor of Texas church shooting wants Christmas cards via r UpliftingNews","0"
"The boys have paparazzi now It s over Christmas is fucking cancelled","0"
"aye don t let louisiana fool you it s gonna be 80 degrees at christmas","0"
"All I want for christmas is to wake up without acne","0"
"tom Merry Christmas Birkenhead Loving these Christmasy pub gigs Coming to Manchester soon","0"
"For Day 9 of our 12 Days of Christmas competition you could win a winter warmers set inc blanket scarf socks and gl","0"
"Our own Lani Moss M N 93 performed tonight with the Sierra High Notes Choral Group in a Christmas show in Reno","0"
"This shop in London lets people buy presents for refugees just in time for Christmas","0"
"in retrospect the war on Christmas was one of the loudest and clearest warnings of how toxically stupid politics would b","0"
"cant wait to get my first kiss on christmas under the missile toe","0"
"Bought 1 500 bitcoin in 2011 for 2 87 each I will pick 5 random people who retweet this and give one to each of you Mer","0"
"Christmas Sierra is adorable don t ya think","0"
"CHRISTMAS SALE FREE SHIPPING CASUAL WEAR SPORTSWEAR GOLF APPAREL DOCKERS HAGGAR FOUNDRY CHAPS IZOD S","0"
"When it s almost Christmas","0"
"Junk Bot would like to give you guys some more early Christmas Presents So he will give you guys some more Gut Knives","0"
"if you re wondering what to give me this christmas","0"
"Jesus Christ would look down on you so fucking hard But Merry Christmas if that makes you happy","0"
"Clark My son has scored like 8 points in his life But he wants a compression sleeve for Christmas because it looks savage on","0"
"If someone wants to watch Elf followed by The Grinch while we drink hot chocolate and then go look at Christmas lights","0"
"since like 352 days ago Every president has said it U know this We re gonna say merry Christmas again thing is","0"
"christian Saturday is for Seminars and Church Signs 16 shopping days till Christmas December and January Speaking","0"
"Christmas love from your boyfriend","0"
"I liked a video Christmas Tree Skirt Transformation DIY Holiday Skirt","0"
"It s unusual for Corporate event na sisigaw ung mga tao but look what Sarah G did to the crowd All I Want for Christmas i","0"
"200 PAYPAL GIVEAWAY To enter RT this tweet Follow Reloads and Picking winner i","0"
"Good on you CCA really strong statement at Christmas time too Another transparent act to show your true colours","0"
"races We re back Sat sales Villiers Stks Day Our Christmas raceday Santa amp helpers on course also great","0"
"White people when All I Want For Christmas Is You comes on at the bar","0"
"Hi loves Another giveaway It s a friday freebie bundle Win gifts from amp","0"
"since like 352 days ago Every president has said it U know this We re gonna say merry Christmas again thing is","0"
"Sydney trends now Police Christmas Government Turnbull Liddell","0"
"dropped by today w a Christmas story that s sure to pull on the heartstrings amp she also brought an excerpt of h","0"
"It was a pleasure to attend the annual Canada Cyprus Chamber of Commerce s Christmas Party Congratulations to my f","0"
"When the Christmas party s lit","0"
"Just know I ll be sad looking at them bc poor and Christmas I want the newer styles so bad","0"
"RT amp follow for the chance to win a Funko Shop 12 Days of Christmas exclusive silver Mr Monopoly Pop ht","0"
"Hey guys Help me get my phone on and receive mailed Polaroids or exclusive Christmas videos Goal 50 Circle Pay Google W","0"
"They make fun of my nose they call me ugly they say I have no friends No child should EVER have to feel this way I","0"
"37 OFF Aluminum 1X Led Projector Light 10 Pattern Halloween Christmas Party Outdoor G","0"
"Cozy Christmas Party was a success","0"
"I added a video to a playlist 20 QUESTION CHRISTMAS TAG LIFEASLOZ","0"
