"morning don t make the mistake of making the same mistake","0"
"good morning taekook love each other very much","0"
"Mayo76 This is My drive to work this Lord Be still Praying for ppl up in those mountains LA County and myself this mornin","0"
"I guess im too hungry coz i didnt eat so well yesterday Cheese sandwich in the morning then 1 epok2 old chang kee","0"
"82 mph gust this morning in Corbett strongest so far this season Gorge Refrigerator Door wide open Cold air spill","0"
"To me For me With one morning to stalk one to behold Dancing from sandalwoo d they celebrate a different and three","0"
"surfer1","0"
"Sandy1","0"
"Gd morning Financial freedom is the 21st century definition of retirement Have a nice day","0"
"Morning from two lil boys with their daddy This so cute","0"
"At 1 19am Sunday Morning I Just Decided Hawaii In January","0"
"Glamour It s 1 20 in the morning where I live but I ll pause sleeping to watch Nikki videos","0"
"iamAftab yes2life sky","0"
"My ass thought I would speed up my morning a little by making my preworkout the night before and putting it on my beds","0"
"Good Morning Friends Let s Chat","0"
"A Kafkaesque World With the inquisition spirit amp the criminalization of politics you will soon wake up every morning with th","0"
"You know how disney princesses have birds that get them ready in the morning I just want someone to take my make up off every night","0"
"4 being drunk is just borrowing happiness from the next morning","0"
"CM Arvind Kejriwal Meets Public without Appointment Every Monday to Friday Spends his Sunday Morning visiting his Con","0"
"Go girl ignore u know better than anyone else kung Sino ka panira yan kya good morning blessed Sunday girl gogogo","0"
"Watts Last night it was cold amp windy amp when I opened my door this cricket hopped in so I set him up good for the night l","0"
"Just spent 15mins exhaustively looking for one tweet that popped up on my TL before it jumped This is not how I en","0"
"Everything about this video of my dog zipped into my dad s hoodie and howling along to a string quartet cover of a U2 son","0"
"Me waking up in the morning wondering if I actually need an education or not","0"
"Trump Released A BRUTAL Video This Morning Featuring Bill Clinton And Barack Obama Here s It Is","0"
"Early morning flight to Kiev for filming Cheers looking forward to it It s gonna be cold","0"
"Good morning only to Seungri who s having a blast in Amanpulo amp to his haters blasting their heads from jealousy","0"
"WINONA Good Morning","0"
"Good morning good afternoon or goodnight Twitter Followers","0"
"Hertford looking pretty this morning","0"
"What a season you had and a championship performance enjoyed seeing you dominate the highlight reel every Monday morning","0"
"I made one of the biggest decisions of my life this morning and am proud to say I ve committed and signed to Dordt Colleg","0"
"Very cold photographing these wild Barn Owls this morning A technically very challenging low light image Wide open at","0"
"Good Morning","0"
"4 of these sisters made their vows this morning Sisters of the Holy Rosary","0"
"QwetuKwasaKwasa good morning","0"
"There are hundreds of Republican Party members of Congress Each of them wakes up every morning and says to himself tod","0"
"We are breaking a big story tomorrow morning Please stay tuned","0"
"my last braincell at 3 in the morning","0"
"Good morning sunshine Just please send me back in my bed I want to sleep moooore","0"
"I listen to this song in this morning and i can t stop my hand to play it I know I still have","0"
"Good morning to all the AntiFa radicals and resisters ISIS AlQeada Taliban Hezbollah support you","0"
"Just wana wake you guys up this morning with good music and clean your ears","0"
"Each morning we are born again What we do today is what matters most Buddha","0"
"22 GOOD MORNING SUNDAY","0"
"Oleski 02 Someone didnt take their meds this morning","0"
"Good morning folk","0"
"Good morning just got off work going back in 8 hours god bless","0"
"khatri posture Chan Chan","0"
"Morning Dose","0"
"p20 Sleep till noon To avoid morning regrets","0"
"AirForce On the morning of 10 December after 39 2 years of service AP 3C Orion tail number A9 756 was transported by road to it","0"
"wait when did ghis happen this morning","0"
"Good Morning Sunshine tropicalsunrise sunrise florida wallart homedecor HHPhotographyof","0"
"A Kafkaesque World With the inquisition spirit amp the criminalization of politics you will soon wake up every morning with th","0"
"Did wonder how you robot dudes were getting on this morning","0"
"You know its time to leave some people alone when you say good morning and the response is what s good about this morning","0"
"Watts Last night it was cold amp windy amp when I opened my door this cricket hopped in so I set him up good for the night l","0"
"morning","0"
"Good Morning","0"
"My today morning cycling in central Delhi","0"
"Good morning my friend Have a nice Sunday","0"
"Me every morning before going to school","0"
"Does Working Out in the Morning Speed up Your Metabolism","0"
"Boris Johnson arrived in Iran this morning to press the Iranian regime for the release of jailed Iranian British aid worker","0"
"Cute anna Good morning Thalapathy Devotees","0"
"ralineshah update with Seungri in Amanpulo morning baby","0"
"kr 171209 SP JIU DREAMCATCHER in darkness she is all I see SUNDAY MORNING JIU SIYEON HAN","0"
"Headline of Japan Times this morning Japan EU trade pact nears reality In the U S our withdrawal from TPP gets lost","0"
"Good morning oh Nah today be your own Your mouth yabi yabi yestee Abi we all dey here","0"
"No matter how bad you think your life is you have to wake up each morning and be thankful for it","0"
"the equivalent of my alarm waking me up in the morning","0"
"Sunday Morning Made coolfm back for the SundayMorningOasis NP ONISE IYANU BY","0"
"The world becomes beautiful outside when we become stable inside Honesty does not always pay but dishonesty alwa","0"
"Hina has been an amazing singer which you must have known by now Her favourite song is raabta besides lag jaa gale He","0"
"Tallahassee is under a freeze warning until 9 AM Sunday morning It s currently 32 degrees and dropping same temperat","0"
"I like when they text me good morning or call me Check up on me all the time I actually don t find that annoying I don","0"
"Morning Queens Get ready with me this Christmas Book your appointments now to avoid","0"
"Morning is insulting but I will still say good morning to u","0"
"Hina has been an amazing singer which you must have known by now Her favourite song is raabta besides lag jaa gale He","0"
"At least once every Saturday morning I get the ball WIDE open and my entire team says go ahead shoot take that and","0"
"y all ever have a conversation so shocking you can t stop thinking about it here s mine coworker how are you m","0"
"Watts Last night it was cold amp windy amp when I opened my door this cricket hopped in so I set him up good for the night l","0"
"Lewis Good morning this little boy is the future of music","0"
"Something about LA at night and in the early morning And that s it","0"
"Is your mom really your mom if she doesn t get you 3 donuts and a hot chocolate at 1 19 in the morning","0"
"I miss seeing ur face everyday and waking up to u every morning","0"
"one in the morning i m making a myspace account let s fuckin get it","0"
"good morning good day good everysing","0"
"Good morning Dear ratna amp dearest sir Wonderful","0"
"I m a lot more anxious that I used to be now that is president I truly think he is making the country","0"
"Watts Last night it was cold amp windy amp when I opened my door this cricket hopped in so I set him up good for the night l","0"
"Watts Last night it was cold amp windy amp when I opened my door this cricket hopped in so I set him up good for the night l","0"
"Watts Last night it was cold amp windy amp when I opened my door this cricket hopped in so I set him up good for the night l","0"
"0 Me every morning","0"
"I owed 3 900 lastnight to the school and this morning I only only owed 1 933 34 When I went to figure out how I was gone pay","0"
"have you ever been so tired in the morning that you just kind of zone out staring at your food kind of forgetting to eat i","0"
"How are your ankles this morning","0"
"Morning all s","0"
"SaintRamRahim Initiative40 3DaysToFreeEyeScreeningCamp good morning guru","0"
"Morning sext I got us a table at the lib","0"
"A Kafkaesque World With the inquisition spirit amp the criminalization of politics you will soon wake up every morning with th","0"
"morning people vs me","0"
"Ulv Good morning and thank you","0"
"Good morning","0"
"9pm Going to bed early will be good for me I ll actually wake up in the morning like a human being 1am Well fuck","0"
"Beautiful morning Christmas First snowday2017","0"
"Every morning when I start game dev work","0"
"morning Loving the show no rain here in the midlands just heavy snow all day","0"
"in Good morning ji","0"
"Early Morning Reporting by Swiss Bank to our Visionary World Lane Leader Modiji","0"
"i dont remember D im sorry but it was in the morning","0"
"Top of the morning please follow back or at least open your dm","0"
"Harvesters is 14 today You sure don t want to miss church this morning Stay tuned to God s awesomeness here H","0"
"Sathyaraj ramya Gd morning to Sathya team Glad to hear the great r","0"
"We waaay in homerville at 1 inna morning","0"
"It s 12 15 in the morning and I m planning for our weekly meeting in yearbook on Monday","0"
"Good morning everyone","0"
"Good morning Aap congress mein as jatin to baat ban jatin","0"
"qasim Good Morning to all except Zainab baji","0"
"baba Morning SA I m asking for a job or assistance to find work i am really starving with my kids pls I am semiskilled pipefit","0"
"What do you see It s been a while now Good morning everyone","0"
"LilacFire update Fact sheet for the evening update Next post will be 7AM tomorrow morning","0"
"Pimp College Pimp Class Demonstration How Pimps Rest on Sunday Morning","0"
"Please send positive vibes to as she was hit this morning while being a pacer at Klang International Maratho","0"
"Pimp College Pimp Class Demonstration How Pimps Rest on Sunday Morning","0"
"kr 171209 SP JIU DREAMCATCHER in darkness she is all I see SUNDAY MORNING JIU SIYEON HAN","0"
"Morning","0"
"Sunday morning feels really special after a smooth 21km ride it was wonderful to meet Hemangi and Ganesh who were alr","0"
"baba Morning SA I m asking for a job or assistance to find work i am really starving with my kids pls I am semiskilled pipefit","0"
"Omg save me Tommy s singing 115 in the morning josh is playing a fake piano lord help me","0"
"bestia96 Good morning text I do not know how that feel Only text I get is sprint talking bout my bill","0"
"Carpinteria and Summerland will see smoke amp fire activity from ThomasFire Incident now thru morning and the fire will s","0"
"BOTD Dec 9 1909 DouglasFairbanksJr film star thespian humanitarian OBE and","0"
"Watts Last night it was cold amp windy amp when I opened my door this cricket hopped in so I set him up good for the night l","0"
"Good morning","0"
"Sometimes in a I see a Big Mac and I pause for a moment deep in thought and think to myself","0"
"Morning any snow None down here yet","0"
"Watts Last night it was cold amp windy amp when I opened my door this cricket hopped in so I set him up good for the night l","0"
"Watts Last night it was cold amp windy amp when I opened my door this cricket hopped in so I set him up good for the night l","0"
"Sitting in my gut this morning the price Mmatshilo Motsei paid for writing The Kanga and the Kangaroo Court Donor fun","0"
"Oh hello morning tears","0"
"Good morning May your day be filled with Joy love and laughter today wednesday humpday goodmorning quote quot","0"
"Good Morning Pakistan And we are here for the second day of National Youth carnival with some amazing perfor","0"
"juhi Super happy amp thrilled to start this garbage free initiative from the same place i spent 20 golden years of my life at A","0"
"I love spreading GIF on my toast in the morning Sometimes I sprinkle some PDF to give it some flavor","0"
"Morning Sharon","0"
"Assalam O Aleykum Very Good Morning all Friends","0"
"The first thing you do when you WakeUp in the morning should be productive that doesn t mean checking your EMAIL","0"
"Good morning dalia","0"
"William with two of the classiest people in Pro Sports Daniel and Henrik What a morning","0"
"You are beautiful but learn to work for you cannot eat your beauty African Proverb Good Morning SunFamily a happy Sund","0"
"Morning call","0"
"Watching the full popodyssey tour at six in the morning waiting for a reunion","0"
"This morning s hot coffee is tonight s iced coffee","0"
"Me every morning before going to school","0"
"Arthur Abraham fought with a broken jaw as did and In the early hours of this morning","0"
"You no go morning mass","0"
"Gaza Good morning from Palestine 7 43 AM","0"
"bestia96 Good morning text I do not know how that feel Only text I get is sprint talking bout my bill","0"
"Watts Last night it was cold amp windy amp when I opened my door this cricket hopped in so I set him up good for the night l","0"
"Me every morning before going to school","0"
"nothing beats chilling with bae after work because u gotta work again the next morning and the morning after that u got sch","0"
"Haan good morning","0"
"First thing i saw this morning Thanks YT notification Uh It will be good day Its raining but its kinda hot","0"
"Me every morning before going to school","0"
"Good morning friends","0"
"Work in the morning","0"
"Morning","0"
"Grab Monday morning by the Purdey s and ThriveOn AD","0"
"I m taking off to Lubbock at 4 in the morning","0"
"Wonkblog This morning Ryan called on Congress to target Medicare in 2018 We re going to have to get back next year at entitl","0"
"Watts Last night it was cold amp windy amp when I opened my door this cricket hopped in so I set him up good for the night l","0"
"Watts Last night it was cold amp windy amp when I opened my door this cricket hopped in so I set him up good for the night l","0"
"Saturday morning breeding","0"
"morning bro ob","0"
"Good morning Patriots From a snowy East Coast Remember to Enjoy the season Say MERRY CHRISTMAS Say MERRY","0"
"Kontroll On a scale of 1 to rekt where would you put yourself right now If it s morning 1 to half dead hungover is the new scale","0"
"niggas seen 7 snowflakes this morning and stepped out the house like this","0"
"Happy birthday to a dear friend morning who lives and breathes SHINee I am so happy you found each other","0"
"Watts Last night it was cold amp windy amp when I opened my door this cricket hopped in so I set him up good for the night l","0"
"Watts Last night it was cold amp windy amp when I opened my door this cricket hopped in so I set him up good for the night l","0"
"morning its 7am and I can t sleep","0"
"Morning try and keep warm x","0"
"good morning","0"
"he was christmas morning crimson fireworks and birthday wishes NCTzenSelcaDay","0"
"Good morning","0"
"Beautiful morning Christmas First snowday2017","0"
"Butyfull good morning","0"
"Morning","0"
"good morning I love matthew daddario harry shum jr and gabi","0"
"Morning","0"
"Good morning","0"
"Good morning","0"
"Tonight has been the night of head kick KOs Between Glory and the UFC man some dudes will have headaches in the morning Sports","0"
"I wanted to go jogging this morning but then I remembered that proverb 28 1 says wicked run when no man is chasing them","0"
"Good morning friends","0"
"Morning SleepInThePark Bit chilly this am Scotland just scraping the ice off the sleeping bag","0"
"Watts Last night it was cold amp windy amp when I opened my door this cricket hopped in so I set him up good for the night l","0"
"Atashi When I started out I made a ton of quickly Then one day there was FUD that jacked","0"
"Ignifer lum0s The first con","0"
"Good morning","0"
"Sunday night vs Monday morning","0"
"Me every morning before going to school","0"
"lol who offended you this morning","0"
"OO Ba Morning stay blessed","0"
"Good morning to all thala fans amp Friends Have a Nice day Happy sunday My what s up status","0"
"Hina has been an amazing singer which you must have known by now Her favourite song is raabta besides lag jaa gale He","0"
"the cutest good morning you ll ever hear","0"
"allise When you parents make you go to church on Christmas morning","0"
"Lewis Good morning this little boy is the future of music","0"
"It s December 10 2017 at 08 15AM good morning people","0"
"Fadnavis Nice to see great response to healthcare camp organised by MLA Prashant Bamb at Lasur Station in Aurangabad district this","0"
"Early morning fuck","0"
"Watts Last night it was cold amp windy amp when I opened my door this cricket hopped in so I set him up good for the night l","0"
"Shituuu 1504 511 4 prati Go","0"
"Everything about this video of my dog zipped into my dad s hoodie and howling along to a string quartet cover of a U2 son","0"
"DG STARZ Good morning morning can t w","0"
"It was Yikes Don t let me be up at 1 00 in the morning lmao","0"
"Good morning","0"
"I pity the foo variable in the car and I have to get up early tomorrow morning and I have to be at the forefront of","0"
"Good Morning brother Happy HumanRightsDay Advocate RanveerBajaj jii U played this character too very fantas","0"
"Good morning","0"
"My roommate s cousin Julia went to a bar got hammered and woke up to this video texted to her the next morning https","0"
"Watts Last night it was cold amp windy amp when I opened my door this cricket hopped in so I set him up good for the night l","0"
"lads it s 6 in the morning and my titties be freezing off","0"
"Watts Last night it was cold amp windy amp when I opened my door this cricket hopped in so I set him up good for the night l","0"
"Getting the morning after pill condom broke last night at in Rancho Santa Margarita CA w https","0"
"President Shri Ramnath Kovind Vice President Shri PM Shri and other dignitaries paid tributes","0"
"You are beautiful but learn to work for you cannot eat your beauty African Proverb Good Morning SunFamily a happy Sund","0"
"Watts Last night it was cold amp windy amp when I opened my door this cricket hopped in so I set him up good for the night l","0"
"Sunday Morning Made coolfm back for the SundayMorningOasis NP SPEECHLESS BY","0"
"what the fuck is 3 am in the morning i was reading cosas del se or of course how did this happen","0"
"Minister in the Jeff Radebe who is responsible for planning monitoring and evaluation is expected to hold a","0"
"Wake up in the morning tell myself that I will never trust a sole","0"
"Sunday morning routine","0"
"Morning American College of the Middle east ACM college in Kuwait City w 27","0"
"Good Morning HellyHolics I vote HellyShah for Devanshi TVPersonality2017","0"
"Watts Last night it was cold amp windy amp when I opened my door this cricket hopped in so I set him up good for the night l","0"
"37 You always surprises me by your Morning or night Messages","0"
"good morning its 1 20 am and im fucking awake and playing love live","0"
"Manchester Derby early tomorrow morning AUS time I m pretty sure fans of clubs in England ot","0"
"State Champs Legends featuring Coach Herrington airing tomorrow morning 12 10 2017 at 9 00 am on Fox Sports Detroit","0"
"Such joy to launch track early morning today along with Mayor ji MC Ajoy Mehta sir Pa","0"
"Each morning we are born again What we do today is what matters most Buddha","0"
"Maybe we should start calling him Chance the Meteorologist Or not Here s your morning forecast from","0"
"Ganaps on top of ganaps Naman naman at Edward LLS taping Naic Cavite Fiesta Guesting R","0"
"i just got home and laid down in bed with fresh warm sheets amp i m almost in tears because i already don t wanna lea","0"
"Nothin quite like making a comic at 1 in the morning but waiting to tweet it until morning because it s fanart and you gotta tag people","0"
"Good morning nams 3 http","0"
"He teased lightly then moved to dim the lights in the room You can measure it in the morning if you don t believe me","0"
"Watts Last night it was cold amp windy amp when I opened my door this cricket hopped in so I set him up good for the night l","0"
"Let us wake at the morning and be filled with Your love And sing songs of praise all our days For Your love is as high as t","0"
"Early morning flights messy hair and new shades go hand in hand Ps 10 am is early yes","0"
"Sitting in my gut this morning the price Mmatshilo Motsei paid for writing The Kanga and the Kangaroo Court Donor fun","0"
"Good morning","0"
"1 Good morning I m sure your excited about the holidays amp going home to your families I ll be spending some time w my","0"
"Happppie day Peppy morning","0"
"Good Morning","0"
"Coffeegasm noun that little rush you feel after that first sip of good strong coffee morning","0"
"A beautiful good morning to you all","0"
"shipper I can t imagine not being part of ADN anymore Even on my busiest days I ll find time to check in at least for a few m","0"
"Good morning y all should watch this video WaitForIt The last part killed me","0"
"I am making macaroni and cheese at 1 30 in the morning","0"
"women good morning beautiful day to all","0"
"Camps I play your soca mix every morning for work I cherish that CD really Get to it","0"
"Watts Last night it was cold amp windy amp when I opened my door this cricket hopped in so I set him up good for the night l","0"
"Me this morning","0"
"58 3","0"
"Don t wake up with the regret of what you couldn t accomplish yesterday Wake up with a smile thinking about what","0"
"Morning","0"
"Typically that it has come snow this morning when I have to work br mhult sweden","0"
"Watts Last night it was cold amp windy amp when I opened my door this cricket hopped in so I set him up good for the night l","0"
"Endorsment shoot for Kath today while Dj attends a christening this morning","0"
"How old is she now Yes Monday afternoon I have a OB appointment in the morning I m allll excited to meet her now","0"
"the cutest good morning you ll ever hear","0"
"Sunday Morning Made coolfm back for the SundayMorningOasis NP SPEECHLESS BY","0"
"Good morning May your day be filled with Joy love and laughter today wednesday humpday goodmorning quote quot","0"
"GOOD MORNING My Girl Hope this Cup Of Coffee Makes u khidkitod Whole Day Have a Nice day Go","0"
"Good morning everyone","0"
"Saturday Morning Breakfast Cereal tldr","0"
"amp tonight i don t now anything but missing you i m eagerly waiting for the morning to come amp feels somewhat like i","0"
"Watts Last night it was cold amp windy amp when I opened my door this cricket hopped in so I set him up good for the night l","0"
"dk Southern Denmark This Morning","0"
"i wake up now it s 9 18 morning","0"
"Watts Last night it was cold amp windy amp when I opened my door this cricket hopped in so I set him up good for the night l","0"
"Morning Made Narbhi ishqbaaaz","0"
"Me every morning before going to school","0"
"98 U never know when your day will come that s why you cherish everyday like it s a blessing and give all glory to God fo","0"
"Good morning","0"
"i made a study guide for my bio final all day today and its 18 pages and i only have a few more topics to add so it","0"
"Tallahassee is under a freeze warning until 9 AM Sunday morning It s currently 32 degrees and dropping same temperat","0"
"Good morning UK America World RT","0"
"my depressed ass hits play on the 10th vine compilation video on YouTube in a row at 2 in the morning the fbi agent","0"
"Good morning My Friend Have a beautiful day full of joy and Much Love Hugs","0"
"That s all for tonight s CWLDallas Open broadcast We re back at it again tomorrow morning Broadcast start time is as follows","0"
"Looking for a reason to drag yourself out of bed this morning Sorry we haven t got one We DO have a thrilling ebook th","0"
"Too much right Good morning Jyoti ji and Happy Sunday","0"
"Good morning","0"
"Me every morning before going to school","0"
"tune into the this morning we ll be singing and stuff","0"
"Maybe we should start calling him Chance the Meteorologist Or not Here s your morning forecast from","0"
"Good Morning Jesus","0"
"Morning warm up sketch Wildcat thomasperkins characterdesigner earth2 wildcat","0"
"Tallahassee is under a freeze warning until 9 AM Sunday morning It s currently 32 degrees and dropping same temperat","0"
"So this morning UT SHOWED UP AT MY DOOR GAVE ME A FULL TUITION SCHOLARSHIP and I m OFFICIALLY a business major at the McC","0"
"News good morning","0"
"GOOD MORNING AMERICA Air Force One is wheels up to Mississippi Today s TeamTrumpBTS he doesn t know yet is Stephen Mil","0"
"Good morning guys have a nice day","0"
"Lee xx Good morning","0"
"Good morning to all the beautiful ladies the smart fellas who watch anime amp read comic books and anyone who doesn t play FI","0"
"This is how I wake up in the morning stonesour yandt hydrograd summertimegirls","0"
"171208 Chungha morning","0"
"I am not a Morning Person that is the reason i get up at Noon","0"
"Watts Last night it was cold amp windy amp when I opened my door this cricket hopped in so I set him up good for the night l","0"
"Waking up every morning wondering if you re coming down with a cold or if this is just how you wake up now","0"
"AM22 The best and most beautiful things in the world cannot be seen or even touched they must be felt with the heart Good m","0"
"Good morning The president of italian parliament leader of governative party said in Italy there is a","0"
"Of course I would be in a creative artsy craft mood at 1 in the morning","0"
"I M SO COLD I M GONNA BE AN ICICLE BY MORNING","0"
"Sunday morning","0"
"Lewis Good morning this little boy is the future of music","0"
"good morning to MiChaeng only","0"
"Good morning","0"
"on Periscope 12 7 Morning Meditation WRAP UP Am examination of self love meditation","0"
"tanotra I slept at five in the morning dude And no I woke up at nine","0"
"Sunday morning 11am come join me at Family Baptist Church in Lebanon TN","0"
"In the wee hours of the morning I had a weird dream Well in the dream everything felt normal and I was even exci","0"
"Sunday morning hang over tweets be like","0"
"Good morning y all should watch this video WaitForIt The last part killed me","0"
"Hina has been an amazing singer which you must have known by now Her favourite song is raabta besides lag jaa gale He","0"
"Raw amp Unfiltered fresh morning pre","0"
"Rip to me in the morning","0"
"Lewis Good morning this little boy is the future of music","0"
"Good morning Sidharthmalhotra Sundaymotivations","0"
"One don t pickup the phone you know hes only drunk and alone Two don t let him in you have to kick him out again","0"
"Good morning fam MORxOneMusicFanFestAtEK","0"
"whos gonna walk you through the dark side of the morning whos gonna rock you when the sun don t let you sleep wh","0"
"Lewis Good morning this little boy is the future of music","0"
"amp she always regrets it the next morning but hey mayne","0"
"Good morning ff people","0"
"Morning I know a little but pse explain A country can not survive without exports and imports In box me Thanks hey","0"
"Yer up with the early birds this morning eh Davie You should always wear your seat belt","0"
"good morning all sexiesttt","0"
"Morning beautiphool people","0"
"Sunday morning","0"
"Good morning December So far so good","0"
"22 GOOD MORNING SUNDAY","0"
"I m going Friday morning lmao I think","0"
"One small positive thought in the morning can change your whole day","0"
"Special good morning to all the Big Booty Queens all over the Booty Ville Have a great day ahead The joy you bri","0"
"Me every morning before going to school","0"
"I owed 3 900 lastnight to the school and this morning I only only owed 1 933 34 When I went to figure out how I was gone pay","0"
"Morning call","0"
"Good morning birthday boy HappyDanielDay","0"
"jaewin in the morning","0"
"Hope my grandma cook breakfast in the morning before church","0"
"Happy Sunday Aldubnation Good morning ALDUBPagAsaAtTiwala","0"
"Good Morning","0"
"saw u on a cookery show in the week did u enjoy it Looked like you did Off to St Peter s Melton Mowbray this morning","0"
"It s a beautiful day im about to take my morning glory","0"
"Good morning teacher","0"
"Watts Last night it was cold amp windy amp when I opened my door this cricket hopped in so I set him up good for the night l","0"
"hensel","0"
"morning light","0"
"Everything about this video of my dog zipped into my dad s hoodie and howling along to a string quartet cover of a U2 son","0"
"Hina has been an amazing singer which you must have known by now Her favourite song is raabta besides lag jaa gale He","0"
"Good morning Dave thank you I shall be on my bestest behaviour for at least an hour Happy Sunday x","0"
"And I m not going to hide anything from him when he s older either if he asks why his dad wasn t around for these m","0"
"Sunday morning feels really special after a smooth 21km ride it was wonderful to meet Hemangi and Ganesh who were","0"
"One of The Most Inspiring Speeches by Jim Kwik The Power of Morning Ro via","0"
"Pre morning shower","0"
"Lewis Good morning this little boy is the future of music","0"
"Moisturize your feet Put foot cream on as part of your routine One way to achieve soft moisturized feet is to ru","0"
"This is the forecast for the morning Every Sunday league player in London currently praying for THAT phonecall https","0"
"ColeSmith When no one is watching what are you doing You don t get to New York without work Picture I took on a Sunday morning","0"
"Morning tip for campers Close your sensory holes when moving from sleeping bag to waking bag Do not experience th","0"
"Lab265 Wa","0"
"Wow this early morning","0"
"FB fans best of luck to Austin Rosenberry as he competes Sunday morning in the 2017 National Bowl Roster","0"
"Good morning May your day be filled with Joy love and laughter today wednesday humpday goodmorning quote quot","0"
"Hina has been an amazing singer which you must have known by now Her favourite song is raabta besides lag jaa gale He","0"
"Tallahassee is under a freeze warning until 9 AM Sunday morning It s currently 32 degrees and dropping same tem","0"
"Good morning everyone","0"
"Wings concert I value sleep more than staying up to watch it on vlive I tell myself I ll find clips in the morning and I m content with","0"
"wakes up in the morning and looks in the mirror ugh you again","0"
"Everything about this video of my dog zipped into my dad s hoodie and howling along to a string quartet cover of a U2 son","0"
"Now he mad at me ill deal with his ass in the morning im not tryna get upset tonight","0"
"So this morning UT SHOWED UP AT MY DOOR GAVE ME A FULL TUITION SCHOLARSHIP and I m OFFICIALLY a business major at the McC","0"
"10 12 2017 07 18 Thomas Lizzara ft Schwarz Sunday Morning","0"
"He says good morning","0"
"Morning tweeps","0"
"Watts Last night it was cold amp windy amp when I opened my door this cricket hopped in so I set him up good for the night l","0"
"Good Morning Philippines Get a chance to win SmartiPhoneX TODAY Follow to know more We will give away 10 iP","0"
"Early morning kulitan with my ASAPJambayan tropapeeps Check it out on my ig story","0"
"watercolour painting of winter snow northumberland morning mist cream mount silver frame artforsale see more https","0"
"if we re talking about setlists this is the one i made on thanksgiving and i think isn t too far off from what","0"
"Sometimes deciding to wake up and participate in life again every morning is such a bloody fist fighting battle","0"
"This will be hilarious Nobody could be more unwelcome in Alabama than Joe Actually I m wrong","0"
"should i shower tonight or tomorrow morning","0"
"Watts Last night it was cold amp windy amp when I opened my door this cricket hopped in so I set him up good for the night l","0"
"Good morning","0"
"Watts Last night it was cold amp windy amp when I opened my door this cricket hopped in so I set him up good for the night l","0"
"Good morning from Nigeria","0"
"the cutest good morning you ll ever hear","0"
"Hina has been an amazing singer which you must have known by now Her favourite song is raabta besides lag jaa gale He","0"
"Good morning Listen to Mafish Zayo by Nawal El Zoghbi on Anghami","0"
"I like Miami because everyone says good morning all the way to 1pm","0"
"Warning Road condition in Worcestershire are extremely hazardous this morning Please only travel if essentially","0"
"Early Morning Reporting by Swiss Bank to our Visionary World Lane Leader Modiji","0"
"So depressing that I ll be finishing this nightshift in a few hours knowing that I m back in work at 8 30am tomorrow morning","0"
"Team SRKCHENNAIFC SRKCFC pose for a group pitcure with thier branch team post after the event TheShahd","0"
"lilKiM I got you tomorrow morning we having chicken and waffles","0"
"Morning","0"
"Please send positive vibes to as she was hit this morning while being a pacer at Klang International Maratho","0"
"Watts Last night it was cold amp windy amp when I opened my door this cricket hopped in so I set him up good for the night l","0"
"AirForce On the morning of 10 December after 39 2 years of service AP 3C Orion tail number A9 756 was transported by road to it","0"
"So this morning UT SHOWED UP AT MY DOOR GAVE ME A FULL TUITION SCHOLARSHIP and I m OFFICIALLY a business major at the McC","0"
"It s a lazy and cold Sunday morning what are you reading books reading lazysunday","0"
"nishaaa Good morning wonderful Twitter people Have a stress free Sunday","0"
"I really listen to the big fat morning show every morning lol","0"
"I told Jacob all I wanted for our 4 year anniversary gift was for him to go stand in line at Schlotzskys at 8 am this mornin","0"
"Watts Last night it was cold amp windy amp when I opened my door this cricket hopped in so I set him up good for the night l","0"
"Good morning guys","0"
"WaPo Reporter Dave Weigel Deleted Bogus Trump Rally Photo After White House Called Him Out Saturday Morning","0"
"I have that LT you can use him when I login in the morning","0"
"Shituuu 1504 511 4 prati Go","0"
"Good morning Freainds","0"
"This morning my family had the great privilege of welcoming our governor The Honorable to the Greatest Border","0"
"Watts Last night it was cold amp windy amp when I opened my door this cricket hopped in so I set him up good for the night l","0"
"I look like a homeless person which is a new achievement to my morning goals list","0"
"There are hundreds of Republican Party members of Congress Each of them wakes up every morning and says to himself tod","0"
"good morning Andrea x have a lovely Sunday xx stay safe xx","0"
"Good morning Aslam o Alikum","0"
"My brother George Shupe left our house early this morning in West Plano TX on foot in a navy t shirt without his p","0"
"Beau Recall outside working early this morning in company","0"
"lazy sunday morning","0"
"Hey friends Happy Saturday even though it s now Sunday for me What are you guys listening to this weekend Sho","0"
"But I hope you smile while sleeping pal Never shitty cause you ll have to do laundry in the morning","0"
"Good morning everyone Is today are you nervous I m very nervous darvid 6moonsasiatourintaipei 6mo","0"
"TM Good Morning What are doing Aishu amp What plan today because Uncle amp Aunty Anniversary today Happy Anniv","0"
"Hina has been an amazing singer which you must have known by now Her favourite song is raabta besides lag jaa gale He","0"
"VikasGupta amp ShilpaShinde from yesterday morning s extra dose They ve come such a long way from blaming each other to bl","0"
"My brother George Shupe left our house early this morning in West Plano TX on foot in a navy t shirt without his p","0"
"Issa beautiful morning to be a thick girl","0"
"It Hot In FL i stg it was scalding this morning","0"
"morning bloom","0"
"Blue Morning by Ruth Palmer art","0"
"I miss the times when i was little and used to wake up at this time in the morning to watch my favorite cartoon shows","0"
"Does Working Out in the Morning Speed up Your Metabolism","0"
"Good morning Happiness","0"
"december morning","0"
"Watts Last night it was cold amp windy amp when I opened my door this cricket hopped in so I set him up good for the night l","0"
"Me every morning","0"
"So jealous of everyone having freestyle animation fun so I made some time to show how my wife gets ready in the morning","0"
"It s December 10 2017 at 08 15AM good morning people","0"
"morning bloom","0"
"Good morning birthday boy HappyDanielDay","0"
"Morning","0"
"Watts Last night it was cold amp windy amp when I opened my door this cricket hopped in so I set him up good for the night l","0"
"good morning everybody you better be texting RESIST to 50409 to save net neutrality right fr cking now","0"
"You know you re a parent when 9 15 in the morning feels late in the day","0"
"Morning","0"
"Pros I don t like sleeping Everything said above Cons You feel awful in the morning Your life is n","0"
"Good night Petrarch Good morning Shakespeare","0"
"sunday morning love you","0"
"Good morning Photo Rediyar Hostani SupportKurdistan TwitterKurds","0"
"InsatiableLust Good morning cuties","0"
"Palestinian protesters set fires in Gaza Thursday morning and chanted Death to America Aren t you glad we send them 50","0"
"Health Minister has called in Federal police to investigate claiming his twitter account was hacked ove","0"
"It s December 10 2017 at 08 15AM good morning people","0"
"morning bloom","0"
"Morning","0"
"Beautiful morning","0"
"I like when they text me good morning or call me Check up on me all the time I actually don t find that annoying I don","0"
"Start Your Day With Fajar ALLAH Will Turn All Your Problems Into Solutions SHUKARALHUMDULILLAH Morning all have good","0"
"morning bloom","0"
"9 things your baristas wish you knew","0"
"official adesanmi Sheybi ISO oru is not eve","0"
"Lewis Good morning this little boy is the future of music","0"
"Good morning May your day be filled with Joy love and laughter today wednesday humpday goodmorning quote quot","0"
"feelings gooooob morning i found a button and decided to swallow it but before i could the human jumped on me from like thre","0"
"Neem and Tusli emits o2 there life Peepal releases Co2 in the late evening to early morning","0"
"guy Good morning","0"
"Late night Saturday night truthfully I guess it s actually early morning Sunday chilling with my oldest 1 20","0"
"I m stuck in Atlanta until Monday morning due to the weather Busy today Sunday 10 I can leave my number","0"
"Just say a prayer baby girl in the morning it ll be alright","0"
"Lewis Good morning this little boy is the future of music","0"
"G F Y B F Good Morning","0"
"Good morning sleepinthepark As we go home to our warm beds it s important we don t lose sight of the fact that what was","0"
"Residents of Carpinteria amp Summerland will see smoke amp fire activity from the Thomas Incident now through the morning amp t","0"
"Hello good morning sweety","0"
"Good morning","0"
"Let s have some fresh nice fruit for the morning","0"
"ALDUBPagAsaAtTiwala Happy sunday datu chie26","0"
"Super morning","0"
"Hey Sunday morning Entrepreneurs GETMOTIVATED LAUCH SUNDAY S 8 47 am ET PERISCOPE Only HighA","0"
"Everything be funnier at 1AM in the Morning lmaooo","0"
"Good morning please send your proposal to customercarenigeria com Thank you","0"
"This will be hilarious Nobody could be more unwelcome in Alabama than Joe Actually I m wrong","0"
"morning happy birthday so happy to meet you to more SHINee moments Love love","0"
"WaPo Reporter Dave Weigel Deleted Bogus Trump Rally Photo After White House Called Him Out Saturday Morning","0"
"Maybe the 800K in campaign donations from Len Blavatnik will help clear it up for you I","0"
"Good morning yesterday at around 9 pm I got a very disturbing call from one of the kids at the Orphanage and it went thu","0"
"Good Morning Viewers Happy Cool Sunday Enjoying Your winter nights with Hot and Sexy Call girls in Islamabad R","0"
"Beautiful nights Early morning Mississippi","0"
"2 in the morning my mind is on you","0"
"Me screaming the same thing at 1 00am in the morning","0"
"Watts Last night it was cold amp windy amp when I opened my door this cricket hopped in so I set him up good for the night l","0"
"Instagram showed me two posts from a week ago this morning Facebook had a post that was two weeks old It takes 10 15 posts","0"
"I am extremely lazy to pack my luggage its still empty and im flying tmr morning","0"
"it didn t snow and im out of milk so i have nothing to eat for breakfast this is A Bad morning","0"
"My girl waking up at 6am to do my makeup I m gonna stunt so hard on everyone tmrw morning","0"
"very fresh morning to be working","0"
"Watts Last night it was cold amp windy amp when I opened my door this cricket hopped in so I set him up good for the night l","0"
"Be real be yourself be unique be true be honest be humble be happy Enjoy life the way it is Good morning","0"
"ColeSmith When no one is watching what are you doing You don t get to New York without work Picture I took on a Sunday morning","0"
"I went 19 years without cussing in front of my mom This morning thinking no one was home I said to myself in the mirro","0"
"There s such a beautiful snow carpet behind my window this morning","0"
"This is how I wake up in the morning stonesour yandt hydrograd summertimegirls","0"
"mohsin Good morning Happy Sunday","0"
"Beautiful morning Christmas First snowday2017","0"
"1998 Good morning friends I hope that all of you remind us which country you belong to My name is Khulood From Pa","0"
"garcia A Morning Note to Self NTS They laugh at you because you re different But just laugh at them because they re all th","0"
"Good morning Have a blessed Sunday From Lebanon with","0"
"3 15am on a Monday morning we at da Loft fwus dis weekend in Nola aka New Orleans La","0"
"Me every morning before going to school","0"
"Due to market forces I m unable to get out of bed in the morning and constantly on the verge of tears Market forces shoul","0"
"Because I love listeners I record intros between LakersWin and Panthers in the morning","0"
"Watts Last night it was cold amp windy amp when I opened my door this cricket hopped in so I set him up good for the night l","0"
"Watts Last night it was cold amp windy amp when I opened my door this cricket hopped in so I set him up good for the night l","0"
"I had the good fortune of finishing a party like this at 3 24 am this morning","0"
"If that school doesn t know it has a bullying problem it will on Monday morning So encoura","0"
"Good morning","0"
"Me every morning before going to school","0"
"I want to stream the WINGS final concert but it s so early in the morning for me what to do","0"
"Morning","0"
"Swathy Anju Gd morning","0"
"Reading my morning leadership article with a different view It reminds me to take the time each day to reflect on the","0"
"reddy Gd mng Guys Fresh up ur morning with this Beautiful Smiles without any cost Khoobsuratsmile","0"
"Good morning people common united","0"
"Good Morning A blessed Sunday to you all","0"
"speaks Good Morning Thala Ajith fans Have a Lovely Day Viswasam","0"
"Watts Last night it was cold amp windy amp when I opened my door this cricket hopped in so I set him up good for the night l","0"
"It s a sinday stockings kinda morning Anyone care to join NGOT 2","0"
"I regret not going out tonight But graduation is in the morning","0"
"Good morning everyone","0"
"back to work in the morning","0"
"Man my dog s energy level in the morning puts me in the greatest mood He s a beautiful fresh new soul so happy to be","0"
"ColeSmith When no one is watching what are you doing You don t get to New York without work Picture I took on a Sunday morning","0"
"There are hundreds of Republican Party members of Congress Each of them wakes up every morning and says to himself tod","0"
"TOTGA NOPE Good Morning Loves aldubvines ALDUBSaPusoko","0"
"Reneilwe M A Sunday morning proverb","0"
"Hina has been an amazing singer which you must have known by now Her favourite song is raabta besides lag jaa gale He","0"
"Good Morning Quick publicity Grow twitter and instagram followers at a very cheap","0"
"A Kafkaesque World With the inquisition spirit amp the criminalization of politics you will soon wake up every morning with th","0"
"Oh shit I gotta work in the morning","0"
"Damn I could not get this intro finished tonight um I mean morning it s gone 6am","0"
"Everything about this video of my dog zipped into my dad s hoodie and howling along to a string quartet cover of a U2 son","0"
"Early bird catches the Worm sun sunrise winter morning earlymornings clouds","0"
"Our sunday morning lol","0"
"Sunday morning 11am come join me at Family Baptist Church in Lebanon TN","0"
"Good morning my neighbours","0"
"Rugby 7s for the morning Kenya 5 2 and 8 5 hcap England 7 4 amp France 3 1 and 8 5 hcap","0"
"khatri posture Chan Chan","0"
"Morning","0"
"91 show them in the morning why we ain t worried big fella We gone eat soon as the table set","0"
"Sunday morning and the boys have gone fishing in lovesouthafrica LoveOverberg","0"
"Sunday morning and the boys have gone fishing in lovesouthafrica LoveOverberg","0"
"Good morning message from the community You re my top new connects this week","0"
"Good Morning World I Need More Sleep Went to bed at 3am and up at 7am I m getting too old for these late nights","0"
"I went 19 years without cussing in front of my mom This morning thinking no one was home I said to myself in the mirro","0"
"johncarloa Good morning indeed Good to see you together again Binuhay nyo ulit ang dugo ng mga bees Ho","0"
"1 Good morning I m sure your excited about the holidays amp going home to your families I ll be spending some time w my","0"
"Good morning Edinburgh","0"
"Woken up by rain on the sky light above the bed rather lovely Morning all","0"
"Morning guys Happy sunday","0"
"Absolutely even the best christian schools sing hymns everyday morning Why Gita can t b taught in o","0"
"Twitter World Good Morning","0"
"Good morning except those who are still sleeping","0"
"Good morning aap congress mein as jatin to baat ban jatin","0"
"Good morning Sharon Fantastic pictures Have a good day and I hope you also put your feet up","0"
"suzie Forever ericasmith","0"
"Good Morning bhai and all Friends","0"
"Watts Last night it was cold amp windy amp when I opened my door this cricket hopped in so I set him up good for the night l","0"
"serpent 1 Knowing Trump s path to the presidency may provide much needed prologue for what is going to happen with the circle","0"
"Start Your Day With Fajar ALLAH Will Turn All Your Problems Into Solutions SHUKARALHUMDULILLAH Morning all have good","0"
"Twitter the world good morning","0"
"Men I need my girl to be skinny with REAL perky boobs and a huge ass Her teeth have to be perfect pretty toes neve","0"
"my brother and his gf are arguing its 6 in the fucking morning","0"
"Great morning Dubai mydubai uae","0"
"Watts Last night it was cold amp windy amp when I opened my door this cricket hopped in so I set him up good for the night l","0"
"Im not going to let you drag me into court over petty bullshit So you enjoy yourself at eight thirty monday morning Im","0"
"when it s back to morning shifts after almost a week of swing shifts","0"
"Maybe we should start calling him Chance the Meteorologist Or not Here s your morning forecast from","0"
"Good morning Sir my DG of everything May heaven continue to bless you abundantly haters ca","0"
"Please send positive vibes to as she was hit this morning while being a pacer at Klang International Maratho","0"
"Morning Darklings","0"
"good morning","0"
"Road conditions are very poor in Worcestershire this morning Only make absolutely necessary journeys LB","0"
"9 things your baristas wish you knew","0"
"Good morning NadineFor SonyAlpha SonyClickToClique","0"
"Good Morning Viewers Happy Cool Sunday Enjoying Your winter nights with Hot and Sexy Call girls in Islamabad R","0"
"Okay I haven t updated this in forever but this morning I told Beth to stop being a ho and put a shirt on","0"
"morning","0"
"Watts Last night it was cold amp windy amp when I opened my door this cricket hopped in so I set him up good for the night l","0"
"Tomorrow sits down with Grammy nominated rapper Tune in at 9am ET","0"
"Good morning","0"
"Watts Last night it was cold amp windy amp when I opened my door this cricket hopped in so I set him up good for the night l","0"
"1 He d better get to bed soon though His training shift at","0"
"This smile say everything Beautiful smile Always keep smile my sir good morning sir","0"
"baba Morning SA I m asking for a job or assistance to find work i am really starving with my kids pls I am semiskilled pipefit","0"
"Good morning","0"
"Get a chance to win 1 of TEN SmartiPhoneX on secret locations in the Metro Find the clues amp venues via social media amp beat","0"
"bestia96 Got that same text this morning","0"
"chie26 Likewise po titaB Good morning po ALDUBPagAsaAtTiwaLa","0"
"RT","0"
"Gd morning Sir Financial freedom is the 21st century definition of retirement Have a nice","0"
"Give it up for these Toddlers They stood up on a Sunday morning braving the winter winds to give the","0"
"dan Morning Eva God is great He does what no man can do kitale ni baraka tu FM MileleGospel","0"
"Good morning Twitterworld","0"
"Mr Stunning comes up 2 1 favourite on the local tote Lucky Bubbles 3 4 The 2 6 and 4 8 with the bookies this morning looks nice now","0"
"Was in no mood for a Swedish massage this morning Hence took the Jet","0"
"Good Morning My Dear All Happy Sunday Folks","0"
"p20 Sleep till noon To avoid morning regrets","0"
"Watts Last night it was cold amp windy amp when I opened my door this cricket hopped in so I set him up good for the night l","0"
"When you see yourself in the mirror first thing in the morning","0"
"chie26 A blessed Sunday morning happy to be alive Thank you Father God ALDUBP","0"
"My roommate s cousin Julia went to a bar got hammered and woke up to this video texted to her the next morning https","0"
"A breath taking view on a Sunday morning brought to me by KQ601 from Mombasa to Nairobi Snowcappe","0"
"Beautiful morning Christmas First snowday2017","0"
"mystery one the writer fascinated on solving out Riverdale hadn t been the same since the morni","0"
"Twitter World Good Morning","0"
"Good morning Jude your lovely fairy brings a smile to my face today","0"
"suzie Forever ericasmith","0"
"suzie Forever ericasmith","0"
"ALDUBPagAsaAtTiwala Enjoy your Sunday Jason","0"
"affiliate Happy to connect have a great Sunday Good morning message from the community","0"
"Good morning Twitterworld","0"
"CAN I GET A GOD MORNING EVERYONE XXXXXXXXX","0"
"Good morning","0"
"OO Ba Morning stay blessed","0"
"Watts Last night it was cold amp windy amp when I opened my door this cricket hopped in so I set him up good for the night l","0"
"Kenyan Ambassador admits Obama born in Kenya on The Mike In The Morning show on WRIF radio in Detroit sa","0"
"Watts Last night it was cold amp windy amp when I opened my door this cricket hopped in so I set him up good for the night l","0"
"Jorge Tell me why this picture just called me and said it s five in the morning","0"
"Me every morning before going to school","0"
"Get TheseGirlsAcoustic now then set your alarms for the tomorrow morning","0"
"Edys lk on Sulaiman Terrace off Jawatte Road near English Cake Company has some very reasonably priced Christmas de","0"
"Lewis Good morning this little boy is the future of music","0"
"suzie Forever ericasmith","0"
"Good Morning Dearest Outlanderfamily Have A Peaceful Sunday Evry1","0"
"I paid my gotv plus subscription this morning on IUC 2018665694 However my gotv is yet to be activated","0"
"Oh Constant Spring police station will be in the news again They held two men in the pound about 2am this morning ste","0"
"I like when they text me good morning or call me Check up on me all the time I actually don t find that annoying I d","0"
"Waking up every morning wondering if you re coming down with a cold or if this is just how you wake up now","0"
"Good morning nay MORxOneMusicFanFestAtEK","0"
"Watts Last night it was cold amp windy amp when I opened my door this cricket hopped in so I set him up good for the night l","0"
"Good morning","0"
"Just got home from work and I have to be back at 8am to deal with the Sunday morning church crowd Kill me please","0"
"Good morning Joanna","0"
"I am deadly fucking serious it is one o clock in the morning here and I am in a bad mood as it is","0"
"Good morning and if you don t say it back you ll have a bad day","0"
"Good Morning","0"
"RT","0"
"era8 and fellow finalists having a little fun at the studio this morning Heisman2017","0"
"I was excited about the snow this morning and these cynical ass New Yorker bitches I call my friends I love them t","0"
"Good morning sleepinthepark As we go home to our warm beds it s important we don t lose sight of the fact that what was","0"
"ikram morning","0"
"xo Good morning","0"
"I literally felt like I was hit by a bus this morning","0"
"Good morning Have a coffee on us and a good day KaishaDogTrainers","0"
"Good morning everyone Video via","0"
"We are breaking a big story tomorrow morning Please stay tuned","0"
"Like Good morning everyone Did I happen to profess my love to any of you last night Give an in depth history","0"
"RT","0"
"Me every morning before going to school","0"
"Good morning Jude your lovely fairy brings a smile to my face today","0"
"Yeah we have family there said that it was snowing Fri night and a little this morning Kept hopin","0"
"Q wakes up at midnight and will say good morning","0"
"So the baby amp I touch down in a hood near you Monday morning you ll be hearing from us","0"
"Say it loud and say it often because our made it possible Good morning Patriots Celebrate today knowing we are t","0"
"If I get up at 11 59 technically that s still morning","0"
"Good Morning","0"
"Watts Last night it was cold amp windy amp when I opened my door this cricket hopped in so I set him up good for the night l","0"
"drop69 Good morning Nice Joe have a wonderful day sweetheart hi Coco love ya","0"
"Watts Last night it was cold amp windy amp when I opened my door this cricket hopped in so I set him up good for the night l","0"
"We started this morning with opening prayers SuperSunday","0"
"TN Let s flood this school and Union County School Board Monday morning and tell them this is NOT acceptable","0"
"350k will do for dz morning","0"
"Sending a girl a text that says good morning beautiful can change her attitude for the whole day","0"
"Watts Last night it was cold amp windy amp when I opened my door this cricket hopped in so I set him up good for the night l","0"
"We slept in until 11 this morning and now we re paying for it by being up at 1 a m Man not having kids is brutal","0"
"The tops of the buildings of downtown Pittsburgh glow in the early morning fog as the first hint of daylight begins to ap","0"
"Endorsment shoot for Kath today while Dj attends a christening this morning","0"
"chie26","0"
"Good morning beautiful people","0"
"Im not going to let you drag me into court over petty bullshit So you enjoy yourself at eight thirty monday morning","0"
"Good Morning Everybody Hope You All Have A Brilliant Weekend","0"
"It s December 10 2017 at 08 15AM good morning people","0"
"You know what s great about closing and then having to open the next morning Literally nothing","0"
"Good morning friskyfriday mirrorselfie ink sexywife","0"
"It s so cold this morning I can feel my tears turning into ice","0"
"lazy morning","0"
"I think they ll b able to skate in the morning laboroflove","0"
"Good Morning Viewers Happy Cool Sunday Enjoying Your winter nights with Hot and Sexy Call girls in Islamabad R","0"
"Good Morning xxx","0"
"Good morning","0"
"I like when they text me good morning or call me Check up on me all the time I actually don t find that annoying I don","0"
"Saturday Night vs Sunday Morning","0"
"Watts Last night it was cold amp windy amp when I opened my door this cricket hopped in so I set him up good for the night l","0"
"baba Morning SA I m asking for a job or assistance to find work i am really starving with my kids pls I am semiskilled pipefit","0"
"PriceBlazepk Happy Sunday Morning Visit priceblaze pk Priceblazepk Sunday QOTD Sundaymorning","0"
"good morning loves","0"
"Rasigan 142 Thalapathy Cute Experssion Cute Morning Thalapathy bloods rasigai sree in thangai2","0"
"Morning all I do love the snow in its virgin state","0"
"Good morning yesterday at around 9 pm I got a very disturbing call from one of the kids at the Orphanage and it went thu","0"
"I owed 3 900 lastnight to the school and this morning I only only owed 1 933 34 When I went to figure out how I was gone pay","0"
"Actress Raline Shah s IG Update with Seungri A good morning with the Birthday Panda Thanks for all the good times so fa","0"
"hensel","0"
"Good morning","0"
"Yay Hopefully they repair fortnite before the stream then there were some issu","0"
"fuck work in the morning i wanted to be with my friends tonight ugh","0"
"Kushushu So early in the morning","0"
"171208 Chungha morning","0"
"My brain is now getting back at me for making it stay up until 6 am Friday morning doing homework to get up at 8 30","0"
"Me every morning before going to school","0"
"Good morning NowPlaying Les Spann Quintet Personnel Julius Watkins fh Les Spann g Tommy Flanagan p Sam Jones b amp","0"
"This morning was incredibly hard waking up but look I did it","0"
"Good morning fam MORxOneMusicFanFestAtEK","0"
"Good morning MoreInLove withMAYWARD","0"
"It s December 10 2017 at 08 15AM good morning people","0"
"morning","0"
"Everything about this video of my dog zipped into my dad s hoodie and howling along to a string quartet cover of a U2 son","0"
"Top o the morning to ya","0"
"Me every morning before going to school","0"
"3 people dead 1 dead after car they were travelling in rammed into a truck in the early morning hours in Banda","0"
"FB fans best of luck to Austin Rosenberry as he competes Sunday morning in the 2017 National Bowl Roster","0"
"Watts Last night it was cold amp windy amp when I opened my door this cricket hopped in so I set him up good for the night l","0"
"Headline of Japan Times this morning Japan EU trade pact nears reality In the U S our withdrawal from TPP gets lost","0"
"Casey Everett relaxing at home on a rainy day Looking sexy in his baby blue underwear he pulls his","0"
"A middle of the night misunderstanding can lead to some interesting conversation in the morning","0"
"Morning Darling xxxx","0"
"Good morning","0"
"Night i wan ittt Sssso i push up on it night i call it E early in the morning","0"
"Harvesters is 14 today You sure don t want to miss church this morning Stay tuned to God s awesomeness he","0"
"Pumpkin Mommy i want to sleep with Bea Me Imma sleep here tonight I ll see you in the morning pumpkin Pum","0"
"It s December 10 2017 at 08 15AM good morning people","0"
"Evening before morning","0"
"Houston Texas this morning WinterWonderland","0"
"need to be sleep kus I got church in the morning but I m wide awake","0"
"jaewin in the morning","0"
"omg it s 2 46 in the morning I should go to sleep smh why do I do this to myself","0"
"NombuleloM Well i don t understand the first line but Good morning how is you","0"
"Good Morning Viewers Happy Cool Sunday Enjoying Your winter nights with Hot and Sexy Call girls in Islamabad R","0"
"Morning","0"
"Good morning Hell","0"
"good morning the snow is heavy as frick and it s cold and the road is white so I probably won t be going to the dan","0"
"Morning warm up sketch Wildcat thomasperkins characterdesigner earth2 wildcat","0"
"Sheriff All hat no cattle got his butt handed to him this morning","0"
"I ll deactivate in the morning Lemme say bye to some folks first","0"
"Shocking ultra rare tragedy reported in India Morning Ticker","0"
"Recurring meetings are so pointless Yes sometimes meetings are necessary but those happen organically not because it s 10 a","0"
"More snow hysteria reported in this morning It s been snowing in Scotland too","0"
"ISP investigating crash that kills teen Saturday morning","0"
"Good morning Twitterfriends","0"
"I didn t know if I wanted ravioli or a hot pocket so I made both says Kalah at 1 in the morning","0"
"naina Good morning HaPpy Sunday","0"
"nice place good morning","0"
"Read my Dec 10 Newsletter featuring 14 of the Best Morning Routine Hacks Proven to Boost Productivity","0"
"we told yall this is NOT a game there was literally traffic on my way to the bathroom this morning","0"
"Me every morning before going to school","0"
"Good morning please DM us the request number and a contact number with the full name to check and assistance","0"
"LOVEO6 Many people around the British Isles woke up to snow this morning Very festive weather","0"
"Good morning all Liverpool FC family It s derby Day Let s get right at these blue shirts from the very first minute","0"
"Every dark light is followed by a light morning","0"
"I love the smell of new iTunes reviews in the morning","0"
"Look at what s happening with this mans financial teaching GetMotivated tomorrow morning at 8 47 AM","0"
"Good morning and HappySunday","0"
"bruh i remember 2016 summer i went to bed at 7 in the morning holy shit it was fun and bad","0"
"View from my driveway this morning","0"
"I told Jacob all I wanted for our 4 year anniversary gift was for him to go stand in line at Schlotzskys at 8 am this mornin","0"
"GOOD MORNING Today is the day our bodies sore dancing in fancy dresses amp suits sjicbnprom17","0"
"Dhan Dhan Satguru Tera Hi Aasra Good","0"
"40 Nina says Good Morning Twitterworld Thanks to for donations to help CurePetCancer2017 this month Have a fa","0"
"I got home from work so late tonight but I hope P wakes up early in the morning because I miss him so much I just want to cuddle him","0"
"morning to rose","0"
"Morning U 2","0"
"Hina has been an amazing singer which you must have known by now Her favourite song is raabta besides lag jaa gale He","0"
"Good Morning Patriots Happy Saturday It s a great day to celebrate our wonderful So Tweet for Trump and Ameri","0"
"Good morning Happy Sunday","0"
"National 171208 SBS Morning Wide s ending song is BTS lt MIC Drop Remix gt twt","0"
"Me every morning before going to school","0"
"that morning text you get that has you feeling good all day yeah i didn t get that either","0"
"baba Morning SA I m asking for a job or assistance to find work i am really starving with my kids pls I am semiskilled pipefit","0"
"I m up like if i don t have work early in the morning","0"
"Ain t feeling good this morning","0"
"She hates bugs Her hobbies are watching the sky in the morning and cooking Umji s ideal type is Cha Tae Hyun","0"
"good morning Frank uwu","0"
"vamps16 rt or like if you stan Why don t we New Hope Club One Direction The Vamps Panic at the disco Selena Gomez Camila Ca","0"
"And to be able to wake up and say hi to her every morning","0"
"Good morning Sunday with a bunch of Smile from Me and the kids Represented smilefoundation at","0"
"Morning","0"
"Good morning sleepinthepark As we go home to our warm beds it s important we don t lose sight of the fact that what was","0"
"There you go lighting my phone up And I know what you re wanting Cause nobody likes a lonely at two in the morning","0"
"Brighten up your Sunday with Sunday morning coffee sunday weekend strong coffee morning","0"
"National 171208 SBS Morning Wide Entertaiment News BTS twt 3","0"
"The first person you think of in the morning or last person you think of at night is either the cause of your happiness o","0"
"Good morning have a good Sunday","0"
"Watts Last night it was cold amp windy amp when I opened my door this cricket hopped in so I set him up good for the night l","0"
"Shocking ultra rare tragedy reported in India Morning Ticker","0"
"tshabalala morning bra ya motho","0"
"Good morning KissTon fanmily This is THE DAY we ve been waiting for And we re just counting few more HOURS yet it feel","0"
"Morning guys Happy sunday","0"
"Sunday morning motivation","0"
"Good morning abolish the police prison industrial complex That is all","0"
"1 Good morning I m sure your excited about the holidays amp going home to your families I ll be spending some time w my","0"
"Hina has been an amazing singer which you must have known by now Her favourite song is raabta besides lag jaa gale He","0"
"There are hundreds of Republican Party members of Congress Each of them wakes up every morning and says to himself tod","0"
"Good morning friends We are playing the finals of Amity Polo Cup today 3pm onwards at Jaipur Polo Grounds Its going t","0"
"Gritters amp snowploughs are working hard but there is very heavy snow across all of Worcestershire this morning p","0"
"I had one foot out my front door when two dudes harrassed me yelling their number saying heyo beeras because I was wear","0"
"ok i kno it s four in the morning but if we ALL as an entire generation get a face tat they have to hire us we ca","0"
"Everyone is beautiful Your SMILE is the secret so don t hide it Good morning y all","0"
"morning skies","0"
"Good morning","0"
"I really hate it though that I m like the only one that can t do shit cuz I gotta work in the morning ugh being an adult sucks","0"
"Why Are Men So Horny in the Morning","0"
"Weather Rain in the morning and breezy until evening dress well and have a good day","0"
"Like I m in the mood to just get spanked fukd real quick and sent to bed bc a Betch got work in the morning","0"
"tahjtahj Please RETWEET my sister is missing and hasn t been home since yesterday morning she was last seen at a party in Daly City a","0"
"Me every morning before going to school","0"
"Sheela vijay szama","0"
"We had a very lit breakfast this morning thanks to the mimosas","0"
"Good morning","0"
"leave me questions to answer in the morning pls","0"
"There s NO reason what so Ever why he can t spend christmas morning with his child none","0"
"National 171208 SBS Morning Wide Entertaiment News BTS twt 2","0"
"About this morning skyperth fremantle southbeach sunrise perth australia","0"
"Good morning everyone","0"
"Thousands of people lining up for a free dental clinic at 4 in the morning here in Phoenix Perfectly normal thing that","0"
"Haan good morning","0"
"Morning all mudah andilancarkn","0"
"Watts Last night it was cold amp windy amp when I opened my door this cricket hopped in so I set him up good for the night l","0"
"Good Morning Today retweet leadership","0"
"Lamentations 3 22 23 22 Because of the LORD s great love we are not consumed for his compassions never fail 23 They a","0"
"Bitcoin Morning Brief w Jimmy Opendime Bitfinex ed Lawyers Up amp Price The brief also","0"
"New post Try these Morning Yoga Poses to Lose Weight has been published on Fun Shop Telugu","0"
"Larkie Hello Good morning kaha hain aap I vote HellyShah for Devanshi TVP","0"
"Excellent news I m glad to hear that hun I m just about to make my morning want one","0"
"it s one in the morning amp I m jamming out to the grinch soundtrack wyd","0"
"I walked out of Hotel this morning and this is the first damn thing I see","0"
"Good morning Today ground breaking of another 1263MW Punjab power plant inshaAllah Another step towards Roshan Pakista","0"
"9 things your baristas wish you knew","0"
"I m sorry General the line was just killer and I needed my morning latte whoa I see I missed","0"
"Morning people","0"
"RT","0"
"Morning workout Stretching lines and saving lives Jobs DoWork Firefighters","0"
"You and me in the morning sir LFC YNWA COYR GetOutOfMyPark","0"
"Good morning Have a blessed Sunday From Lebanon with","0"
"Early morning Sunday with it being this cold is hell literally the worst combo","0"
"National 171208 SBS Morning Wide Entertaiment News BTS twt 1","0"
"III Good morning i would like an iced cold coffee Zayn and his american accent","0"
"bestia96 Good morning text I do not know how that feel Only text I get is sprint talking bout my bill","0"
"Good morning Africa No matter how powerful a man he cannot make rain fall on his farm alone African Proverb Photo","0"
"Hina has been an amazing singer which you must have known by now Her favourite song is raabta besides lag jaa gale He","0"
"Ganaps on top of ganaps Naman naman at Edward LLS taping Naic Cavite Fiesta Guesting R","0"
"Watts Last night it was cold amp windy amp when I opened my door this cricket hopped in so I set him up good for the night l","0"
"Good morning Twitter world 13 days left fr the release of AmazonObhijaan Few painful moments from the shoot","0"
"If the Morning Started without Sun Urs Musics Would be enough to Light the Path Of our Day","0"
"I m glad I m seeing this trending It s 3 02 in the morning EST and the entire country is in military curfew The incumbent","0"
"Good Morning","0"
"Waking up every morning wondering if you re coming down with a cold or if this is just how you wake up now","0"
"It seems that it became clear that the awakening in the morning is made refreshing physiologically relaxing the elderly","0"
"Darshani Brahmins would not take food or water before having the darshan of emperor Akbar in the morning","0"
"Me every morning before going to school","0"
"Ind Told to act on him instead team sent him on some channels as spokesman have proof amp since morn","0"
"good morning","0"
"Takin moms to church in the morning again","0"
"morning","0"
"good morning everyone","0"
"Good morning This is a photo of a tiny owl who is best friends with a large dog Have a smashing day","0"
"Only Texas has snow in the morning and is sunny in the afternoon","0"
"70R","0"
"Interesting walk through O Bahn tunnel at Rymill Park this morning after we were advised that there was no emergen","0"
"feelings hi i have some big news but it must remain secret according to my fren very soon everything will be attacked by l","0"
"Good morning from photo by Rachael Webster","0"
"beauty7 Good Morning desi chicks htt","0"
"Babess Good morning My Beautiful Prince","0"
"Watts Last night it was cold amp windy amp when I opened my door this cricket hopped in so I set him up good for the night l","0"
"Romance is in the air for fantasy boyfriends Ben Masters and Joey Mills In a secluded cabin deep in the woods Ben wakes","0"
"I wanted to go jogging this morning but then I remembered that proverb 28 1 says wicked run when no man is chasing them","0"
"A Kafkaesque World With the inquisition spirit amp the criminalization of politics you will soon wake up every morning with th","0"
"Morning Sam amp Colin needed the loo now in bed with my headphones on listening whe","0"
"Morning","0"
"A cold day ahead with some heavy showers this morning turning wintery this afternoon with highs of 4 degrees","0"
"Good morning birthday boy HappyDanielDay","0"
"Mehta Sahib Good morning you were the one who broke the story ist of wockhardt PHARMA chikalthana","0"
"Yeah partying is great but have you ever slept for at least 8 hours again and felt so ready in the morning to take on every","0"
"Watts Last night it was cold amp windy amp when I opened my door this cricket hopped in so I set him up good for the night l","0"
"Good Morning World","0"
"Sitting in my gut this morning the price Mmatshilo Motsei paid for writing The Kanga and the Kangaroo Court Donor fun","0"
"I just realize I haven t eaten anything since I woke up this morning","0"
"Good morning from Budapest","0"
"Good morning","0"
"Beautiful morning Christmas First snowday2017","0"
"Good morning MarNigo fam Sadly as much as I wanted to go on a road trip to Sta Rosa Laguna with Team Live I have","0"
"KANG CHODING kicked ONG s rope while he was practicing amp it hit ONG but DANIK hugged him so fast Sorry sorry i m really","0"
"Gaza Good morning from Palestine 7 43 AM","0"
"WINONA Good Morning","0"
"Wake up every morning gotta show my breasts some love Could do with some help though","0"
"Programming is not easy like Sunday morning it is silent poetry Waseem Latif","0"
"Gooooooood MORNING my people It s gonna be poppin today here at CWL Dallas Let s get it","0"
"Morning","0"
"nivethathomas so cute good morning Nivetha","0"
"Watts Last night it was cold amp windy amp when I opened my door this cricket hopped in so I set him up good for the night l","0"
"Me venting at 3 30am on the morning of May 11th","0"
"Morning","0"
"Watts Last night it was cold amp windy amp when I opened my door this cricket hopped in so I set him up good for the night l","0"
"This will be hilarious Nobody could be more unwelcome in Alabama than Joe Actually I m wrong","0"
"GOOD MORNING ITS A SNOW DAY","0"
"Morning everyone","0"
"Watts Last night it was cold amp windy amp when I opened my door this cricket hopped in so I set him up good for the night l","0"
"BREAKING Kyle McLaughlan fined for being a pussy ass bitch in Brighton UK Confirmed dead at 07 15 this morning","0"
"I should probably get some sleep since I m workin a double tomorrow morning","0"
"Today Morning JANASENA IN ONGOLE","0"
"Hold onto everything blowing a hooley this morning even the cat is refusing to go out","0"
"baba Morning SA I m asking for a job or assistance to find work i am really starving with my kids pls I am semiskilled pipefit","0"
"when girls wake up in the morning after sleepovers we don t even talk to each other for a good 20 minutes we just sit on ou","0"
"CY Good morning all Don t forget to Pre order EXO winter album Thank you and Have a great sunday","0"
"Good morning","0"
"Im gonna bump that kagehina in the morning Lol oops posting at 1am","0"
"40 Nina says Good Morning Twitterworld It s 2 00AM and I m ready to play I think I ll wake up Dave Have a fun Caturday eve","0"
"me on Christmas morning walking straight to that tree","0"
"good morning","0"
"I owed 3 900 lastnight to the school and this morning I only only owed 1 933 34 When I went to figure out how I was gone pay","0"
"so i took a fresh one this morning as fresh as my well brewed coffee so here goes my sexy Javaco Melange coffee brewe","0"
"Everything about this video of my dog zipped into my dad s hoodie and howling along to a string quartet cover of a U2 son","0"
"Good morning gais","0"
"Around 5 30 each morning President Trump wakes and tunes into the television in the","0"
"p20 Sleep till noon To avoid morning regrets","0"
"Watts Last night it was cold amp windy amp when I opened my door this cricket hopped in so I set him up good for the night l","0"
"sakura ginghs inARTeam joan","0"
"My morning is perfectly beautiful","0"
"Don t you just love seeing nudes while drinking coffee in the morning","0"
"Kayyylaaaa just getting off and have to be right back in the morning","0"
"Good morning all beautiful souls at Twitter","0"
"If that school doesn t know it has a bullying problem it will on Monday morning So encoura","0"
"I saw SARS along Osogbo Ilesha Road this morning after looking at my papers the guy asked for my DRIVER LICENCE I told h","0"
"good morning Diane x have a good day xx stay safe xx","0"
"Morning","0"
"Morning Dew Almighty and merciful God let neither our daily work nor the cares of this life","0"
"Good morning family","0"
"Watts Last night it was cold amp windy amp when I opened my door this cricket hopped in so I set him up good for the night l","0"
"Morning should be like this","0"
"Good Morning Everyone Have a blessed amp beautiful Sunday Luv u all guys sunday weekend","0"
"Actress Raline Shah s IG Update with Seungri A good morning with the Birthday Panda Thanks for all the good times so fa","0"
"How to have your morning drive to work","0"
"They aren t alone proved that Juan Williams said this morning that what Brian Ross did was just","0"
"You Can Make Your Morning Easier","0"
"Good morning npower i was pre selected and i receive congratulatory message from npower but now i was not receive a","0"
"Good morning May your day be filled with Joy love and laughter today wednesday humpday goodmorning quote quot","0"
"Good morning love united","0"
"171208 Chungha morning","0"
"Quen at the airport this morning flying back to Manila cto IG","0"
"Good morning dear","0"
"Hina has been an amazing singer which you must have known by now Her favourite song is raabta besides lag jaa gale He","0"
"S R U Oh shoot I almost forgot Starting Monday Morning I m gonna be inactive until the 22nd for School amp Family related stuff B","0"
"Watts Last night it was cold amp windy amp when I opened my door this cricket hopped in so I set him up good for the night l","0"
"I m going to hate myself in the morning brownie sundae icecream icecreamsundae browniesundae dessert","0"
"Wishing you all a lovely lazy Sunday morning ThodaMatchThodaMismatch TheRangritiLife Sunday Morning Lazy","0"
"Good morning","0"
"Good morning Shilpians We Stand By Shilpa","0"
"That s all for tonight s CWLDallas Open broadcast We re back at it again tomorrow morning Broadcast start time is as follows","0"
"morning hollow Dantalian s Chariot Sun Came Bursting Through My Cloud","0"
"Nothing will be wasted good morning","0"
"Good morning zenobia","0"
"my geometry prof is the cutest old man and today he was using wikipedia to show us something and when the notice popped up as","0"
"Morning the season fall Wanaka Lake NewZealand by Jane Clancy","0"
"Me every morning before going to school","0"
"Beautiful morning Christmas First snowday2017","0"
"good morning i didn t die in my sleep","0"
"You know what s great about closing and then having to open the next morning Literally nothing","0"
"Good morning Let me show you something you like","0"
"Growing up in the 90s my dad listened to Rush Limbaugh every morning owned books by Norman Schwarzkopf was an avowed cons","0"
"Me every morning before going to school","0"
"I like when they text me good morning or call me Check up on me all the time I actually don t find that annoying I don","0"
"gooch Morning Ron for you","0"
"That s all for tonight s CWLDallas Open broadcast We re back at it again tomorrow morning Broadcast start time is as follows","0"
"an361 Good morning Have a beautiful sunDay","0"
"She said why don t we both Just sleep on it tonight And I believe in the morning Paul Simon 50 Ways To Leave Your Lover 1975","0"
"ginghs inARTeam joan RTeam","0"
"Wow I can t wait for the massive nosebleed I m going to have in the morning from this weather","0"
"Every Atlanta nigga this morning","0"
"Good Morning","0"
"Morning","0"
"Morning I m having my usual Caramel Macchiato from","0"
"Good Morning Guys Click the link to enjoy me","0"
"ok i kno it s four in the morning but if we ALL as an entire generation get a face tat they have to hire us we ca","0"
"gOOD MORNING OMG AHHH I LOVE YALL","0"
