"My reason for sharing is that I didn t even recognize sexual harassment in my own life until people started speaking up","0"
"it was an honor to speak at MeTooRallyNYC You all gave me the courage to","0"
"soojung is too good for this broken world I did have to let these women know they weren t alone And that I unde","0"
"If you re making anybody uncomfortable don t do that It s not that hard","0"
"If metoo does not include Nyongo and every stage hand PA maid and no","0"
"If metoo does not include Nyongo and every stage hand PA maid and no","0"
"My favorite quote from this article These guys want to do their dirt and then be quiet about it You t","0"
"If metoo does not include Nyongo and every stage hand PA maid and no","0"
"You can always be a media darling even amongst woke lefties as long as the only people you shit on are trans people http","0"
"If metoo does not include Nyongo and every stage hand PA maid and no","0"
"shares his advice to men TIMEPOY","0"
"Milano","0"
"After rising up for we must do the same for","0"
"You can always be a media darling even amongst woke lefties as long as the only people you shit on are trans peop","0"
"If metoo does not include Nyongo and every stage hand PA maid and no","0"
"If metoo does not include Nyongo and every stage hand PA maid and no","0"
"shares his advice to men TIMEPOY","0"
"Men need to hold other men accountable TIMEPOY","0"
"it was an honor to speak at MeTooRallyNYC You all gave me the courage to share my metoo jamestoback spe","0"
"If metoo does not include Nyongo and every stage hand PA maid and no","0"
"If metoo does not include Nyongo and every stage hand PA maid and no","0"
"CrewsCrew Support you 100 Go get em TC","0"
"If metoo does not include Nyongo and every stage hand PA maid and no","0"
"If metoo does not include Nyongo and every stage hand PA maid and no","0"
"it was an honor to speak at MeTooRallyNYC You all gave me the courage to share my","0"
"If metoo does not include Nyongo and every stage hand PA maid and no","0"
"I m drunk watching rerun of you beating Nazis Thanks Well one Nazi boxer BUT STILL","0"
"The truth about the media that MJ fans should already know about MJ already told you all that the media are liars","0"
"Spike yo A gift for you","0"
"it was an honor to speak at MeTooRallyNYC You all gave me the courage to share my metoo","0"
"Terry come on You re better than this shit PoC and trans people both have their own struggles Somet","0"
"Hell no Milano","0"
"made Old Spice relevant","0"
"I support amp","0"
"Spike Oh don t worry he has a pretty glaring character flaw","0"
"Listen to this man It s so simple","0"
"thesilencebreakers powerinnumbers change asiaargento rosemcgowan countlesswomen TerryCrews thank you billyandhell","0"
"Holy crap can you draw What can t you do","0"
"And when you realise you re doing those things apologize and say I m Sorry I was way","0"
"Terry loves yogurt chobani brooklyn99 terrycrews","0"
"My reason for sharing is that I didn t even recognize sexual harassment in my own life until people started speaking up","0"
"For those that don t know her ex boss is Dilan Howard who threatened for speaking out about being sexua","0"
"is one of my favorite dudes ever","0"
"After rising up for we must do the same for","0"
"Former Mossad investigating rape victims possible murder harveyweinstein terrycrews Russelsimmons","0"
"If metoo does not include Nyongo and every stage hand PA maid and no","0"
"second season of UltimateBeastmaster without No thank you","0"
"words are just as powerful as his signature leap through the air It was an honor to speak to him","0"
"My reason for sharing is that I didn t even recognize sexual harassment in my own life until people started speakin","0"
"Spike I know right My pasty bony ass was thinking well I may not be capable of being a professional athl","0"
"words are just as powerful as his signature leap through the air It was an honor to speak to him","0"
"If metoo does not include Nyongo and every stage hand PA maid and no","0"
"words are just as powerful as his signature leap through the air It was an honor to speak to him","0"
"Hi The MeTooRallyNYC is Saturday Dec 9th in front of Trump International Hotel at Columbus C","0"
"It will make you re think humanity our ideals amp how we do things I know the number is hi","0"
"Hi The MeTooRallyNYC is Saturday Dec 9th in front of Trump International Hotel at Columbus C","0"
"Hi The MeTooRallyNYC is Saturday Dec 9th in front of Trump International Hotel at Columbus C","0"
"My favorite quote from this article These guys want to do their dirt and then be quiet about it You t","0"
"Men need to hold other men accountable TIMEPOY","0"
"has a piece of advice for men Until men stand up and say this harassment this","0"
"If metoo does not include Nyongo and every stage hand PA maid and no","0"
"If metoo does not include Nyongo and every stage hand PA maid and no","0"
"If metoo does not include Nyongo and every stage hand PA maid and no","0"
"If metoo does not include Nyongo and every stage hand PA maid and no","0"
"After rising up for we must do the same for","0"
"If metoo does not include Nyongo and every stage hand PA maid and no","0"
"If you re making anybody uncomfortable don t do that It s not that hard","0"
"If metoo does not include Nyongo and every stage hand PA maid and no","0"
"After rising up for we must do the same for","0"
"If metoo does not include Nyongo and every stage hand PA maid","0"
"Every time I think I can t love this man more goes and ups the bar again NO ONE GETS A PASS","0"
"If you re making anybody uncomfortable don t do that It s not that hard","0"
"My favorite quote from this article These guys want to do their dirt and then be quiet about it You t","0"
"I wonder what will happen when men and boys start sharing their sexual harrassment and assault MeToo s by other m","0"
"Guess who s NYPD security chief is","0"
"I m White Chicks still cracks me up Didn t anyone tell you this was an all WHITE party","0"
"If you re making anybody uncomfortable don t do that It s not that hard","0"
"shares his advice to men TIMEPOY","0"
"Men need to hold other men accountable via","0"
"I believe you Terry What you re doing is great and it s so very important Kudos for not letting anyfu","0"
"love you","0"
"After rising up for we must do the same for","0"
"Miller Murray needs to be charged Dunhan is garbage and Judd Apatow your suppo","0"
"Thank you for continuing to speak louder when others tried to silence you I have never used Twitter b","0"
"After rising up for we must do the same for","0"
"shares his advice to men TIMEPOY","0"
"shares his advice to men TIMEPOY","0"
"I wonder how long this topic will trend before people s mind is switched to focus on something else","0"
"After rising up for we must do the same for","0"
"Lena Dunham is known scum her apology is weak The rapist needs to be held accou","0"
"Thank you thank you thank you thank you metoo methree mefour you are a stand up guy and I will","0"
"After rising up for we must do the same for","0"
"After rising up for we must do the same for","0"
"If you re making anybody uncomfortable don t do that It s not that hard","0"
"After rising up for we must do the same for","0"
"shares his advice to men TIMEPOY","0"
"After rising up for we must do the same for","0"
"After rising up for we must do the same for","0"
"After rising up for we must do the same for","0"
"After rising up for we must do the same for","0"
"After rising up for we must do the same for","0"
"Just got your book Love the way you write I can literally hear Sgt Jeffords in my head while I rea","0"
"After rising up for we must do the same for","0"
"words are just as powerful as his signature leap through the air It was an honor to speak to him","0"
"Of all songs then when you shook your head like I was THEW Enjoy your snow an","0"
"You know in my current level of drawing which will improve when I take the next course in a month or two it s i","0"
"is either from the future or else a Terminator robot No being should have both that much talent and p","0"
"is amazing and I officially stan wow","0"
"Nice","0"
"FIFTY THOUSAND DOLLARS CASH","0"
"FIFTY THOUSAND DOLLARS CASH","0"
"FIFTY THOUSAND DOLLARS CASH","0"
"Until men stand up and say this abuse this harassment these assaults are wrong nothing will change And it s","0"
"Damn you are ridic talented","0"
"Yes Yasss You need to be held accountable for the things you say the things you do What it came from is","0"
"hope this helps","0"
"Everyone has there tune they put their make up on to And I m just chilling out singing Wer re Blending by makeupJunkie","0"
"Apparently Kenneth Branagh is making Artemis Fowl into a movie Am I the only person who thinks is dest","0"
"shares his advice to men TIMEPOY","0"
"Yes Yasss You need to be held accountable for the things you say the things you do What it came f","0"
"darram as Locke would ve been amazing","0"
"soojung is too good for this broken world I did have to let these women know they weren t alone And that I unde","0"
"In addition to everything else is also a better illustrator than I am","0"
"Both of you are block","0"
"Spike AHHHHHH IS TOO POWERFUL TO BE A COMIC ARTIST No but seriously holy shit","0"
"Terry Crews like Carrie Fisher before him is far better than we deserve","0"
"You shouldn t play","0"
"I hope I m half the man that you are I ve always enjoyed your work but you","0"
"You are no better","0"
"I stand with you","0"
"Feldman I m sure would give you support All male survivors need to unify and fight until this s","0"
"After rising up for we must do the same for","0"
"I don t need to ar","0"
"Hi The MeTooRallyNYC is Saturday Dec 9th in front of Trump International Hotel at Columbus C","0"
"After rising up for we must do the same for","0"
"After rising up for we must do the same for","0"
"Hello Congrats on being one of Time s Persons of the Year And from a fellow black man thank you for brave","0"
"After rising up for we must do the same for","0"
"These are the facts http","0"
"Thank you Skip T","0"
"soojung is too good for this broken world I did have to let these women know they weren t alone And that I unde","0"
"Hpgood poignant","0"
"These are the fa","0"
"Terry Crews details alleged sexual assault by Hollywood talent agent","0"
"Enjoying the laughs on SavesChristmas on Seed Repping Chicago","0"
"My fianc e and I are just sitting around talking about how much rules so funny so brave so awesome","0"
"shares his advice to men TIMEPOY","0"
"Hello Congrats on being one of Time s Persons of the Year And from a fellow black man thank you for","0"
"Wanna look like but don t know how to Intermittent fast intermittentfasting diet health fitness","0"
"03 I m so proud of you amp admire you sharing your experience Thank you so much Please please go to Fe","0"
"I told Ari Emanuel Dude I m going after Adam Venit You want 2 back him up Then you gonna get it Dude you never though","0"
"trying your Mack and Jeezy recipe that my friend made It looks so good","0"
"If you re making anybody uncomfortable don t do that It s not that hard","0"
"words are just as powerful as his signature leap through the air It was an honor to speak to him","0"
"After rising up for we must do the same for","0"
"Hi The MeTooRallyNYC is Saturday Dec 9th in front of Trump International Hotel at Columbus C","0"
"shares his advice to men TIMEPOY","0"
"shares his advice to men TIMEPOY","0"
"shares his advice to men TIMEPOY","0"
"03 Feldman EXCLUSIVE Former Corey s Angel Mara Moon s Open Letter Bombshell Allegat","0"
"Why do I do intermittent fasting Because if looks this good in a bikini then darn it I will too","0"
"you re so amazing and i m really proud of you and everything you do","0"
"being a Flint native how hard has the water crisi questionsanswered answer in","0"
"shares his advice to men TIMEPOY","0"
"I agree Mia Farrow seemed to do go ballistic when Allen took","0"
"After rising up for we must do the same for","0"
"After rising up for we must do the same for","0"
"After rising up for we must do the same for","0"
"Hour 2 LISTEN HERE FREE You d think being tall amp muscular would prevent being sexuallyassaul","0"
"After rising up for we must do the same for","0"
"shares his advice to men TIMEPOY","0"
"After rising up for we must do the same for","0"
"soojung is too good for this broken world I did have to let these women know they weren t alone And that I unde","0"
"After rising up for we must do the same for","0"
"I hope and vanessasee this","0"
"EFF YES you stepped out Thank you thank you for everything","0"
"After rising up for we must do the same for","0"
"After rising up for we must do the same for","0"
"Men need to hold other men accountable TIMEPOY","0"
"Men need to hold other men accountable TIMEPOY","0"
"After rising up for we must do the same for","0"
"James Marsden and more hit last night s GQMOTY portrait studio","0"
"If you re making anybody uncomfortable don t do that It s not that hard","0"
"So much love amp respect for Mr Terry Crews U have all the support stay strong homie","0"
"Had a great time with these guys at the party in LA GQMOTY","0"
"Had a great time with these guys at the party in LA GQMOTY","0"
"After rising up for we must do the same for","0"
"shares his advice to men TIMEPOY","0"
"After rising up for we must do the same for","0"
"After rising up for we must do the same for","0"
"After rising up for we must do the same for","0"
"After rising up for we must do the same for","0"
"Call yall bring new york undercover to ya station please","0"
"After rising up for we must do the same for","0"
"After rising up for we must do the same for","0"
"After rising up for we must do the same for","0"
"shares his advice to men TIMEPOY","0"
"After rising up for we must do the same for","0"
"My favorite quote from this article These guys want to do their dirt and then be quiet about it You t","0"
"After rising up for we must do the same for","0"
"That s so cool He seems like an extremely decent person","0"
"I got to do a scene with him on Are We There Yet was a really nice guy","0"
"After I was harassed by the WME board member I called my Lawyer to protect myself","0"
"We don t care what you believe","0"
"Hey We noticed that isn t verified on here Lets make it happen GetTaranaBurkeVerified met","0"
"If you re making anybody uncomfortable don t do that It s not that hard","0"
"Thank you","0"
"hazard Woody Allen should be dead already","0"
"My favorite quote from this article These guys want to do their dirt and then be quiet about it You t","0"
"Hi The MeTooRallyNYC is Saturday Dec 9th in front of Trump International Hotel at Columbus C","0"
"shares his advice to men TIMEPOY","0"
"I personally feel like should also sue William Morris Endeavor for turning a blind eye to Venit s bullshit","0"
"soojung is too good for this broken world I did have to let these women know they weren t alone And that I unde","0"
"is GD hero and deserves everyone s support","0"
"03 I m so proud of you amp admire you sharing your experience Thank you so much Please please go to Fe","0"
"If you re making anybody uncomfortable don t do that It s not that hard","0"
"Isn t it odd that metoo welcomed a hero for speaking out that a MAN grabbed his crotch Yet they als","0"
"soojung is too good for this broken world I did have to let these women know they weren t alone And that I unde","0"
"keep going","0"
"03 Feldman EXCLUSIVE Former Corey s Angel Mara Moon s Open Letter Bombshell Al","0"
"shares his advice to men TIMEPOY","0"
"Milano And accomplish nothing","0"
"Hi The MeTooRallyNYC is Saturday Dec 9th in front of Trump International Hotel at Columbus C","0"
"03 I m so proud of you amp admire you sharing your experience Thank you so much Please please go to Fe","0"
"a burke Powerful Appreciated","0"
"Is the in the video the back story to the Sgt Terry in","0"
"03 I m so proud of you amp admire you sharing your experience Thank you so much Please please go to Fe","0"
"Sending all the love and support to thank you for your bravery in speaking out and your steadfastness a","0"
"shares his advice to men TIMEPOY","0"
"shares his advice to men TIMEPOY","0"
"Sometimes it cane be really obvious youre making someone uncomfortable yet not have a clue u","0"
"shares his advice to men TIMEPOY","0"
"Thank u i wish u were around when i went thu it there are lost of pastors that have done the same thing","0"
"shares his advice to men TIMEPOY","0"
"If you re making anybody uncomfortable don t do that It s not that hard","0"
"shares his advice to men TIMEPOY","0"
"shares his advice to men TIMEPOY","0"
"shares his advice to men TIMEPOY","0"
"shares his advice to men TIMEPOY","0"
"Please keep talking People need to know Thanks","0"
"03 I m so proud of you amp admire you sharing your experience Thank you so much Please please go to Fe","0"
"shares his advice to men TIMEPOY","0"
"shares his advice to men TIMEPOY","0"
"","0"
"pink white blue green silver whatever he wants to wear","0"
"shares his advice to men TIMEPOY","0"
"shares his advice to men TIMEPOY","0"
"shares his advice to men TIMEPOY","0"
"shares his advice to men TIMEPOY","0"
"03 I m so proud of you amp admire you sharing your experience Thank you so much Please please go to Fe","0"
"shares his advice to men TIMEPOY","0"
"I really hope has seen this","0"
"knows Thankyou for continuing to speak the truth Everyone is blessed to have your voice in this","0"
"Can there be a Brooklyn Nine Nine action movie It could be the best action comedy ever","0"
"03 I m so proud of you amp admire you sharing your experience Thank you so much Please please go to Fe","0"
"03 I m so proud of you amp admire you sharing your experience Thank you so much Please please go to Fe","0"
"03 I m so proud of you amp admire you sharing your experience Thank you so much Please please go to Fe","0"
"Actor is suing the agent he claims groped his privates at a Hollywood party","0"
"words are just as powerful as his signature leap through the air It was an honor to speak to him","0"
"Milano Yay justice by lynch mob A bunch of pi","0"
"Actor is suing the agent he claims groped his privates at a Hollywood party","0"
"I m pretty sure he got that suit to match her hair","0"
"If you re making anybody uncomfortable don t do that It s not that hard","0"
"idk why but you were in my dream this morning and I gave you a high five","0"
"My favorite quote from this article These guys want to do their dirt and then be quiet about it You t","0"
"If you re making anybody uncomfortable don t do that It s not that hard","0"
"Actor is suing the agent he claims groped his privates at a Hollywood party","0"
"I m getting caught up on for next week s finale and I m just wondering WHERE IS s EMMY FOR MOO MOO","0"
"New ReaganomicsPodcast It s time to butterfly w special guest We talk MeToo TerryCrews DellaReese amp","0"
"03 I m so proud of you amp admire you sharing your experience Thank you so much Please please go to Fe","0"
"Talladega Nights 2 The Final Lap Andy Samberg plays a grown up Texas Ranger plays","0"
"If you re making anybody uncomfortable don t do that It s not that hard","0"
"EXCLUSIVE speaks out actor shares story of Hollywood harassment","0"
"My favorite quote from this article These guys want to do their dirt and then be quiet about it You t","0"
"Powerful article With you and for you Thanks for being such a bold and faithful representative in exposi","0"
"Plus I m not the accuser I b","0"
"Our man is on a mission Why Terry Crews Wants People To Stop Watching Porn https","0"
"EXCLUSIVE speaks out actor shares story of Hollywood harassment","0"
"Terry Crews Suing Agent Adam Venit for Sexual Assault TMZ Behind the Bar TerryCrews","0"
"I have never been accused of s","0"
"EXCLUSIVE speaks out actor shares story of Hollywood harassment","0"
"They rejected my request because they said i needed written approval from Can y all RT or tag him so a girl","0"
"Milano Need to do a MeToo message on Trump sexual assaults at Tru","0"
"Milano Need to do a MeToo message on Trump sexual assaults at Tru","0"
"Proud of and for helping give a voice to those who need it Stay strong","0"
"I love you Terry but Woody Allen is not a great director","0"
"is GD hero and deserves everyone s support","0"
"EXCLUSIVE speaks out actor shares story of Hollywood harassment","0"
"By taking matters in into the proper legal procedures there will be a proper documentation of what happened and","0"
"Men need to hold other men accountable via","0"
"Thank you","0"
"passionately explains his sexual harassment lawsuit We have to discipline Hollywood htt","0"
"Thank you for continuing to shine a light on the issue And as a PS You and your Mrs lo","0"
"Anyone in L A who works with Adam Venit should be ashamed of themselves Seriously","0"
"Part of why I m so SERIOUS about is that it happened to me y all watched it happen to me And the same peopl","0"
"Mr Crews I admire you tremendously When I was a Domestic Violence Victim Advocate I saw how hard it was","0"
"up scully last summer i woke up to a trusted friend tugging my top down i d been drinking was too","0"
"spider I think has already addressed that Large black men beating someone up even if its","0"
"Men need to hold other men accountable TIMEPOY","0"
"Hi The MeTooRallyNYC is Saturday Dec 9th in front of Trump International Hotel at Columbus C","0"
"My favorite quote from this article These guys want to do their dirt and then be quiet about it You t","0"
"Men need to hold other men accountable TIMEPOY","0"
"on speaking out about sexual harassment Standing with those ladies and men it s the best thing ever https","0"
"sir robin Thank you thank you thank you We ll see this guy on the news very soon","0"
"03 I m so proud of you amp admire you sharing your experience Thank you so much Please please go to Fe","0"
"Great speaking with who was so brave sharing his story","0"
"I told Ari Emanuel Dude I m going after Adam Venit You want 2 back him up Then you gonna get it Dude you never though","0"
"shares his advice to men TIMEPOY","0"
"Can someone see if is attending HeToo","0"
"soojung is too good for this broken world I did have to let these women know they weren t alone And that I unde","0"
"words are just as powerful as his signature leap through the air It was an honor to speak to him","0"
"03 I m so proud of you amp admire you sharing your experience Thank you so much Please please go to Fe","0"
"03 I m so proud of you amp admire you sharing your experience Thank you so much Please please go to Fe","0"
"03 I m so proud of you amp admire you sharing your experience Thank you so much Please please go to Fe","0"
"03 I m so proud of you amp admire you sharing your experience Thank you so much Please please go to Fe","0"
"03 I m so proud of you amp admire you sharing your experience Thank you so much Please please go to Fe","0"
"Men need to hold other men accountable TIMEPOY","0"
"03 I m so proud of you amp admire you sharing your experience Thank you so much Please please go to Fe","0"
"If you re making anybody uncomfortable don t do that It s not that hard","0"
"sir robin Thank you thank you thank you We ll see this guy on the news very soon","0"
"Milano Need to do a MeToo message on Trump sexual assa","0"
"sir robin Ok thanks but he s still a perverted fuck","0"
"Despite all your going through can you still promise a GREAT Crackdown 3 And maybe some future games you might do Overwatch","0"
"If you re making anybody uncomfortable don t do that It s not that hard","0"
"well done for finding the strength to speak out against sexual abuse","0"
"I m so proud of you amp admire you sharing your experience Thank you so much Please please go to","0"
"The homophobic piece of shit that is is traumatized because it was a man if it had been a woman he wou","0"
"The Allen pollard Glad to have you in my corner man","0"
"the amazing sexual assault movement in TX would for u 2 join TAASA conf as a keynote thoughtIdTry","0"
"You walk into a store playing a thousand miles and automatically turn into in white chicks","0"
"Look at this man setting himself free","0"
"Men need to hold other men accountable TIMEPOY","0"
"Bruh Please run for public office at the national level runterryrun","0"
"If you re making anybody uncomfortable don t do that It s not that hard","0"
"shares his advice to men TIMEPOY","0"
"You should have told them you were out of the frame Or did they not call you at all Aaaaah male privilege","0"
"words are just as powerful as his signature leap through the air It was an honor to speak to him","0"
"those are his daughters you idiot","0"
"This song will always make me think of","0"
"life has no LIMITS but should have plenty BOUNDARIES TERRY CREWS TerryCrews","0"
"Fuck it let s go for broke amp 2020 Make America Jacked As Fuck","0"
"If yall make a god out of John Oliver while forgetting I m going to be breathing fire on the internet for my E","0"
"They will have an asterisk next their names for eternity","0"
"Can someone please tell us when Brooklyn99 is back keeps asking and I don t know We love 99 like l","0"
"I keep thinking about how handled being sexually assaulted in public at a Hollywood party in front of people he","0"
"If yall make a god out of John Oliver while forgetting I m going to be breathing fire on the internet for my E","0"
"If you re making anybody uncomfortable don t do that It s not that hard","0"
"blonde Why did you fill this with ppl who ve praised rapists instead of ppl like amp who","0"
"a burke Powerful Appreciated","0"
"Such a great article","0"
"Can someone please tell us when Brooklyn99 is back keeps asking and I don t know We love 99 like loves yogurt","0"
"you re one of my favorite people and I know you ve already done this for someone but can you approve t","0"
"pollard You are a terrific human being and if anybody says otherwise I ll fight em on it","0"
"Adam Sandler Ben Affleck Charlize Theron Tina Fey Rihanna Maria Sharapova Steve Carell Vin Diesel Snoop Dog Ben","0"
"pollard You don t know her she goes to another school","0"
"I just feel sorry for you","0"
"not my idol burn him fuck burn him twice","0"
"you re doing the right thing Thanks for speaking out and standing up to predators","0"
"makes me a better person","0"
"played my father but that has nothing to do with the fact I respect him as a man in the industry Its ho","0"
"My respect for grows every day in leaps greater than his signature leap as a man of all his facets","0"
"Better get some therapy for those issues","0"
"No I m free Free from the si","0"
"Stay strong and fight the good fight against WME Standing up for yourself is standing up for ALL victims","0"
"R u suggesting all","0"
"Omg u r sick We d","0"
"Video talks breaking the silence on sexual harassment claims","0"
"ListenNow New DustinHoffman accuser on Broadway via metoo","0"
"If you re making anybody uncomfortable don t do that It s not that hard","0"
"you rich","0"
"shares his advice to men TIMEPOY","0"
"named one of the Silence Breakers by Time magazine for its Person of the Year issue for speaking out against sexual","0"
"Anyone in L A who works with Adam Venit should be ashamed of themselves Seriously","0"
"of course not not only inconsiderate but not even smart enough spell polans","0"
"You didn t break the guy code you upheld it Real men don t tolerate the bullshit that s been happening","0"
"Men need to hold other men accountable TIMEPOY","0"
"Miss Obama Milano","0"
"My heart aches for you I know your pain and anguish I hope you get peace","0"
"If you re making anybody uncomfortable don t do that It s not that hard","0"
"Never watched a woody Allen movie and never will Thought it was soooo weird when he married soon yi and I w","0"
"I was about same age when that all happened but was young so I grew up watching his movi","0"
"My favorite quote from this article These guys want to do their dirt and then be quiet about it You t","0"
"For every person that has spoken up thank you You ve paved the way for the rest of us to find our voice","0"
"Miss Obama Milano","0"
"Message Russell Simmons sent to me regarding my sexual assault case against Adam Venit of Dear NO ONE G","0"
"Miss Obama Milano","0"
"The minute WoodyAllen married his adopted daughter it disgusted me I definitely believe Dylan Farrow I h","0"
"No art shall be created at the expense of the well being of a person No art is more valuable than a human life N","0"
"Miss Obama Milano","0"
"Thank you","0"
"Men need to hold other men accountable TIMEPOY","0"
"He s the best media","0"
"The Allen Whoever said that","0"
"the WGA nominated a Kevin Spacey produced show metoomen","0"
"Y all Turn the sound on a bit of levity","0"
"Yo just seen in the credits for Next Friday you worked as security Was that what opened the door for Damon in After Next","0"
"If you re making anybody uncomfortable don t do that It s not that hard","0"
"This is exactly what I needed to see today someone s comin up on your heels in the Vanessa carlton d","0"
"My favorite quote from this article These guys want to do their dirt and then be quiet about it You t","0"
"I ve been following and s pattern of silence is maddening Why still represent Schwahn I d love to kn","0"
"If you re making anybody uncomfortable don t do that It s not that hard","0"
"Hey mjfam I m writing a blog post on Medium about Weinstein targeting MJ Publishing it soon If you d like to be noti","0"
"Yes nothing to","0"
"Stand strong Terry If you ever need an ear to talk to drop me a line","0"
"How stupid and gullible are you is a pal of Roger Stone and Sean Hannity You love Putin too","0"
"Had a great time with these guys at the party in LA GQMOTY","0"
"hey boss I know you ve got a lot of stuff going on now but I wanted to let you know you re promotion","0"
"Much love and light to you both I tweeted this to Gabrielle Union yesterday and I mean","0"
"Congratulations Thank you for your strength and support MeToo SilenceBreakers BreakTheSilence","0"
"Milano","0"
"On my third re binge of I had to stop and go to the store to get like 12 things of yogurt I found T","0"
"Terry Crews Hallucinates While Eating Spicy Wings Hot Ones via watup","0"
"My favorite quote from this article These guys want to do their dirt and then be quiet about it You t","0"
"You re inspiring Thank YOU","0"
"If you re making anybody uncomfortable don t do that It s not that hard","0"
"soojung is too good for this broken world I did have to let these women know they weren t alone And that I unde","0"
"I LOVE LOVE LOVE wife s facial expression","0"
"I like more than ever after seeing this quote","0"
"soojung is too good for this broken world I did have to let these women know they weren t alone And that I unde","0"
"If you re making anybody uncomfortable don t do that It s not that hard","0"
"Just finished reading your section in Tribe of Mentors Great stuff newfollow","0"
"Besides one can donate everything above the legal costs to a charity that bene","0"
"is a stand up guy and just earned my follow Thank you for speaking out Terry and thank for listen","0"
"My favorite quote from this article These guys want to do their dirt and then be quiet about it You t","0"
"Go oh brother Don t worry about the shamers","0"
"need I say more This is great","0"
"NEW EPISODE POSTED podcast entertainment comedy blackculture j","0"
"Perfectly stated Erica Who would believe a 20 year old actress trying to g","0"
"I keep thinking about how handled being sexually assaulted in public at a Hollywood party in front of people he","0"
"WHAT DOES MARCELLUS WALLACE LOOK LIKE pulpfiction halloween2017 halloween","0"
"I m thinking might have to step up his lip syncing game","0"
"My favorite quote from this article These guys want to do their dirt and then be quiet about it You t","0"
"Thank you for speaking up and out Sadly this thing happens to both sexes on the regular Thank you fo","0"
"Milano","0"
"Could all men just be","0"
"I had the honor of meeting amp speaking with this past summer and I m even more happy to have had that ch","0"
"heard","0"
"Thank you itsnotjustHarveyWeinstein","0"
"words are just as powerful as his signature leap through the air It was an honor to speak to him","0"
"Rebecca is the best ever","0"
"If you re making anybody uncomfortable don t do that It s not that hard","0"
"If you re making anybody uncomfortable don t do that It s not that hard","0"
"words are just as powerful as his signature leap through the air It was an honor to speak to him","0"
"words are just as powerful as his signature leap through the air It was an honor to speak to him","0"
"I Will have you seen this","0"
"If you re making anybody uncomfortable don t do that It s not that hard","0"
"When you ask Why don t women come forward look at He told his agent the day after his assault His assail","0"
"I personally feel like should also sue William Morris Endeavor for turning a blind eye to Venit s bullshit","0"
"Milano","0"
"Milano","0"
"We talked about Hollywood s abandonment of and then the support came out","0"
"shares his advice to men TIMEPOY","0"
"Hi The MeTooRallyNYC is Saturday Dec 9th in front of Trump International Hotel at Columbus C","0"
"Men need to hold other men accountable TIMEPOY","0"
"If you re making anybody uncomfortable don t do that It s not that hard","0"
"Hi The MeTooRallyNYC is Saturday Dec 9th in front of Trump International Hotel at Columbus C","0"
"The system worked for Harvey Weinstein for decades It works for Woody Allen still","0"
"shares his advice to men TIMEPOY","0"
"If you re making anybody uncomfortable don t do that It s not that hard","0"
"words are just as powerful as his signature leap through the air It was an honor to speak to him","0"
"If you re making anybody uncomfortable don t do that It s not that hard","0"
"lubiarz Please help the cause","0"
"This made me smile so much gotta tag though","0"
"If you re making anybody uncomfortable don t do that It s not that hard","0"
"This is what I call a reall man gentleman Keep it up","0"
"As a fellow guy who looks terrifying but is actually a giant teddy bear I just wanted to take a minute to appreciate","0"
"Hey mjfam I m writing a blog post on Medium about Weinstein targeting MJ Publishing it soon If you d like to be noti","0"
"So people understand Terry It s true that IF hypothetically Adam Venit had come to you face to face","0"
"The suffering of Dylan Farrow amp her family at the hands of WoodyAllen helped hone the sensitivity that made","0"
"soojung is too good for this broken world I did have to let these women know they weren t alone And that I unde","0"
"CrewsCrew I m a proud crewscrew Stand with you til the ground opened up amp swallowed us whole truth standup","0"
"Milano","0"
"CrewsCrew GOOD FOR YOU TC I can appreciate that guy is big voice to stand up to but truth is","0"
"Men need to hold other men accountable TIMEPOY","0"
"soojung is too good for this broken world I did have to let these women know they weren t alone And that I unde","0"
"If you re making anybody uncomfortable don t do that It s not that hard","0"
"soojung is too good for this broken world I did have to let these women know they weren t alone And that I unde","0"
"Until men stand up and say This harassment this abuse these assaults are wrong nothing will change","0"
"Hey mjfam I m writing a blog post on Medium about Weinstein targeting MJ Publishing it soon If you d like to be noti","0"
"They will have an asterisk next their names for eternity","0"
"lubiarz Please help the cause","0"
"Please help the cause","0"
"If you have honour that s something no one can take away from you Terry Crews","0"
"Miss Obama Milano","0"
"If you re making anybody uncomfortable don t do that It s not that hard","0"
"Milano","0"
"TheSilenceBreakers One thing I do realize is that unless men stood with these women nothing would change","0"
"TheSilenceBreakers Why are you questioning the victim here Let s talk about what the predator is doing","0"
"TheSilenceBreakers Men need to hold other men accountable poty PersonOfTheYear MeToo","0"
"Do I believe all these people who have come forward Absolutely After seeing Spotlight I knew men were affected","0"
"I understand the premises of his comments But it is to basic my old grandparents felt unco","0"
"If you re making anybody uncomfortable don t do that It s not that hard","0"
"If you re making anybody uncomfortable don t do that It s not that hard","0"
"If you re making anybody uncomfortable don t do that It s not that hard","0"
"If you re making anybody uncomfortable don t do that It s not that hard","0"
"Men need to hold other men accountable via","0"
"If you re making anybody uncomfortable don t do that It s not that hard","0"
"If you re making anybody uncomfortable don t do that It s not that hard","0"
"We you Brooklyn99","0"
"Last night I dreamt Trump died and and became our nations fearless leaders and I d like to live in that world","0"
"you re amazing and I support you Hollywood is trying to stop you speaking out about sexual assault Don t let them","0"
"Yo you been playing any games you wanna talk about","0"
"What Terry Crews is doing with his voice amp his masculinity is HUGE Thank you Sir","0"
"So no They are not always called patients They can be called clients w","0"
"No he didn t Soon Yi is the daughter of Andre Previn Btw Mia amp Woody never even lived together","0"
"Copy of the actual letter I gave in which he DEMANDED Mel Gibson be blacklisted for anti Semitic rema","0"
"Men need to hold other men accountable via","0"
"So war is the only event traumatic enough to cause PTSD And they re cl","0"
"If you re making anybody uncomfortable don t do that It s not that hard","0"
"Milano","0"
"They all knew Hollywood has it s dirty open secrets You ever","0"
"Read somewhere that was signing with WME the folk that still employ the man who assaulted True","0"
"My 3 year old just gear on the radio for an Old Spice commercial and said Mom it s Santa She looke","0"
"If you re making anybody uncomfortable don t do that It s not that hard","0"
"Hi The MeTooRallyNYC is Saturday Dec 9th in front of Trump International Hotel at Columbus C","0"
"I m glad let people know that there are despicable people out there in Hollywood willing to take advantage of others","0"
"Men need to hold other men accountable TIMEPOY","0"
"Yes Thank you for your honesty Same guy who s boss is American Media CE wait for it David Pecker Pecker is pals with","0"
"My favorite quote from this article These guys want to do their dirt and then be quiet about it You t","0"
"If you re making anybody uncomfortable don t do that It s not that hard","0"
"shares his advice to men TIMEPOY","0"
"Are we all forgetting that she repeatedly defended Nate Parker justsayin Still love you","0"
"words are just as powerful as his signature leap through the air It was an honor to speak to him","0"
"If you re making anybody uncomfortable don t do that It s not that hard","0"
"words are just as powerful as his signature leap through the air It was an honor to speak to him","0"
"If you re making anybody uncomfortable don t do that It s not that hard","0"
"My favorite quote from this article These guys want to do their dirt and then be quiet about it You t","0"
"Hi The MeTooRallyNYC is Saturday Dec 9th in front of Trump International Hotel at Columbus C","0"
"If you re making anybody uncomfortable don t do that It s not that hard","0"
"My favorite quote from this article These guys want to do their dirt and then be quiet about it You t","0"
"What was supposed to be just a couple of drinks last night hungover","0"
"terry sweetheart no he s not good people","0"
"If you re making anybody uncomfortable don t do that It s not that hard","0"
"Men need to hold other men accountable via","0"
"words are just as powerful as his signature leap through the air It was an honor to speak to him","0"
"If you re making anybody uncomfortable don t do that It s not that hard","0"
"Love so damn much","0"
"thesilencebreakers powerinnumbers change asiaargento rosemcgowan countlesswomen TerryCrews thank you billyandhell","0"
"When youre snowed in with plenty of food booze and guacamole fixin s","0"
"If you re making anybody uncomfortable don t do that It s not that hard","0"
"why does Terry talk to him self in 3rd person in the 99","0"
"You will love it very much I swear","0"
"This is why you re loved by all","0"
"If you re making anybody uncomfortable don t do that It s not that hard","0"
"If you re making anybody uncomfortable don t do that It s not that hard","0"
"If you re making anybody uncomfortable don t do that It s not that hard","0"
"When you ask Why don t women come forward look at He told his agent the day after his assault His assail","0"
"I love the pic But you are one of the few that can pull off that pink jacket","0"
"If you re making anybody uncomfortable don t do that It s not that hard","0"
"soojung is too good for this broken world I did have to let these women know they weren t alone And that I unde","0"
"we re all just looking out for you","0"
"If you re making anybody uncomfortable don t do that It s not that hard","0"
"If you re making anybody uncomfortable don t do that It s not that hard","0"
"If you re making anybody uncomfortable don t do that It s not that hard","0"
"My favorite quote from this article These guys want to do their dirt and then be quiet about it You t","0"
"If you re making anybody uncomfortable don t do that It s not that hard","0"
"If you re making anybody uncomfortable don t do that It s not that hard","0"
"Rebecca is the best ever","0"
"If you re making anybody uncomfortable don t do that It s not that hard","0"
"If you re making anybody uncomfortable don t do that It s not that hard","0"
"I can say that as a woman I m amazed to see a man speak up and show this hap","0"
"Just wanted to thank you for your courage and for the joy you bring to my four youngest kids when they","0"
"Thank you Terry I support you You are an inspiration for choosing to support millions of others who are hyper sexualized","0"
"If you re making anybody uncomfortable don t do that It s not that hard","0"
"soojung is too good for this broken world I did have to let these women know they weren t alone And that I unde","0"
"Your story matters","0"
"Please don t stop speaking out You represent me too A victim of sexual assault is a v","0"
"If you re making anybody uncomfortable don t do that It s not that hard","0"
"If you re making anybody uncomfortable don t do that It s not that hard","0"
"loves yuh So I decided to put a picture on my debit card I m picking lmao but I need an ok from him cause my bank","0"
"decided to take an incredible risk and regardless of how uncomfortable speaking on it must have been h","0"
"If you re making anybody uncomfortable don t do that It s not that hard","0"
"shares his advice to men TIMEPOY","0"
"If you re making anybody uncomfortable don t do that It s not that hard","0"
"If you re making anybody uncomfortable don t do that It s not that hard","0"
"If you re making anybody uncomfortable don t do that It s not that hard","0"
"If you re making anybody uncomfortable don t do that It s not that hard","0"
"shares his advice to men TIMEPOY","0"
"Men need to hold other men accountable TIMEPOY","0"
"If you re making anybody uncomfortable don t do that It s not that hard","0"
"Don t know anything about these guys but I think we should wait for a trial before we convict Radar O","0"
"Just watched the interview on ABC and I highly respect his decision to speak out on the assault The m","0"
"They will have an asterisk next their names for eternity","0"
"Terry so sorry for you Most tell truth but few do false accuse Mike Jackson was set up they paid pe","0"
"terrycrews passionately explains his sexual harassment lawsuit We have to discipline Hollywood","0"
"Go Terry We support you and others who have bravely come out to speak truth to power","0"
"Now that s what I m talking supporting you Al the way from Connecticut yessss","0"
"If you re making anybody uncomfortable don t do that It s not that hard","0"
"If you re making anybody uncomfortable don t do that It s not that hard","0"
"If you re making anybody uncomfortable don t do that It s not that hard","0"
"If you re making anybody uncomfortable don t do that It s not that hard","0"
"If you re making anybody uncomfortable don t do that It s not that hard","0"
"If you re making anybody uncomfortable don t do that It s not that hard","0"
"My favorite quote from this article These guys want to do their dirt and then be quiet about it You t","0"
"People need to be held accountable See one thing people have to understand this is not about revenge","0"
"If you re making anybody uncomfortable don t do that It s not that hard","0"
"My favorite quote from this article These guys want to do their dirt and then be quiet about it You t","0"
"The men of the GQMOTY awards looked straight SHARP for https","0"
"If you re making anybody uncomfortable don t do that It s not that hard","0"
"If you re making anybody uncomfortable don t do that It s not that hard","0"
"msnbc TerryCrews was assaulted now","0"
"owen Fuckin right","0"
"If you re making anybody uncomfortable don t do that It s not that hard","0"
"Fuckin right","0"
"soojung is too good for this broken world I did have to let these women know they weren t alone And that I unde","0"
"If you re making anybody uncomfortable don t do that It s not that hard","0"
"Fight on sir you are amazing","0"
"If you re making anybody uncomfortable don t do that It s not that hard","0"
"If you re making anybody uncomfortable don t do that It s not that hard","0"
"My favorite quote from this article These guys want to do their dirt and then be quiet about it You t","0"
"Milano during working hours are fun too","0"
"If you re making anybody uncomfortable don t do that It s not that hard","0"
"And hopefully people like you will continue to have the bravery to call them out Stay strong","0"
"If you re making anybody uncomfortable don t do that It s not that hard","0"
"If you re making anybody uncomfortable don t do that It s not that hard","0"
"Creating a world that won t have to say MeToo Milano newguycode","0"
"If you re making anybody uncomfortable don t do that It s not that hard","0"
"You are one of the most badass people I ve ever known Thank you for being you","0"
"Good on you Terry those predatory pieces of shot deserve no mercy","0"
"If you re making anybody uncomfortable don t do that It s not that hard","0"
"Unshakable","0"
"HES OUT THERE DOING THE GOOD AND THAT MAKES MY GODDAMN DAY","0"
"Hitt We have your back and all the other victims of the power hungry Hollywood elite","0"
"If you re making anybody uncomfortable don t do that It s not that hard","0"
"If you re making anybody uncomfortable don t do that It s not that hard","0"
"If you re making anybody uncomfortable don t do that It s not that hard","0"
"So very proud of my friend","0"
"If you re making anybody uncomfortable don t do that It s not that hard","0"
"My favorite quote from this article These guys want to do their dirt and then be quiet about it You t","0"
"If you re making anybody uncomfortable don t do that It s not that hard","0"
"How about for Yoda and for Mace Windu","0"
"Hi The MeTooRallyNYC is Saturday Dec 9th in front of Trump International Hotel at Columbus C","0"
"Imagine a generation that didn t have to say MeToo Milano","0"
"If you re making anybody uncomfortable don t do that It s not that hard","0"
"If you re making anybody uncomfortable don t do that It s not that hard","0"
"If you re making anybody uncomfortable don t do that It s not that hard","0"
"If you re making anybody uncomfortable don t do that It s not that hard","0"
"TheSilenceBreakers One thing I do realize is that unless men stood with these women nothing would change","0"
"If you re making anybody uncomfortable don t do that It s not that hard","0"
"If you re making anybody uncomfortable don t do that It s not that hard","0"
"Bravo Thank you for speaking up and fighting back Your voice is essential in this story Sen","0"
"TheSilenceBreakers Why are you questioning the victim here Let s talk about what the predator is doing","0"
"words are just as powerful as his signature leap through the air It was an honor to speak to him","0"
"TheSilenceBreakers Men need to hold other men accountable poty PersonOfTheYear MeToo","0"
"Could all men just be","0"
"They will have an asterisk next their names for eternity","0"
"If you re making anybody uncomfortable don t do that It s not that hard","0"
"If you re making anybody uncomfortable don t do that It s not that hard","0"
"I believe you amp support you I hope you and all survivors have a lifetime of safety and love","0"
"Men need to hold other men accountable TIMEPOY","0"
"If you re making anybody uncomfortable don t do that It s not that hard","0"
"Thanks Meagan","0"
"If you re making anybody uncomfortable don t do that It s not that hard","0"
"If you re making anybody uncomfortable don t do that It s not that hard","0"
"Thank you Terry Because of you we are all safer and know that guys true self","0"
"If you re making anybody uncomfortable don t do that It s not that hard","0"
"He could ve reacted on i pulse and that guy to a pulp instead he decided to walk away rise above and expose that pervert","0"
"If you re making anybody uncomfortable don t do that It s not that hard","0"
"If you re making anybody uncomfortable don t do that It s not that hard","0"
"If you re making anybody uncomfortable don t do that It s not that hard","0"
"If you re making anybody uncomfortable don t do that It s not that hard","0"
"If you re making anybody uncomfortable don t do that It s not that hard","0"
"words are just as powerful as his signature leap through the air It was an honor to speak to him","0"
"words are just as powerful as his signature leap through the air It was an honor to speak to him","0"
"A threat Not only his courage in coming forward but his courage to consider his options through in cer","0"
"I m so proud of and his bravery It took courage to start his journey to healing and helping to make the world safer by exposing","0"
"If you re making anybody uncomfortable don t do that It s not that hard","0"
"If you re making anybody uncomfortable don t do that It s not that hard","0"
"If you re making anybody uncomfortable don t do that It s not that hard","0"
"If you re making anybody uncomfortable don t do that It s not that hard","0"
"If you re making anybody uncomfortable don t do that It s not that hard","0"
"is such a boss","0"
"Thanks you will be there at the MeTooRallyNYC in spirit Over 3 000 are interested It s because of","0"
"If you re making anybody uncomfortable don t do that It s not that hard","0"
"If you re making anybody uncomfortable don t do that It s not that hard","0"
"If you re making anybody uncomfortable don t do that It s not that hard","0"
"wokoma I m RTing Crews because sexual harassment is a male problem that you males need to talk about to each other and is up to","0"
"If you re making anybody uncomfortable don t do that It s not that hard","0"
"If you re making anybody uncomfortable don t do that It s not that hard","0"
"If you re making anybody uncomfortable don t do that It s not that hard","0"
"If you re making anybody uncomfortable don t do that It s not that hard","0"
"If you re making anybody uncomfortable don t do that It s not that hard","0"
"If you re making anybody uncomfortable don t do that It s not that hard","0"
"If you re making anybody uncomfortable don t do that It s not that hard","0"
"If you re making anybody uncomfortable don t do that It s not that hard","0"
"If you re making anybody uncomfortable don t do that It s not that hard","0"
"If you re making anybody uncomfortable don t do that It s not that hard","0"
"If you re making anybody uncomfortable don t do that It s not that hard","0"
"If you re making anybody uncomfortable don t do that It s not that hard","0"
"If you re making anybody uncomfortable don t do that It s not that hard","0"
"If you re making anybody uncomfortable don t do that It s not that hard","0"
"If you re making anybody uncomfortable don t do that It s not that hard","0"
"If you re making anybody uncomfortable don t do that It s not that hard","0"
"If you re making anybody uncomfortable don t do that It s not that hard","0"
"Dwayne Elizondo Mountain Dew Herbert Camacho you are awesome","0"
"If you re making anybody uncomfortable don t do that It s not that hard","0"
"If you re making anybody uncomfortable don t do that It s not that hard","0"
"words are just as powerful as his signature leap through the air It was an honor to speak to him","0"
"keep speaking the truth terry We support you","0"
"James Marsden and more hit last night s GQMOTY portrait studio","0"
"words are just as powerful as his signature leap through the air It was an honor to speak to him","0"
"words are just as powerful as his signature leap through the air It was an honor to speak to him","0"
"Thank you Lauren","0"
"You look like a man who is full of joy I really admire you for handling this the way you do","0"
"Hi The MeTooRallyNYC is Saturday Dec 9th in front of Trump International Hotel at Columbus C","0"
"That s because you are a real hero Terry You have to do what real heroes do That s why I think you ar","0"
"They will have an asterisk next their names for eternity","0"
"My favorite quote from this article These guys want to do their dirt and then be quiet about it You t","0"
"Men need to hold other men accountable TIMEPOY","0"
"My favorite quote from this article These guys want to do their dirt and then be quiet about it You t","0"
"My favorite quote from this article These guys want to do their dirt and then be quiet about it You t","0"
"named one of the Silence Breakers by Time magazine for its Person of the Year issue for speaking out against sexual","0"
"Men need to hold other men accountable TIMEPOY","0"
"spider Yes I am because they are actual traumatic events Otherwise you can claim","0"
"Thank you Terry","0"
"Men need to hold other men accountable via","0"
"My favorite quote from this article These guys want to do their dirt and then be quiet about it You t","0"
"co","0"
"wokoma I m RTing Crews because sexual harassment is a male problem that you males need to talk about to each other and is up to","0"
"My favorite quote from this article These guys want to do their dirt and then be quiet about it You t","0"
"so much respect","0"
"Shani agree but Mike Jackson was set up they paid people to false accuse","0"
"Falsely accused because MJ was a successful Black American Accused out of jealousy and racism","0"
"Shani sorry if you that happened to you","0"
"Why focus so much on women contributors Can you cite comments where men would have cared who","0"
"Did you know Jesus was false accused also they said he works from the devil etc its da","0"
"Hey Terry most do tell the truth but few do false accuse did you know Mike Jackson wa","0"
"In what way is Wade believable If you actually followed the case amp","0"
"Hi The MeTooRallyNYC is Saturday Dec 9th in front of Trump International Hotel at Columbus C","0"
"","0"
"My favorite quote from this article These guys want to do their dirt and then be quiet about it You t","0"
"Please Read I appreciate your voice","0"
"Powerful article With you and for you Thanks for being such a bold and faithful representative in exposi","0"
"U know loves love","0"
"Yes Thank you for your honesty Same guy who s boss is American Media CE wait for it David Pecker Pecker is pals with","0"
"Yes Thank you for your honesty Same guy who s boss is American Media CE wait for it David Pecker Pecker is pals with","0"
"shares his advice to men TIMEPOY","0"
"wokoma I m RTing Crews because sexual harassment is a male problem that you males need to talk about to each other and is up to","0"
"I have one A very good one at","0"
"That s good for Soon yi but no","0"
"incredibly proud with you and how your dealing with that awful thing you ve been through every time I","0"
"Neese Add Colin Kaepernick to the list metoo Endrapeculture metoomvmt metoo","0"
"I told Ari Emanuel Dude I m going after Adam Venit You want 2 back him up Then you gonna get it Dude you never though","0"
"And I judge you in turn as a path","0"
"I support you 1000","0"
"My favorite quote from this article These guys want to do their dirt and then be quiet about it You t","0"
"Soon Yi says differently She als","0"
"shares his advice to men TIMEPOY","0"
"Powerful article With you and for you Thanks for being such a bold and faithful representative in exposi","0"
"45NOW Same but not on this name really I make a habit of either ignoring MAGA","0"
"is not going to internalize the shame I goddamn love this guy goals","0"
"Watching WheresTheMoney MikeEpps TerryCrews DevonWerkheiser","0"
"My favorite quote from this article These guys want to do their dirt and then be quiet about it You t","0"
"have you asked s consent before putting her photo on your tweet","0"
"They will have an asterisk next their names for eternity","0"
"They will have an asterisk next their names for eternity","0"
"My favorite quote from this article These guys want to do their dirt and then be quiet about it You t","0"
"Mr Crews is a highly intelligent man whom I m sure would be very interested in reading a blog that was co","0"
"My favorite quote from this article These guys want to do their dirt and then be quiet about it You t","0"
"I told Ari Emanuel Dude I m going after Adam Venit You want 2 back him up Then you gonna get it Dude you never though","0"
"shares his advice to men TIMEPOY","0"
"Terry","0"
"My favorite quote from this article These guys want to do their dirt and then be quiet about it You t","0"
"Men need to hold other men accountable TIMEPOY","0"
"Anyone who would make excuses or turn a blind eye to monsters who hurt Kids should also be considered garbage hum","0"
"Hi The MeTooRallyNYC is Saturday Dec 9th in front of Trump International Hotel at Columbus C","0"
"Milano I m so excited amp happiness congrats Dear Tarana","0"
"Your hypocrite","0"
"If you can t see the fact that","0"
"Very proud of this but let s not forget the men who have been abused as well","0"
"shares his advice to men TIMEPOY","0"
"words are just as powerful as his signature leap through the air It was an honor to speak to him","0"
"on speaking out about sexual harassment Standing with those ladies and men it s the best thing ever https","0"
"WELL THAT S JUST LIKE YOUR OPINIOOOOOOOONNNNNNNNN","0"
"In search of mentors I came across and I m looking forward to what I can learn from him","0"
"played my father but that has nothing to do with the fact I respect him as a man in the industry Its ho","0"
"Men need to hold other men accountable via","0"
"Men need to hold other men accountable TIMEPOY","0"
"shares his advice to men TIMEPOY","0"
"I FUCKING adore this man period","0"
"My favorite quote from this article These guys want to do their dirt and then be quiet about it You t","0"
"thank you for standing up and holding your head up against your abuser and their backers Love someone","0"
"wokoma I m RTing Crews because sexual harassment is a male problem that you males need to talk about to each other and is up to","0"
"soojung is too good for this broken world I did have to let these women know they weren t alone And that I unde","0"
"That coat son I needs dat","0"
"is the dude","0"
"Hey What Hogwarts House are you","0"
"I FUCKING adore this man period","0"
"My favorite quote from this article These guys want to do their dirt and then be quiet about it You t","0"
"He s got electrolytes","0"
"If voiced Doomfist Turn on Overwatch","0"
"yes Terry","0"
"Men need to hold other men accountable TIMEPOY","0"
"you rich","0"
"Men need to hold other men accountable via","0"
"up scully last summer i woke up to a trusted friend tugging my top down i d been drinking was too","0"
"words are just as powerful as his signature leap through the air It was an honor to speak to him","0"
"By taking matters in into the proper legal procedures there will be a proper documentation of what happened and","0"
"is standing up for those who been rapped and harassed","0"
"You re a good man Doing your parents proud I m proud of you and I don t even know you God Bless you","0"
"inthe sky No one gets a pass No one Milano ht","0"
"My favorite quote from this article These guys want to do their dirt and then be quiet about it You t","0"
"on speaking out about sexual harassment Standing with those ladies and men it s the best thing ever https","0"
"They will have an asterisk next their names for eternity","0"
"Thank you for having the courage to raise your voice You are giving strength to so many","0"
"My favorite quote from this article These guys want to do their dirt and then be quiet about it You t","0"
"James Marsden and more hit last night s GQMOTY portrait studio","0"
"If you can t tell the differe","0"
"on speaking out about sexual harassment Standing with those ladies and men it s the best thing ever https","0"
"Thank you for reminding the world that sexual harassment abuse is not just a female issue mentoo","0"
"Then you are deceived You do","0"
"Hi The MeTooRallyNYC is Saturday Dec 9th in front of Trump International Hotel at Columbus C","0"
"named one of the Silence Breakers by Time magazine for its Person of the Year issue for speaking out against sexual","0"
"Warning for sexual assault but is a goddamn hero","0"
"Thank you and","0"
"My favorite quote from this article These guys want to do their dirt and then be quiet about it You t","0"
"Hi The MeTooRallyNYC is Saturday Dec 9th in front of Trump International Hotel at Columbus C","0"
"Woah That takes REAL guts to take on Ari Emanuel These Powerhouse Agents are SO used to being God o","0"
"Hey mjfam I m writing a blog post on Medium about Weinstein targeting MJ Publishing it soon If you d like to be noti","0"
"Brother keep representing","0"
"CrewsCrew I told WME chairman Ari Emanuel Dude I m going after Adam Venit You want to back him up Then you gonna get it Let","0"
"Hi The MeTooRallyNYC is Saturday Dec 9th in front of Trump International Hotel at Columbus C","0"
"I keep thinking about how handled being sexually assaulted in public at a Hollywood party in front of people he","0"
"Ben Roethlisberger is a future HOF quarterback too","0"
"Thank you","0"
"I believe you Dylan Farrow I never liked or trusted that whiney little weirdo I was gonna say weas","0"
"When can we add R Kelly to this list of perverts","0"
"My favorite quote from this article These guys want to do their dirt and then be quiet about it You t","0"
"My favorite quote from this article These guys want to do their dirt and then be quiet about it You t","0"
"passionately explains his sexual harassment lawsuit We have to discipline Hollywood htt","0"
"passionately explains his sexual harassment lawsuit We have to discipline Hollywood htt","0"
"Men need to hold other men accountable via","0"
"1perday in US Congrats MeTooWhatNext","0"
"My favorite quote from this article These guys want to do their dirt and then be quiet about it You t","0"
"Men need to hold other men accountable TIMEPOY","0"
"I believe you","0"
"I have every right to judge ad","0"
"Don t get me wrong that was epic But for me the line right after it takes the gold","0"
"resistance He will never stop being terry he took control of his situation and made it what he wanted it to","0"
"My favorite quote from this article These guys want to do their dirt and then be quiet about it You t","0"
"Awesome You aren t alone","0"
"I am so very proud of you Thank you for being so courageous and bringing light to this I was a fan be","0"
"To be honest I have loved you since I saw you on White Chicks Your zeal for Life is infectio","0"
"We can t just let this end up a cautionary tale has not just spoken out for himself but for MeToo for all of","0"
"A hero to me amp MeToo rewatching draftday keep speaking crews you have no idea what your voice means THANK","0"
"Men need to hold other men accountable TIMEPOY","0"
"Crews for president We need you in this idiocracy","0"
"If you re making anybody uncomfortable don t do that It s not that hard","0"
"They will have an asterisk next their names for eternity","0"
"Thank you for speaking up I was raped from the time I was 7 10 years old by a family friend I am st","0"
"I told WME chairman Ari Emanuel Dude I m going after Adam Venit You want to back him up Then you gonna get","0"
"James Marsden and more hit last night s GQMOTY portrait studio","0"
"soojung is too good for this broken world I did have to let these women know they weren t alone And that I unde","0"
"soojung is too good for this broken world I did have to let these women know they weren t alone And that I unde","0"
"My favorite quote from this article These guys want to do their dirt and then be quiet about it You t","0"
"With the whole team behind you Terry","0"
"Why believe Harvey s victims but not Woody s You need to address this","0"
"soojung is too good for this broken world I did have to let these women know they weren t alone And that I unde","0"
"Thank you You are inspiring many Remember they are weak people in powerful positions They are not","0"
"His movies creeped me out before I knew I ve refused to see one since","0"
"Thank you for sharing your truth As a sexual assault survivor I commend you for not hiding for comin","0"
"soojung is too good for this broken world I did have to let these women know they weren t alone And that I unde","0"
"My favorite quote from this article These guys want to do their dirt and then be quiet about it You t","0"
"A hero to me amp MeToo rewatching draftday keep speaking crews you have no idea what your voice means","0"
"soojung is too good for this broken world I did have to let these women know they weren t alone And that I unde","0"
"My favorite quote from this article These guys want to do their dirt and then be quiet about it You t","0"
"Personal experience I was charged she hit me Just kinda laughed at in fact I was t","0"
"soojung is too good for this broken world I did have to let these women know they weren t alone And that I unde","0"
"My favorite quote from this article These guys want to do their dirt and then be quiet about it You t","0"
"I told Ari Emanuel Dude I m going after Adam Venit You want 2 back him up Then you gonna get it Dude you never though","0"
"Men need to hold other men accountable via","0"
"My favorite quote from this article These guys want to do their dirt and then be quiet about it You t","0"
"What have you done lol","0"
"Love this from Women have been doing the heavy lifting on gender equality for years It s time for men t","0"
"My favorite quote from this article These guys want to do their dirt and then be quiet about it You t","0"
"They will have an asterisk next their names for eternity","0"
"My favorite quote from this article These guys want to do their dirt and then be quiet about it You t","0"
"Following you and your fight is inspiring I admire your strength","0"
"Swear I saw him need to watch again to confirm","0"
"He could ve crushed the guy s head like a sparrow egg with 1 bicep flex Boo","0"
"313 Seriously","0"
"Men need to hold other men accountable via","0"
"Doing the right thing is never wrong And you ll come out better for it I admire your strength and courage","0"
"They will have an asterisk next their names for eternity","0"
"soojung is too good for this broken world I did have to let these women know they weren t alone And that I unde","0"
"Thanks for leading by example for other men I support Dads to design their own path as fathers and men","0"
"My favorite quote from this article These guys want to do their dirt and then be quiet about it You t","0"
"shares his advice to men TIMEPOY","0"
"It s the first quarter","0"
"My favorite quote from this article These guys want to do their dirt and then be quiet about it You t","0"
"My favorite quote from this article These guys want to do their dirt and then be quiet about it You t","0"
"You re a powerful voice to all of us Bless you","0"
"Men need to hold other men accountable TIMEPOY","0"
"Judging others is such a poin","0"
"Something doesn t add up in your story sir","0"
"James Marsden and more hit last night s GQMOTY portrait studio","0"
"Men need to hold other men accountable via","0"
"Is there anyone who doesn t think Terry Crews is awesome That s what I thought He was best part of Idiocracy","0"
"A must read","0"
"Get it girl I m currently dealing with retaliation myself Why keep victimizing the vic","0"
"Kat my last comment I said Mike Jackson was set up they","0"
"Of that I don t doubt And I m sure they ll try to make","0"
"My favorite quote from this article These guys want to do their dirt and then be quiet about it You t","0"
"My favorite quote from this article These guys want to do their dirt and then be quiet about it You t","0"
"Men need to hold other men accountable TIMEPOY","0"
"Hmm it s probably as maddening as the silence on Woody Allen Interesting to see","0"
"Kat my last comment I said Mike Jackson was set up the","0"
"We love you thank you for standing up to sexual violence and harassment","0"
"My favorite quote from this article These guys want to do their dirt and then be quiet about it You t","0"
"this christmas i hope buys me spotify premium for all the times i ve had baby panic attacks listenin to him yell bout old spice","0"
"My favorite quote from this article These guys want to do their dirt and then be quiet about it You t","0"
"My favorite quote from this article These guys want to do their dirt and then be quiet about it You t","0"
"exemplifies strength amp courage in taking a stand","0"
"Men need to hold other men accountable TIMEPOY","0"
"thank you for taking a stand","0"
"My favorite quote from this article These guys want to do their dirt and then be quiet about it You t","0"
"FF co Ona","0"
"Damn","0"
"on speaking out about sexual harassment Standing with those ladies and men it s the best thing ever https","0"
"Yes THIS","0"
"No one gets a pass has become my new battle cry whenever someone tries to defend the shitty actions o","0"
"My favorite quote from this article These guys want to do their dirt and then be quiet about it You t","0"
"No I can t","0"
"I just want to know if it was difficult to be so angry while holding such an adorable fluff ball","0"
"Kat can you see my comments on Jeanette penguine comment","0"
"Stand tall","0"
"Suit up Every day is a battle","0"
"My favorite quote from this article These guys want to do their dirt and then be quiet about it You t","0"
"Yes ma am","0"
"One thing I genuinely love about this cultural moment is the joining together of for instance a Terry Crews and a Dyla","0"
"My favorite quote from this article These guys want to do their dirt and then be quiet about it You t","0"
"soojung is too good for this broken world I did have to let these women know they weren t alone And that I unde","0"
"thank you for giving an incredible performance in white chicks laughter is the best medicine","0"
"Can you see my comments","0"
"Thank you for seeking justice Love ya even more","0"
"I believe you Both of you I refuse to watch his movies You both are brave","0"
"My favorite quote from this article These guys want to do their dirt and then be quiet about it You t","0"
"My favorite quote from this article These guys want to do their dirt and then be quiet about it You t","0"
"My favorite quote from this article These guys want to do their dirt and then be quiet about it You t","0"
"My favorite quote from this article These guys want to do their dirt and then be quiet about it You t","0"
"How is it not just as courageous of his wife","0"
"Sonic That s why you need the extra protection of on your debit card","0"
"Actor is suing the agent he claims groped his privates at a Hollywood party","0"
"YES What a beautiful team you make","0"
"I love that you filed and speak out about your experience Great role model for all thank you","0"
"on speaking out about sexual harassment Standing with those ladies and men it s the best thing ever https","0"
"I love you Terry and Rebecca You are brave and smart and true Please don t let ignorant disgusting","0"
"I wish would give me a hug and read me a bedtime story","0"
"My favorite quote from this article These guys want to do their dirt and then be quiet about it You t","0"
"TerryCrews Proof Hollywood Makes Women of BIG BLACK MEN AdamVenit","0"
"Damn just like that Threw those guys in with Sandusky never mind the trial","0"
"Thanks for standing up and showing boys and men how to speak up amp be honorable","0"
"TerryCrews Proof Hollywood Makes Women of BIG BLACK MEN AdamVenit","0"
"I ve been following and s pattern of silence is maddening Why still represent Schwahn I d love to kn","0"
"Check out Jimmy Saville Rolf Harris they all do charity work They hide behind","0"
"your bravery in the MeToo cause to discuss your role as a recent victim is worth applauding we ho","0"
"The one thing I m taking from 2017 is statement NO ONE GETS A PASS Not A Single One Of You metoo","0"
"No instead he cruised his long","0"
"My favorite quote from this article These guys want to do their dirt and then be quiet about it You t","0"
"Soon yi and Woody Allen starte","0"
"sometimes I get down on humanity and then I remember exists amp we should all strive to be more like him","0"
"wokoma I m RTing Crews because sexual harassment is a male problem that you males need to talk about to each other and is up to","0"
"blasts Hollywood s alleged sexual predators and applauds the brave victims who continue to come forward","0"
"You are a treasure Terry No one gets a pass","0"
"I so appreciate those who stay true to their core values especially during a crisis moralcompass","0"
"on speaking out about sexual harassment Standing with those ladies and men it s the best thing ever https","0"
"My favorite quote from this article These guys want to do their dirt and then be quiet about it You t","0"
"My favorite quote from this article These guys want to do their dirt and then be quiet about it You t","0"
"My favorite quote from this article These guys want to do their dirt and then be quiet about it You t","0"
"on speaking out about sexual harassment Standing with those ladies and men it s the best thing ever https","0"
"Please Read I appreciate your voice","0"
"Wow If true that s really messed up","0"
"You re a hero I m so sorry you ve had to go through everything you have You are an inspiration to us","0"
"I loved that show Your hear that and I LOVED THAT SHO","0"
"Exactly Sis Our brothers need our support as well","0"
"Cause let s be honest is a big guy and could of shut the whole place down but he didn t act","0"
"My favorite quote from this article These guys want to do their dirt and then be quiet about it You t","0"
"My favorite quote from this article These guys want to do their dirt and then be quiet about it You t","0"
"thankyou","0"
"Praying for you and with you my Bro Terry Crews God Bless you","0"
"And then unthinking dolts like will argue that physically strong people like Crews cannot be sexua","0"
"My favorite quote from this article These guys want to do their dirt and then be quiet about it You t","0"
"I keep thinking about how handled being sexually assaulted in public at a Hollywood party in front of p","0"
"Men need to hold other men accountable via","0"
"Don t know about all these guys but I do now that Mike Jackson was a go","0"
"You two are a beautiful couple beyond just the physical I m talkin glow here","0"
"A must read","0"
"My favorite quote from this article These guys want to do their dirt and then be quiet about it You t","0"
"As am I And I ve never hesitated in responding to anyone who tried to pulled this crap with me","0"
"She is so pretty let s not put Mike Jackson with all these guys 5 mo","0"
"Must watch","0"
"Men need to hold other men accountable via","0"
"on speaking out about sexual harassment Standing with those ladies and men it s the best thing ever https","0"
"She s a woman That s typically a precursor Although men get harassed too stood up and was counted","0"
"it means public molestation advertised by terry crews there s not much depth to the quote","0"
"what do you think","0"
"I m with you Let s bring these sick people down","0"
"Um broke the man code Certainly they were not talking about bcs it s the other dude who broke the man code","0"
"russell can go fuck himself and his great love","0"
"I think his tuxedo jacket precisely matches his wife s hair adorable much","0"
