"A must read for all high school student athletes 100 truth","0"
"believes in s word magic","0"
"Recruiting Nation","0"
"no but seriously if you re a freshmen sophomore with straight As and a 4 0 trying to transfer to UCLA cherish thos","0"
"Recruiting 2018 UCLA QB Commit Dorian Thompson Robinson enjoying his time in Westwood during his official visit","0"
"I think im gunna try to be a paralegal at ucla fingers crossed again","0"
"WeLoveLA UCLA Michigan roars back from 15 down beats UCLA in OT 78 69 SportsRoadhouse","0"
"Recruiting 2018 UCLA QB Commit Dorian Thompson Robinson enjoying his time in Westwood during his official visit","0"
"UCLA bound RB breaks NATIONAL single season TD record Watch","0"
"LaMelo and LiAngelo Ball SIGN TO PLAY PRO IN CHINA LAVAR Pulls Them From UCLA","0"
"Recruiting Considering position very important prospect for ucla Former Alabama commit","0"
"UCLA salutes our 1967 Gary Beban on his 50th anniversary and congratulations to Baker Mayfield on joinin","0"
"Nation The offense is a two man team What kind of offense is Alford running Alford is not a very good coach His team","0"
"Nation Lazy play by UCLA Awful weak side defense And the offense has been stagnant for a while now Alford is not a go","0"
"That s because Alford isn t a good coach Been a two man team after going up 15 He played to try and keep the le","0"
"Recruiting 2018 UCLA QB Commit Dorian Thompson Robinson enjoying his time in Westwood during his official visit","0"
"Congrats to our nephew amp Godson Patrick and all the UCLA Water Polo players","0"
"jordan 20 As a fan he broke my heart But boy is he a great player","0"
"12 10 07 JUNE 2010 Megan Langenfeld of UCLA is congratulated","0"
"Rawsportz Media post State Playoff game interview with Tulare Union Star RB Kazmeir Allen UCLA bound Kazmeir Allen breaks","0"
"A big welcome billboard for UCLA s new coach Chip Kelly in downtown L A","0"
"PAC 12 STOCK REPORT Chip Kelly has the recruiting stock up at UCLA runs down the Pac 12","0"
"UCLA Football Josh Rosen having to avoid hits on and off the field","0"
"LaVar Ball on pulling his son off the UCLA basketball team That s one of the main reasons he went to UCLA is to play basketball","0"
"does she really go to UCLA","0"
"In collaboration with the local community and OptimismCan perform a groundbreaking hand transplant operation https","0"
"2018 UCLA QB Commit Dorian Thompson Robinson enjoying his time in Westwood during his official visit","0"
"Yo I just found a UCLA ticket from like 2 Years ago Ahhh memories","0"
"richesss Aye you know he don t wanna go to UCLA","0"
"UCLA Football Josh Rosen having to avoid hits on and off the field","0"
"UCLA Football Josh Rosen having to avoid hits on and off the field","0"
"UCLA Football Josh Rosen having to avoid hits on and off the field","0"
"UCLA Football Josh Rosen having to avoid hits on and off the field","0"
"UCLA Football Josh Rosen having to avoid hits on and off the field","0"
"LiAngelo won t return to UCLA after LaVar Ball pulls him from school amid suspension for shoplifting in China per","0"
"this Katieswift fan thinks she s dragging me but I got into UCLA","0"
"How do you talk to kids after during the trauma of these fires This app may help ThomasFire","0"
"My prediction for QB s drafted this year are 1 Browns Josh Rosen UCLA 2 Giants Sam Darnold USC 3 Broncos","0"
"NewProfilePic TheFuture DTR Dorian is the future I can t wait till he signs Let s show him some love Bruins","0"
"UCLA Football Josh Rosen having to avoid hits on and off the field","0"
"UCLA Football Josh Rosen having to avoid hits on and off the field","0"
"GBR Pretty hard to shank a driver And can u believe the Jays beat both of your teams this year UCLA and the skirts","0"
"Client Plays 3 5 2x play cashes Not good enough on to tomorrow CBB UCLA 6 5 CBB Valpo 2 5 CBB Provid","0"
"horton4 I said he d1 go to UCLA you was like idc now look at you","0"
"That was pathetic offense for UCLA I blame Alford for him trying to keep the lead instead of winning the game He pl","0"
"I said he d1 go to UCLA you was like idc now look at you","0"
"bell 99 Having a great official visit at UCLA 4sUp Bruins","0"
"UCLA Football Josh Rosen having to avoid hits on and off the field","0"
"UCLA Football Josh Rosen having to avoid hits on and off the field","0"
"UCLA Football Josh Rosen having to avoid hits on and off the field","0"
"I know I teach at ucla but I ll always root for my alma mater goblue UCLAvsMICH","0"
"ThingsThatJustDontGoTogether ucla basketball team and good at getting turnovers by stealing the ball","0"
"is bigger than LaVar Will this guy look in the mirror amp say I better grow up Teaching kids that when things don","0"
"UCLA Football Josh Rosen having to avoid hits on and off the field","0"
"Furious finish gives Michigan huge win over UCLA","0"
"Why did UCLA give him a scholarship and why was he rated a 3 Star player","0"
"Postdoc Fellowships Available in Math Physical Sciences Engineering at and for thos","0"
"UCLA Football Josh Rosen having to avoid hits on and off the field","0"
"Any reason why No association with unlv right Just UCLA","0"
"LiAngelo Ball s final UCLA career stats 0 minutes 1 steal","0"
"UCLA Football Josh Rosen having to avoid hits on and off the field","0"
"Ucla finally emailed me","0"
"Recruiting Top 2018 Target Bryan Addison is in Westwood on his UCLA OV this weekend A decision is looming for one of the nation","0"
"What does think about leaving","0"
"UCLA should have a crew of former players travel for big road games The boosters would probably love to hang with them i","0"
"UCLA Football Josh Rosen having to avoid hits on and off the field","0"
"imagine going to ucla and not knowing that that particular term is offensive","0"
"Wolverines WOLVERINES WIN 78 69 over UCLA with 13 4 OT run in key game for tourney hopes Wagner 23pts Matthews 20pts 8rebs","0"
"LiAngelo will not return to UCLA after LaVar Ball pulls him from school following suspension for shoplifting in China via","0"
"Sophomore Kyle MacLean son of former Simi Valley and UCLA standout Don MacLean had 43 points for Westlake in 82 51 win","0"
"12 9 Contradog Recap Nevada ML UCLA 5 Appalachian State ML St Joes 10 5 Pennsylvania 6 5 Prov","0"
"616 Isn t that SO FRUSTRATING Also thanks for beating UCLA","0"
"BRH RACE Who will win the race for new 5 Star DB Brendan Radley Hiles amp discuss","0"
"gtr UCLA Royce Hall we are ready See you tonight","0"
"UCLA Football Josh Rosen having to avoid hits on and off the field","0"
"JOHN MCLAUGHLIN UCLA Royce Hall","0"
"UCLA salutes our 1967 Gary Beban on his 50th anniversary and congratulations to Baker Mayfield on joinin","0"
"Sophomore Kyle MacLean son of former Simi Valley and UCLA standout Don MacLean had 43 points for Westlake in 82 51 win","0"
"AUDIO HIGHLIGHTS Listen to s top calls as Michigan comes back to defeat UCLA LISTEN","0"
"Can we get THIS election right TONY THURMOND for California State Superintendent of Public Instruction Let s get","0"
"When the next UCLA Heisman winner likes 2 of your posts U C L A UCLA Fight Fight Fight","0"
"Sophomore Kyle MacLean son of former Simi Valley and UCLA standout Don MacLean had 43 points for Westlake in 82 51 win","0"
"Georgia tight end on his UCLA official visit","0"
"across Oh no the three UCLA idiots he brought back from China were appreciative of what he did it","0"
"Thanks to and all of our great fans for helping us get the W today vs UCLA Appreciate your support home a","0"
"Will he transfer to Michigan Who knows but 1 was front row at today s game vs UCLA","0"
"He had Kentucky UCLA and many more i think I was surprised IU was even a consideration compared to all the other teams","0"
"Recruiting Top 2018 Target Bryan Addison is in Westwood on his UCLA OV this weekend A decision is looming for one of the nation","0"
"Who was the little entitled kid near the OKC bench with his Westbrook UCLA jersey He must have been 8","0"
"Recruiting 2018 Defensive End Abdul Malik McClain a longtime UCLA commit is on campus this weekend for his official visit 4s","0"
"LaVar Ball guest stars on a 5th Quarter episode about a boy banned from UCLA via","0"
"Recruiting 2018 Defensive End Abdul Malik McClain a longtime UCLA commit is on campus this weekend for his official visit 4s","0"
"LaVar Ball pulls his son LiAngelo out of UCLA so they can concentrate on the NBA Draft Call me crazy but I m hard press","0"
"ICYMI Zavier Simpson with the ridiculous layup to keep Michigan within 2 points late in the comeback victory against UC","0"
"Michigan was 8 for 22 at the free throw line today and yet somehow miraculously beat UCLA","0"
"UCLA researchers find that the simple act of petting an animal is good for your mental and physical health","0"
"Wagner We just got to work on that and don t take that as just like a little byproduct It s very serious stuff espec","0"
"Nation Alumni Welcome to","0"
"Sophomore Kyle MacLean son of former Simi Valley and UCLA standout Don MacLean had 43 points for Westlake in 82 51 win","0"
"Our work on a Semantic Loss function for deep learning with unlabeled data and or complex constraints Now in the learning with","0"
"In state RB Jeremy Banks lands Tennessee offer Also has offers from Arkansas Ole Miss Texas A amp M UCLA and USC https","0"
"Thank you UCLA for the chance to educate and empower your students on the subject of sexual appropriateness","0"
"Colgan UCLA bail study finds price of freedom too high for poor L A families","0"
"Colgan UCLA bail study finds price of freedom too high for poor L A families","0"
"Recruiting Top 2018 Target Bryan Addison is in Westwood on his UCLA OV this weekend A decision is looming for one of the nation","0"
"In state RB Jeremy Banks lands Tennessee offer Also has offers from Arkansas Ole Miss Texas A amp M UCLA and USC https","0"
"Haven t seen snow for 4 years NYUSocialMedia","0"
"In state RB Jeremy Banks lands Tennessee offer Also has offers from Arkansas Ole Miss Texas A amp M UCLA and USC https","0"
"Rawsportz Media post State Playoff game interview with Tulare Union Star RB Kazmeir Allen UCLA bound Kazmeir Allen breaks","0"
"What a joke LAPD went tactical alert I live here day BEFORE 1 fire broke out in LA Co then 1 broke","0"
"Michigan fans troll UCLA with LaVar Ball cutout","0"
"A few years ago we were at the UCLA Stanford football game Luck s senior year and the Stanford band did","0"
"Jimmy Herring and The Invisible Whip UCLA Royce Hall","0"
"But UCLA needs to steal more wins","0"
"UCLA salutes our 1967 Gary Beban on his 50th anniversary and congratulations to Baker Mayfield on joinin","0"
"Michigan overcomes a 15 point deficit and wins in overtime vs UCLA 78 69 Wolverines win GoBlue UCLABeat http","0"
"UCLA salutes our 1967 Gary Beban on his 50th anniversary and congratulations to Baker Mayfield on joinin","0"
"Will he transfer to Michigan Who knows but 1 was front row at today s game vs UCLA","0"
"Rawsportz Media post State Playoff game interview with Tulare Union Star RB Kazmeir Allen UCLA bound Kazmeir Allen breaks","0"
"LiAngelo Ball s final UCLA career stats 0 minutes 1 steal","0"
"Had to snag this picture of these signs at the UCLA game today lmao","0"
"Congrats to my lil 6 6 285 lb nephew on accepting a full ride to play OL HardWork Sweat D","0"
"In state RB Jeremy Banks lands Tennessee offer Also has offers from Arkansas Ole Miss Texas A amp M UCLA and USC https","0"
"In collaboration with the local community and OptimismCan perform a groundbreaking hand transplant operation https","0"
"UCLA doesn t have dead week with no classes we have DEATH week where classes overlap with finals and everything is on fu","0"
"If I changed I became a better version of myself 4 sUp","0"
"So he lives in the UCLA dorms","0"
"UCLA stans are the Russia stans of the NCAA world","0"
"WeLoveLA UCLA Wolverines overcome 15 point deficit beat UCLA 78 69 in OT SportsRoadhouse","0"
"ICYMI Zavier Simpson with the ridiculous layup to keep Michigan within 2 points late in the comeback victory against UC","0"
"PAC 12 STOCK REPORT Chip Kelly has the recruiting stock up at UCLA runs down the Pac 12","0"
"So surreal here this week Three more days of heavy winds Fyi UCLA is closed today","0"
"The NEW ERA at UCLA 4sup 8Clap","0"
"A special day in history 50 years ago today Gary Beban was awarded the Congratulations","0"
"This makes me proud to be an alumnus","0"
"Sophomore Kyle MacLean son of former Simi Valley and UCLA standout Don MacLean had 43 points for Westlake in 82 51 win","0"
"Georgia tight end on his UCLA official visit","0"
"UCLA Football Josh Rosen having to avoid hits on and off the field","0"
"Yay gonna sleepover with my UCLA girl friend","0"
"If you want to know why the TaxScamBill2017 is a train wreck for graduate students look no further than this op ed in","0"
"Recruiting richesss Nation","0"
"PAC 12 STOCK REPORT Chip Kelly has the recruiting stock up at UCLA runs down the Pac 12","0"
"You d think the three UCLA Basketball Players will say about Rep","0"
"Rawsportz Media post State Playoff game interview with Tulare Union Star RB Kazmeir Allen UCLA bound Kazmeir Allen breaks","0"
"Follow up research needed so much Our study with UCLA cancer researchers found certain types of comedy helps kids","0"
"WATCH Wolverines Wagner Simpson Matthews amp Beilein spoke minutes ago after their 78 69 win over UCLA","0"
"Among the many problematic things with 24 is Jack Bauer s edu background He studied English at UCLA and Criminolog","0"
"Alumni Here are two of our ornaments one of retro and from when I was a student","0"
"GoBlue UCLA vs Michigan with performing the Anthem today","0"
"Congratulations for getting your degree Help UCLA win the Cactus Bowl Help everyone give 100","0"
"UCLA s Thomas Welsh was a late blooming big man in HS Made noise as a rising senior at amp had an effort to r","0"
"Welcome to Westwood defensive coordinator Jerry Azzinaro and linebackers coach Don Pellum 4sUp","0"
"Sophomore Kyle MacLean son of former Simi Valley and UCLA standout Don MacLean had 43 points for Westlake in 82 51 win","0"
"Recruiting 2018 Defensive End Abdul Malik McClain a longtime UCLA commit is on campus this weekend for his official visit 4s","0"
"Guess you could say Michigan stole a win from UCLA","0"
"CHOMP CHOMP No 2 Florida advances to the regional final with a 3 1 victory over No 15 UCLA NCAAVB","0"
"Guess you could say Michigan stole a win from UCLA","0"
"High speed rail study finds that remote cities benefit from connection to global hubs UCLA","0"
"McClure Wishing you a very very Happy Birthday You are an outstanding Coach human being I want to","0"
"Learn how families can cope after the wildfires","0"
"A parent is asking me if i like Ucla do i lie","0"
"BUTLER 2H OV 79 5 1 UCLA 2H OV 76 5 2 ARMY UN 45 2 DEPAUL 2H UN 76 1 DRAKE OV 157 1 DRAKE 2H OV 84 5","0"
"For anyone at mednips or BigNeuro who hasn t gotten enough amazing machine learning neuroscience you should check out Ne","0"
"UCLA and GT barely even got to tip off before Bill Walton apologized on behalf of the entire human race for LiAngelo Ball","0"
"It was the only way the Muslim patient could wipe his ass","0"
"Vivi from UCLA I ve missed you babygirl","0"
"Jordan Howard s recipe for receiving the attention of NBA scouts","0"
"gtr UCLA Royce Hall we are ready See you tonight","0"
"Sophomore Kyle MacLean son of former Simi Valley and UCLA standout Don MacLean had 43 points for Westlake in 82 51 win","0"
"The legacy of Jackie Robinson lives on at the iconic Fun facts Jackie Robinson played football for Pa","0"
"everyday we get closer to this","0"
"UCLA s Thomas Welsh was a late blooming big man in HS Made noise as a rising senior at amp had an effort to r","0"
"Aaron Holiday s 25 points ties a career high UCLA leads Michigan 60 58 with 3 05 left in the second half GoBruins UCLAvs","0"
"CHE Yo Tyreek Evans been killing Roberson smh And Westbrook ain t made a shot since UCLA SMH","0"
"He is but he need to go to UCLA lonzo","0"
"Sophomore MF Jessie Fleming has been selected as a finalist for the UCLA s 3rd finalist in the last 5 year","0"
"UCLA s Thomas Welsh was a late blooming big man in HS Made noise as a rising senior at amp had an effort to r","0"
"SUCk Recruiting I can fam Be apart of something special 4sUP 8Clap","0"
"I m so mad Johnny and Peter went to Fake Marvel Colleges meanwhile Bobby Drake over here is living it up at UCLA","0"
"UCLA only stole twice today making improvements","0"
"Shea Patterson was the main attraction inside Crisler Center Saturday And then a basketball game broke out One that John","0"
"Champions Sports Center is proudly owned and ran by international elite gymnast actor and motivational speaker Aim","0"
"Here for 7th yr in a row HotChocolateNutcracker UCLA to Redondo Beach DADA We the show","0"
"UCSB amp UCLA on fire San Diego schools earthquakes Professors even if this is the apocalypse the final still won t be curv","0"
"Yo Tyreek Evans been killing Roberson smh And Westbrook ain t made a shot since UCLA SMH","0"
"Proud Ram former student intern amp media staff member Nic Hallisey getting national kudos for make believe hoops tweets https","0"
"Newz Kareem Abdul Jabbar Q amp amp A Athlete Activism and All That Comes With It","0"
"For anyone at mednips or BigNeuro who hasn t gotten enough amazing machine learning neuroscience you should chec","0"
"Oklahoma could have a 10 win Army squad and an 11 win FAU squad on their OOC slate Also Chip Kelly and UCLA","0"
"Looks good on ya and your family can watch you play at the Rose Bowl 4sUp 8Clap UCLA","0"
"Loma Wow","0"
"Wagner We just got to work on that and don t take that as just like a little byproduct It s very serious stuff espec","0"
"Nice counter by OKC to Hawk set Melo amp Abrines flipped what s normally the UCLA cut screen for an Abrines 3","0"
"LaVar Ball is teaching his kids that you can escape consequences reacts to LaVar pulling his son LiAnge","0"
"Somebody has been naughty","0"
"BIG 12 STOCK REPORT Which teams are up steady down in Big12 examines the conference top to bottom https","0"
"BOO T Eight Kidnapped them took em to IHOP and flew back for the UCLA basketball game","0"
"Watched Michigan Vs UCLA BB Game CBS talked about 3 players getting out of jail in China and gave 0 credit to President Tr","0"
"One of the best pass rushers out west and a UCLA commit Abdul Malik McClain","0"
"UCLA Basketball The force is not strong with the Bruins in OT loss to Michigan","0"
"Hey Alec Welcome to UCLA If you pick UCLA you ll be get","0"
"Watched Michigan Vs UCLA BB Game CBS talked about 3 players getting out of jail in China and gave 0 credit to Pres","0"
"stbrown Recruiting I think most of us bruins fans respect your decision no","0"
"In collaboration with the local community and OptimismCan perform a groundbreaking hand transplant operation https","0"
"Will he transfer to Michigan Who knows but 1 was front row at today s game vs UCLA","0"
"Thanks to and all of our great fans for helping us get the W today vs UCLA Appreciate your support home a","0"
"Recruiting 2018 Defensive End Abdul Malik McClain a longtime UCLA commit is on campus this weekend for his official visit 4s","0"
"UCLA doctors use magnetic stimulation to rewire the brain for people with depression UCLA","0"
"Poor Huntington Park kids are jet lagged","0"
"She s free like the wind she disperses the clouds or illuminates them with the lightning flash of her gaze Octavio","0"
"UCLA Basketball The force is not strong with the Bruins in OT loss to Michigan","0"
"stbrown Recruiting This is your home Get a good education conquer the field 4sUp","0"
"Why did I apply to UCLA","0"
"Will he transfer to Michigan Who knows but 1 was front row at today s game vs UCLA","0"
"UCLA Basketball The force is not strong with the Bruins in OT loss to Michigan","0"
"Kareem Abdul Jabbar Q amp amp A Athlete Activism and All That Comes With It","0"
"Will he transfer to Michigan Who knows but 1 was front row at today s game vs UCLA","0"
"Will he transfer to Michigan Who knows but 1 was front row at today s game vs UCLA","0"
"BIG 12 STOCK REPORT Which teams are up steady down in Big12 examines the conference top to bottom https","0"
"The defense was great today holding UCLA under 44 Michigan shot 46 9 from the field 34 5 from 3 36 4 from the","0"
"I m raising money for UCLA OR BUST Click to Donate via","0"
"In collaboration with the local community and OptimismCan perform a groundbreaking hand transplant operation https","0"
"Well done young man make UCLA proud Beatsc","0"
"Thanks to and all of our great fans for helping us get the W today vs UCLA Appreciate your support home a","0"
"Gators HC Dan Mullen stopped by team s win over UCLA tonight Photos via","0"
"Made it look so easy The boy should atleast did 2 more years at Ucla BuzzCity","0"
"LaVar Ball is teaching his kids that you can escape consequences reacts to LaVar pulling his son LiAnge","0"
"Hope you select to go to UCLA We have a top rated academic rating great football coaches great campus great we","0"
"QUIT BUYING 1500 DOGS FROM PET STORES WHEN THERE ARE 60 DOGS IN SHELTERS THAT NEED HOMES AND ARE BEING MISTREATED","0"
"after the fresno state game vince young played a amp m and struggled we all knew after that it was over reggie ran f","0"
"ramsey The LOSER is not worthy of wearing the UCLA uniform May he rot in Europe","0"
"ICYMI Zavier Simpson with the ridiculous layup to keep Michigan within 2 points late in the comeback victory against UC","0"
"UCLA only stole twice today making improvements","0"
"A must read for all high school student athletes 100 truth","0"
"Just got to Tampa and saw Michigan beat UCLA Let s go","0"
"LiAngelo Ball says his UCLA teammates started shoplifting first so he joined in","0"
"This is very reminiscent of the 82 UCLA game EnnisWhatley RollTide BuckleUp BamaAfterDark","0"
"How much is Wasserman worth Don t tell me UCLA is cash strapped because of the football coaching change","0"
"UCLA only stole twice today making improvements","0"
"UCLA only stole twice today making improvements","0"
"It s better than watching UCLA lose over and over","0"
"LiAngelo Ball s final UCLA career stats 0 minutes 1 steal","0"
"stbrown It gets better and better every time S1ORM8RUIN 4sUP GoBruins","0"
"weekendgetaway step three concert terabottorff lifeisgood californiadreamin UCLA Royce Hall","0"
"UCLA chemists synthesize narrow ribbons of graphene using only light and heat","0"
"Exciting Opportunity Postdoctoral Fellow Latin American Caribbean Studies","0"
"Welcome to UCLA I ve forward to having you with us You should fit righ","0"
"Recruiting 2018 Defensive End Abdul Malik McClain a longtime UCLA commit is on campus this weekend for his official visit 4s","0"
"ucla girls be on tinder heavy","0"
"BIG 12 STOCK REPORT Which teams are up steady down in Big12 examines the conference top to bottom https","0"
"Will he transfer to Michigan Who knows but 1 was front row at today s game vs UCLA","0"
"Recruiting 2018 Defensive End Abdul Malik McClain a longtime UCLA commit is on campus this weekend for his official visit 4s","0"
"Recruiting 2018 Defensive End Abdul Malik McClain a longtime UCLA commit is on campus this weekend for his official visit 4s","0"
"WeLoveLA UCLA Michigan Wolverines Go Hard in Overtime to Beat UCLA 78 59 SportsRoadhouse","0"
"ICYMI Zavier Simpson with the ridiculous layup to keep Michigan within 2 points late in the comeback victory against UC","0"
"UCLA basketball at Michigan Preview scouting report how to watch","0"
"Thanks to and all of our great fans for helping us get the W today vs UCLA Appreciate your support home a","0"
"1 The state prolonged the depression 2 The middle class wasn t created by the government a","0"
"Lonzo needed at least one more year at UCLA to fix his shot and mature Stop rushing these kids to play with","0"
"Guess you could say Michigan stole a win from UCLA","0"
"Nation","0"
"bell 99 Recruiting Need some nasty ass lineman Kevin gogan and incognito style","0"
"How would you ranked it as UCLA being UCLA","0"
"UCLA only stole twice today making improvements","0"
"this girl s bio says that she goes to ucla focus on studying for finals or whatever instead of being a jerk towa","0"
"Willie Taggart AND Chip Kelly are coming after the Oregon class HARD Source tells me that one of the UO commits on the","0"
"UCLA only stole twice today making improvements","0"
"ZachShaw Scoring 10 points in seven minutes shutting down Aaron Holiday and even emulating a past Ohio point guard who wore No 3 Z","0"
"BIG 12 STOCK REPORT Which teams are up steady down in Big12 examines the conference top to bottom https","0"
"44 Brendan Radley Hiles outta UCLA just sounds nice LocalBoy GoBruins","0"
"Thanks to and all of our great fans for helping us get the W today vs UCLA Appreciate your support home a","0"
"GALLERY Michigan takes down UCLA in OT 78 69","0"
"Nation","0"
"If I changed I became a better version of myself 4 sUp","0"
"2018 Defensive End Abdul Malik McClain a longtime UCLA commit is on campus this weekend for his official visit","0"
"Looking for a fun video for the weekend s Dr David Jewitt visited All Space Considered to describe the strange","0"
"One of the best pass rushers out west and a UCLA commit Abdul Malik McClain","0"
"Just love getting all the UCLA revruits pop up on my feed cause of amp","0"
"BIG 12 STOCK REPORT Which teams are up steady down in Big12 examines the conference top to bo","0"
"ucla just sent me the email saying they received my app i cant believe i get to wait 4 months for my rejection now","0"
"","0"
"On Monday Michigan blew a 20 point lead to lose to Ohio State Today Michigan overcomes a 15 point second half deficit","0"
"In collaboration with the local community and OptimismCan perform a groundbreaking hand transplant operation https","0"
"UCLA collapse at Michigan today shows that developed 4 year talent is better than one and done talent any day of t","0"
"Recruiting Top 2018 Target Bryan Addison is in Westwood on his UCLA OV this weekend A decision is looming for one of the nation","0"
"UCLA QB Commit","0"
"vs Sam Darnold who will be the better quarterback Tweet TheRosenOne or InDarnoldWeTrust to vote https","0"
"BUTLER 2H OV 79 5 1 UCLA 2H OV 76 5 2 ARMY UN 45 2 DEPAUL 2H UN 76 1 DRAKE OV 157 1 DRAKE 2H OV 84 5 1","0"
"Guess you could say Michigan stole a win from UCLA","0"
"1077 I now live in So Calif not too far from Disneyland My folks met b 4 WWll I have 3 kids and a","0"
"Interview with Rising 2021 California QB Tyler Buchner on RNG UCLA SDSU GoAzt","0"
"heading up to UCLA tmrw","0"
"ICYMI Zavier Simpson with the ridiculous layup to keep Michigan within 2 points late in the comeback victory against UC","0"
"Thanks to and all of our great fans for helping us get the W today vs UCLA Appreciate your support home a","0"
"He is at UCLA right now kicking it","0"
"I interviewed Josh Rosen back in March and he talked a lot about how much playing tennis helped his footwork as a quarterba","0"
"Harbaugh at the game can only mean one thing Harbaugh to UCLA Sources","0"
"Michigan got a huge comeback in OT against UCLA With all of the good there was some bad All of that and more ht","0"
"UCLA OL commit is the nephew of longtime MLB player Mike Sweeney","0"
"Does UCLA even know that the SkirballFire exists This fire less than a few miles away makes it extremely hard to bre","0"
"Guess you could say Michigan stole a win from UCLA","0"
"Thanks to and all of our great fans for helping us get the W today vs UCLA Appreciate your support home a","0"
"UCLA hosted 2018 Wesleyan School GA TE Tommy Tremble for an official visit today","0"
"UM beats UCLA","0"
"ZachShaw Michigan mounts epic comeback downs UCLA in thrilling overtime win Story","0"
"ZachShaw Scoring 10 points in seven minutes shutting down Aaron Holiday and even emulating a past Ohio point guard who wore No 3 Z","0"
"RG Melvin Gordon runner up and wasnt it the guy from UCLA Barr I think","0"
"Recruiting Sick Uni s","0"
"Thanks to and all of our great fans for helping us get the W today vs UCLA Appreciate your support home a","0"
"In collaboration with the local community and OptimismCan perform a groundbreaking hand transplant operation https","0"
"BMurda I can t argue with you there but all I was saying was he doesn t need an education in order to be in the","0"
"ICYMI Zavier Simpson with the ridiculous layup to keep Michigan within 2 points late in the comeback victory against UC","0"
"UCLA has resumed classes even though fires continue burning nearby To some students chagrin it also means that","0"
"Recruiting Welcome to uclabruins 4sUp","0"
"Postdoc Fellowships Available in Math Physical Sciences Engineering at and for thos","0"
"Donne I m not shocked his dad pulled him out of UCLA But I don t agree with him having Melo sign with an agent","0"
"do you think UCLA overperformed I m having hopes that they will come out with the title should I hold my breath","0"
"Thanks to and all of our great fans for helping us get the W today vs UCLA Appreciate your support home a","0"
"One of the best pass rushers out west and a UCLA commit Abdul Malik McClain","0"
"recap is up when Michigan and Charles Matthews desperately needed a lift a couple unlikely sources came through to pul","0"
"UCLA researchers find that the simple act of petting an animal is good for your mental and physical health","0"
"One of the best pass rushers out west and a UCLA commit Abdul Malik McClain","0"
"Prod indiefilm filmfestivals shortfilm webseries contentcreation producers directors writers actorslife","0"
"Don t hate the player is a saying I m not really having to explain this am I The majority of","0"
"feature on Sophomore Ben Goldberg","0"
"I wish him nothing but success except against Ucla lol","0"
"The UCLA life science department Gender diversity isn t important Historical racism justified through biology isn","0"
"had more real life subtweets for and","0"
"UCLA salutes our 1967 Gary Beban on his 50th anniversary and congratulations to Baker Mayfield on joinin","0"
"Coming Soon Cohort 4 TFTinfinity Wars 2018 z ucla uclatft4 uclatftcohort4 bruins","0"
"y Rails Nice win today by UM over the hated Alford led UCLA","0"
"Donne That s what I m saying I don t condone at all what he did it actually was one of the worst places to","0"
"Think your BPA free plastic is safe Think again says researchers hormones plastic research BPA","0"
"M21 Harold Ickes to Franklin D Roosevelt 23 June 1941","0"
"UCLA bound RB breaks NATIONAL single season TD record Watch","0"
"Throws like this by UCLA QB Josh Rosen 3 are why his is a consideration for the 1 pick overall in the 2018 NFLDraft","0"
"gtr UCLA Royce Hall we are ready See you tonight","0"
"I liked a video A Day in My Life UCLA Student Reality","0"
"Recruiting Big A looking good Love to see u in Westwood","0"
"32 2 QBs under 6 foot who ve done well Thanks for proving my point Lol OU is soooo much better and more t","0"
"Recruiting Top 2018 Target Bryan Addison is in Westwood on his UCLA OV this weekend A decision is looming for one of the nation","0"
"UCLA Coach Steve Alford Responded To LiAngelo Ball Leaving School","0"
"LaVar Ball is teaching his kids that you can escape consequences reacts to LaVar pulling his son LiAnge","0"
"Recruiting Top 2018 Target Bryan Addison is in Westwood on his UCLA OV this weekend A decision is looming for one of the nation","0"
"Heck of a comeback by Michigan to beat UCLA in OT","0"
"Former Cowboy Bryndon Manzer who was on the call for okstate s last win over a top 10 team caught up with Coach Littell foll","0"
"bell 99 Man knows what he s doing UCLA will put you in a position to do great things long after football","0"
"Recruiting Your going to be the guy to bring us back","0"
"ICYMI Zavier Simpson with the ridiculous layup to keep Michigan within 2 points late in the comeback victory against UC","0"
"UCLA issues lack of ball security Not sure that s going to change UCLA offense is based on PG s handling ball His PG s tad reckless","0"
"OnThisDay December 9 1998 attended the Fire amp Ice Ball at Universal Studios in Hollywood benefitting the U","0"
"Russell Wilson and Drew Brees put a good face on the 5 11 label Baker was out attempted by Darnold t","0"
"roycehall See you Tuesday","0"
"I think it s too early in the year to start counting them out or say they re a bad team but this was","0"
"riedl i ve been informed pearl s presentation was poorly publicized and had to compete with many other tracks","0"
"Quarter done See you back in month ucla anderson","0"
"Thanks to and all of our great fans for helping us get the W today vs UCLA Appreciate your support home a","0"
"LaMelo and LiAngelo Ball SIGN TO PLAY PRO IN CHINA LAVAR Pulls Them From UCLA","0"
"Thanks to and all of our great fans for helping us get the W today vs UCLA Appreciate your support home a","0"
"I m at UCLA s Royce Hall for John McLaughlin tonight The ceiling is cool","0"
"Hope not UCLA woof","0"
"Thanks to and all of our great fans for helping us get the W today vs UCLA Appreciate your support home a","0"
"Harold Ickes to Franklin D Roosevelt 23 June 1941","0"
"Nation My dude anyone that says this doesn t look good has no flavor You look dope Unis are Le","0"
"okstate had been knocking at the door against ranked opponents Last night that door opened Check out the highlights from the","0"
"BUTLER 2H OV 79 5 1 UCLA 2H OV 76 5 2 ARMY UN 45 2 DEPAUL 2H UN 76 1 DRAKE OV 157 1 DRAKE 2H OV 84 5 1","0"
"Steve Alford remains a very good coach who UCLA is lucky to have sarcasm","0"
"How do you talk to kids after during the trauma of these fires This app may help ThomasFire","0"
"bell 99 Having a great official visit at UCLA 4sUp Bruins","0"
"Can y all see it GoBruins","0"
"Harbaugh at the game can only mean one thing Harbaugh to UCLA Sources","0"
"Chip Kelly won t turn UCLA into Oregon but he doesn t have to","0"
"UCLA researchers find that the simple act of petting an animal is good for your mental and physical health","0"
"Interview with Rising 2021 California QB Tyler Buchner on RNG UCLA SDSU","0"
"UCLA Football Josh Rosen having to avoid hits on and off the field Go Joe Bruin","0"
"I m just basing it off everyone s prediction it wouldn t shock me if he picks UCLA","0"
"h tattoo if this 18k rose gold lavender opal trigem looks this great here imagine how stunning it will be in you","0"
"Sophomore Kyle MacLean son of former Simi Valley and UCLA standout Don MacLean had 43 points for Westlake in 82 51 win","0"
"Why yes that was me palming an asada burrito on the 10 to the 405 to UCLA to see a play","0"
"South Region 1 Villanova 16 Northern Kentucky 8 UCLA 9 Creighton 5 Cincinnati 12 Saint Mary s 4 West Vir","0"
"Recruiting Top 2018 Target Bryan Addison is in Westwood on his UCLA OV this weekend A decision is looming for one of the nation","0"
"Thanks to and all of our great fans for helping us get the W today vs UCLA Appreciate your support home a","0"
"Family friend desperately in need of platelets any blood type and or O or O white blood cells at UCLA hospital","0"
"Walton is a big UCLA dude Lavar talking mess about Bill s son after his son embarrassed his beloved","0"
"Thanks to and all of our great fans for helping us get the W today vs UCLA Appreciate your support home a","0"
"Guess you could say Michigan stole a win from UCLA","0"
"Guess you could say Michigan stole a win from UCLA","0"
"Mossman Next season UCLA comes to town Kyler Murray show getting started","0"
"People say UCLA fans can t be pleased and are toxic because they wanted Alford fired 2 years ago but in my experie","0"
"Thanks to and all of our great fans for helping us get the W today vs UCLA Appreciate your support home a","0"
"Utube CEO Susan Diane Wojcicki Santa Clara County California U S Alma materHarvard College A B University of C","0"
"1 Denny s 2 Bell s House 3 UCLA s Arcade 4 SJSU 5 Fanime","0"
"Yeah I talk about Oregon in this Just limited to the two schools in our area but UCLA definitely up there","0"
"Thanks to and all of our great fans for helping us get the W today vs UCLA Appreciate your support home a","0"
"All UCLA fans want for Christmas is for DTR to enroll early and bring his WRs stbrown","0"
"My thoughts the L s cone from UCLA Wichita twice SMU on the road and Temple on the road They need t","0"
"Aaron Holiday s 25 points ties a career high UCLA leads Michigan 60 58 with 3 05 left in the second half GoBruins UCLAvs","0"
"My grades are in for most of the coaching hires in this year s college cycle Check them out here Insider","0"
"ICYMI Zavier Simpson with the ridiculous layup to keep Michigan within 2 points late in the comeback victory against UC","0"
"Messy at UCLA and UO too","0"
"UCLA Football Josh Rosen having to avoid hits on and off the field Via By","0"
"KState basketball got you down Check out 1200 words in Part 1 of 3 of my CactusBowl Preview UCLA Offense v","0"
"ICYMI Zavier Simpson with the ridiculous layup to keep Michigan within 2 points late in the comeback victory against UC","0"
"t Paper is here","0"
"TBH I no longer have the distaste for Sooners that I still have for the Ducks and now have UCLA","0"
"Naveau Michigan 78 UCLA 69 Zavier Simpson 15 points 4 steals His best game in college","0"
"I apologize for my teams success But think of it this way you get to celebrate every year we don","0"
"UCLA only stole twice today making improvements","0"
"With Patterson watching Michigan dazzles in comeback win over UCLA","0"
"Guess you could say Michigan stole a win from UCLA","0"
"Fans Storm Count After Cowgirl Basketball Upsets No 7 UCLA Pistols Firing","0"
"Recruiting Excited to watch u in Westwood","0"
"Sounds like he s a UCLA lock Sigh","0"
"Just 5 more losses with UCLA Wichita 2x SMU 2x UCF 2x when healthy I d be ok with that","0"
"sanders28 LiAngelo Ball s final UCLA career stats 0 minutes 1 steal","0"
"I m sure overseas teams are lining up for 6 5 stretch fours amp 16 year old unproven shot jackers Story","0"
"Congrats looking forward to seeing you slay in Westwood ucla","0"
"Nation I don t want to get too excited till it s official","0"
"UCLA chemists synthesize narrow ribbons of graphene using only light and heat","0"
"ICYMI Zavier Simpson with the ridiculous layup to keep Michigan within 2 points late in the comeback victory against UC","0"
"007 Excellent news When you start putting hefty price tags on harassment maybe peo","0"
"Thanks to and all of our great fans for helping us get the W today vs UCLA Appreciate your support home a","0"
"2018 UCLA signee nash14 dominated the paint offensively and defensively this weekend in South Carolina UCLA is","0"
"It was time for a change I open my phone to the three things I love most in life UCLA Grayson Dolan and Kid Cud","0"
"Thanks to and all of our great fans for helping us get the W today vs UCLA Appreciate your support home a","0"
"Blink and you might have missed the Michigan men s basketball team s comeback","0"
"bell 99 Having a great official visit at UCLA 4sUp Bruins","0"
"Thanks to and all of our great fans for helping us get the W today vs UCLA Appreciate your support home a","0"
"JoeD A good man good coach heck of a father And he reps UCLA colors well on the recruiting hunt SacBee read on McC","0"
"I m hoping it s a huge benchmark for our team as we go forward John Beilein on Michigan s win vs UCLA","0"
"GALLERY Several Michigan targets commits players coaches and staffers were all at Crisler Center for the Wolverines b","0"
"BUTLER 2H OV 79 5 1 UCLA 2H OV 76 5 2 ARMY UN 45 2 DEPAUL 2H UN 76 1 DRAKE OV 157 1 DRAKE 2H OV 84 5","0"
"GALLERY Michigan takes down UCLA in OT 78 69","0"
"h tattoo if this 18k rose gold lavender opal trigem looks this great here imagine how stunning it will be in you","0"
"USC doesn t beat Stanford in the Pac 12 title game without Hawkins Might not have beaten UCLA Arizona or Cal either Check","0"
"UCLA chemists synthesize narrow ribbons of graphene using only light and heat","0"
"Photos of Michigan win over UCLA","0"
"h tattoo if this 18k rose gold lavender opal trigem looks this great here imagine how stunning it will be in you","0"
"if this 18k rose gold lavender opal trigem looks this great here imagine how stunning it will be in","0"
"Oklahoma could have a 10 win Army squad and an 11 win FAU squad on their OOC slate Also Chip Kelly and UCLA","0"
"Georgia tight end on his UCLA official visit","0"
"Anyone who questions Josh Rosen s toughness or passion I can instantly pull up 10 clips that say otherwise Or y","0"
"In collaboration with the local community and OptimismCan perform a groundbreaking hand transplant operation https","0"
"Prod indiefilm filmfestivals shortfilm webseries contentcreation producers directors writers actorslife","0"
"weekendgetaway step three concert terabottorff lifeisgood californiadreamin UCLA Royce Hall","0"
"UCLA QB Commit","0"
"Dorian Thompson Robinson living his best life on his official visit to UCLA","0"
"indiefilm filmfestivals shortfilm webseries contentcreation producers directors writers actorslife","0"
"ICYMI Zavier Simpson with the ridiculous layup to keep Michigan within 2 points late in the comeback victory against UC","0"
"UCLA Football Josh Rosen having to avoid hits on and off the field Via By","0"
"BigEast goes 3 0 today vs the Power6 Meanwhile B1G goes 1 4 with Michigan win over UCLA the only W B1G now a","0"
"Please RT interiordesign homedecor decoration Director of London s Architectural Association Brett","0"
"Just 12 minutes with a dog can help heart and lung function Read this article by UCLA health touting the benefits of Animal Ass","0"
"Guard Loryn Goodwin who previously played at North Texas Butler and UTSA is making an impact this year at Oklahoma State","0"
"She s free like the wind she disperses the clouds or illuminates them with the lightning flash of her gaze Octavio","0"
"UCLA researchers find that the simple act of petting an animal is good for your mental and physical health","0"
"UCLA researchers find that the simple act of petting an animal is good for your mental and physical health","0"
"UCLA lock","0"
"Take these steps to improve your health and well being healthyliving healthylifestyle","0"
"The Real was talking about the LiAngelo Ball situation and all I could think about was Shut the bleep up T","0"
"UCLA QB Commit","0"
"Michigan UCLA Hoops Full Game MGoBoard","0"
"Michigan UCLA Hoops Full Game MGoBoard","0"
"bell 99 Having a great official visit at UCLA 4sUp Bruins","0"
"Wish we could see you on tv Seem like we mainly get Ucla since I live in California now Girls keep up the great work 2 Whoot","0"
"I m hoping the Arizona scandal scares him off but he s going to get even more offers already holds offe","0"
"UCLA chemists synthesize narrow ribbons of graphene using only light and heat","0"
"Postdoc Fellowships Available in Math Physical Sciences Engineering at and for thos","0"
"Huntington Prep beat Rock Creek MD 82 67 Jon McGriff with 17 pts amp 8 rebs Kenny Nwuba UCLA with 15 amp 8","0"
"UCLA chemists synthesize narrow ribbons of graphene using only light and heat","0"
"Thanks to and all of our great fans for helping us get the W today vs UCLA Appreciate your support home a","0"
"She s free like the wind she disperses the clouds or illuminates them with the lightning flash of her gaze Octavio","0"
"My finals week at UCLA every quarter I gotta change","0"
"UCLA chemists synthesize narrow ribbons of graphene using only light and heat","0"
"gtr UCLA Royce Hall we are ready See you tonight","0"
"FB commit says in a recent interview that he will be running track also at UCLA and if they let him play","0"
"Postdoc Fellowships Available in Math Physical Sciences Engineering at and for thos","0"
"UCLA salutes our 1967 Gary Beban on his 50th anniversary and congratulations to Baker Mayfield on joinin","0"
"Furious finish gives Michigan huge win over UCLA","0"
"If your bball team had been in a Muslim country you could have done it for them first","0"
"UCLA chemists synthesize narrow ribbons of graphene using only light and heat","0"
"UCLA chemists synthesize narrow ribbons of graphene using only light and heat","0"
"The Golden Savior UCLA GiantsPride","0"
"Recruiting Top 2018 Target Bryan Addison is in Westwood on his UCLA OV this weekend A decision is looming for one of the nation","0"
"2018 UCLA signee nash14 dominated the paint offensively and defensively this weekend in South Carolina UCLA is","0"
"2018 UCLA signee nash14 dominated the paint offensively and defensively this weekend in South Carolina UCLA is","0"
"Thanks to and all of our great fans for helping us get the W today vs UCLA Appreciate your support home a","0"
"UCLA chemists synthesize narrow ribbons of graphene using only light and heat","0"
"Shea Patterson will visit Michigan for the Michigan UCLA game","0"
"Is this our first pic of Chip Kelly in UCLA gear","0"
"Recruiting Top 2018 Target Bryan Addison is in Westwood on his UCLA OV this weekend A decision is looming for one of the nation","0"
"Thanks to and all of our great fans for helping us get the W today vs UCLA Appreciate your support home a","0"
"Thanks to and all of our great fans for helping us get the W today vs UCLA Appreciate your support home a","0"
"Dickey Great news Can t wait to see you show UCLA how it s done in a couple weeks","0"
"Thanks to and all of our great fans for helping us get the W today vs UCLA Appreciate your support home a","0"
"theD School shooting UCLA uhhhh students take your finals Bomb threat UCLA uhhh summer school is still in session Fire UCLA","0"
"SEC Kentucky transfer Charles Matthews went for 20 8 and 3 today for Michigan and hit the overtime dagger 3 pointer agains","0"
"Sophomore Kyle MacLean son of former Simi Valley and UCLA standout Don MacLean had 43 points for Westlake in 82 51 win","0"
"Trump blasts San Francisco murder acquittal Dreamer effort reuters ucla nba india","0"
"Wolverines Overcome 15 Point Deficit Beat UCLA 78 69 In OT","0"
"UCLA chemists synthesize narrow ribbons of graphene using only light and heat","0"
"Dabo looks like he jus dabbed GoBruins UCLA","0"
"UCLA Football Josh Rosen having to avoid hits on and off the field Go Joe Bruin","0"
"You mean like Louis Farrakhan Sounds about right with the hate and divisiveness that your party espouses","0"
"UM beats UCLA","0"
"UCLA Football Josh Rosen having to avoid hits on and off the field Go Joe Bruin","0"
"solomon Ohh has caught me in the act a few times The UCLA A amp","0"
"Magic Jaylen Hands UCLA with a Career High 23pts to go with 9rebs and 4ast in the Win","0"
"DAHLin I think he meant Gelo was going to be just a role player at UCLA He was going to come off the bench","0"
"UCLA doesn t have dead week with no classes we have DEATH week where classes overlap with finals and everything is on fu","0"
"Michigan basketball erases deficit stuns UCLA Bruins in OT 78 69 via","0"
"Sophomore MF Jessie Fleming has been selected as a finalist for the UCLA s 3rd finalist in the last 5 year","0"
"UCLA chemists synthesize narrow ribbons of graphene using only light and heat","0"
"DAHLin Regardless of what happen in China Gelo best was gonna be a role player He wasn t a","0"
"I felt awful that UCLA students still had to continue classes yesterday when they were so close to the fire but the memes t","0"
"ajking Oklahoma State s QB led the world in passing yards Jay Rosen at UCLA had a ton of yards too and neither got a whiff so","0"
"there s also NIML2017 a NIPS2017 like workshop tomorrow Sun 12 10 at UCLA 20 registration still a few spots left","0"
"there s also NIML2017 a NIPS2017 like workshop tomorrow Sun 12 10 at UCLA 20 registration still a few spots","0"
"Please RT interiordesign homedecor decoration Director of London s Architectural Association Brett","0"
"UCLA doesn t have dead week with no classes we have DEATH week where classes overlap with finals and everything is on fu","0"
"Lonzo Ball 41 3 pt shooter at UCLA MVP of Summer League is in the worst shooting slump I ve ever seen Basket ca","0"
"Wassupp UCLA it s ya girl Ashley Ask me any q s tell me what you got poppin for the weekend send me memes etc etc","0"
"Gonna be scouting that Oklahoma USC game from yesterday a little later Might do UCLA Michigan too","0"
"Thanks to and all of our great fans for helping us get the W today vs UCLA Appreciate your support home a","0"
"t Paper is here","0"
"gtr UCLA Royce Hall we are ready See you tonight","0"
"2018 UCLA signee nash14 dominated the paint offensively and defensively this weekend in South Carolina UCLA is","0"
"ICYMI Zavier Simpson with the ridiculous layup to keep Michigan within 2 points late in the comeback victory against UC","0"
"t Paper is here","0"
"All DTR 14 wants for Christmas is his UCLA playbook","0"
"nigel LOL He s doing the same thing Chip Kelly would be doing Different","0"
"4 Star UCLA commit Can t forget that","0"
"That is also an issue In a weird way I think death of NBA","0"
"I liked a video Why LiAngelo Ball will NEVER MAKE the NBA LiAngelo benched at UCLA","0"
"Recruiting Top 2018 Target Bryan Addison is in Westwood on his UCLA OV this weekend A decision is looming for one of the nation","0"
"Thanks to and all of our great fans for helping us get the W today vs UCLA Appreciate your support home a","0"
"FINAL Game 4 82 Michael Christmas 22 Jonathan McGriff 17p 7a 4r Kenny Nwuba 15p 8r UCLA","0"
"2018 UCLA signee nash14 dominated the paint offensively and defensively this weekend in South Carolina UCL","0"
"UCLA Gymnasts Shine at Meet the Bruins","0"
"UCLA researchers find that the simple act of petting an animal is good for your mental and physical health","0"
"Recruiting Top 2018 Target Bryan Addison is in Westwood on his UCLA OV this weekend A decision is looming for one of the nation","0"
"UCLA should do an Alumni Day for former hoopers or have something similar to the Then Now and Forever pregame tailgate","0"
"Personnel conclusions projections Ball elite passer very good defender shooting finishing is a huge issue Sho","0"
"UCLA researchers find that the simple act of petting an animal is good for your mental and physical health","0"
"Recruiting Top 2018 Target Bryan Addison is in Westwood on his UCLA OV this weekend A decision is looming for one of the nation","0"
"Deontay Shea and Van at UM UCLA game","0"
"bell 99 Having a great official visit at UCLA 4sUp Bruins","0"
"Thanks to and all of our great fans for helping us get the W today vs UCLA Appreciate your support home a","0"
"Also beat Michigan State who was ranked 4th at the time And the PAC his heisman year","0"
"UCLA researchers find that the simple act of petting an animal is good for your mental and physical health","0"
"Sophomore Kyle MacLean son of former Simi Valley and UCLA standout Don MacLean had 43 points for Westlake in 82 51 win","0"
"His problem is this he honestly hasn t been coached to go half court sets his ski","0"
"Thanks to and all of our great fans for helping us get the W today vs UCLA Appreciate your support home a","0"
"Guess you could say Michigan stole a win from UCLA","0"
"WITHOUT A DOUBT Love the Heisman But that whole senior thing was dumb and so short sided Want","0"
"UCLA researchers create device that could revolutionize hydrogen vehicles","0"
"Sophomore MF Jessie Fleming has been selected as a finalist for the UCLA s 3rd finalist in the last 5 year","0"
"Thanks to and all of our great fans for helping us get the W today vs UCLA Appreciate your support home a","0"
"UCLA researchers find that the simple act of petting an animal is good for your mental and physical health","0"
"What petting a dog can do for your mentalhealth and physical according to UCLA research","0"
"tbh this migh tbe my fave calss ive had so far at ucla both her an dmy ta were so passionate and excited abt their","0"
"Woah Michigan beat UCLA Bruins must be really bad","0"
"DAHLin Good debate we got going Im Enjoying it Gelo not flashy like his 2 other Bros I agree","0"
"Are the rumors true about Tua transferring to UCLA I hope not but I don t","0"
"What petting a dog can do for your mentalhealth and physical according to UCLA research","0"
"Recruiting Top 2018 Target Bryan Addison is in Westwood on his UCLA OV this weekend A decision is looming for one of the nation","0"
"bell 99 Having a great official visit at UCLA 4sUp Bruins","0"
"Thanks to and all of our great fans for helping us get the W today vs UCLA Appreciate your support home a","0"
"So Michigan beat UCLA today GoBlue","0"
"gtr UCLA Royce Hall we are ready See you tonight","0"
"What petting a dog can do for your mentalhealth and physical according to UCLA research","0"
"Michigan Basketball vs UCLA Comeback Win Highlights via","0"
"UCLA Basketball The force is not strong with the Bruins in OT loss to Michigan via","0"
"Thanks to and all of our great fans for helping us get the W today vs UCLA Appreciate your support home a","0"
"Rawsportz Media post State Playoff game interview with Tulare Union Star RB Kazmeir Allen UCLA bound Kazmeir Allen breaks","0"
"What petting a dog can do for your mentalhealth and physical according to UCLA research","0"
"Thanks to and all of our great fans for helping us get the W today vs UCLA Appreciate your support home a","0"
"i would argue that the vast majority of Calipari recru","0"
"UCLA Royce Hall we are ready See you tonight","0"
"workmode ucla roycehall confluence is a very talented group of college students UCLA","0"
"UCLA gymnasts shine at Meet the Bruins preseason intrasquad Recap GoBruins","0"
"Josh Rosen s stellar night for UCLA ends in frustration Education","0"
"Thanks to and all of our great fans for helping us get the W today vs UCLA Appreciate your support home a","0"
"LiAngelo Ball s final UCLA career stats 0 minutes 1 steal","0"
"Guess you could say Michigan stole a win from UCLA","0"
"Thanks to and all of our great fans for helping us get the W today vs UCLA Appreciate your support home a","0"
"UCLA only stole twice today making improvements","0"
"Thanks to and all of our great fans for helping us get the W today vs UCLA Appreciate your support home a","0"
"You mean Florida Atlantic UCLA and Army have to play Kyler Murray","0"
"I saw Mr Jones casually walking at ucla whattt lol","0"
"theD School shooting UCLA uhhhh students take your finals Bomb threat UCLA uhhh summer school is still in session Fire UCLA","0"
"Telemedicine clinics allow patients to talk to their doctors remotely without having to make the trip to see them in pe","0"
"No 7 UCLA falls to Goodwin Oklahoma State Dec 08 2017","0"
"Telemedicine clinics allow patients to talk to their doctors remotely without having to make the trip to see them in pe","0"
"MichiganBasketball 3 takeaways from the comeback win over UCLA via Wolverine","0"
"Michigan beats UCLA in OT 78 69","0"
"MichiganBasketball 3 takeaways from the comeback win over UCLA via Wolverine","0"
"Josh is trash you guys want that guy from Wyoming or some low school lower than UCLA for sure","0"
"Thanks to and all of our great fans for helping us get the W today vs UCLA Appreciate your support home a","0"
"I m not saying he should have beat Mayfield but 5th Zero love for the left coast if you are not SC","0"
"Ouch UCLA forgets how to play basketball the last minute of the 2nd half and get beat on a 13 4 run 2nd loss of the w","0"
"I liked a video Michigan Basketball vs UCLA Comeback Win Highlights","0"
"Current UCSB amp UCLA students during finals week","0"
"Postdoc Fellowships Available in Math Physical Sciences Engineering at and for thos","0"
"grimes studying dance at UCLA","0"
"Wolverines overcome 15 point deficit beat UCLA 78 69 in OT Dec 09 2017 via","0"
"Top 2018 Target Bryan Addison is in Westwood on his UCLA OV this weekend A decision is looming for one of the nat","0"
"All DTR 14 wants for Christmas is his UCLA playbook","0"
"bell 99 Having a great official visit at UCLA 4sUp Bruins","0"
"What do you think about Lavar Ball pulling Liangelo from UCLA and Lamelo","0"
"Postdoc Fellowships Available in Math Physical Sciences Engineering at and for thos","0"
"Browns must draft QB Lamar Jackson or UCLA Rosen","0"
"Can you please talk about the horrific UCLA side boob training leos on your next episode","0"
"I wasted the first part of my day watching Michigan come back from 15 down to beat UCLA in OT","0"
"Thanks to and all of our great fans for helping us get the W today vs UCLA Appreciate your support home a","0"
"RSP Boiler Room No 90 QB Josh Rosen UCLA Eye Discipline And Patience","0"
"Nice win today Big comeback and great win over a good UCLA team GoBlue Michigan","0"
"Colgan UCLA bail study finds price of freedom too high for poor L A families","0"
"Thanks to and all of our great fans for helping us get the W today vs UCLA Appreciate your support home a","0"
"Remember this 44 10 ucla 34 point comeback","0"
"Shea Patterson will visit Michigan for the Michigan UCLA game","0"
"Sounds like we have some Bruins that aren t used to a TrueBruin greeting Keep up the good work BruinProud","0"
"Exciting Opportunity Postdoctoral Fellow Latin American Caribbean Studies","0"
"Thanks to and all of our great fans for helping us get the W today vs UCLA Appreciate your support home a","0"
"Earlier in the week we reported that UCLA QB Josh Rosen refuted reports that he had declared for the NFLDraft It s p","0"
"Michigan s inability to throw the ball in the ocean from the beach is the only reason UCLA is even in this game","0"
"I m here to stay","0"
"UCLA salutes our 1967 Gary Beban on his 50th anniversary and congratulations to Baker Mayfield on joinin","0"
"Thanks to and all of our great fans for helping us get the W today vs UCLA Appreciate your support home a","0"
"Mr get Loose gonna do great at UCLA look forward to watching Kaz get loose at the next level congrats Brad","0"
"bell 99 Having a great official visit at UCLA 4sUp Bruins","0"
"18 4 seconds left UCLA leads 64 63 with the ball Let s GoBlue","0"
"trigonis30 RT latsondheimer Sophomore Kyle MacLean son of former Simi Valley and UCLA standout Don MacLean h","0"
"I think Baker s an ass but it s clear that not only was he the best player but that his team will go through hell","0"
"UCLA salutes our 1967 Gary Beban on his 50th anniversary and congratulations to Baker Mayfield on joinin","0"
"ACC STOCK REPORT Rob look at where ACC teams stand from a recruiting perspective","0"
"Sophomore Kyle MacLean son of former Simi Valley and UCLA standout Don MacLean had 43 points for Westlake in 82 51 win","0"
"UCLA only stole twice today making improvements","0"
"Michigan rallies to beat UCLA in OT","0"
"UCLA only stole twice today making improvements","0"
"LiAngelo Ball says his UCLA teammates started shoplifting first so he joined in","0"
"RSP Boiler Room No 90 QB Josh Rosen UCLA Eye Discipline And Patience","0"
"Exciting Opportunity Postdoctoral Fellow Latin American Caribbean Studies","0"
"Can you cite any analysis of 2A from the time period of ratification which found the right protec","0"
"UCLA Football Josh Rosen having to avoid hits on and off the field Via By","0"
"MICHIGAN WINS Michigan takes the 78 69 victory over UCLA GoBlue","0"
"We have one Caleb we just dont get payed for it","0"
"BruinNation is anti UCLA","0"
"Dear Dr Mesgaran I am trying to reach you to invite you to speak at UCLA Iranian Studies Program as p","0"
"UCLA only stole twice today making improvements","0"
"Thanks to and all of our great fans for helping us get the W today vs UCLA Appreciate your support home a","0"
"On Monday Michigan blew a 20 point lead to lose to Ohio State Today Michigan overcomes a 15 point second half deficit","0"
"Can y all see it GoBruins","0"
"bell 99 Had an amazing conversation with Chip Kelly about where He sees me benefiting the program","0"
"All DTR 14 wants for Christmas is his UCLA playbook","0"
"Sophomore Kyle MacLean son of former Simi Valley and UCLA standout Don MacLean had 43 points for Westlake in 82 51 win over Golden Valley","0"
"lmk if you re applying to ucla","0"
"ZachShaw Michigan mounts epic comeback downs UCLA in thrilling overtime win Story","0"
"Your expectations aren t to be in the 8 9 game again To get top 4 seed we need these games MSSt and U","0"
"WeLoveLA RT UCLA UCLA salutes our 1967 HeismanTrophy Gary Beban on his 50th anniversary and congratulations to","0"
"WeLoveLA UCLA UCLA Football Josh Rosen having to avoid hits on and off the field SportsRoadhouse","0"
"WeLoveLA UCLA Wolverines overcome 15 point deficit beat UCLA 78 69 in OT SportsRoadhouse","0"
"UCLA salutes our 1967 Gary Beban on his 50th anniversary and congratulations to Baker Mayfield on joinin","0"
"UCLA shows three 10 0 starts layout 1 5s from Hano and Hall tucked 1 5 from Kramer Yfulls from Tratz Ross and Denni","0"
"UCLA has one year left on their contract with Rebecca s Mom and has a carve out for their deal with Under Armour Next y","0"
"ICYMI Zavier Simpson with the ridiculous layup to keep Michigan within 2 points late in the comeback victory against UC","0"
"Alumni The NEW ER","0"
"ZachShaw Scoring 10 points in seven minutes shutting down Aaron Holiday and even emulating a past Ohio point guard who wore No 3 Z","0"
"UCLA Guards top two","0"
"Four E passes from UCLA Ohashi and Hano DLO Dennis dbl Arabian Tratz full in","0"
"UCLA salutes our 1967 Gary Beban on his 50th anniversary and congratulations to Baker Mayfield on j","0"
"Gigantic coward pulled his kid out of UCLA 3 days before he had to come to Ann Arbor and fight me Sad","0"
"Blink and you might have missed the Michigan men s basketball team s comeback","0"
"CoachPop Stat Leaders Huntington Prep Jaemyn Brakefield 30pts 7rebs Kenneth Nwuba UCLA commit 10pts amp 6rebs Michael Christma","0"
"This job might be a great fit for you Clinical Trials Coverage Coordinator Healthcare","0"
"Thanks to and all of our great fans for helping us get the W today vs UCLA Appreciate your support home a","0"
"Did ESPN really have to use that Bryce Love run against UCLA for his Heisman Trophy vignette Really ESPN","0"
"Here we go What an honor to present the final concert of gtr s farewell U S tour Meeting of the Spirits","0"
"Andrew Lopez Meanwhile LSU offers 2020 QB Jack Miller out of Arizona Miller already holds offers from Arizona Arizona State Fl","0"
"Guess you could say Michigan stole a win from UCLA","0"
"U N envoy told North Korea urgent need to open channels to cut conflict risk reuters","0"
"Rawsportz Media post State Playoff game interview with Tulare Union Star RB Kazmeir Allen UCLA bound Kazmeir Allen breaks","0"
"Wolverines overcome 15 point deficit beat UCLA 78 69 in OTANN ARBOR Mich AP Moritz Wagner scored 23 points a","0"
"takes down 7 UCLA in GIA This team is fun to watch Thanks to all the fans that were here For everyone else co","0"
"UCLA Coach Steve Alford Responded To LiAngelo Ball Leaving School","0"
"Nope Two more shots this week Mississippi State and then UCLA on network television next weekend","0"
"OnThisDay December 9 1998 attended the Fire amp Ice Ball at Universal Studios in Hollywood benefitting the U","0"
"Leading the NEW ERA at UCLA 4sup 8Clap","0"
"Soo I posted on Snapchat that I was hungry while at work and my bf who s at UCLA ordered me pizza and had it delive","0"
"UCLA only stole twice today making improvements","0"
"Thanks to and all of our great fans for helping us get the W today vs UCLA Appreciate your support home a","0"
"Be a part of the NEW ERA at UCLA 4sup 8Clap","0"
"Thanks to and all of our great fans for helping us get the W today vs UCLA Appreciate your support home a","0"
"So far 7 2 ATS today Pret tay Pret tay Pret tay good","0"
"ACC STOCK REPORT Rob look at where ACC teams stand from a recruiting perspective","0"
"Lavar says he can get Gelo ready for the draft better than UCLA can UCLA has 15 active and 117 former NBA playe","0"
"I m here to stay","0"
"Ole Miss fans are more upset than UCLA fans that Michigan won","0"
"Thanks to and all of our great fans for helping us get the W today vs UCLA Appreciate your support home a","0"
"I m here to stay","0"
"Alumni This also happens to me far too often","0"
"Rawsportz Media post State Playoff game interview with Tulare Union Star RB Kazmeir Allen UCLA bound Kazmeir Allen breaks","0"
"They re not the only one with highlight tapes from aau to UCLA lavar just knows how to ma","0"
"ICYMI Zavier Simpson with the ridiculous layup to keep Michigan within 2 points late in the comeback victory against UC","0"
"UCLA EDUCATED NEUROSCIENTIST has published just one scientific research article in his life And it","0"
"bell 99 Having a great official visit at UCLA 4sUp Bruins","0"
"bell 99 Having a great official visit at UCLA 4sUp Bruins","0"
"UCLA s sloppy ending haunts them in 78 69 overtime loss to Michigan","0"
"Results of today s games Kentucky W Duke L UCLA L Indiana L","0"
"Thanks to and all of our great fans for helping us get the W today vs UCLA Appreciate your support home a","0"
"Thanks to and all of our great fans for helping us get the W today vs UCLA Appreciate your support home a","0"
"Wagner We just got to work on that and don t take that as just like a little byproduct It s very serious stuff","0"
"UCLA bound RB breaks NATIONAL single season TD record Watch","0"
"Michigan guard Zavier Simpson left heads to the basket ahead of UCLA guard Aaron Holiday","0"
"Lonzo Ball is a distraction to the game Return him to UCLA he needs to take some classes and choose a new profession","0"
"Spotted in the Michigan student section ahead of today s game vs UCLA A WeWantSHEA sign along with a LaVar Ball head","0"
"Deontay Shea and Van at UM UCLA game","0"
"bell 99 Having a great official visit at UCLA 4sUp Bruins","0"
"Recruiting 2018 Tight End Target Tommy Tremble is currently on his UCLA Official Visit 8CLAP","0"
"BROOOOOO UCLA BOUND HM BET","0"
"Beat Miss State and UCLA and go on Big run in conference play and we will be back in the top 15 We can do better","0"
"Guess you could say Michigan stole a win from UCLA","0"
"Thanks to and all of our great fans for helping us get the W today vs UCLA Appreciate your support home a","0"
"Nation Defeat from the jaws of victory smh","0"
"People are entitled to their wrong opnions It s not real It s Gif I don t say I got my friend a Jift for his birth","0"
"bell 99 Having a great official visit at UCLA 4sUp Bruins","0"
"UCLA should do an Alumni Day for former hoopers or have something similar to the Then Now and Forever pregame tailgate","0"
"UCLA only stole twice today making improvements","0"
"UCLA only stole twice today making improvements","0"
"god pls let me be accepted to ucla","0"
"Michigan basketball reverses fortune finishes strong in OT vs UCLA 78 69","0"
"LOOK Michigan hosts the OleMich trio and several commits to the Wolverines UCLA basketball game","0"
"Thanks to and all of our great fans for helping us get the W today vs UCLA Appreciate your support home a","0"
"Gelo you need school you not finishing out at UCLA will make you dumber than your father Lavar Stupid","0"
"Join us and the UCLA chapter for happy hour in West LA this Thursday RSVP here","0"
"Just 3 05 to play UCLA leads 60 58 We need you CrislerLIVE GoBlue","0"
"Photo Gallery Michigan 78 UCLA 69 OT","0"
"Looks like he didn t have a hard time finding work after UCLA hired Kelly","0"
"Utah is down by 3 to UCLA They shoot and make a 2 at the buzzer and celebrate","0"
"Friendly reminder for my NC friends tonight Bridges and spans are air cooled structures That s why they ice before roads I","0"
"Thanks to and all of our great fans for helping us get the W today vs UCLA Appreciate your support home a","0"
"Gary Beban The Great One Redwood City California UCLA 1967 HeismanTrophy","0"
"UCLA should do an Alumni Day for former hoopers or have something similar to the Then Now and Forever pregame tailgate","0"
"Summertime c 1894 Mary Cassatt American 1844 1926 oil on canvas Hammer Museum Los Angeles California US","0"
"Thanks to and all of our great fans for helping us get the W today vs UCLA Appreciate your support home a","0"
"Our work on a Semantic Loss function for deep learning with unlabeled data and or complex constraints Now in the learning with","0"
"Michigan basketball erases deficit stuns UCLA Bruins in OT 78 69","0"
"Thanks to and all of our great fans for helping us get the W today vs UCLA Appreciate your support home a","0"
"Nation Banner time","0"
"Too bad room almost empty when Judea Pearl is speaking Paper should be worth a read as well","0"
"All DTR 14 wants for Christmas is his UCLA playbook","0"
"Is anyone waiting for the end game of Mardsen s tweets about UCLA Underarmour leos I mean why does he keep tagging Underarmour and UCLA","0"
"We re hiring Read about our latest job opening here Medical Assistant Healthcare LosAngeles CA CareerArc","0"
"Gross old men bitching about the UCLA gymnasts not wearing the extremely scanty sponsored leos to their intrasquad can go fuck themselves","0"
"Thanks to and all of our great fans for helping us get the W today vs UCLA Appreciate your support home a","0"
"Postdoc Fellowships Available in Math Physical Sciences Engineering at and for thos","0"
"Thanks to and all of our great fans for helping us get the W today vs UCLA Appreciate your support home a","0"
"One of the first documentary features on gay and lesbian identity WORD IS OUT STORIES OF SOME OF OUR LIVES 1977 pre","0"
"Guess you could say Michigan stole a win from UCLA","0"
"gtr Last concert tonight with this beauty It can be yours in one day and all proceeds go to charity If you don t need a gui","0"
"Thanks to and all of our great fans for helping us get the W today vs UCLA Appreciate your support home a","0"
"UCLA Gymnasts Shine at Meet the Bruins","0"
"UCLA vs Michigan NCAA Basketball 2017 09 12 2017 via 12 10 2017 SUNDAY","0"
"bell 99 Having a great official visit at UCLA 4sUp Bruins","0"
"According to NFL Draft analyst Tony Pauline the clash between UCLA s Josh Rosen amp USC s Sam Darnold was described to him as on","0"
"So much butthurt from no name UCLA fanboys hiding behind no name accounts This class has 11 commits","0"
"Thanks to and all of our great fans for helping us get the W today vs UCLA Appreciate your support home a","0"
"UCLA showed up for the and heroes fighting the SkirballFire providing roughly 300 free meals to the command","0"
"Whoa whoa go straight to the hospital and get checked out Your lips and fingers should be bu","0"
"Alumni Welcome to BruinNation 4sUp","0"
"With Michigan and UCLA set to play at noon today we take a look at a bend in history that ties the two Lew Alcindor Michi","0"
"AUDIO HIGHLIGHTS Listen to s top calls as Michigan comes back to defeat UCLA LISTEN","0"
"Current OleMiss QB Shea Patterson is in Ann Arbor at the Michigan UCLA hoops game","0"
"ACC STOCK REPORT Rob look at where ACC teams stand from a recruiting perspective","0"
"UCLA gymnasts shine at Meet the Bruins preseason intrasquad Recap GoBruins","0"
"was it close i missed all the games today with family stuff going on michigan beat ucla so i m happy about that","0"
"Moritz Wagner on overtime win over UCLA","0"
"So OSU came back from down 20 to beat the team that just beat UCLA On top of that dominating W amp M today Good day for Buckey","0"
"OSU It s ok to like UCLA again since they ll no longer have anything to do with the Ball family","0"
"UCLA needs liangelo ball lmao","0"
"SJP At UCLA Condemns Anti Semitic Cartoon Drawn By One Of Their Members Daily Wire","0"
"UCLA Football Josh Rosen having to avoid hits on and off the field Via By","0"
"U aint goin to UCLA boi","0"
"UCLA Football Josh Rosen having to avoid hits on and off the field Via By","0"
"ICYMI Zavier Simpson with the ridiculous layup to keep Michigan within 2 points late in the comeback victory against UC","0"
"ACC STOCK REPORT Rob look at where ACC teams stand from a recruiting perspective","0"
"I ve done plenty of pieces for but this might just be the first true opinion piece I ve written for them","0"
"bell 99 Having a great official visit at UCLA 4sUp Bruins","0"
"beat North Mecklenburg 85 79 to move to 11 1 6 9 5 Jaemyn Brakefield 20 was a machine with 30","0"
"He may have retracted But the rest of the low iq gang will keep the lie alive make it huge in fact amp","0"
"ICYMI How To Create A Foundational Estate Plan HuffPost Retirement","0"
"Thanks to and all of our great fans for helping us get the W today vs UCLA Appreciate your support home a","0"
"Mississippi state and UCLA have now become must wins because you need SOMETHING out of this out of conference sched","0"
"UCLA Football Josh Rosen having to avoid hits on and off the field Via By","0"
"This is why CollegeBasketball is great Michigan basketball erases deficit stuns UCLA Bruins in OT 78 69","0"
"Alaskan dropkicker I got him the hoodie collar little UCLA bone bling for his collar amp a shirt He wore it","0"
"UCLA Football Josh Rosen having to avoid hits on and off the field","0"
"Thanks to and all of our great fans for helping us get the W today vs UCLA Appreciate your support home a","0"
"Michigan beating ucla helps a little though","0"
"Win up to 200 in Bitcoin every hour Win up to 150 in Dogcoin every","0"
"OnThisDay December 9 1998 attended the Fire amp Ice Ball at Universal Studios in Hollywood benefitting the U","0"
"Just 3 05 to play UCLA leads 60 58 We need you CrislerLIVE GoBlue","0"
"GALLERY Several Michigan targets commits players coaches and staffers were all at Crisler Center for the Wolverines b","0"
"beat North Mecklenburg 85 79 to move to 11 1 6 9 5 Jaemyn Brakefield 20 was a machine with 30","0"
"I ve done plenty of pieces for but this might just be the first true opinion piece I ve written for","0"
"This job might be a great fit for you Outpatient Coding Supervisor Healthcare","0"
"Bummer of a finish for the Bearcats Still have Mississippi State and UCLA in the next week","0"
"I need to know who number 3 is on UCLA women basketball team asking for a friend lmao","0"
"Guess you could say Michigan stole a win from UCLA","0"
"Alaskan Lol sameeee my mom was like aaaiiigh hija","0"
"Earlier in the week we reported that UCLA QB Josh Rosen refuted reports that he had declared for the NFLDraft It s p","0"
"UCLA Football Josh Rosen having to avoid hits on and off the field via","0"
"Earlier in the week we reported that UCLA QB Josh Rosen refuted reports that he had declared for the NFLDraft It","0"
"I say it works at CU Arizona and UCLA have the tradition to get 4 and 5 stars CU doesn t h","0"
"beat North Mecklenburg 85 79 to move to 11 1 6 9 5 Jaemyn Brakefield 20 was a machine with 30","0"
"Michigan Wolverines overcome 15 point deficit beat UCLA 78 69 in OT Daily Bre","0"
"Want to read more about Michigan s thrilling win over UCLA today See what Charles Matthews said about it","0"
"UCLA researchers create device that could revolutionize hydrogen vehicles Shared from my Google feed","0"
"roycehall Love y all","0"
"Deontay Shea and Van at UM UCLA game","0"
"When I told my mum she was aaiigh Mijo well at least the name that you got you ll love forever","0"
"bell 99 Having a great official visit at UCLA 4sUp Bruins","0"
"roycehall Fuck yes Let s get big baby","0"
"Account balance 150 Spends 20 00 new balance 130 00 me","0"
"Thanks to and all of our great fans for helping us get the W today vs UCLA Appreciate your support home a","0"
"Just found out Matthew Tago QB and LB from Quartz Hill has decommitted from UCLA His recruitment is open","0"
"Why are we stirring the pot over leos Is Utah going to publicly apologize for their fans bein","0"
"Tuesday roycehall with","0"
"Wolverines Overcome 15 Point Deficit Beat UCLA 78 69 In OT","0"
"Will we even play UCLA","0"
"jace The way to win like Oregon s Arizona s UCLA s is to win young 3 years with a class w","0"
"Surface Area 2 SC Also you should tune in when Frank talks He has tried","0"
"Lonzo could of used 2 more years at UCLA","0"
"In collaboration with the local community and OptimismCan perform a groundbreaking hand transplant operation https","0"
"Deontay Shea and Van at UM UCLA game","0"
"dropkicker I got him the hoodie collar little UCLA bone bling for his collar amp a shirt He w","0"
"Thanks to and all of our great fans for helping us get the W today vs UCLA Appreciate your support home a","0"
"We beat UCLA and MSU and run through the conference with less than 3 losses and we are fine","0"
"Want to read more about Michigan s thrilling win over UCLA today See what Charles Matthews said about it","0"
"Want to work at UCLA Health Careers We re hiring in LosAngeles CA Click for details","0"
"Super proud of the HistSTM students from UCSB and UCLA who self organized a graduate workshop to showcase their work","0"
"UCLA should be calling Coral everyday Would love to see the Gators screw this up Justin is not flipping guarantee","0"
"ICYMI Zavier Simpson with the ridiculous layup to keep Michigan within 2 points late in the comeback victory against UC","0"
"beat North Mecklenburg 85 79 to move to 11 1 6 9 5 Jaemyn Brakefield 20 was a machine with 30","0"
"okstate had been knocking at the door against ranked opponents Last night that door opened Check out the highlights from the","0"
"kaskp YOU GUYS WE ARE SO CLOSE TO THE GOAL OF 25 000 please retweet Kendra Perez Memorial Scholarship","0"
"Lavar Ball PULLS SON LiAngelo OUT OF UCLA","0"
"Oklahoma could have a 10 win Army squad and an 11 win FAU squad on their OOC slate Also Chip Kelly and UCLA","0"
"CoachPop Stat Leaders Huntington Prep Jaemyn Brakefield 30pts 7rebs Kenneth Nwuba UCLA commit 10pts amp 6rebs Michael Christma","0"
"Postdoc Fellowships Available in Math Physical Sciences Engineering at and for thos","0"
"Skool Andre Regardless if they are overhyped or not they have a brand of success","0"
"Aaron Holiday amp Thomas Welsh each scored in double figures in UCLA s 78 69 overtime loss at Michigan on Saturday RECAP http","0"
"Really sad Those smoke clouds are from San Diego The one in LA was off Wilshire in Beverly Hills Very close to UCLA","0"
"What quality wins left do you refer to besides Wichita SMU and UCLA are OK but nothing the committee will care about","0"
"UC absolutely has to win at UCLA or best case scenario is probably a 6 seed","0"
"Michigan Wolverines overcome 15 point deficit beat UCLA 78 69 in OT","0"
"Guess you could say Michigan stole a win from UCLA","0"
"Guess you could say Michigan stole a win from UCLA","0"
"Alaskan dropkicker I was actually at the store today debating whether to buy a shirt for the dog I don t have lmao","0"
"Lol Look you have 4 really 3 Non conference games anyone will give any shits about You ve already shit the","0"
"So Cincinnati is now 0 2 against KenPom Top 100 teams Bearcats better beat Mississippi State and UCLA","0"
"Guess you could say Michigan stole a win from UCLA","0"
"Alaskan But then you gotta get that ucla dog swag He looks like he has demon eyes amp like dropkicker moose p","0"
"All DTR 14 wants for Christmas is his UCLA playbook","0"
"SEC Kentucky transfer Charles Matthews went for 20 8 and 3 today for Michigan and hit the overtime dagger 3 pointer agains","0"
"But then you gotta get that ucla dog swag He looks like he has demon eyes amp like dropkicker m","0"
"Wolverines Down by 15 in the second half and Michigan comes back and beats UCLA in overtime What a win GoBlue","0"
"See our latest LosAngeles CA job and click to apply Anesthesia Technican Healthcare Hiring CareerArc","0"
"Proud Ram former student intern amp media staff member Nic Hallisey getting national kudos for make believe hoops tweets https","0"
"bell 99 Having a great official visit at UCLA 4sUp Bruins","0"
"LaVar Ball is teaching his kids that you can escape consequences reacts to LaVar pulling his son LiAnge","0"
"Recruiting Top 2018 UCLA OL target with HC Chip Kelly","0"
"Spring Grove native Eli Brooks just hit two HUGE free throws to send Michigan s game against UCLA into OT","0"
"Recruiting 2018 Tight End Target Tommy Tremble is currently on his UCLA Official Visit 8CLAP","0"
"Oklahoma could have a 10 win Army squad and an 11 win FAU squad on their OOC slate Also Chip Kelly and UCLA","0"
"Heisler At least UCLA s done with LaVar Ball the Lakers aren t","0"
"Lambda Messes with Fireball Wednesday Creates Fireball Week","0"
"Michigan had some big non confrence wins before today against UCLA On December 6th 2008 Michigan beat Number 4 Duk","0"
"Miss St and UCLA are now must wins","0"
"On Monday Michigan blew a 20 point lead to lose to Ohio State Today Michigan overcomes a 15 point second half deficit","0"
"Michigan Wolverines overcome 15 point deficit beat UCLA 78 69 in OT","0"
"Thanks to and all of our great fans for helping us get the W today vs UCLA Appreciate your support home a","0"
"Michigan Wolverines overcome 15 point deficit beat UCLA 78 69 in OT","0"
"Michigan Wolverines overcome 15 point deficit beat UCLA 78 69 in OT","0"
"Michigan Wolverines overcome 15 point deficit beat UCLA 78 69 in OT","0"
"Michigan Wolverines overcome 15 point deficit beat UCLA 78 69 in OT","0"
"Michigan Wolverines overcome 15 point deficit beat UCLA 78 69 in OT","0"
"Michigan Wolverines overcome 15 point deficit beat UCLA 78 69 in OT","0"
"Michigan Wolverines overcome 15 point deficit beat UCLA 78 69 in OT","0"
"Michigan Wolverines overcome 15 point deficit beat UCLA 78 69 in OT","0"
"Why are we stirring the pot over leos Is Utah going to publicly apologize for their fans","0"
"Shea Patterson was the main attraction inside Crisler Center Saturday And then a basketball game broke out One that John","0"
"Tonight I met a guy from UCLA and he was so sweet","0"
"BRH RACE Who will win the race for new 5 Star DB Brendan Radley Hiles amp discuss","0"
"dropkicker Not to boast but UCLA totally cultivates leaders OMG Just had an awesome class the instructor c o 94 was inspir","0"
"Colgan UCLA bail study finds price of freedom too high for poor L A families","0"
"YOU GUYS WE ARE SO CLOSE TO THE GOAL OF 25 000 please retweet Kendra Perez Memorial Scholarship","0"
"Recruiting Top 2018 UCLA OL target with HC Chip Kelly","0"
"bell 99 Having a great official visit at UCLA 4sUp Bruins","0"
"Thanks to and all of our great fans for helping us get the W today vs UCLA Appreciate your support home a","0"
"Recruiting Considering position very important prospect for ucla Former Alabama commit","0"
"LOOK Michigan fan taunts UCLA with disembodied LaVar Ball head","0"
"LOOK Michigan fan taunts UCLA with disembodied LaVar Ball head","0"
"UCLA bound RB breaks NATIONAL single season TD record Watch","0"
"OnThisDay December 9 1998 attended the Fire amp Ice Ball at Universal Studios in Hollywood benefitting the U","0"
"Johnson80 Another great one earlier today in Michigan vs UCLA https","0"
"Thanks to and all of our great fans for helping us get the W today vs UCLA Appreciate your support home a","0"
"Thanks to and all of our great fans for helping us get the W today vs UCLA Appreciate your support home a","0"
"Rawsportz Media post State Playoff game interview with Tulare Union Star RB Kazmeir Allen UCLA bound Kazmeir Allen breaks","0"
"UCLA gymnasts shine at Meet the Bruins preseason intrasquad Recap GoBruins","0"
"Recruiting 2018 Tight End Target Tommy Tremble is currently on his UCLA Official Visit 8CLAP","0"
"SEC STOCK REPORT amp discuss where each team in the league stands as signing day approaches https","0"
"Colgan UCLA bail study finds price of freedom too high for poor L A families","0"
"Lavar Ball s dad says it no big deal that his son was caught shoplifting in China With a dad like that easy to see why","0"
"A must read for all high school student athletes 100 truth","0"
"Johnson80 Another great one earlier today in Michigan vs UC","0"
"Michigan Wolverines overcome 15 point deficit beat UCLA 78 69 in OT","0"
"beat North Mecklenburg 85 79 to move to 11 1 6 9 5 Jaemyn Brakefield 20 was a machine with 30","0"
"THIS IS NOT OKAY THAT INSTRUCTORS TEXT STUDENTS FIX YOUR SHIT","0"
"I checked in at UCLA on Yelp","0"
"Thanks to and all of our great fans for helping us get the W today vs UCLA Appreciate your support home a","0"
"Michigan Wolverines overcome 15 point deficit beat UCLA 78 69 in OT","0"
"Michigan Wolverines overcome 15 point deficit beat UCLA 78 69 in OT","0"
"Michigan Wolverines overcome 15 point deficit beat UCLA 78 69 in OT","0"
"Michigan Wolverines overcome 15 point deficit beat UCLA 78 69 in OT","0"
"Michigan Wolverines overcome 15 point deficit beat UCLA 78 69 in OT","0"
"It s not your father s UCLA just sayin","0"
"FALL FINAL REVIEWS UCLA","0"
"007 THE PIG EATS KFC TACO BELL AND WATCHES PORN","0"
"beat North Mecklenburg 85 79 to move to 11 1 6 9 5 Jaemyn Brakefield 20 was a machine","0"
"Orange Co ARTS Michigan Wolverines overcome 15 point deficit beat UCLA 78 69 in OT","0"
"Michigan Wolverines overcome 15 point deficit beat UCLA 78 69 in OT","0"
"Thanks to and all of our great fans for helping us get the W today vs UCLA Appreciate your support home a","0"
"In collaboration with the local community and OptimismCan perform a groundbreaking hand transplant operation https","0"
"Thanks to and all of our great fans for helping us get the W today vs UCLA Appreciate your support home a","0"
"Ukrainian author of Manafort op ed says sought input to avoid errors reuters ucla nba","0"
"bell 99 Having a great official visit at UCLA 4sUp Bruins","0"
"Wolverines overcome 15 point deficit beat UCLA 78 69 in OT","0"
"DAHLin Ok minus the sex tape But in its place highlight tapes from AAU thru UCLA tapes lol","0"
"WATCH Highlights from Michigan s overtime victory over UCLA via","0"
"Listening to 247Sports College Football Podcast Rick Neuheisel talks playoff Chip Kelly UCLA coaching carousel vi","0"
"Thanks to and all of our great fans for helping us get the W today vs UCLA Appreciate your support home a","0"
"Thanks to and all of our great fans for helping us get the W today vs UCLA Appreciate your support home a","0"
"Lavar Ball s dad says it no big deal that his son was caught shoplifting in China With a dad like that easy to see why","0"
"What are speech disorders Up to 9 of U S children will develop one Here s everything you need to know","0"
"Check out this Q amp A with Jesus Martinez M F A 08 who worked as the layout and animation manager on the film","0"
"some people are just better suited on ground level","0"
"Wolverines overcome 15 point deficit beat UCLA 78 69 in OT","0"
"Andrew Lopez Meanwhile LSU offers 2020 QB Jack Miller out of Arizona Miller already holds offers from Arizona Arizona State Fl","0"
"Wolverines overcome 15 point deficit beat UCLA 78 69 in OT Sports","0"
"Wolverines overcome 15 point deficit beat UCLA 78 69 in OT","0"
"Lavar Ball s dad says it no big deal that his son was caught shoplifting in China With a dad like that easy to see why","0"
"UCLA vs Michigan NCAA Basketball 2017 09 12 2017 via","0"
"Will he transfer to Michigan Who knows but 1 was front row at today s game vs UCLA","0"
"Can t wait for ncaa Gymnastics season UCLA is ready MeetTheBruins","0"
"On a run in SD while wearing a den shirt I just passed a middle age man wearing a UCLA sweatshirt and said go Bru","0"
"Thanks to and all of our great fans for helping us get the W today vs UCLA Appreciate your support home a","0"
"Bird battle trash talk between AJ Who is best or Alshon Check the history Sou","0"
"Wolverines overcome 15 point deficit beat UCLA 78 69 in OT","0"
"I loved your product and my School UCLA is one of your teams I WILL NOT BUY UNDER ARMOUR AGAIN TILL L","0"
"007 and even that taxes his abilities","0"
"NCAA MBB 12 9 Boston College 89 Duke 84 F Wichita St 78 Oklahoma St 66 F Xavier 96 Colorado 69 F Wyoming","0"
"Can y all see it GoBruins","0"
"Bless Ruta Lee for her great work with Thallians tonight for UCLA amd our Men Women of our military Love her Ann Andy","0"
"Rawsportz Media post State Playoff game interview with Tulare Union Star RB Kazmeir Allen UCLA bound Kazmeir Allen breaks","0"
"UCLA game at 9am I dont get out the bed befo 2 30 dont start the game so early next time","0"
"Postdoc Fellowships Available in Math Physical Sciences Engineering at and for thos","0"
"Not to boast but UCLA totally cultivates leaders OMG Just had an awesome class the instructor c o 94 was i","0"
"TFT That s what friends are for","0"
"GALLERY Several Michigan targets commits players coaches and staffers were all at Crisler Center for the Wolverines b","0"
"Thanks to and all of our great fans for helping us get the W today vs UCLA Appreciate your support home a","0"
"Thanks to and all of our great fans for helping us get the W today vs UCLA Appreciate your support home a","0"
"GALLERY Several Michigan targets commits players coaches and staffers were all at Crisler Center for the Wolverines b","0"
"JOB Cardiac Surgeon Heart and Lung Procurement UCLA School of Medicine Los Angeles CA healthcare careers","0"
"Guess you could say Michigan stole a win from UCLA","0"
"Thanks to and all of our great fans for helping us get the W today vs UCLA Appreciate your support home a","0"
"Stat Leaders Huntington Prep Jaemyn Brakefield 30pts 7rebs Kenneth Nwuba UCLA commit 10pts amp 6rebs Michael Christmas 13pts amp 6rebs","0"
"ICYMI Zavier Simpson with the ridiculous layup to keep Michigan within 2 points late in the comeback victory against UC","0"
"And my son told me he s getting his scholarship to UCLA and then leaving California because the Le","0"
"UCLA bound RB breaks NATIONAL single season TD record Watch","0"
"UCLA men s basketball team whose biggest challenges have come off the court faces its toughest test yet","0"
"LaVar Ball is teaching his kids that you can escape consequences reacts to LaVar pulling his son LiAnge","0"
"Thanks to and all of our great fans for helping us get the W today vs UCLA Appreciate your support home a","0"
"Thanks to and all of our great fans for helping us get the W today vs UCLA Appreciate your support home a","0"
"TIL reporting this story that the does not publish same sex couples totals by city","0"
"3 Lonzo Ball is the first point guard from UCLA to go 0 1 then hit a three over Kemba Walker","0"
"Postdoc Fellowships Available in Math Physical Sciences Engineering at and for thos","0"
"1983 who was 1 in Pauley Pavilion a few days after Coach Bryant died I was 10 and listened on a clock radio","0"
"Will he transfer to Michigan Who knows but 1 was front row at today s game vs UCLA","0"
"Thanks to and all of our great fans for helping us get the W today vs UCLA Appreciate your support home a","0"
"Guess you could say Michigan stole a win from UCLA","0"
"Three star receiver Geordon Porter de commits from Notre Dame Would assume regime changes at UCLA ASU and maybe Oregon","0"
"Thanks to and all of our great fans for helping us get the W today vs UCLA Appreciate your support home a","0"
"Thanks to and all of our great fans for helping us get the W today vs UCLA Appreciate your support home a","0"
"Little known fact I did one year of summer school at after my rookie year but now I hire film students on the r","0"
"FINAL Game 4 82 Michael Christmas 22 Jonathan McGriff 17p 7a 4r Kenny Nwuba 15p 8r UCLA","0"
"u said Obama wasn t a legit president we remember how u treated the CENTRAL PARK 5 Colin Kaepern","0"
"bell 99 Having a great official visit at UCLA 4sUp Bruins","0"
"And my son told me he s getting his scholarship to UCLA and then leaving California because the Le","0"
"Thanks to and all of our great fans for helping us get the W today vs UCLA Appreciate your support home a","0"
