"crazy how 15 years from now it might be ur wedding or ur kids birthday but rn it s just a regular shitty day","0"
"Jacqueline KatrinaKaif khan and react to rumors of Anushka and Virat s wedding","0"
"Me at my wedding I do innit but don t get gassed","0"
"Wedding rings Wedding Photography","0"
"Wedding of the year goes to","0"
"crazy how 15 years from now it might be ur wedding or ur kids birthday but rn it s just a regular shitty day","0"
"say goodbye to mom Wedding Photography","0"
"I m going to a wedding next weekend I wonder how much weight I can lose by Saturday","0"
"Open for a surprise most handsome wedding date out there NewProfilePic","0"
"Wedding of the year goes to","0"
"gynocology porn wedding night sex toys","0"
"Wedding of the year goes to","0"
"Just Pinned to Mermaid wedding dresses lace satin tulle fishtail wedding gowns H1054 Stunning v neck lace mermaid","0"
"BankyW amp Adesua Etomi step out in style for the Arabian themed premiere of The Wedding","0"
"hell no this better not be the Red Wedding episode for AMC","0"
"2016 New Arrival Wedding Dresses Special Boat Neck Lace Wedding Gowns Long Sleeves ball go","0"
"RHOA Cast Throws Kenya Moore a Shady Surprise Wedding Before Questioning If Her Marriage Is Real","0"
"weird how 15 years from now it might be ur wedding or ur kids birthday but rn it s just a regular shitty day","0"
"Congrats Natasu on your wedding","0"
"a Bree6 When it comes to a wedding the important things are having an open bar a good dj and a good photog","0"
"BankyW amp Adesua Etomi step out in style for the Arabian themed premiere of The Wedding","0"
"Am i invited to the wedding or nah","0"
"crazy how 15 years from now it might be ur wedding or ur kids birthday but rn it s just a regular shitty day","0"
"HQ VID 171209 dd dasom90 Instagram Update Donghae and Eunhyuk excitedly performing Oppa Oppa at their friend s weddin","0"
"HECK NO GIRL I gotta wedding dress to look good in in 6 months","0"
"Ohtani should crash Trout s wedding DM me for details bro WelcomeToAnaheim","0"
"If my wedding photos don t look like this do I even wanna get married Just kidding But these are actually so","0"
"nokwal jyo l","0"
"John McCain was in Wedding Crashers","0"
"Ok sorry More accurately Indians having wedding in Sri Lanka amp having Hariharan to sing live","0"
"crazy how 15 years from now it might be ur wedding or ur kids birthday but rn it s just a regular shitty day","0"
"Banky W And Wife Adesua Etomi MRS W Looks At The Grand Premiere Of The Wedding Party 2","0"
"Another couple have a crystal and lace theme and everything is from the opshop and there wedding is looking amazing","0"
"BankyW amp Adesua Etomi step out in style for the Arabian themed premiere of The Wedding","0"
"New old for me is new video of jensen singing Crazy love at a wedding s friend with Jason manns in 2007 He was so shy","0"
"The murder at the Red Wedding broke Guest Right a Westerosi tradition of not harming guests once food and drink is sha","0"
"Antique Gold Filled Cufflinks Stick Pin Art Nouveau Etched wedding jewelry groom","0"
"crazy how 15 years from now it might be ur wedding or ur kids birthday but rn it s just a regular shitty day","0"
"Y all I watched my sister make doll clothes on a Barbie sewing machine when she was 6 amp now she s 22 designing and makin","0"
"Wedding of the year goes to","0"
"BankyW amp Adesua Etomi step out in style for the Arabian themed premiere of The Wedding","0"
"Specializing in Memories Let s start planning your wedding dreams today PressPlay","0"
"Wedding of the year goes to","0"
"A wedding y all Really lol these girls crazy RHOA","0"
"Prime Children I understand Don t spend it on a wedding Weddings should be special but not set you back w","0"
"Wedding of the year goes to","0"
"crazy how 15 years from now it might be ur wedding or ur kids birthday but rn it s just a regular shitty day","0"
"Niggas coming to the wedding in jeans and sneakers WHO RAISED YOU","0"
"BankyW amp Adesua Etomi step out in style for the Arabian themed premiere of The Wedding","0"
"Wedding looks","0"
"Sri Lankans having the amazing Hariharan to sing at a wedding function is some next level Explains that he s a family frien","0"
"Matt Lauer and Wife Remove Wedding Rings and Her Dad Says She Plans to Divorce Him E News oh well shit falls","0"
"I ll be the flower girl at your wedding","0"
"whispers into the abyss give kurogane amp fai a wedding","0"
"New old for me is new video of jensen singing Crazy love at a wedding s friend with Jason manns in 2007 He was so shy","0"
"crazy how 15 years from now it might be ur wedding or ur kids birthday but rn it s just a regular shitty day","0"
"171209 guswlsla 92 IG update with Siwon Yesung Hyukjae and Donghae at Jinoo s wedding","0"
"crazy how 15 years from now it might be ur wedding or ur kids birthday but rn it s just a regular shitty day","0"
"Proper wedding invites Photo by","0"
"crazy how 15 years from now it might be ur wedding or ur kids birthday but rn it s just a regular shitty day","0"
"crazy how 15 years from now it might be ur wedding or ur kids birthday but rn it s just a regular shitty day","0"
"Someone marry me so I can have a videographer make a wedding video with this song tysm","0"
"crazy how 15 years from now it might be ur wedding or ur kids birthday but rn it s just a regular shitty day","0"
"New old for me is new video of jensen singing Crazy love at a wedding s friend with Jason manns in 2007 He was so shy","0"
"Every wedding cake I ve ever seen was pretty gay","0"
"crazy how 15 years from now it might be ur wedding or ur kids birthday but rn it s just a regular shitty day","0"
"boho bouquet bridal bouquet wedding bouquet wedding via","0"
"HUHU MISS YOU NA DEN MERRY CHRISTMAS HAPPY NEW YEAR HAPPY VALENTINES HAPPY GRADUATION HAPPY S","0"
"crazy how 15 years from now it might be ur wedding or ur kids birthday but rn it s just a regular shitty day","0"
"It s not a wedding if it s not at Schuetzen Park","0"
"crazy how 15 years from now it might be ur wedding or ur kids birthday but rn it s just a regular shitty day","0"
"crazy how 15 years from now it might be ur wedding or ur kids birthday but rn it s just a regular shitty day","0"
"Mark is ready for the wedding rhoa","0"
"crazy how 15 years from now it might be ur wedding or ur kids birthday but rn it s just a regular shitty day","0"
"branded I honestly can not wait for it Cobbie gonna go big on her wedding","0"
"Just gonna show up married one day cause it s not like I m having a wedding","0"
"Galia Lahav Authentic Custom Wedding Dress Joyce Style Ivory Size 8","0"
"BankyW amp Adesua Etomi step out in style for the Arabian themed premiere of The Wedding","0"
"crazy how 15 years from now it might be ur wedding or ur kids birthday but rn it s just a regular shitty day","0"
"crazy how 15 years from now it might be ur wedding or ur kids birthday but rn it s just a regular shitty day","0"
"crazy how 15 years from now it might be ur wedding or ur kids birthday but rn it s just a regular shitty day","0"
"Weddings Long Sleeve White Lace Wedding Dress A Line Button Sweep Train 2016 Real party d","0"
"I lost my wedding ring in Section 124 at the stadium today if somebody found a silver band ring please let me know","0"
"I don t want y all at my wedding in club attire","0"
"crazy how 15 years from now it might be ur wedding or ur kids birthday but rn it s just a regular shitty day","0"
"This man just asked me to be a flower girl in his wedding boy bye","0"
"Cool pic from our friends wedding a little while back montyhill guitarist band fender","0"
"crazy how 15 years from now it might be ur wedding or ur kids birthday but rn it s just a regular shitty day","0"
"amp won t get married whole wedding cancelled","0"
"crazy how 15 years from now it might be ur wedding or ur kids birthday but rn it s just a regular shitty day","0"
"ICYMI Will SCOTUS say states can force wedding vendors to provide services for gay weddings What I saw at this week s oral","0"
"Pinterest planning my wedding down to the smallest detail like i even got a boo or suh in LOL","0"
"Ok sorry More accurately Indians having wedding in Sri Lanka amp having Hariharan to sing live","0"
"crazy how 15 years from now it might be ur wedding or ur kids birthday but rn it s just a regular shitty day","0"
"crazy how 15 years from now it might be ur wedding or ur kids birthday but rn it s just a regular shitty day","0"
"This couple s Australian wedding was filled with playful creative details and decorations see all their pics","0"
"crazy how 15 years from now it might be ur wedding or ur kids birthday but rn it s just a regular shitty day","0"
"Grind sched for the week 11 Corner Studio 12 D amp D Session 13 Wedding Prep 14 SaGuijo 15 Private Event 16 Private Event","0"
"crazy how 15 years from now it might be ur wedding or ur kids birthday but rn it s just a regular shitty day","0"
"Country music will not step foot near my wedding","0"
"This couple s Australian wedding was filled with playful creative details and decorations see all their pics","0"
"Em wow 9 years might be too long for my wedding","0"
"fc So we are getting to know that Virushka wedding is happening for real What are your thoughts fans a rumour or real Hop","0"
"Live happily ever after with these magical wedding cakes","0"
"Wedding dress idea Featured Dress Milla Nova","0"
"me about to kiss my bride at my wedding some voltron fan bursts into the room yeah real cute f f marriage you got here","0"
"Whatever you call them they re a great choice for your cookie swap","0"
"All About Flower Girls","0"
"crazy how 15 years from now it might be ur wedding or ur kids birthday but rn it s just a regular shitty day","0"
"crazy how 15 years from now it might be ur wedding or ur kids birthday but rn it s just a regular shitty day","0"
"It s mistletoe magnolias and a Christmas wedding in the Kirkpatrick family kindle Free","0"
"Wedding of the year goes to","0"
"hmmm one more novelty in South Indian wedding","0"
"crazy how 15 years from now it might be ur wedding or ur kids birthday but rn it s just a regular shitty day","0"
"RHOA Cast Throws Kenya Moore a Shady Surprise Wedding Before Questioning If Her Marriage Is Real","0"
"Jesus would definitely not have a problem with baking gay people a cake for their wedding In fact Jesus would take","0"
"Wedding of the year goes to","0"
"Paraphrasing from a post I saw today If baking a cake for a gay wedding is endorsing homosexuality then voting for","0"
"Virat stood away from TV and Internet Checks phone 354 messages wow Must be wishes for my wedding Opens inbox","0"
"Thumper The Wedding Band livingsexy","0"
"crazy how 15 years from now it might be ur wedding or ur kids birthday but rn it s just a regular shitty day","0"
"It s not about wedding cake It s about being denied service And how far that could go","0"
"alright since everyone s getting engaged and married the least you can do is invite me to the wedding and have an open","0"
"Gatecrashing Anushka Sharma s wedding starter pack","0"
"My own father didn t attend my wedding so shouldn t feel bad I ELOPED She has FaceTime with my husband","0"
"Why does instagram think I need wedding inspo If it turned on it s mic accessibility and just listened in on my co","0"
"I heard the description their dream barn wedding and I can t stop thinking about it Dream Barn Wedding Hehe n","0"
"me about to kiss my bride at my wedding some voltron fan bursts into the room yeah real cute f f marriage you got here","0"
"Wedding of the year goes to","0"
"a Bree6 In Europe they go cheap on the wedding and the honeymoon then spend the serious money on a house T","0"
"crazy how 15 years from now it might be ur wedding or ur kids birthday but rn it s just a regular shitty day","0"
"New post Bukola Saraki s daughter marries in Society wedding Abuja Photos has been published on Lively Stones","0"
"pretty girls slide in my dms so we can start planning our wedding","0"
"Gabe andMadel played butterfly effect at their wedding legendary","0"
"Happy 68th Wedding Anniversary to my awesome parents and many more","0"
"me about to kiss my bride at my wedding some voltron fan bursts into the room yeah real cute f f marriage you got here","0"
"crazy how 15 years from now it might be ur wedding or ur kids birthday but rn it s just a regular shitty day","0"
"Had the honor of photographing a long time Instagram follower s wedding From the simple support of liking my photo","0"
"Girls Asked I just want need 1 man so Free online SignUp Need1Man DaynightNeed1man","0"
"theGAMEGODDESS im so stubborn i ll fuck around amp catch an attitude on my wedding day","0"
"a happy bride is a Queen subuphotography wedding weddingday weddingfun weddingtime","0"
"I m watching wedding shows how do these ladies not devour their husbands faces If he s expecting a kindergarten peck I m already sorry man","0"
"Different strokes for different folks It s their wedding day if they like it so they like it so","0"
"crazy how 15 years from now it might be ur wedding or ur kids birthday but rn it s just a regular shitty day","0"
"Any wedding with Kandi singing is already asking for a divorce RHOA","0"
"8 10 Picture Frame Collage Set of 2 White Wood Frames Photo Frame for Wedding","0"
"I m here to ruin more wedding photos with my bright hair and my loud crying","0"
"Dusty blue wedding with blue groomsmen Dusty blue bridesmaids and bouquet Invitations by Unica Forma","0"
"The only thing Arabian on my body is the Oud I will use to kill anybody that comes close at this Wedding party movie premiere","0"
"it s weird how 10 years from today it could be ur wedding day or ur kids birthday but rn it s just a regular day","0"
"alright since everyone s getting engaged and married the least you can do is invite me to the wedding and have an open","0"
"crazy how 15 years from now it might be ur wedding or ur kids birthday but rn it s just a regular shitty day","0"
"I m tired of seeing baby showers where the wedding pics at","0"
"amp won t get married whole wedding cancelled","0"
"crazy how 15 years from now it might be ur wedding or ur kids birthday but rn it s just a regular shitty day","0"
"I m a millennial who jsut had a 25 per wedding instead of a huge one so I can pay off my student loans and not inc","0"
"crazy how 15 years from now it might be ur wedding or ur kids birthday but rn it s just a regular shitty day","0"
"The murder at the Red Wedding broke Guest Right a Westerosi tradition of not harming guests once food and drink is sha","0"
"crazy how 15 years from now it might be ur wedding or ur kids birthday but rn it s just a regular shitty day","0"
"weird how 15 years from now it might be ur wedding or ur kids birthday but rn it s just a regular shitty day","0"
"This is the fanciest armor she s got for draecember and I spent an ungodly amount of gold to get it off the BMAH so I gotta","0"
"The murder at the Red Wedding broke Guest Right a Westerosi tradition of not harming guests once food and drink is sha","0"
"ryan is surprising her with a surprise wedding on christmas eve","0"
"The murder at the Red Wedding broke Guest Right a Westerosi tradition of not harming guests once food and drink is sha","0"
"The murder at the Red Wedding broke Guest Right a Westerosi tradition of not harming guests once food and drink is sha","0"
"crazy how 15 years from now it might be ur wedding or ur kids birthday but rn it s just a regular shitty day","0"
"The murder at the Red Wedding broke Guest Right a Westerosi tradition of not harming guests once food and drink is sha","0"
"The murder at the Red Wedding broke Guest Right a Westerosi tradition of not harming guests once food and drink is sha","0"
"The murder at the Red Wedding broke Guest Right a Westerosi tradition of not harming guests once food and drink is sha","0"
"The murder at the Red Wedding broke Guest Right a Westerosi tradition of not harming guests once food and drink is sha","0"
"amp face their toughest decision yet which flavour of wedding cake PropertyBrothers","0"
"crazy how 15 years from now it might be ur wedding or ur kids birthday but rn it s just a regular shitty day","0"
"crazy how 15 years from now it might be ur wedding or ur kids birthday but rn it s just a regular shitty day","0"
"The murder at the Red Wedding broke Guest Right a Westerosi tradition of not harming guests once food and drink is sha","0"
"Everybody right now this wedding is sooo shady Also us RHOA","0"
"The murder at the Red Wedding broke Guest Right a Westerosi tradition of not harming guests once food and drink is sha","0"
"The murder at the Red Wedding broke Guest Right a Westerosi tradition of not harming guests once food and drink is sha","0"
"The murder at the Red Wedding broke Guest Right a Westerosi tradition of not harming guests once food and drink is sha","0"
"The murder at the Red Wedding broke Guest Right a Westerosi tradition of not harming guests once food and drink is sha","0"
"i want my refund for my flight i can t believe i missed my sisters wedding","0"
"Fully prepared to do my best Adam Sandler and be your wedding singer Let s make it happen","0"
"nokwal jyo l","0"
"The murder at the Red Wedding broke Guest Right a Westerosi tradition of not harming guests once food and drink is sha","0"
"I have so much respect for you for showing what real friendship is about Having a family only wed","0"
"The murder at the Red Wedding broke Guest Right a Westerosi tradition of not harming guests once food and drink is sha","0"
"crazy how 15 years from now it might be ur wedding or ur kids birthday but rn it s just a regular shitty day","0"
"one year since the most beautiful wedding i have ever seen troick really is THAT couple i love them so much https","0"
"The murder at the Red Wedding broke Guest Right a Westerosi tradition of not harming guests once food and drink is sha","0"
"THIS Why have a full on wedding for it to be two ppl Bitch take yo ass to the court house","0"
"The murder at the Red Wedding broke Guest Right a Westerosi tradition of not harming guests once food and drink is sha","0"
"Lea Cars Bentley Arnage Wedding car at a Sikh wedding in Newcastle","0"
"crazy how 15 years from now it might be ur wedding or ur kids birthday but rn it s just a regular shitty day","0"
"The murder at the Red Wedding broke Guest Right a Westerosi tradition of not harming guests once food and drink is sha","0"
"The murder at the Red Wedding broke Guest Right a Westerosi tradition of not harming guests once food and drink is sha","0"
"I lost my wedding ring in Section 124 at the stadium today if somebody found a silver band ring please let me know","0"
"The best wedding date Little Gardens","0"
"crazy how 15 years from now it might be ur wedding or ur kids birthday but rn it s just a regular shitty day","0"
"crazy how 15 years from now it might be ur wedding or ur kids birthday but rn it s just a regular shitty day","0"
"org Awesome job tonight Joey Thanks for the laughs the selfies and the congrats on our we","0"
"crazy how 15 years from now it might be ur wedding or ur kids birthday but rn it s just a regular shitty day","0"
"me about to kiss my bride at my wedding some voltron fan bursts into the room yeah real cute f f marriage you got here","0"
"amp won t get married whole wedding cancelled","0"
"Here s some good news from MN With lots of hard work amp support from Shakopee Judge Chris Wilton Jennifer has turned her","0"
"crazy how 15 years from now it might be ur wedding or ur kids birthday but rn it s just a regular shitty day","0"
"Idk about this wedding RHOA","0"
"9 Promotion Ideas For A Wedding Service Business via","0"
"Mom meatloaf I wonder what she s doing RT His scene in Wedding Crashers is one of the greatest things he s ev","0"
"purse handmade Fine jewelry pearl set nigerian wedding african beads gold","0"
"Another big fave caro s wedding in October where we were able to celebrate Jamie and Addison and also have a","0"
"I lost my wedding ring in Section 124 at the stadium today if somebody found a silver band ring please let me know","0"
"Sometimes I forget Tre and I were married 3 days before our actual wedding","0"
"crazy how 15 years from now it might be ur wedding or ur kids birthday but rn it s just a regular shitty day","0"
"So here s why trickle down economics does not work when you give rich people more money they put it in the stock ma","0"
"crazy how 15 years from now it might be ur wedding or ur kids birthday but rn it s just a regular shitty day","0"
"Well yeah if you elope then fine That s the whole point anyway If you have an actual planned and st","0"
"i think i wanna do a location wedding fr and have that hoe real intimate","0"
"one year since the most beautiful wedding i have ever seen troick really is THAT couple i love them so much https","0"
"clancy Philly at its finest pure class as always It s nice hearing your lifestyle but I ll take it you d","0"
"crazy how 15 years from now it might be ur wedding or ur kids birthday but rn it s just a regular shitty day","0"
"crazy how 15 years from now it might be ur wedding or ur kids birthday but rn it s just a regular shitty day","0"
"crazy how 15 years from now it might be ur wedding or ur kids birthday but rn it s just a regular shitty day","0"
"Everybody right now this wedding is sooo shady Also us RHOA","0"
"Gatecrashing Anushka Sharma s wedding starter pack","0"
"I planned on buying dustin his fossil watch for Christmas but instead I got to excited and gave it to him the day o","0"
"I said I wanted some red bottoms for my wedding Lemme start saving now I still ain t breaking my pocket for none though","0"
"KRG I know in the future I don t want an extravagant wedding My husband and I probably wouldn t say shit but to our close family a","0"
"After playing the role of this quirky and intelligent wedding planner Shruti Kakkar She got her recognition I applaud","0"
"alright since everyone s getting engaged and married the least you can do is invite me to the wedding and have an open","0"
"vixx at weddings hakyeon wonshik visibly crying at the vows hongbin says he didn t cry he did a little taekwoon touch","0"
"Congratulation for the newlyweds Congratulation for ur wedding","0"
"crazy how 15 years from now it might be ur wedding or ur kids birthday but rn it s just a regular shitty day","0"
"snows 4 inches alright everyone cancel school put on the 1 long sleeve shirt you own buy the entire grocery store","0"
"NJ love u guys I m bout to be best man at my good friend Doms wedding In the snow Sending love","0"
"This is an Indian wedding bro We do destination weddings","0"
"Michael thinks the hurling was better than his wedding night via","0"
"crazy how 15 years from now it might be ur wedding or ur kids birthday but rn it s just a regular shitty day","0"
"me about to kiss my bride at my wedding some voltron fan bursts into the room yeah real cute f f marriage you got here","0"
"Virat stood away from TV and Internet Checks phone 354 messages wow Must be wishes for my wedding Opens inbox","0"
"me about to kiss my bride at my wedding some voltron fan bursts into the room yeah real cute f f marriage you got here","0"
"Wedding of the year goes to","0"
"Femail Are these the most bizarre wedding photos ever People from around the world","0"
"Want a Better Wedding Get the Weddbook App","0"
"Wedding anniversary 22 dinner tonight blackandwhitephoto anniversary Chops Lobster Bar","0"
"i ve always wanted to plan a wedding let s do it i ll be on my way","0"
"crazy how 15 years from now it might be ur wedding or ur kids birthday but rn it s just a regular shitty day","0"
"I would do anything to have officiate my wedding","0"
"I was more amped for the wedding of Barry Allen and Iris West tbh","0"
"Graduation pregnancy wedding you get over an ashy Nigga I m celebrating man I love the warmth of positivity","0"
"Nah if this nigga actually proposes tho lol I already know that wedding would be one of the best nights ever","0"
"I love how Luis turned their argument into a heated discussion about religion when Molly originally just wanted to discuss h","0"
"Photos Sola Sobowale s gorgeous look to the Arabian themed Wedding party 2 world premiere","0"
"Look at her wedding ring Hubby is drooling for sloppy seconds","0"
"I hope someone tells who the real is b4 their wedding Great meeting you amp go to Galapagos I","0"
"Lol and I know her wedding going to be dope","0"
"I lost my wedding ring in Section 124 at the stadium today if somebody found a silver band ring please let me know","0"
"Still dreaming about and David s beautiful wedding day at Karly s mom s home Weddings","0"
"Me running away from my husband on the wedding day cuz I don t catch feelings sweetie I catch flights","0"
"crazy how 15 years from now it might be ur wedding or ur kids birthday but rn it s just a regular shitty day","0"
"crazy how 15 years from now it might be ur wedding or ur kids birthday but rn it s just a regular shitty day","0"
"vixx at weddings hakyeon wonshik visibly crying at the vows hongbin says he didn t cry he did a little taekwoon touch","0"
"crazy how 15 years from now it might be ur wedding or ur kids birthday but rn it s just a regular shitty day","0"
"crazy how 15 years from now it might be ur wedding or ur kids birthday but rn it s just a regular shitty day","0"
"WEDDING PROPOSALS ALWAYS MAKE ME CRY SO HARD I CANT WAIT TO SEE MY REACTION WHEN I GET ASKED TO BE SOMEONES WIFE","0"
"crazy how 15 years from now it might be ur wedding or ur kids birthday but rn it s just a regular shitty day","0"
"Wedding of the year goes to","0"
"crazy how 15 years from now it might be ur wedding or ur kids birthday but rn it s just a regular shitty day","0"
"I ll cry at my wedding because it s a miracle it s happening honestly","0"
"Something I never noticed in Home Alone Harry has a wedding ring Does his wife know he almost ate a child s fingers","0"
"Supreme Court wedding cake case asks whether baking is protected speech","0"
"Gay Wedding Cakes and the United States Constitution GAY NEWS GLBT","0"
"weird how 15 years from now it might be ur wedding or ur kids birthday but rn it s just a regular shitty day","0"
"Sri Lankans having the amazing Hariharan to sing at a wedding function is some next level Explains that he s a fam","0"
"We got a similar stunt planned for the wedding","0"
"loose wild wedding flowers styled by Vic Brotherson","0"
"me about to kiss my bride at my wedding some voltron fan bursts into the room yeah real cute f f marriage you got here","0"
"Gotta love it when you grow up with a friend and she asks you to do her makeup for her wedding","0"
"Genuine 2 25ct Diamond Wedding Band Ring 14k Yellow Gold Round G H I1 Prong","0"
"For it was not into my ear you whispered but into my heart It was not my lips you kissed but my soul Judy Garland w","0"
"Accept What Is Let Go of What Was Have Faith in What Will Be wall hanging by gr8byz wedding birt","0"
"I am a Wedding Planner I have successfully planned 8 weddings I work with ones budget big or small I have amazing de","0"
"My own father didn t attend my wedding so shouldn t feel bad I ELOPED She has FaceTime with my husband","0"
"Of course you ve stacked deck w your characterization here Phillips says","0"
"My wife and I aren t gonna have a first dance at the wedding we having the the first Lob I m gonna lower the rim","0"
"One Marwadi and one mallu wedding to attend on the same day Marwadi wedding gets over at 5am while the mallu one s","0"
"Chrissy Lampkin and Jim Jones WEDDING NEWS Couple married according to Media Take Out LHHNY via","0"
"alright since everyone s getting engaged and married the least you can do is invite me to the wedding and have an open","0"
"wedding night porno big wet sexy ass","0"
"Me lol these people are having a LARP wedding And then the bride wanted to have a dance with her original knight","0"
"weird how 15 years from now it might be ur wedding or ur kids birthday but rn it s just a regular shitty day","0"
"I d be super weird if you have an actual wedding and not invite your closest friends I mean what s the point of the wedding then","0"
"Imma have a strict dress code at my wedding because y all be going to weddings dressed like y all going to the club and I cannot","0"
"I know in the future I don t want an extravagant wedding My husband and I probably wouldn t say shit but to our cl","0"
"wish i was going to the game on sunday but will be recuperating from a wedding in Louisia","0"
"With its striking rude perplexity the illustrious no that range on top of a drop business was the city s chief","0"
"Y all I watched my sister make doll clothes on a Barbie sewing machine when she was 6 amp now she s 22 designing and makin","0"
"Mom meatloaf I wonder what she s doing RT His scene in Wedding Crashers is one of the greatest things he s ev","0"
"I ve just been invited to my first same sex marriage My dear friends Antony and Ron have been waiting 37 years you re dam","0"
"Just had a 15 minute conversation with ash while wearing my bridesmaid dress for s wedding normalroomiestuff","0"
"My face when I m told that I have to take finals during wedding week WellsWeddingBells","0"
"crazy how 15 years from now it might be ur wedding or ur kids birthday but rn it s just a regular shitty day","0"
"Look yeah if I get into African wedding youtube I m not coming out for ages","0"
"crazy how 15 years from now it might be ur wedding or ur kids birthday but rn it s just a regular shitty day","0"
"Thanks buddy Tell her hi for me Haha looking forward to seeing you guys at the track When s the wedding","0"
"If I gave out my wedding registry would y all buy us stuff Probably not right","0"
"Modeled after my own Wedding circlet custommade for you epiconetsy cosplay wedding https","0"
"Maybe I just don t want to invite anyone I just want to have a moment and a wedding with just me a","0"
"I m in tears This is so amazing Casey amp Davis The Marlar Wedding via","0"
"I can understand if you make the decision to elope or have a justice of the peace type of wedding By all means cool","0"
"The wedding is back on she just bought me a durag Nigga showed me the durag they really in love","0"
"Had a little to much fun celebrating wedding whoops whydidntanyonetakemydrinks","0"
"Sumeeth and Sangeetha tie the knot in unique manner avoiding even milk products","0"
"crazy how 15 years from now it might be ur wedding or ur kids birthday but rn it s just a regular shitty day","0"
"crazy how 15 years from now it might be ur wedding or ur kids birthday but rn it s just a regular shitty day","0"
"Adam Vinatieri just dropped his wedding ring Colts INDvsBUF","0"
"Making a wedding cake for a same sex couple will get a baker more new business than refusing to make one","0"
"50s 1950s Original Strapless Vixen Cocktail Party Wedding Full Dress XS","0"
"alright since everyone s getting engaged and married the least you can do is invite me to the wedding and have an open","0"
"White Satin Wedding WeddingGarter Set with Red Heart Deco Your via","0"
"amp won t get married whole wedding cancelled","0"
"crazy how 15 years from now it might be ur wedding or ur kids birthday but rn it s just a regular shitty day","0"
"RHOA Cast Throws Kenya Moore a Shady Surprise Wedding Before Questioning If Her Marriage Is Real","0"
"crazy how 15 years from now it might be ur wedding or ur kids birthday but rn it s just a regular shitty day","0"
"wish i was going to the game on sunday but will be recuperating from a wedding in","0"
"crazy how 15 years from now it might be ur wedding or ur kids birthday but rn it s just a regular shitty day","0"
"and it s not that i m proud of that but like I just feel like y all should know because I feel like it s a wedding planning milestone","0"
"one year since the most beautiful wedding i have ever seen troick really is THAT couple i love them so much","0"
"I don t know about Julie but I would make it Then again I m secure in my ideolo","0"
"Y all I watched my sister make doll clothes on a Barbie sewing machine when she was 6 amp now she s 22 designing and makin","0"
"This wedding shit RHOA","0"
"The song that will be played at and my wedding","0"
"amp won t get married whole wedding cancelled","0"
"crazy how 15 years from now it might be ur wedding or ur kids birthday but rn it s just a regular shitty day","0"
"One that lives with his whole family is always the richest in the world Happy wedding day Appa and Amma Thank you","0"
"Gonna be a Spiderman Captain Marvel themed wedding Finally making that head canon a reality","0"
"NJ love u guys I m bout to be best man at my good friend Doms wedding In the snow Sending love","0"
"crazy how 15 years from now it might be ur wedding or ur kids birthday but rn it s just a regular shitty day","0"
"weird how 15 years from now it might be ur wedding or ur kids birthday but rn it s just a regular shitty day","0"
"weird how 15 years from now it might be ur wedding or ur kids birthday but rn it s just a regular shitty day","0"
"You hitched now How was your wedding","0"
"alright since everyone s getting engaged and married the least you can do is invite me to the wedding and have an open","0"
"Checkout this pic taken for a wedding event back on 11 11 2017 Beautiful evening and great beer","0"
"me about to kiss my bride at my wedding some voltron fan bursts into the room yeah real cute f f marriage you got here","0"
"So here s why trickle down economics does not work when you give rich people more money they put it in the stock ma","0"
"crazy how 15 years from now it might be ur wedding or ur kids birthday but rn it s just a regular shitty day","0"
"crazy how 15 years from now it might be ur wedding or ur kids birthday but rn it s just a regular shitty day","0"
"weird how 15 years from now it might be ur wedding or ur kids birthday but rn it s just a regular shitty day","0"
"PuertoVallarta RivieraNayarit DestinationWedding Advantages WeddingPlanning","0"
"me about to kiss my bride at my wedding some voltron fan bursts into the room yeah real cute f f marriage you got here","0"
"Gonna be a Spiderman Captain Marvel themed wedding Finally making that head canon a reality","0"
"Burnt Orange and White Bride WeddingGarter Set with TexasLonghorn via","0"
"Latest indian dresses bridal collections dresses wedding Design amazon shopping online Dresses","0"
"These women are MESSY Did they really think this fake wedding would be a good idea for Kenya Messy Moore I mean","0"
"me about to kiss my bride at my wedding some voltron fan bursts into the room yeah real cute f f marriage you got here","0"
"At yesterday s ChuAna s wedding with Boss Ryan and friends Angelfields","0"
"RT","0"
"Can t wait to come to the wedding","0"
"I am a Wedding Planner I have successfully planned 8 weddings I work with ones budget big or small I have amazing de","0"
"I want a Frasier themed wedding We ll read the same vows that Niles and Daphne use in their wedding I m Daphne in th","0"
"Wedding of the year goes to","0"
"Vinson I m gonna get Buffalo Wild Wings to cater my wedding one day","0"
"crazy how 15 years from now it might be ur wedding or ur kids birthday but rn it s just a regular shitty day","0"
"crazy how 15 years from now it might be ur wedding or ur kids birthday but rn it s just a regular shitty day","0"
"There was more religion talk in the last 5 minutes of 90dayfiance than a whole Duggar wedding","0"
"Y E Oliver And Felicity s Wedding Reception Ends In Betrayal In Arrow s Mid Season Finale Arrow","0"
"Congratulations your wedding is so lovely","0"
"Another couples wedding went horribly wrong they spent 300 on decor and did it themselves but had no dj caterer","0"
"The dress she wore looked like it belonged in a wedding Of course it was lighter and shorter to fit a","0"
"mens complete 5 piece royal blue formal suit tailored fit wedding prom party 106 99 What a","0"
"It melts my heart every time I read it What about you love wedding","0"
"weird how 15 years from now it might be ur wedding or ur kids birthday but rn it s just a regular shitty day","0"
"crazy how 15 years from now it might be ur wedding or ur kids birthday but rn it s just a regular shitty day","0"
"The food and music choices are very important on your big day wedding weddingtips BrideToBe","0"
"I m one more broken heart away from living in an attic in a wedding dress and teaching a little girl to hate all men","0"
"alright since everyone s getting engaged and married the least you can do is invite me to the wedding and have an open","0"
"Yes oooo I couldn t agree less guys you can join us if you stay around ikeja For wedding party 2","0"
"We finally have a concrete wedding date May 18 2019","0"
"crazy how 15 years from now it might be ur wedding or ur kids birthday but rn it s just a regular shitty day","0"
"at my wedding i m gonna walk down the aisle to Heroes by Bowie","0"
"Wedding of the year goes to","0"
"wedding night sex positions free big tit porn sites","0"
"With Amazon s Registries you can add items from Earth s biggest selection get free 90 day returns on most items and manag","0"
"me about to kiss my bride at my wedding some voltron fan bursts into the room yeah real cute f f marriage you got here","0"
"crazy how 15 years from now it might be ur wedding or ur kids birthday but rn it s just a regular shitty day","0"
"Black and Orange WeddingGarter Set with Motorcycle Charms via","0"
"Jacqueline KatrinaKaif khan and react to rumors of Anushka and Virat s wedding","0"
"When I get married I hope there s someone on a horse galloping as fast as they can to stop the wedding arriving too la","0"
"oluwani Someone said Lukaku will miss his own wedding Chai Aye le","0"
"While yogiblair is planning her wedding Invisalign clear aligners are transforming her smile InvisalignSmile https","0"
"Wedding of the year goes to","0"
"For it was not into my ear you whispered but into my heart It was not my lips you kissed but my soul Judy Garland wedding happy love","0"
"me about to kiss my bride at my wedding some voltron fan bursts into the room yeah real cute f f marriage you got here","0"
"crazy how 15 years from now it might be ur wedding or ur kids birthday but rn it s just a regular shitty day","0"
"oluwani Someone said Lukaku will miss his own wedding Chai Aye le","0"
"In the shop a Captain America wedding garter set by Sugarplum Garters","0"
"on tomorrow Someone tell him to donate some LTC to me as a wedding gift before he goes on","0"
"crazy how 15 years from now it might be ur wedding or ur kids birthday but rn it s just a regular shitty day","0"
"crazy how 15 years from now it might be ur wedding or ur kids birthday but rn it s just a regular shitty day","0"
"JD let s start planning these wedding festivities","0"
"crazy how 15 years from now it might be ur wedding or ur kids birthday but rn it s just a regular shitty day","0"
"crazy how 15 years from now it might be ur wedding or ur kids birthday but rn it s just a regular shitty day","0"
"crazy how 15 years from now it might be ur wedding or ur kids birthday but rn it s just a regular shitty day","0"
"Not fair wedding outside","0"
"Anyone know when the Supreme Court gay wedding cake verdict is coming out","0"
"s Wedding","0"
"Everybody right now this wedding is sooo shady Also us RHOA","0"
"There s a video of Mike Leach commenting on the woes of wedding planning and now I can t get mad at my fianc whil","0"
"Muskie fishing is like the pasta machine I got as a wedding present It comes out","0"
"I doubt it though She wants that wedding","0"
"Anushka s gonna kill me The cutest reactions to Virushka s wedding by far Jacqueline","0"
"Eunhae wedding video Flight to Malibu Happy dance after wedding ceremony Morning after wedding night","0"
"I liked a video DIY Enchanted Rose Decoration Wedding Photos Arty Advent Day 10","0"
"I m so glad my brother is providing a taxi for us to the wedding cuz tbh again the thought of trying to get one ou","0"
"I lost my wedding ring in Section 124 at the stadium today if somebody found a silver band ring please let me know","0"
"Can t get married cause then my wedding board on Pinterest will be useless","0"
"Fashion Engagement Ring Wedding Band Set 18KGP CZ Rhinestone Crystal Size 5 5 10 Check Price on eBay gt","0"
"ourownhistory I hated Philip back then he was the worst Shawn had every right to crash that wedding","0"
"Wedding of the year goes to","0"
"Any wedding with Kandi singing is already asking for a divorce RHOA","0"
"Watch out world Morgan is planning my wedding","0"
"crazy how 15 years from now it might be ur wedding or ur kids birthday but rn it s just a regular shitty day","0"
"I ve just been invited to my first same sex marriage My dear friends Antony and Ron have been waiting 37 years you re dam","0"
"crazy how 15 years from now it might be ur wedding or ur kids birthday but rn it s just a regular shitty day","0"
"me about to kiss my bride at my wedding some voltron fan bursts into the room yeah real cute f f marriage you got here","0"
"The music at The ACC for games is like a bad wedding DJ TMLtalk LeafsNation","0"
"Wedding of the year goes to","0"
"crazy how 15 years from now it might be ur wedding or ur kids birthday but rn it s just a regular shitty day","0"
"crazy how 15 years from now it might be ur wedding or ur kids birthday but rn it s just a regular shitty day","0"
"Plan amp order your wedding in 30 min I d love to send you an update","0"
"crazy how 15 years from now it might be ur wedding or ur kids birthday but rn it s just a regular shitty day","0"
"Anushka All wedding preps are done I m so excited Kohli Score dekh yaar","0"
"s Wedding","0"
"Wedding of the year goes to","0"
"Romantic Recipes To Celebrate A Wedding Anniversary I would love Lobster Tails Recipe With","0"
"Dinner at my future wedding location","0"
"crazy how 15 years from now it might be ur wedding or ur kids birthday but rn it s just a regular shitty day","0"
"Romantic Recipes To Celebrate A Wedding Anniversary I would love Lobster Tails Recipe With","0"
"New post on Tuneupnaija VIDEO Checkout Nigerian Celebrities Outfits to The Wedding Party Premiere","0"
"Romantic Recipes To Celebrate A Wedding Anniversary I would love Lobster Tails Recipe With","0"
"Romantic Recipes To Celebrate A Wedding Anniversary I would love Lobster Tails Recipe With","0"
"me about to kiss my bride at my wedding some voltron fan bursts into the room yeah real cute f f marriage you got here","0"
"Live happily ever after with these magical wedding cakes","0"
"crazy how 15 years from now it might be ur wedding or ur kids birthday but rn it s just a regular shitty day","0"
"If chief keef doesn t perform at my wedding then i don t want to get married","0"
"Hand Crocheted Almond Colored Shawl Stole Wrap Organic Cotton Shawl Scarf Bridal Wedding CR1044 VLL Designs","0"
"ourownhistory I hated Philip back then he was the worst Shawn had every right to crash that wedding","0"
"felicity smoak is staying felicity smoak no hyphenation he s gonna send us some script pages from 6 09 that were cut from","0"
"Substitute wedding date since Madison didn t wanna","0"
"Omotola Jalade s Look At The Grand Premiere Of The Wedding Party 2 WeddingPartyMovie2 TWP2","0"
"My grandparents are gonna have a horse and carriage for their wedding shauuu so excited","0"
"Selena and Justin at Selena friend Shannon Larossi s beach side wedding ceremony December 8 2011","0"
"Check out this glam bridesmaid from our past wedding at the She is absolutely","0"
"I m ALL for a good piss take Hell yesterday my mate slayed me in his wedding speech Hilarious fun But bullying","0"
"crazy how 15 years from now it might be ur wedding or ur kids birthday but rn it s just a regular shitty day","0"
"me about to kiss my bride at my wedding some voltron fan bursts into the room yeah real cute f f marriage you got here","0"
"alright since everyone s getting engaged and married the least you can do is invite me to the wedding and have an open","0"
"Wedding is now cancelled","0"
"me about to kiss my bride at my wedding some voltron fan bursts into the room yeah real cute f f marriage you got here","0"
"Red Satin Bride Wedding Garter Set with Checkered Flag Deco via","0"
"Turn Left The wedding of the century","0"
"Hey you know how ive been saying we needa renewZNation for that sketchy skeezy wedding episode Like sprinkle that","0"
"Photos From Actor Daniel K Daniel s Wedding via","0"
"i hope my future husband is cool w us going on the show Four Weddings bc i m finna show the other brides how it s done My wed","0"
"Antique Gold Filled Cufflinks Stick Pin Art Nouveau Etched wedding jewelry groom","0"
"Is it too early to decide that I want this to be the first dance at my wedding","0"
"So here s why trickle down economics does not work when you give rich people more money they put it in the stock ma","0"
"I lost my wedding ring in Section 124 at the stadium today if somebody found a silver band ring please let me know","0"
"This better not be a red wedding episode TheWalkingDead","0"
"I liked a video DIY Enchanted Rose Decoration Wedding Photos Arty Advent Day 10","0"
"new goal have my wedding be more turnt than and I Duh s it might be hard to top","0"
"weird how 15 years from now it might be ur wedding or ur kids birthday but rn it s just a regular shitty day","0"
"crazy how 15 years from now it might be ur wedding or ur kids birthday but rn it s just a regular shitty day","0"
"NJ love u guys I m bout to be best man at my good friend Doms wedding In the snow Sending love","0"
"crazy how 15 years from now it might be ur wedding or ur kids birthday but rn it s just a regular shitty day","0"
"Wedding of the year goes to","0"
"Omotola Jalade s Look At The Grand Premiere Of The Wedding Party 2","0"
"Fully prepared to do my best Adam Sandler and be your wedding singer Let s make it happen","0"
"crazy how 15 years from now it might be ur wedding or ur kids birthday but rn it s just a regular shitty day","0"
"RHOA Cast Throws Kenya Moore a Shady Surprise Wedding Before Questioning If Her Marriage Is","0"
"My bf surprised me with a promise ring as an early Christmas present My dream ring He also wrote me a letter that said","0"
"AuroraRain IU leaving the concert she gave SSC the best wedding gift by inviting them to her concert I still remember when Kyo co","0"
"crazy how 15 years from now it might be ur wedding or ur kids birthday but rn it s just a regular shitty day","0"
"me about to kiss my bride at my wedding some voltron fan bursts into the room yeah real cute f f marriage you got here","0"
"I ll cry at my wedding because it s a miracle it s happening honestly","0"
"Pre Raphaelite Necklace Waterhouse Art Painting Wedding Valentin Queen PeachGoldOrangeAb","0"
"With Shantanubhai and deepeshtanwer ex director and director Harley chapter at wedding in jodhpur","0"
"Ben and Michael Win Australia s First Legal Gay Wedding Competition via Eik n FirstGayW","0"
"Mark is ready for the wedding rhoa","0"
"Don t Miss 9 49 for Rose Gold Plated Rings w Single Crystal w Code VTQEOE5V giveaway","0"
"Wait a minute soooo u consider amp half friends because didn t go","0"
"So here s why trickle down economics does not work when you give rich people more money they put it in the stock ma","0"
"I ve just been invited to my first same sex marriage My dear friends Antony and Ron have been waiting 37 years you re dam","0"
"Virat Anushka to tie knot at a resort in Tuscany","0"
"W88 He s not a pig This is all her She is the grown person with kids He is a kid himself with no life ex","0"
"WHO GIVES A FUCK ABOUT WEDDING HUSBAND THAT S HER FUCKING BIZNESS THEY ALWAYS MAKING SHIT MESSY WH","0"
"Selena and Justin at Selena friend Shannon Larossi s beach side wedding ceremony December 8 2011","0"
"I ll cry at my wedding because it s a miracle it s happening honestly","0"
"Bride amp Prejudice wedding scene is everything","0"
"Jackie keeps denying my playlists for her wedding","0"
"crazy how 15 years from now it might be ur wedding or ur kids birthday but rn it s just a regular shitty day","0"
"crazy how 15 years from now it might be ur wedding or ur kids birthday but rn it s just a regular shitty day","0"
"Fany and Tim sang a song at Baek Dobin and Jung Si a s Wedding","0"
"crazy how 15 years from now it might be ur wedding or ur kids birthday but rn it s just a regular shitty day","0"
"Antique Gold Filled Cufflinks Stick Pin Art Nouveau Etched wedding jewelry groom","0"
"crazy how 15 years from now it might be ur wedding or ur kids birthday but rn it s just a regular shitty day","0"
"my mom keeps asking me who i m bringing to my cousin s wedding in June soooo taking applications for a wedding date","0"
"Jennie Garth goes casual for coffe without wedding ring","0"
"douglas The Wedding Present film kickstarter looks good weddingpresent","0"
"THE WEDDING PARTY 2 MOVIE PREMIERE RED CARPET MOMENTS ADESUA SHAKES BUTT via","0"
"Selena and Justin at Selena friend Shannon Larossi s beach side wedding ceremony December 8 2011","0"
"Virat stood away from TV and Internet Checks phone 354 messages wow Must be wishes for my wedding Opens inbox","0"
"crazy how 15 years from now it might be ur wedding or ur kids birthday but rn it s just a regular shitty day","0"
"alright since everyone s getting engaged and married the least you can do is invite me to the wedding and have an open","0"
"I ll cry at my wedding because it s a miracle it s happening honestly","0"
"I m in love with this story about s wedding P S Congrats Javier","0"
"Now that you have pointed it out I think Eve gave Adam a wedding cake to eat not apple","0"
"Wedding Confetti eggs 1 2 doz Cascarones Etsy fun weddingdecoration bridalshower partyfavor e","0"
"We only knew the song When the battle s over NOT GOOD FOR A WEDDING We got very busy learning new material Were known","0"
"weird how 15 years from now it might be ur wedding or ur kids birthday but rn it s just a regular shitty day","0"
"crazy how 15 years from now it might be ur wedding or ur kids birthday but rn it s just a regular shitty day","0"
"and Lucy Personalized Bride Groom Wedding Hanger Set via wedding weddinggift bridegift bride","0"
"tWitch 4Years This is the first of a few photos I ll be sharing from our wedding which happened 4","0"
"me about to kiss my bride at my wedding some voltron fan bursts into the room yeah real cute f f marriage you got here","0"
"amp won t get married whole wedding cancelled","0"
"For the month of December wedding gown Dress SALE 299","0"
"You re all invited to the wedding","0"
"My next wedding planner No doubt","0"
"dang guys tomorrow i m getting my haircut for my WEDDING","0"
"Magnus reaction to seeing Alex in the wedding dress is still one of my favorite FierroChase moments","0"
"Beverage Insulator Sequin PocketHuggie via wedding brides theknot bachelorette bridesmai","0"
"Wedding of the year goes to","0"
"Planning the future talks Other people I can t wait to get married It s always been a dream of mine I ve a","0"
"I want a Frasier themed wedding We ll read the same vows that Niles and Daphne use in their wedding I m Daphne in this scenario","0"
"You re gonna have a wedding shower and get all of the gifts","0"
"There was more religion talk in the last 5 minutes of 90dayfiance than a whole Duggar wedding","0"
"Glitter Blue Snowflakes winter wedding invitation weddings bridal eventprofs","0"
"Mom meatloaf I wonder what she s doing RT His scene in Wedding Crashers is one of the greatest things he","0"
"There is no way they thought this wedding was a good idea RHOA","0"
"Emmerdale producer IainMcLeod has told Press amp Media in the past that AaronDingle amp RobertSugden would come t","0"
"Me at my wedding I do innit but don t get gassed","0"
"Anyone know when the Supreme Court gay wedding cake verdict is coming out","0"
"crazy how 15 years from now it might be ur wedding or ur kids birthday but rn it s just a regular shitty day","0"
"crazy how 15 years from now it might be ur wedding or ur kids birthday but rn it s just a regular shitty day","0"
"crazy how 15 years from now it might be ur wedding or ur kids birthday but rn it s just a regular shitty day","0"
"Griff It s a great time in life We d love to help you put together a beautiful wedding suite Free Sample","0"
"I lost my wedding ring in Section 124 at the stadium today if somebody found a silver band ring please let me know","0"
"it s so cute how yongsun also went to jinoo s wedding i guess sj s manager is also friends with sj members friends https","0"
"crazy how 15 years from now it might be ur wedding or ur kids birthday but rn it s just a regular shitty day","0"
"Thank you for the amazing Total Claw stream We had one wedding possibly two new babies on the way and will RB fol","0"
"me i think my favourite part about wedding vow youtube is friend","0"
"Ok lets plan a wedding","0"
"You re all invited to the wedding","0"
"alright since everyone s getting engaged and married the least you can do is invite me to the wedding and have an open","0"
"Adam Vinatieri just dropped his wedding ring Colts INDvsBUF","0"
"amp won t get married whole wedding cancelled","0"
"I lost my wedding ring in Section 124 at the stadium today if somebody found a silver band ring please let me know","0"
"crazy how 15 years from now it might be ur wedding or ur kids birthday but rn it s just a regular shitty day","0"
"crazy how 15 years from now it might be ur wedding or ur kids birthday but rn it s just a regular shitty day","0"
"me about to kiss my bride at my wedding some voltron fan bursts into the room yeah real cute f f marriage you got here","0"
"Lol religious freedom cough cough gay wedding cake supreme court Freedom speech ban nazis and loo","0"
"ARMY INT twt As u see in gaon charts history not Kpop history E","0"
"My husband spent more time writing a post it note on how to properly close the back door than he did his wedding vows","0"
"crazy how 15 years from now it might be ur wedding or ur kids birthday but rn it s just a regular shitty day","0"
"All caught up in the Short Story Advent Calendar ssac2017 nice balance of genres in this collection 9 Afterma","0"
"His scene in Wedding Crashers is one of the greatest things he s ever done","0"
"Modeled after my own Wedding circlet custommade for you epiconetsy cosplay wedding https","0"
"Louis and his crazy rant was trying to get Molly to say the wedding is off 90dayfiance","0"
"Went to a wedding yesterday of couple that s only known each other for 5 months and his surprise wedding gift to her was a hous","0"
"RT ACLU RT ACLU If Masterpiece Cakeshop is permitted to discriminate against Dave and Charlie simply because they are gay","0"
"I lost my wedding ring in Section 124 at the stadium today if somebody found a silver band ring please let me know","0"
"me about to kiss my bride at my wedding some voltron fan bursts into the room yeah real cute f f marriage you got here","0"
"alright since everyone s getting engaged and married the least you can do is invite me to the wedding and have an open","0"
"Yoni amp Josh Wedding PuertoVallarta Video DestinationWeddings RivieraNayarit","0"
"Definitely playing If this World Were Mines at my wedding","0"
"I ll cry at my wedding because it s a miracle it s happening honestly","0"
"i feel i m gonna get beat up in a parking lot when i go to this wedding","0"
"Wedding of the year goes to","0"
"Wedding of the year goes to","0"
"crazy how 15 years from now it might be ur wedding or ur kids birthday but rn it s just a regular shitty day","0"
"THE WENJOON WEDDING rt to be invited to witness us being bound together in holy macaroni when tuesday dec 12 at 8 pm","0"
"He WANTED her to say the wedding is off He came up with that bullshit so she would break it off and it wouldn t be on him","0"
"Marriages Sorry I m only sending one wedding gift Savoy","0"
"someone give me the details of a fake wedding i wanna make a suite design","0"
"Nav Replace me w Kilgore 67 and that it s gonna look when JIMMY FRANCHISE G and I walk down the isle at our wedding","0"
"My husband spent more time writing a post it note on how to properly close the back door than he did his wedding vows","0"
"After a bidet of course Got one as a wedding gift and it changed my life","0"
"My own father didn t attend my wedding so shouldn t feel bad I ELOPED She has FaceTime with my husband","0"
"hope you enjoy the wedding","0"
"weird how 15 years from now it might be ur wedding or ur kids birthday but rn it s just a regular shitty day","0"
"crazy how 15 years from now it might be ur wedding or ur kids birthday but rn it s just a regular shitty day","0"
"lol it s ok i m not gonna be here for u wedding","0"
"Wedding of the year goes to","0"
"I love Albanians I wanna shqip dance on my wedding night","0"
"Wedding of the year goes to","0"
"me about to kiss my bride at my wedding some voltron fan bursts into the room yeah real cute f f marriage you got here","0"
"me about to kiss my bride at my wedding some voltron fan bursts into the room yeah real cute f f marriage you got here","0"
"weird how 15 years from now it might be ur wedding or ur kids birthday but rn it s just a regular shitty day","0"
"Any wedding with Kandi singing is already asking for a divorce RHOA","0"
"Y all dead ass wouldn t invite your side nigga to your wedding That s mad selfish","0"
"alright since everyone s getting engaged and married the least you can do is invite me to the wedding and have an open","0"
"weird how 15 years from now it might be ur wedding or ur kids birthday but rn it s just a regular shitty day","0"
"Tara Moss celebrates her eighth wedding anniversary","0"
"weird how 15 years from now it might be ur wedding or ur kids birthday but rn it s just a regular shitty day","0"
"Must read","0"
"crazy how 15 years from now it might be ur wedding or ur kids birthday but rn it s just a regular shitty day","0"
"weird how 15 years from now it might be ur wedding or ur kids birthday but rn it s just a regular shitty day","0"
"With this step by step method of flowerarranging you can now become a floralarrangement specialist","0"
"crazy how 15 years from now it might be ur wedding or ur kids birthday but rn it s just a regular shitty day","0"
"crazy how 15 years from now it might be ur wedding or ur kids birthday but rn it s just a regular shitty day","0"
"crazy how 15 years from now it might be ur wedding or ur kids birthday but rn it s just a regular shitty day","0"
"crazy how 15 years from now it might be ur wedding or ur kids birthday but rn it s just a regular shitty day","0"
"My husband spent more time writing a post it note on how to properly close the back door than he did his wedding vows","0"
"alright since everyone s getting engaged and married the least you can do is invite me to the wedding and have an open","0"
"Okay WANTED WEDDING DATE","0"
"Yes And she lost her baby and blamed Belle Then kidnapped Shawn She was horrible And then the Mimi wedding was so OOC","0"
"crazy how 15 years from now it might be ur wedding or ur kids birthday but rn it s just a regular shitty day","0"
"Why I m looking at the pictures from my mom wedding and a picture of Celiaa came up and of course she had a glass i","0"
"NJ love u guys I m bout to be best man at my good friend Doms wedding In the snow Sending love","0"
"Everybody right now this wedding is sooo shady Also us RHOA","0"
"He WANTED her to say the wedding is off He came up with that bullshit so she would break it off and it wouldn t be","0"
"GORGEOUS Cherry Plum Blossom Branch 1950s Repro Dress Rustic wedding Casual Wedding Count","0"
"Hello WomenInMedicine I m at a wedding but still tuning in Research Fellow in Cardiac Surgery","0"
"me about to kiss my bride at my wedding some voltron fan bursts into the room yeah real cute f f marriage you got here","0"
"i had to give a toast to my cousin at her wedding and i was having a panic attack so i kept stuttering and they hav","0"
"crazy how 15 years from now it might be ur wedding or ur kids birthday but rn it s just a regular shitty day","0"
"1920s ivory slipper satin wedding dress flapper wedding dress Great Gatsby","0"
"Ugh wedding videos always get me so emotional","0"
"Y all I watched my sister make doll clothes on a Barbie sewing machine when she was 6 amp now she s 22 designing and makin","0"
"alright since everyone s getting engaged and married the least you can do is invite me to the wedding and have an open","0"
"Wedding in Lakewood NJ with CalevStratton on keys jewish simcha singing dancing not the greatest pic but","0"
"If I don t play los chismes by Chalino on my weeding day is it really going to be my wedding","0"
"Milano I never do 63 million idiots voted for a patho","0"
"Wedding of the year goes to","0"
"There was more religion talk in the last 5 minutes of 90dayfiance than a whole Duggar wedding","0"
"Time management Marga Juggling work and wedding planning Partida","0"
"me about to kiss my bride at my wedding some voltron fan bursts into the room yeah real cute f f marriage you got here","0"
"Wedding Dress Cute Wedding Dress Lace Wedding Dress Ivory Wedding Dress Sheath ball go","0"
"crazy how 15 years from now it might be ur wedding or ur kids birthday but rn it s just a regular shitty day","0"
"hakyeon s phone lockscreen is a photo of his mum and noona during his noona s wedding day this is adorable","0"
"weird how 15 years from now it might be ur wedding or ur kids birthday but rn it s just a regular shitty day","0"
"HELP Which wedding hashtag do you like best As of now I can t make up my mind","0"
"Best friend wedding celebrations","0"
"Wow Madhavi pours kerosene over herself in an attempt to stop Vyom amp Sharanya s wedding EkDeewaanaTha Vanya look so pretty","0"
"925 Sterling Silver Blue Fire Opal Gemstone Wedding Ring Jewelry Gift For Women eBay","0"
"I love how Luis turned their argument into a heated discussion about religion when Molly originally just wanted to","0"
"Wedding of the year goes to","0"
"weird how 15 years from now it might be ur wedding or ur kids birthday but rn it s just a regular shitty day","0"
"Few things are as emotional as a daughter being walked down the aisle by her father Here are some of our recent father daught","0"
"Why is picking plates out for a wedding so freaking hard","0"
"Lmao this wedding shit is messy RHOA","0"
"Being a bridesmaid in my best friends wedding buying a house and TTC for our last baby","0"
"NJ love u guys I m bout to be best man at my good friend Doms wedding In the snow Sending love","0"
"RHOA Cast Throws Kenya Moore a Shady Surprise Wedding Before Questioning If Her Marriage Is","0"
"I think one of the coolest things in boot camp was seeing how committed one of my drill instructors was to his wife He w","0"
"crazy how 15 years from now it might be ur wedding or ur kids birthday but rn it s just a regular shitty day","0"
"ohh my god they all sang happy summer wedding not just 4th gen im","0"
"weird how 15 years from now it might be ur wedding or ur kids birthday but rn it s just a regular shitty day","0"
"Happy Wedding For more information please don t hesitate to contact us Phone amp WA","0"
"I ll cry at my wedding because it s a miracle it s happening honestly","0"
"All you brides to be if you are looking for a great place to buy wedding dresses then click on the following link","0"
"There was more religion talk in the last 5 minutes of 90dayfiance than a whole Duggar wedding","0"
"me about to kiss my bride at my wedding some voltron fan bursts into the room yeah real cute f f marriage you got here","0"
"i have two weeks to find a dress for my sister s wedding and i have no idea how that s gonna happen","0"
"me about to kiss my bride at my wedding some voltron fan bursts into the room yeah real cute f f marriage you got here","0"
"me about to kiss my bride at my wedding some voltron fan bursts into the room yeah real cute f f marriage you got here","0"
"I wouldn t get married maybe if shorty and i were together for a long time maybe a wedding would be dope for the p","0"
"me about to kiss my bride at my wedding some voltron fan bursts into the room yeah real cute f f marriage you got here","0"
"My dad joking about my brother getting married and how someone will have to wheel him to my wedding was funny the f","0"
"me about to kiss my bride at my wedding some voltron fan bursts into the room yeah real cute f f marriage you got here","0"
"weird how 15 years from now it might be ur wedding or ur kids birthday but rn it s just a regular shitty day","0"
"crazy how 15 years from now it might be ur wedding or ur kids birthday but rn it s just a regular shitty day","0"
"crazy how 15 years from now it might be ur wedding or ur kids birthday but rn it s just a regular shitty day","0"
"weird how 15 years from now it might be ur wedding or ur kids birthday but rn it s just a regular shitty day","0"
"it s weird how 10 years from today it could be ur wedding day or ur kids birthday but rn it s just a regular day","0"
"FoodBae Bints in the talking stage i know how to cook I can make anything the day after the wedding","0"
"Kurdish Polygamy with underage wives are the heritage from Muhammad to his followers At this typical Muslim wedding the adult g","0"
"oluwani Someone said Lukaku will miss his own wedding Chai Aye le","0"
"Everybody right now this wedding is sooo shady Also us RHOA","0"
"me about to kiss my bride at my wedding some voltron fan bursts into the room yeah real cute f f marriage you got here","0"
"crazy how 15 years from now it might be ur wedding or ur kids birthday but rn it s just a regular shitty day","0"
"weird how 15 years from now it might be ur wedding or ur kids birthday but rn it s just a regular shitty day","0"
"alright since everyone s getting engaged and married the least you can do is invite me to the wedding and have an open","0"
"No WONDER these good Mormons are speeding to the hotel at 87 mph on their wedding night LivePD tonightsthenight","0"
"Wedding dress goals","0"
"THE WENJOON WEDDING rt to be invited to witness us being bound together in holy macaroni when tuesday dec 12 at 8 pm","0"
"Featuring them one of my concerts led to an invitation to sing at a wedding We three were excited BUT only knew one son","0"
"crazy how 15 years from now it might be ur wedding or ur kids birthday but rn it s just a regular shitty day","0"
"crazy how 15 years from now it might be ur wedding or ur kids birthday but rn it s just a regular shitty day","0"
"Y all I watched my sister make doll clothes on a Barbie sewing machine when she was 6 amp now she s 22 designing and makin","0"
"I m so anxious about the wedding of HRH Princess Margaret to Tony","0"
"Chilling after the wedding reception like","0"
"Panto and Silas cordially invite you to their fantasy wedding in a sleepy boy s alternate dimension DirkGentlyBBCA ht","0"
"crazy how 15 years from now it might be ur wedding or ur kids birthday but rn it s just a regular shitty day","0"
"Y all I watched my sister make doll clothes on a Barbie sewing machine when she was 6 amp now she s 22 designing and makin","0"
"So proud of Virushka They knew Indian media would reach Italy too India today reporter was not allowed to repor","0"
"my wedding finna be bomb","0"
"Moments in Time Images is ready to give you all the wedding images you want both moving and still","0"
"oluwani Someone said Lukaku will miss his own wedding Chai Aye le","0"
"weird how 15 years from now it might be ur wedding or ur kids birthday but rn it s just a regular shitty day","0"
"Sushant Singh Rajput reacts to rumors of Virat and Anushka s wedding Virushka","0"
"If you want to come to Connecticut in front of the fire some night I ll tell you about my wedding night you ll be on","0"
"crazy how 15 years from now it might be ur wedding or ur kids birthday but rn it s just a regular shitty day","0"
"Congratulations on your wedding","0"
"weird how 15 years from now it might be ur wedding or ur kids birthday but rn it s just a regular shitty day","0"
"We only knew the song When the battle s over NOT GOOD FOR A WEDDING We got very busy learning new material We","0"
"alright since everyone s getting engaged and married the least you can do is invite me to the wedding and have an open","0"
"What Redbone would sound like if played at a wedding and ur 5 drinks in","0"
"weird how 15 years from now it might be ur wedding or ur kids birthday but rn it s just a regular shitty day","0"
"Modeled after my own Wedding circlet custommade for you epiconetsy cosplay wedding","0"
"Oh WHERE ARE MY WEDDING PHOTOS","0"
"Reason 382395 why the omnihomestead rocks a year later our wedding cake still tastes awesome","0"
"I lost my wedding ring in Section 124 at the stadium today if somebody found a silver band ring please let me know","0"
"weird how 15 years from now it might be ur wedding or ur kids birthday but rn it s just a regular shitty day","0"
"My fathers reaction to seeing my sister in her wedding dress was PRICELESS","0"
"crazy how 15 years from now it might be ur wedding or ur kids birthday but rn it s just a regular shitty day","0"
"Wedding of the year goes to","0"
"Custom designed monograms add a lot to wedding decor heres our design from the wedding of Keli","0"
"When I look at Rika s wedding pictures I get emotional not only because Rika was my first oshi and I still love her but r","0"
"me about to kiss my bride at my wedding some voltron fan bursts into the room yeah real cute f f marriage you got here","0"
"crazy how 15 years from now it might be ur wedding or ur kids birthday but rn it s just a regular shitty day","0"
"weird how 15 years from now it might be ur wedding or ur kids birthday but rn it s just a regular shitty day","0"
"crazy how 15 years from now it might be ur wedding or ur kids birthday but rn it s just a regular shitty day","0"
"Thank you so much to everyone who came to the special wedding stream It meant so much to see how many people care abo","0"
"me about to kiss my bride at my wedding some voltron fan bursts into the room yeah real cute f f marriage you got here","0"
"crazy how 15 years from now it might be ur wedding or ur kids birthday but rn it s just a regular shitty day","0"
"Wedding","0"
"One should neither be late for the wedding nor stay too long at it somali somalia somaliland proverb","0"
"So here s why trickle down economics does not work when you give rich people more money they put it in the stock ma","0"
"Choosing your weddingflowers weddingday","0"
"saysSMILE I just found a new level of respect for for being light hearted about this wedding RHOA","0"
"crazy how 15 years from now it might be ur wedding or ur kids birthday but rn it s just a regular shitty day","0"
"DIY Bride Bag and Wedding Day Essentials Kit","0"
"Big congratulations to my wonderful sister on her wedding Nothing but GoodNews all the way all the days","0"
"crazy how 15 years from now it might be ur wedding or ur kids birthday but rn it s just a regular shitty day","0"
"crazy how 15 years from now it might be ur wedding or ur kids birthday but rn it s just a regular shitty day","0"
"Only 18 04 for Fashion Women s Rose Gold Wedding Band Rings w Code PLAZAR05 giveaway","0"
"crazy how 15 years from now it might be ur wedding or ur kids birthday but rn it s just a regular shitty day","0"
"crazy how 15 years from now it might be ur wedding or ur kids birthday but rn it s just a regular shitty day","0"
"me about to kiss my bride at my wedding some voltron fan bursts into the room yeah real cute f f marriage you got here","0"
"A delda wedding or for Ricky to answer my dms","0"
"I feel like I hold the wedding ceremony in not Japan I wanna make it not formal very casual unlike the one in Japan","0"
"Wedding of the year goes to","0"
"ah sa wedding ni ate bam","0"
"amp face their toughest decision yet which flavour of wedding cake PropertyBrothers","0"
"crazy how 15 years from now it might be ur wedding or ur kids birthday but rn it s just a regular shitty day","0"
"crazy how 15 years from now it might be ur wedding or ur kids birthday but rn it s just a regular shitty day","0"
"weird how 15 years from now it might be ur wedding or ur kids birthday but rn it s just a regular shitty day","0"
"Bella Sale Anniversary Engagement Wedding Ring s Bands fashion jewelry Earth Mined Gemstone Diamond bridetobe groom http","0"
"Visit website for more BANKY W AND TEEBILLZ FALLS OUT AS TEEBILLZ WAS ABSENT IN BANKY S WEDDING BANKY W AND TEEBILL","0"
"crazy how 15 years from now it might be ur wedding or ur kids birthday but rn it s just a regular shitty day","0"
"Only if I can reenact the wedding scene from the office more specifically Dwight s part","0"
"Upcoming wedding Party Occasion This dress is perfect for all events Sexy amp stylish Shop","0"
"weird how 15 years from now it might be ur wedding or ur kids birthday but rn it s just a regular shitty day","0"
"I m tryna go to a wedding so someone pls marry my boy","0"
"I added a video to a playlist Deputy Governor to sponsor mass wedding for 100 widows divorcees","0"
"Aliexpress plus size wedding dresses","0"
"weird how 15 years from now it might be ur wedding or ur kids birthday but rn it s just a regular shitty day","0"
"75 ways to beunforgettable","0"
"alright since everyone s getting engaged and married the least you can do is invite me to the wedding and have an open","0"
"weird how 15 years from now it might be ur wedding or ur kids birthday but rn it s just a regular shitty day","0"
"Wedding dress goals","0"
"Deputy Governor to sponsor mass wedding for 100 widows divorcees via","0"
"OurPerfectWedding When the Photographer had little bit of Nyaope before the wedding SimonDrive","0"
"crazy how 15 years from now it might be ur wedding or ur kids birthday but rn it s just a regular shitty day","0"
"Queen Elizabeth and Prince Philip celebrated their 70th wedding anniversary","0"
"crazy how 15 years from now it might be ur wedding or ur kids birthday but rn it s just a regular shitty day","0"
"Considering that I want a fall wedding but we have a family vacation happening next year and we re planning to move","0"
"Moving to Wisconsin with my boyfriend the main question I get is if we re gonna get married within the next year","0"
"alright since everyone s getting engaged and married the least you can do is invite me to the wedding and have an open","0"
"I swear after my wedding I m chopping all my hair off","0"
"weird how 15 years from now it might be ur wedding or ur kids birthday but rn it s just a regular shitty day","0"
"me about to kiss my bride at my wedding some voltron fan bursts into the room yeah real cute f f marriage you got here","0"
"FC Cricket Italian wedding for India captain Virat Kohli virat kohli ViratKohli ViratKohli","0"
"Wedding of the year goes to","0"
"crazy how 15 years from now it might be ur wedding or ur kids birthday but rn it s just a regular shitty day","0"
"The Rock She wears it with a band If the band were a wedding band it would be worn closest to her heart Now th","0"
"Have you seen yet the lavender bolero wedding shrug handmade bridal by andamasq via","0"
"My husband better be ok with ed sheeran bring our wedding song","0"
"If my future wedding won t be as lit as The9amBanger I don t want it","0"
"Whether it s a wedding introduction ceremony themed banquet or cocktail graduation end of year staff party et al","0"
"I ll cry at my wedding because it s a miracle it s happening honestly","0"
"mullins A lovely Druid Wedding at Stonehenge now on the blog stonehenge weddingphotographer https","0"
"weird how 15 years from now it might be ur wedding or ur kids birthday but rn it s just a regular shitty day","0"
"weird how 15 years from now it might be ur wedding or ur kids birthday but rn it s just a regular shitty day","0"
"crazy how 15 years from now it might be ur wedding or ur kids birthday but rn it s just a regular shitty day","0"
"me about to kiss my bride at my wedding some voltron fan bursts into the room yeah real cute f f marriage you got here","0"
"weird how 15 years from now it might be ur wedding or ur kids birthday but rn it s just a regular shitty day","0"
"Last night instead of a champagne toast after the wedding we did a pedialyte toast","0"
"crazy how 15 years from now it might be ur wedding or ur kids birthday but rn it s just a regular shitty day","0"
"weird how 15 years from now it might be ur wedding or ur kids birthday but rn it s just a regular shitty day","0"
"Thank you so much to everyone who came to the special wedding stream It meant so much to see how many people care","0"
"me about to kiss my bride at my wedding some voltron fan bursts into the room yeah real cute f f marriage you got here","0"
"Louis and his crazy rant was trying to get Molly to say the wedding is off 90dayfiance","0"
"He mines and it s always been that way I ll invite you to the wedding","0"
"Me I m like the chillest girl Also me has my whole wedding planned on Pinterest like the absolutely least chill girl on the planet","0"
"Yes Molly call off the damn wedding 90dayfiance","0"
"Gay Wedding Cakes and the United States Constitution HuffPost","0"
"D amp E performing I guess its Oppa Oppa again ahah it became a wedding anthem xD","0"
"weird how 15 years from now it might be ur wedding or ur kids birthday but rn it s just a regular shitty day","0"
"crazy how 15 years from now it might be ur wedding or ur kids birthday but rn it s just a regular shitty day","0"
"Jacqueline KatrinaKaif khan and react to rumors of Anushka and Virat s wedd","0"
"Photos from the wedding of Wole Soyinka s son Oretunlewa in the US PHOTOS","0"
"Looking for a hairextension company interested in a collab for a wedding shoot next week Please get in touch prr","0"
"The Dixie Cups Chapel Of Love Hey I mentioned this on my FB page for Prince Harry and Meghan Markle upcoming wed","0"
"me about to kiss my bride at my wedding some voltron fan bursts into the room yeah real cute f f marriage you got here","0"
"My wedding day","0"
"At the wedding","0"
"weird how 15 years from now it might be ur wedding or ur kids birthday but rn it s just a regular shitty day","0"
"me about to kiss my bride at my wedding some voltron fan bursts into the room yeah real cute f f marriage you got here","0"
"crazy how 15 years from now it might be ur wedding or ur kids birthday but rn it s just a regular shitty day","0"
"Happy wedding for and I m sorry I can t attended your wedding party because of my schedule He","0"
"crazy how 15 years from now it might be ur wedding or ur kids birthday but rn it s just a regular shitty day","0"
"Kenya probably just wanted to keep her wedding low key she s probably planning a bigger wedding RHOA","0"
"He mines and it s always been that way I ll invite you to the wedding","0"
"weird how 15 years from now it might be ur wedding or ur kids birthday but rn it s just a regular shitty day","0"
"alright since everyone s getting engaged and married the least you can do is invite me to the wedding and have an open","0"
"crazy how 15 years from now it might be ur wedding or ur kids birthday but rn it s just a regular shitty day","0"
"Any wedding with Kandi singing is already asking for a divorce RHOA","0"
"Can a garland turn a wedding on its head LookBeforeYouLeave","0"
"So here s why trickle down economics does not work when you give rich people more money they put it in the stock ma","0"
"Virat and Anushka are getting married at countryside The wedding is going to be so beautiful OMG","0"
"I ll cry at my wedding because it s a miracle it s happening honestly","0"
"3 months ago today I got married I m in LA while is in Berlin and I m missing her SSSOOOO I decided to","0"
"Wedding of the year goes to","0"
"So here s why trickle down economics does not work when you give rich people more money they put it in the stock ma","0"
"Everybody right now this wedding is sooo shady Also us RHOA","0"
"crazy how 15 years from now it might be ur wedding or ur kids birthday but rn it s just a regular shitty day","0"
"My own father didn t attend my wedding so shouldn t feel bad I ELOPED She has FaceTime with my husband","0"
"Wedding of the year goes to","0"
"Friends at a friend s wedding It was magical","0"
"Wedding of the year goes to","0"
"Passed out for a good two hours after the wedding","0"
"crazy how 15 years from now it might be ur wedding or ur kids birthday but rn it s just a regular shitty day","0"
"Best friend wedding celebrations","0"
"weird how 15 years from now it might be ur wedding or ur kids birthday but rn it s just a regular shitty day","0"
"Only if I can reenact the wedding scene from the office more specifically Dwight s part","0"
"If You Fear Having a Panic Attack From Smoking Weed Read This Before Lighting Up weddings wedding bride","0"
"alright since everyone s getting engaged and married the least you can do is invite me to the wedding and have an open","0"
"crazy how 15 years from now it might be ur wedding or ur kids birthday but rn it s just a regular shitty day","0"
"Women Short floral Robe Dressing Gown Bridal Wedding Bride Bridesmaid Kimono New weddings wedding bride","0"
"weird how 15 years from now it might be ur wedding or ur kids birthday but rn it s just a regular shitty day","0"
"Women Silk Stain long Wedding Bride Bridesmaid Robe Floral Bathrobe Kimono2018 weddings wedding bride","0"
"My wife who has a major puke phobia has only puked in front of me once on our wedding night after","0"
"IM Black Hen Party Night Do Sash Birthday Sashes accessories Gift Bride Mirable weddings wedding bride","0"
"I just uploaded Gabrielle amp Ray s Wedding w DJ Taso Adelphia 12 09 17 to Vimeo","0"
"weird how 15 years from now it might be ur wedding or ur kids birthday but rn it s just a regular shitty day","0"
"Women Lady High Quality Long Peacock Bride Kimono Robe satin Night dress Gown 72 weddings wedding bride","0"
"15 Keto Approved Appetizers You ll Love Having in Your Rotation weddings wedding bride","0"
"crazy how 15 years from now it might be ur wedding or ur kids birthday but rn it s just a regular shitty day","0"
"2016 Elegant wedding dress white wedding dress sweetheart wedding dress long bridal","0"
"These Are the Most Common STIs and Exactly When You Should Get Screened For Them weddings wedding bride","0"
"weird how 15 years from now it might be ur wedding or ur kids birthday but rn it s just a regular shitty day","0"
"Wedding of the year goes to","0"
"This 4 Week Challenge Will Help You Finally Conquer Push Ups weddings wedding bride","0"
"Step Aside Squats This Move Will Lift Your Butt to New Heights weddings wedding bride","0"
"Use Greenery Wreaths in Your Wedding Decor weddings wedding bride","0"
"hi all i m a 20 year old portrait amp wedding photographer located in seattle WA a future client could be on your tl amp a s","0"
"me about to kiss my bride at my wedding some voltron fan bursts into the room yeah real cute f f marriage you got here","0"
"me about to kiss my bride at my wedding some voltron fan bursts into the room yeah real cute f f marriage you got here","0"
"Wedding of the year goes to","0"
"crazy how 15 years from now it might be ur wedding or ur kids birthday but rn it s just a regular shitty day","0"
"Louis and his crazy rant was trying to get Molly to say the wedding is off 90dayfiance","0"
"22 Winter Wedding Color Palettes That Aren t Just Red and Green","0"
"This is not an apt analogy you raging morons A Jewish baker would refuse to put a swastika on ANY FUCKING CAKE because","0"
"Aditi Rao Hydari Vogue Wedding 2017","0"
"alright since everyone s getting engaged and married the least you can do is invite me to the wedding and have an open","0"
"crazy how 15 years from now it might be ur wedding or ur kids birthday but rn it s just a regular shitty day","0"
"crazy how 15 years from now it might be ur wedding or ur kids birthday but rn it s just a regular shitty day","0"
"Name Bar Necklace Stamped Swivel Bar Necklace Custom Hand via","0"
"weird how 15 years from now it might be ur wedding or ur kids birthday but rn it s just a regular shitty day","0"
"weird how 15 years from now it might be ur wedding or ur kids birthday but rn it s just a regular shitty day","0"
"alright since everyone s getting engaged and married the least you can do is invite me to the wedding and have an open","0"
"My bf surprised me with a promise ring as an early Christmas present My dream ring He also wrote me a letter that said","0"
"Wedding of the year goes to","0"
"Have you chosen a wedding venue","0"
"me about to kiss my bride at my wedding some voltron fan bursts into the room yeah real cute f f marriage you got here","0"
"THIS WEDDING IS STRESSING ME OUT","0"
"He s straight up using her Talks abt God when she wants 2 cancel wedding Ship him back ASAP","0"
"crazy how 15 years from now it might be ur wedding or ur kids birthday but rn it s just a regular shitty day","0"
"Don t worry tyler we ll have an open bar lmaoo I would bail on my own wedding if we didn t","0"
"crazy how 15 years from now it might be ur wedding or ur kids birthday but rn it s just a regular shitty day","0"
"It seems I will be attending to the wedding I need a dress","0"
"New old for me is new video of jensen singing Crazy love at a wedding s friend with Jason manns in 2007 He was so shy","0"
"Our wedding is planned","0"
"Wedding of the year goes to","0"
"crazy how 15 years from now it might be ur wedding or ur kids birthday but rn it s just a regular shitty day","0"
"crazy how 15 years from now it might be ur wedding or ur kids birthday but rn it s just a regular shitty day","0"
"weird how 15 years from now it might be ur wedding or ur kids birthday but rn it s just a regular shitty day","0"
"weird how 15 years from now it might be ur wedding or ur kids birthday but rn it s just a regular shitty day","0"
"And you re a jerk if you think it s okay to not invite parents and best friends to you re wedding","0"
"crazy how 15 years from now it might be ur wedding or ur kids birthday but rn it s just a regular shitty day","0"
"oh yes It will be grand Extremely lavish My wedding dress is black with lots of lace It s fitt","0"
"Sassy and a little bad assy Had so much fun at a family wedding and loved this day to","0"
"My own father didn t attend my wedding so shouldn t feel bad I ELOPED She has FaceTime with my husband","0"
"Jones Wedding rehearsal","0"
"Rustic Monogram Hanger 15 Off Sale LAST DAY 12 10 etsychaching epiconetsy craftshout rustic","0"
"weird how 15 years from now it might be ur wedding or ur kids birthday but rn it s just a regular shitty day","0"
"Wedding of the year goes to","0"
"crazy how 15 years from now it might be ur wedding or ur kids birthday but rn it s just a regular shitty day","0"
"The Wedding Dance in the open air bruegel fineart","0"
"OMG Stop the presses Trump invited Clinton to his wedding And Trump gave to the Clinton campaign And Trump gave t","0"
"crazy how 15 years from now it might be ur wedding or ur kids birthday but rn it s just a regular shitty day","0"
"I need an au where pcy and bbh are getting married and their seven best men kjd loses the rings kjm is trying to stay","0"
"When you don t see your friend that claims to know Banky and Susu in their wedding pictures How it be","0"
"bluestarmom Handcrafted 7ct Yellow Blue Sapphire 75ct Halo Pave Diamond Wedding fashion Ring Band 18k Gold","0"
"Great Gatsby Inspired Back Necklace Wedding Back Drop necklace jewelry art deco crystal","0"
"Honestly tho Molly canceling the wedding is long overdue As soon as Luis started talking about my kids he would ve been gone 90dayfiance","0"
"13 3 for Titanium Steel Cubic Zirconia Couple Engagement Wedding Rings w Code giveaway","0"
"n101 Yes too much no privacy amp this location must have bowled them over destination wedd","0"
"crazy how 15 years from now it might be ur wedding or ur kids birthday but rn it s just a regular shitty day","0"
"5 00 ct Ladies Round Cut Diamond Eternity Wedding Band Ring New Design Platinum","0"
"Y all I have a wedding to plan","0"
"I lost my wedding ring in Section 124 at the stadium today if somebody found a silver band ring please let me know","0"
"crazy how 15 years from now it might be ur wedding or ur kids birthday but rn it s just a regular shitty day","0"
"weird how 15 years from now it might be ur wedding or ur kids birthday but rn it s just a regular shitty day","0"
"Wedding of the year goes to","0"
"It s a great time in life We will help create a beautiful wedding suite Free Sample","0"
"me about to kiss my bride at my wedding some voltron fan bursts into the room yeah real cute f f marriage you got here","0"
"The wedding stress is getting real two more months","0"
"alright since everyone s getting engaged and married the least you can do is invite me to the wedding and have an open","0"
"When are we going to see someone truly cancel the wedding on this show 90DayFiance","0"
"at my christian bakeshop when a serial killer who was let off on a technicality walks in ME oh my god its u SERIAL K","0"
"Louis and his crazy rant was trying to get Molly to say the wedding is off 90dayfiance","0"
"I died laughing tonight the wedding was to funny","0"
"weird how 15 years from now it might be ur wedding or ur kids birthday but rn it s just a regular shitty day","0"
"crazy how 15 years from now it might be ur wedding or ur kids birthday but rn it s just a regular shitty day","0"
"Accept What Is Let Go of What Was Have Faith in What Will Be wall hanging by gr8byz","0"
"crazy how 15 years from now it might be ur wedding or ur kids birthday but rn it s just a regular shitty day","0"
"crazy how 15 years from now it might be ur wedding or ur kids birthday but rn it s just a regular shitty day","0"
"Justice questions baker in gay wedding cake case","0"
"It s not a wedding if it s not at Schuetzen Park","0"
"LOOK AT BARRY S WEDDING RING TheFlash","0"
"crazy how 15 years from now it might be ur wedding or ur kids birthday but rn it s just a regular shitty day","0"
"weird how 15 years from now it might be ur wedding or ur kids birthday but rn it s just a regular shitty day","0"
"Y all weddings be so beautiful but me I want me a small wedding outside or either on a rooftop setting something classy but small","0"
"Hawaiian Weddings amp Photo Tours Whether you re looking for a romantic amp intimate wedding on the beach or a beautif","0"
"I ll cry at my wedding because it s a miracle it s happening honestly","0"
"crazy how 15 years from now it might be ur wedding or ur kids birthday but rn it s just a regular shitty day","0"
"crazy how 15 years from now it might be ur wedding or ur kids birthday but rn it s just a regular shitty day","0"
"alright since everyone s getting engaged and married the least you can do is invite me to the wedding and have an open","0"
"Sushant Singh Rajput reacts to rumors of Virat and Anushka s wedding Virushka","0"
"crazy how 15 years from now it might be ur wedding or ur kids birthday but rn it s just a regular shitty day","0"
"Wedding in Santorini Gem via with Marryme in Greece","0"
"ohh my god they all sang happy summer wedding not just 4th gen im","0"
"My sister asked me what I want for Christmas and I said a plus 1 for her wedding hahahahahaha","0"
"wise Listen I would be HURT Esp after that we eloped lie when this was clearly a destination wedding I do","0"
"weird how 15 years from now it might be ur wedding or ur kids birthday but rn it s just a regular shitty day","0"
"crazy how 15 years from now it might be ur wedding or ur kids birthday but rn it s just a regular shitty day","0"
"Kylil is not meeting anybody else until my wedding day so serious","0"
"At the wedding","0"
"crazy how 15 years from now it might be ur wedding or ur kids birthday but rn it s just a regular shitty day","0"
"I just want my man to think Angel by Shaggy is a good wedding dance song","0"
"I added a video to a playlist Chrissy Lampkin and Jim Jones WEDDING NEWS Couple married according to","0"
"Cancel that wedding girl 90DayFiance","0"
"It s 7pm I m falling asleep sitting up at the kitchen table while Megan attempts to show me wedding cakes Adult","0"
"If Cynthia is truly a great friend why didn t she get an invite to your wedding Your friendship is one sided","0"
"I ll cry at my wedding because it s a miracle it s happening honestly","0"
"yoonseok s always have to make your wedding books very well made","0"
"Featuring them one of my concerts led to an invitation to sing at a wedding We three were excited BUT only kne","0"
"Watching Australia s cheapest weddings and this couple that live on Norfolk Island only paid 90 for the hall every","0"
"crazy how 15 years from now it might be ur wedding or ur kids birthday but rn it s just a regular shitty day","0"
"So here s why trickle down economics does not work when you give rich people more money they put it in the stock ma","0"
"me about to kiss my bride at my wedding some voltron fan bursts into the room yeah real cute f f marriage you got here","0"
"Anything Tesla We played Firehouses Love of a lifetime as our first dance at our wedding 21 years ago","0"
"Carter Ive seen 4 engagement announcements and 2 sets of wedding pictures today The wedding fever is UNREAL","0"
"weird how 15 years from now it might be ur wedding or ur kids birthday but rn it s just a regular shitty day","0"
"It s okay Molly at least you woke up before the wedding 90DayFiance","0"
"crazy how 15 years from now it might be ur wedding or ur kids birthday but rn it s just a regular shitty day","0"
"Our dating anniversary was 5 days from Eddie s bday amp I always had to get him two gifts and now we have Christmas","0"
"crazy how 15 years from now it might be ur wedding or ur kids birthday but rn it s just a regular shitty day","0"
"Oh shit the wedding is happening on the The Last Jedi review","0"
"Prince Harry Officially a daddy in waiting How exciting This is going to be the royal wedding of the century","0"
"Welo Opal Eternity Ring or Wedding Band NorthCoastCottage handmade jewelry ph htt","0"
"hussain Hmm having a simple wedding is a sunnah Having one in Mecca is beautiful act of intention to","0"
"weird how 15 years from now it might be ur wedding or ur kids birthday but rn it s just a regular shitty day","0"
"Luis okay family No wedding Luis jumping enjoy 90dayfiance","0"
"me about to kiss my bride at my wedding some voltron fan bursts into the room yeah real cute f f marriage you got here","0"
"crazy how 15 years from now it might be ur wedding or ur kids birthday but rn it s just a regular shitty day","0"
"High Quality mikado v neck ball gown Perfect for mother of bride evening party wedding Homecoming prom or any","0"
"Cancel that wedding girl 90DayFiance","0"
"GroomSocks Father of the Bride Wedding Socks Special Socks For A GroomSocks SpecialWalk","0"
"My own father didn t attend my wedding so shouldn t feel bad I ELOPED She has FaceTime with my husband","0"
"Went to a wedding yesterday of couple that s only known each other for 5 months and his surprise wedding gift to her was a hous","0"
"me about to kiss my bride at my wedding some voltron fan bursts into the room yeah real cute f f marriage you got here","0"
"Man Adrian i dont know what to say I have to go to a wedding and i dont even want to go Worst thing","0"
"His Hers Wedding Engagement Ring Sets Black Stainless Steel Titanium 4 Pc LX Item","0"
"weird how 15 years from now it might be ur wedding or ur kids birthday but rn it s just a regular shitty day","0"
"weird how 15 years from now it might be ur wedding or ur kids birthday but rn it s just a regular shitty day","0"
"crazy how 15 years from now it might be ur wedding or ur kids birthday but rn it s just a regular shitty day","0"
"crazy how 15 years from now it might be ur wedding or ur kids birthday but rn it s just a regular shitty day","0"
"I went to my ex s wedding had a ball","0"
"Actually there s two eps left I m at like the wedding itself pretty much","0"
"me about to kiss my bride at my wedding some voltron fan bursts into the room yeah real cute f f marriage you got here","0"
"crazy how 15 years from now it might be ur wedding or ur kids birthday but rn it s just a regular shitty day","0"
"me about to kiss my bride at my wedding some voltron fan bursts into the room yeah real cute f f marriage you got here","0"
"amp won t get married whole wedding cancelled","0"
"yoonseok s always have to make your wedding books very well made","0"
"Art Deco Wedding Band Women Art Deco Rings Sterling Silver via","0"
"me about to kiss my bride at my wedding some voltron fan bursts into the room yeah real cute f f marriage you got here","0"
"Laird1 Dastyari affair is not a good look But neither is the Adani wedding scandal We need a federal ICAC to sort this mess","0"
"crazy how 15 years from now it might be ur wedding or ur kids birthday but rn it s just a regular shitty day","0"
